ID player,amplua,games,goals,assists,assists_2,throws_by,shot_on_target,blocked_throws,p_m
1,10.0,93,13.0,18.0,9.0,65.0,98.0,44.0,-35.0
3,10.0,57,2.0,5.0,6.0,30.0,44.0,47.0,-46.0
5,10.0,13,0.0,1.0,0.0,17.0,4.0,11.0,-12.0
8,9.0,93,11.0,15.0,12.0,124.0,138.0,70.0,47.0
10,9.0,10,10.0,6.0,0.0,37.0,71.0,5.0,14.0
10,10.0,15,17.0,3.0,1.0,53.0,75.0,7.0,12.0
13,10.0,72,13.0,5.0,2.0,145.0,145.0,23.0,20.0
14,10.0,4,1.0,0.0,0.0,7.0,13.0,2.0,-14.0
17,9.0,23,3.0,3.0,1.0,25.0,32.0,0.0,2.0
18,10.0,12,8.0,3.0,2.0,36.0,57.0,2.0,7.0
19,9.0,17,1.0,0.0,0.0,14.0,15.0,10.0,-12.0
21,9.0,4,1.0,1.0,0.0,1.0,5.0,0.0,-4.0
22,10.0,54,14.0,15.0,7.0,51.0,121.0,11.0,0.0
24,10.0,4,0.0,0.0,0.0,1.0,0.0,1.0,-2.0
25,10.0,59,27.0,19.0,2.0,91.0,167.0,10.0,-37.0
26,9.0,25,1.0,1.0,0.0,15.0,12.0,19.0,-9.0
34,10.0,8,1.0,1.0,0.0,4.0,12.0,9.0,-2.0
35,9.0,19,0.0,2.0,0.0,16.0,9.0,13.0,-11.0
36,9.0,5,0.0,1.0,0.0,16.0,7.0,4.0,-1.0
37,9.0,8,0.0,0.0,0.0,8.0,6.0,5.0,-11.0
39,9.0,4,2.0,2.0,0.0,0.0,5.0,3.0,2.0
40,9.0,76,20.0,11.0,6.0,100.0,120.0,92.0,25.0
47,10.0,23,4.0,5.0,2.0,17.0,49.0,17.0,-9.0
49,10.0,71,5.0,6.0,0.0,43.0,43.0,10.0,-35.0
51,9.0,67,8.0,16.0,1.0,63.0,99.0,32.0,-18.0
53,9.0,48,1.0,7.0,5.0,48.0,39.0,57.0,0.0
55,9.0,25,2.0,3.0,4.0,34.0,19.0,32.0,-6.0
59,10.0,37,7.0,14.0,9.0,67.0,93.0,13.0,32.0
61,9.0,1,0.0,0.0,0.0,3.0,2.0,0.0,-5.0
62,10.0,57,5.0,6.0,0.0,38.0,43.0,21.0,-7.0
63,10.0,26,0.0,1.0,1.0,17.0,22.0,3.0,-24.0
64,10.0,12,2.0,2.0,0.0,7.0,8.0,1.0,-3.0
66,9.0,43,1.0,6.0,2.0,36.0,48.0,32.0,4.0
72,10.0,12,6.0,4.0,4.0,16.0,37.0,3.0,1.0
74,9.0,74,26.0,21.0,6.0,89.0,161.0,19.0,24.0
79,9.0,30,4.0,7.0,7.0,41.0,43.0,26.0,-14.0
82,10.0,1,0.0,0.0,0.0,0.0,1.0,0.0,-1.0
83,10.0,99,31.0,28.0,14.0,97.0,227.0,40.0,-37.0
85,10.0,33,3.0,4.0,4.0,73.0,68.0,7.0,-30.0
87,10.0,17,2.0,2.0,1.0,14.0,30.0,5.0,-10.0
92,9.0,40,1.0,0.0,1.0,42.0,33.0,32.0,1.0
94,9.0,10,3.0,1.0,0.0,23.0,22.0,22.0,-21.0
95,10.0,10,1.0,1.0,1.0,14.0,17.0,2.0,-2.0
104,9.0,43,7.0,5.0,0.0,33.0,54.0,8.0,-23.0
107,9.0,13,1.0,5.0,2.0,21.0,18.0,8.0,-2.0
110,10.0,55,20.0,11.0,5.0,98.0,162.0,12.0,-14.0
114,10.0,56,11.0,11.0,6.0,57.0,117.0,4.0,-9.0
115,10.0,73,8.0,13.0,1.0,44.0,81.0,21.0,-7.0
116,9.0,89,9.0,11.0,7.0,124.0,89.0,108.0,41.0
117,10.0,71,19.0,8.0,3.0,79.0,127.0,15.0,7.0
118,9.0,25,0.0,1.0,0.0,16.0,25.0,3.0,-7.0
119,9.0,17,3.0,3.0,2.0,13.0,19.0,9.0,23.0
120,10.0,23,19.0,6.0,3.0,62.0,96.0,1.0,12.0
121,10.0,83,22.0,21.0,8.0,109.0,160.0,32.0,-21.0
123,9.0,6,0.0,0.0,0.0,3.0,4.0,5.0,-3.0
124,9.0,68,16.0,21.0,8.0,92.0,166.0,25.0,-27.0
125,10.0,73,6.0,12.0,4.0,62.0,86.0,21.0,5.0
126,9.0,52,4.0,12.0,5.0,29.0,37.0,23.0,26.0
128,10.0,18,3.0,2.0,0.0,17.0,41.0,4.0,-4.0
130,9.0,6,0.0,1.0,0.0,4.0,1.0,7.0,5.0
137,10.0,12,4.0,2.0,0.0,20.0,25.0,0.0,2.0
139,10.0,49,22.0,9.0,11.0,102.0,170.0,9.0,10.0
142,10.0,35,7.0,8.0,5.0,23.0,57.0,6.0,-13.0
147,10.0,5,2.0,3.0,0.0,15.0,20.0,1.0,5.0
148,10.0,72,35.0,36.0,14.0,105.0,242.0,5.0,40.0
149,10.0,7,1.0,0.0,0.0,4.0,7.0,2.0,-12.0
150,10.0,61,8.0,11.0,0.0,48.0,91.0,8.0,-21.0
151,10.0,29,3.0,10.0,2.0,32.0,66.0,0.0,-14.0
155,10.0,53,11.0,7.0,5.0,83.0,82.0,30.0,-10.0
156,10.0,16,0.0,3.0,3.0,13.0,13.0,6.0,-5.0
157,10.0,8,2.0,1.0,1.0,7.0,10.0,2.0,1.0
158,9.0,55,10.0,9.0,2.0,127.0,108.0,32.0,-15.0
159,9.0,12,0.0,3.0,1.0,5.0,8.0,4.0,1.0
160,10.0,4,0.0,0.0,0.0,1.0,2.0,0.0,-2.0
161,10.0,46,13.0,6.0,2.0,74.0,110.0,21.0,10.0
162,9.0,53,5.0,12.0,7.0,76.0,61.0,49.0,-21.0
164,10.0,10,1.0,1.0,1.0,10.0,22.0,1.0,-4.0
167,9.0,6,0.0,0.0,1.0,3.0,2.0,5.0,-13.0
168,10.0,73,31.0,21.0,11.0,104.0,184.0,21.0,-2.0
169,9.0,66,7.0,10.0,7.0,108.0,79.0,42.0,21.0
170,9.0,67,3.0,6.0,2.0,90.0,68.0,53.0,13.0
172,10.0,64,12.0,17.0,5.0,84.0,132.0,26.0,-3.0
174,10.0,88,26.0,25.0,8.0,115.0,220.0,34.0,-37.0
175,10.0,29,6.0,2.0,3.0,36.0,54.0,4.0,9.0
176,10.0,19,1.0,4.0,0.0,6.0,10.0,5.0,-2.0
180,10.0,33,5.0,11.0,3.0,62.0,51.0,20.0,19.0
181,9.0,37,1.0,5.0,3.0,20.0,13.0,43.0,9.0
182,10.0,6,2.0,1.0,0.0,11.0,16.0,1.0,0.0
184,10.0,62,17.0,20.0,14.0,55.0,111.0,16.0,8.0
185,10.0,15,2.0,0.0,0.0,24.0,20.0,6.0,3.0
186,10.0,92,10.0,16.0,7.0,50.0,104.0,20.0,-15.0
187,10.0,54,5.0,13.0,0.0,48.0,71.0,14.0,-10.0
190,10.0,55,22.0,18.0,6.0,58.0,123.0,22.0,-18.0
191,9.0,58,3.0,2.0,4.0,84.0,52.0,90.0,-9.0
193,10.0,31,27.0,6.0,5.0,69.0,136.0,8.0,25.0
194,10.0,78,47.0,39.0,19.0,153.0,267.0,33.0,35.0
198,10.0,29,13.0,16.0,8.0,49.0,103.0,9.0,6.0
202,9.0,75,15.0,22.0,15.0,64.0,114.0,52.0,-13.0
203,10.0,76,29.0,20.0,7.0,86.0,137.0,36.0,-29.0
204,10.0,21,4.0,0.0,2.0,29.0,31.0,2.0,-8.0
206,10.0,1,0.0,0.0,0.0,0.0,1.0,0.0,-3.0
207,9.0,57,4.0,9.0,6.0,45.0,49.0,18.0,-22.0
208,10.0,91,71.0,36.0,15.0,239.0,431.0,24.0,22.0
209,10.0,54,18.0,13.0,7.0,52.0,117.0,13.0,12.0
210,9.0,9,0.0,2.0,0.0,10.0,4.0,5.0,-13.0
213,9.0,11,0.0,6.0,0.0,6.0,6.0,5.0,11.0
214,10.0,17,5.0,0.0,2.0,23.0,51.0,2.0,3.0
215,9.0,38,0.0,1.0,2.0,32.0,15.0,33.0,-11.0
216,9.0,24,2.0,0.0,0.0,27.0,31.0,19.0,-4.0
224,10.0,4,3.0,4.0,1.0,8.0,24.0,4.0,4.0
227,9.0,54,3.0,8.0,2.0,50.0,53.0,93.0,-38.0
228,10.0,77,20.0,14.0,3.0,100.0,123.0,6.0,-11.0
230,10.0,4,1.0,2.0,1.0,2.0,10.0,1.0,-5.0
231,10.0,25,4.0,5.0,3.0,34.0,47.0,8.0,-15.0
232,10.0,18,9.0,1.0,1.0,25.0,37.0,4.0,-10.0
234,10.0,15,13.0,3.0,0.0,27.0,59.0,1.0,-2.0
235,9.0,20,0.0,1.0,1.0,12.0,8.0,5.0,2.0
240,9.0,19,0.0,0.0,0.0,13.0,17.0,14.0,-8.0
242,9.0,20,4.0,1.0,2.0,19.0,25.0,14.0,-14.0
244,9.0,43,17.0,14.0,1.0,105.0,166.0,6.0,-23.0
245,10.0,20,0.0,7.0,1.0,17.0,29.0,2.0,-13.0
246,10.0,22,7.0,1.0,3.0,23.0,38.0,5.0,-5.0
247,10.0,24,2.0,2.0,2.0,25.0,32.0,2.0,-17.0
248,10.0,13,1.0,2.0,0.0,12.0,22.0,4.0,-18.0
251,10.0,8,4.0,2.0,0.0,16.0,25.0,8.0,-2.0
252,9.0,20,3.0,2.0,1.0,24.0,27.0,12.0,7.0
255,9.0,20,3.0,2.0,1.0,20.0,32.0,12.0,26.0
256,9.0,115,38.0,18.0,21.0,170.0,237.0,58.0,33.0
258,10.0,4,0.0,0.0,0.0,3.0,5.0,2.0,1.0
262,10.0,55,26.0,9.0,10.0,101.0,205.0,7.0,20.0
263,10.0,31,8.0,2.0,1.0,22.0,32.0,5.0,-6.0
264,9.0,13,0.0,0.0,0.0,13.0,6.0,6.0,-3.0
265,9.0,5,0.0,2.0,0.0,4.0,6.0,5.0,-2.0
269,10.0,2,1.0,1.0,0.0,3.0,3.0,0.0,0.0
272,10.0,20,9.0,5.0,5.0,37.0,56.0,9.0,4.0
273,9.0,11,1.0,1.0,0.0,10.0,12.0,6.0,10.0
274,10.0,73,5.0,6.0,6.0,76.0,100.0,53.0,-10.0
275,10.0,13,4.0,5.0,1.0,30.0,30.0,6.0,0.0
277,9.0,83,16.0,10.0,13.0,94.0,137.0,84.0,-34.0
281,10.0,89,8.0,12.0,1.0,53.0,60.0,42.0,-9.0
282,10.0,6,0.0,0.0,0.0,3.0,8.0,2.0,-4.0
283,9.0,13,3.0,1.0,0.0,18.0,21.0,3.0,2.0
285,10.0,17,2.0,3.0,0.0,14.0,21.0,2.0,-5.0
287,9.0,48,0.0,6.0,2.0,39.0,22.0,22.0,24.0
288,10.0,101,42.0,33.0,6.0,125.0,234.0,28.0,10.0
289,10.0,15,2.0,4.0,1.0,18.0,34.0,2.0,2.0
292,9.0,58,1.0,4.0,2.0,45.0,36.0,49.0,-42.0
294,9.0,87,5.0,11.0,5.0,115.0,108.0,123.0,-35.0
295,10.0,47,9.0,6.0,1.0,75.0,99.0,10.0,-48.0
298,10.0,81,19.0,18.0,9.0,101.0,183.0,20.0,-12.0
299,10.0,78,21.0,23.0,9.0,53.0,121.0,28.0,-36.0
301,9.0,1,0.0,0.0,1.0,1.0,2.0,1.0,1.0
302,10.0,66,9.0,12.0,6.0,57.0,115.0,4.0,-34.0
303,9.0,7,1.0,1.0,0.0,8.0,11.0,5.0,-3.0
305,10.0,45,20.0,16.0,1.0,46.0,115.0,16.0,-12.0
314,10.0,46,23.0,18.0,16.0,97.0,157.0,17.0,15.0
328,10.0,24,7.0,3.0,2.0,34.0,53.0,3.0,13.0
333,10.0,52,18.0,13.0,4.0,87.0,136.0,16.0,20.0
334,10.0,67,13.0,14.0,5.0,63.0,124.0,27.0,21.0
343,9.0,23,4.0,7.0,3.0,37.0,34.0,16.0,-4.0
346,10.0,2,0.0,0.0,0.0,1.0,1.0,0.0,-2.0
349,9.0,1,0.0,1.0,0.0,1.0,5.0,1.0,-1.0
350,10.0,10,10.0,5.0,1.0,32.0,49.0,3.0,1.0
351,9.0,3,0.0,1.0,0.0,3.0,1.0,1.0,-9.0
353,9.0,25,0.0,1.0,1.0,18.0,14.0,2.0,2.0
354,10.0,5,2.0,3.0,0.0,10.0,31.0,3.0,1.0
356,9.0,20,4.0,3.0,4.0,37.0,40.0,41.0,-4.0
360,10.0,59,10.0,8.0,3.0,52.0,103.0,11.0,-23.0
362,9.0,74,33.0,24.0,14.0,123.0,184.0,41.0,54.0
364,10.0,10,3.0,2.0,0.0,8.0,24.0,2.0,-2.0
365,9.0,1,0.0,0.0,0.0,0.0,0.0,0.0,0.0
366,10.0,71,24.0,16.0,7.0,80.0,142.0,5.0,-10.0
369,10.0,44,17.0,8.0,3.0,39.0,107.0,7.0,-14.0
370,9.0,8,0.0,0.0,0.0,1.0,4.0,3.0,0.0
372,9.0,55,3.0,3.0,1.0,25.0,14.0,54.0,9.0
374,9.0,11,4.0,1.0,1.0,14.0,18.0,2.0,7.0
375,9.0,73,31.0,18.0,4.0,119.0,188.0,33.0,24.0
376,10.0,6,1.0,0.0,1.0,6.0,9.0,0.0,-5.0
377,10.0,14,4.0,1.0,0.0,22.0,40.0,1.0,-4.0
378,10.0,86,19.0,21.0,8.0,192.0,245.0,21.0,-24.0
380,10.0,39,23.0,8.0,2.0,50.0,112.0,2.0,34.0
381,9.0,50,11.0,5.0,2.0,45.0,46.0,49.0,-13.0
385,9.0,18,3.0,2.0,2.0,26.0,25.0,19.0,0.0
387,10.0,80,30.0,31.0,12.0,130.0,210.0,11.0,-46.0
388,10.0,42,11.0,9.0,0.0,50.0,81.0,4.0,-21.0
390,10.0,13,3.0,4.0,0.0,22.0,22.0,5.0,-2.0
393,10.0,26,1.0,2.0,0.0,15.0,30.0,7.0,-22.0
397,9.0,67,10.0,13.0,4.0,75.0,104.0,42.0,17.0
399,9.0,92,21.0,11.0,10.0,104.0,166.0,49.0,-18.0
402,9.0,20,1.0,2.0,1.0,11.0,11.0,6.0,7.0
405,10.0,36,2.0,2.0,2.0,18.0,31.0,2.0,-14.0
406,10.0,73,25.0,14.0,9.0,98.0,191.0,13.0,6.0
407,9.0,23,3.0,2.0,0.0,23.0,34.0,14.0,16.0
408,10.0,9,1.0,1.0,0.0,11.0,12.0,1.0,-7.0
409,10.0,15,5.0,5.0,1.0,26.0,40.0,6.0,6.0
410,10.0,60,30.0,23.0,6.0,97.0,193.0,12.0,28.0
412,9.0,58,2.0,9.0,2.0,28.0,26.0,55.0,-7.0
415,10.0,118,28.0,30.0,14.0,95.0,203.0,29.0,28.0
418,10.0,12,3.0,1.0,0.0,19.0,27.0,6.0,-2.0
419,10.0,61,11.0,14.0,6.0,63.0,96.0,53.0,4.0
421,10.0,10,0.0,3.0,1.0,19.0,10.0,3.0,9.0
425,10.0,23,20.0,19.0,8.0,51.0,113.0,3.0,37.0
428,10.0,18,15.0,12.0,5.0,35.0,75.0,7.0,30.0
429,10.0,8,0.0,0.0,0.0,8.0,4.0,0.0,-4.0
430,10.0,5,1.0,0.0,0.0,5.0,2.0,3.0,-2.0
435,9.0,91,20.0,13.0,7.0,153.0,128.0,75.0,63.0
438,9.0,30,1.0,5.0,1.0,14.0,23.0,16.0,-22.0
443,10.0,1,0.0,0.0,0.0,0.0,0.0,0.0,0.0
444,9.0,26,1.0,3.0,1.0,31.0,38.0,32.0,2.0
445,10.0,47,11.0,7.0,3.0,74.0,132.0,24.0,-1.0
446,9.0,15,1.0,3.0,1.0,6.0,4.0,15.0,1.0
447,9.0,12,1.0,4.0,1.0,23.0,13.0,3.0,4.0
448,10.0,21,1.0,7.0,1.0,24.0,59.0,1.0,-15.0
450,9.0,30,0.0,4.0,1.0,46.0,51.0,41.0,-13.0
451,10.0,12,0.0,0.0,2.0,15.0,36.0,1.0,-17.0
452,9.0,38,2.0,2.0,0.0,33.0,27.0,29.0,6.0
453,10.0,11,3.0,4.0,1.0,9.0,21.0,2.0,10.0
454,9.0,30,17.0,6.0,4.0,82.0,144.0,15.0,17.0
456,9.0,70,5.0,16.0,5.0,80.0,95.0,78.0,41.0
459,10.0,3,1.0,4.0,0.0,0.0,4.0,0.0,1.0
460,10.0,81,7.0,16.0,3.0,60.0,104.0,32.0,1.0
461,10.0,17,3.0,2.0,0.0,11.0,34.0,4.0,-6.0
464,10.0,2,1.0,1.0,1.0,3.0,3.0,0.0,5.0
465,10.0,1,0.0,0.0,0.0,0.0,0.0,0.0,0.0
466,10.0,11,2.0,1.0,0.0,6.0,10.0,0.0,-12.0
467,10.0,50,21.0,13.0,2.0,73.0,112.0,11.0,-11.0
474,10.0,69,45.0,37.0,14.0,128.0,236.0,35.0,57.0
479,10.0,23,7.0,5.0,1.0,16.0,45.0,5.0,9.0
480,10.0,17,2.0,2.0,0.0,13.0,21.0,5.0,-3.0
482,10.0,21,1.0,2.0,1.0,10.0,10.0,7.0,4.0
485,10.0,25,11.0,3.0,2.0,48.0,91.0,18.0,-24.0
486,9.0,1,0.0,0.0,0.0,0.0,1.0,1.0,1.0
487,10.0,87,60.0,18.0,4.0,172.0,335.0,23.0,-12.0
492,10.0,58,13.0,7.0,6.0,64.0,92.0,10.0,-20.0
494,9.0,5,0.0,0.0,0.0,4.0,2.0,3.0,-5.0
495,9.0,66,4.0,13.0,0.0,113.0,70.0,51.0,-37.0
496,9.0,62,2.0,1.0,8.0,98.0,76.0,47.0,-34.0
498,9.0,16,3.0,3.0,3.0,17.0,20.0,13.0,-6.0
499,10.0,65,24.0,15.0,6.0,69.0,159.0,27.0,-37.0
500,10.0,1,0.0,0.0,0.0,0.0,0.0,0.0,-3.0
501,10.0,35,5.0,4.0,3.0,14.0,42.0,23.0,-51.0
505,9.0,5,0.0,0.0,0.0,4.0,7.0,4.0,0.0
506,9.0,1,0.0,0.0,0.0,0.0,1.0,0.0,-2.0
508,10.0,65,33.0,17.0,3.0,50.0,176.0,10.0,1.0
511,9.0,24,0.0,1.0,4.0,14.0,15.0,28.0,3.0
519,9.0,27,1.0,3.0,5.0,39.0,42.0,12.0,1.0
522,10.0,58,15.0,20.0,6.0,69.0,119.0,25.0,2.0
524,9.0,56,1.0,5.0,6.0,56.0,54.0,51.0,28.0
526,10.0,31,16.0,4.0,4.0,27.0,54.0,17.0,11.0
527,9.0,23,1.0,3.0,0.0,19.0,25.0,22.0,7.0
529,10.0,14,11.0,8.0,4.0,32.0,51.0,8.0,13.0
531,9.0,63,23.0,9.0,4.0,73.0,142.0,7.0,-14.0
535,9.0,6,1.0,1.0,0.0,11.0,5.0,3.0,1.0
536,10.0,40,20.0,18.0,5.0,63.0,131.0,18.0,-15.0
541,9.0,9,0.0,0.0,0.0,8.0,7.0,2.0,-8.0
543,10.0,21,13.0,5.0,0.0,15.0,67.0,14.0,2.0
544,9.0,30,3.0,4.0,3.0,32.0,25.0,36.0,-4.0
545,10.0,47,8.0,4.0,2.0,70.0,93.0,19.0,-37.0
551,10.0,27,12.0,3.0,0.0,33.0,80.0,3.0,5.0
554,9.0,16,1.0,3.0,0.0,8.0,16.0,13.0,16.0
556,9.0,15,7.0,6.0,0.0,26.0,41.0,2.0,-7.0
557,10.0,30,3.0,4.0,1.0,57.0,75.0,10.0,-19.0
561,10.0,19,3.0,1.0,0.0,17.0,20.0,4.0,-10.0
562,10.0,19,4.0,3.0,2.0,24.0,52.0,2.0,-13.0
564,9.0,1,0.0,0.0,0.0,0.0,0.0,0.0,-3.0
568,9.0,25,7.0,3.0,2.0,26.0,38.0,20.0,-19.0
570,10.0,18,3.0,4.0,0.0,23.0,25.0,8.0,-23.0
571,9.0,35,0.0,1.0,0.0,21.0,13.0,39.0,-40.0
572,10.0,32,8.0,8.0,2.0,34.0,46.0,5.0,-1.0
577,9.0,37,3.0,8.0,1.0,29.0,15.0,43.0,11.0
578,10.0,35,20.0,10.0,5.0,68.0,132.0,2.0,26.0
583,10.0,32,10.0,5.0,4.0,52.0,73.0,10.0,1.0
585,10.0,45,2.0,5.0,3.0,29.0,46.0,22.0,-36.0
587,9.0,32,1.0,4.0,5.0,25.0,21.0,17.0,8.0
589,9.0,79,19.0,16.0,4.0,164.0,178.0,43.0,50.0
590,9.0,41,8.0,5.0,3.0,86.0,72.0,81.0,-18.0
592,9.0,73,0.0,6.0,5.0,72.0,53.0,59.0,5.0
593,9.0,71,4.0,14.0,5.0,68.0,53.0,28.0,10.0
594,10.0,33,12.0,5.0,0.0,45.0,60.0,15.0,-36.0
595,10.0,13,0.0,1.0,0.0,3.0,4.0,3.0,-2.0
597,10.0,41,19.0,13.0,4.0,70.0,105.0,12.0,3.0
601,10.0,1,0.0,0.0,0.0,3.0,6.0,0.0,3.0
603,10.0,23,15.0,9.0,8.0,48.0,71.0,18.0,29.0
606,9.0,9,2.0,1.0,1.0,17.0,17.0,7.0,-12.0
607,10.0,6,5.0,1.0,1.0,9.0,20.0,1.0,-10.0
610,10.0,47,16.0,13.0,3.0,91.0,126.0,10.0,-18.0
614,10.0,1,1.0,0.0,0.0,4.0,3.0,0.0,1.0
616,9.0,4,0.0,1.0,0.0,0.0,3.0,1.0,-6.0
618,9.0,65,13.0,13.0,5.0,78.0,126.0,49.0,-56.0
619,9.0,59,2.0,7.0,3.0,47.0,45.0,52.0,-29.0
624,10.0,12,0.0,3.0,4.0,11.0,24.0,5.0,6.0
627,10.0,4,0.0,0.0,1.0,11.0,6.0,0.0,-1.0
628,9.0,55,8.0,8.0,2.0,55.0,66.0,33.0,-51.0
633,9.0,16,0.0,2.0,1.0,13.0,8.0,16.0,-8.0
636,9.0,52,1.0,5.0,3.0,61.0,42.0,39.0,-36.0
646,10.0,70,29.0,25.0,5.0,163.0,225.0,13.0,48.0
647,9.0,17,4.0,2.0,1.0,27.0,30.0,9.0,14.0
648,10.0,68,23.0,10.0,5.0,74.0,158.0,6.0,-15.0
650,10.0,35,8.0,3.0,2.0,40.0,63.0,6.0,-14.0
651,10.0,53,15.0,13.0,2.0,68.0,103.0,8.0,-32.0
652,10.0,50,15.0,10.0,5.0,73.0,124.0,15.0,-8.0
654,10.0,70,37.0,36.0,10.0,104.0,193.0,16.0,-35.0
655,9.0,79,1.0,12.0,6.0,55.0,41.0,76.0,21.0
657,10.0,62,12.0,17.0,3.0,85.0,115.0,7.0,-24.0
662,10.0,69,5.0,9.0,2.0,24.0,51.0,19.0,13.0
665,9.0,19,1.0,6.0,1.0,21.0,12.0,13.0,-2.0
670,9.0,10,0.0,0.0,0.0,4.0,12.0,11.0,-3.0
671,10.0,127,103.0,81.0,41.0,313.0,556.0,15.0,60.0
672,9.0,53,5.0,15.0,7.0,57.0,97.0,10.0,4.0
675,10.0,75,17.0,21.0,17.0,124.0,166.0,43.0,39.0
676,9.0,17,0.0,5.0,1.0,11.0,19.0,10.0,21.0
678,10.0,17,1.0,1.0,0.0,21.0,9.0,6.0,2.0
680,10.0,85,50.0,53.0,13.0,168.0,326.0,13.0,24.0
681,9.0,54,5.0,5.0,3.0,62.0,71.0,33.0,-4.0
682,10.0,18,1.0,1.0,0.0,7.0,12.0,7.0,-6.0
684,10.0,183,44.0,44.0,13.0,97.0,196.0,24.0,30.0
685,9.0,71,5.0,3.0,3.0,64.0,57.0,37.0,2.0
686,10.0,120,38.0,31.0,17.0,143.0,262.0,36.0,28.0
687,10.0,11,2.0,0.0,1.0,7.0,17.0,0.0,-5.0
688,10.0,30,4.0,8.0,3.0,48.0,60.0,8.0,17.0
689,10.0,75,21.0,23.0,5.0,81.0,173.0,11.0,0.0
690,10.0,2,1.0,1.0,0.0,6.0,8.0,1.0,0.0
691,10.0,6,0.0,0.0,0.0,0.0,5.0,0.0,-5.0
692,10.0,30,4.0,3.0,3.0,19.0,34.0,9.0,-2.0
693,9.0,48,1.0,1.0,1.0,26.0,31.0,21.0,1.0
694,9.0,22,0.0,3.0,2.0,22.0,24.0,15.0,11.0
696,9.0,92,10.0,16.0,6.0,163.0,172.0,60.0,21.0
697,9.0,96,16.0,16.0,11.0,132.0,127.0,62.0,23.0
698,9.0,12,2.0,1.0,2.0,9.0,7.0,16.0,-11.0
699,9.0,33,7.0,6.0,2.0,98.0,89.0,21.0,16.0
700,10.0,23,16.0,16.0,2.0,50.0,99.0,5.0,23.0
701,10.0,45,29.0,14.0,2.0,79.0,130.0,12.0,6.0
702,10.0,1,1.0,0.0,0.0,0.0,3.0,2.0,1.0
704,10.0,20,14.0,9.0,0.0,34.0,42.0,6.0,-13.0
708,9.0,17,2.0,2.0,1.0,15.0,23.0,12.0,1.0
710,10.0,4,0.0,1.0,0.0,3.0,2.0,0.0,0.0
712,9.0,66,3.0,16.0,3.0,71.0,60.0,85.0,-12.0
714,9.0,31,5.0,5.0,4.0,38.0,33.0,28.0,16.0
715,10.0,31,5.0,14.0,6.0,23.0,42.0,9.0,21.0
717,10.0,15,8.0,2.0,1.0,43.0,44.0,2.0,6.0
719,9.0,1,0.0,0.0,0.0,2.0,1.0,0.0,-1.0
720,10.0,48,14.0,23.0,10.0,79.0,146.0,16.0,26.0
721,9.0,18,2.0,2.0,1.0,27.0,32.0,12.0,-14.0
724,10.0,31,10.0,11.0,5.0,88.0,120.0,12.0,1.0
725,10.0,35,13.0,7.0,2.0,27.0,62.0,2.0,-18.0
727,10.0,60,25.0,20.0,3.0,82.0,143.0,41.0,13.0
729,9.0,16,2.0,3.0,2.0,13.0,33.0,2.0,-4.0
730,9.0,34,2.0,4.0,0.0,31.0,28.0,8.0,-11.0
731,9.0,41,0.0,3.0,1.0,35.0,26.0,28.0,-5.0
733,10.0,71,32.0,19.0,4.0,113.0,212.0,32.0,32.0
734,10.0,24,11.0,7.0,4.0,53.0,91.0,6.0,2.0
738,9.0,52,2.0,2.0,2.0,41.0,60.0,20.0,-5.0
741,9.0,4,1.0,0.0,0.0,2.0,5.0,1.0,-3.0
742,10.0,2,1.0,1.0,0.0,1.0,1.0,0.0,-1.0
744,9.0,11,3.0,3.0,1.0,25.0,50.0,1.0,-29.0
745,10.0,1,0.0,1.0,0.0,0.0,0.0,0.0,3.0
746,10.0,56,29.0,16.0,8.0,67.0,183.0,39.0,31.0
747,10.0,6,2.0,0.0,0.0,4.0,9.0,0.0,-3.0
748,9.0,41,6.0,11.0,6.0,81.0,85.0,24.0,23.0
749,10.0,50,36.0,17.0,7.0,90.0,169.0,6.0,-17.0
751,10.0,20,5.0,2.0,3.0,27.0,28.0,5.0,-15.0
755,10.0,44,10.0,10.0,4.0,53.0,70.0,33.0,19.0
756,9.0,29,5.0,9.0,1.0,40.0,38.0,12.0,14.0
757,9.0,2,0.0,0.0,0.0,1.0,0.0,1.0,0.0
758,9.0,19,1.0,2.0,0.0,11.0,7.0,5.0,-16.0
759,9.0,62,62.0,33.0,17.0,170.0,298.0,27.0,20.0
763,10.0,58,24.0,28.0,8.0,63.0,130.0,9.0,27.0
764,10.0,5,5.0,2.0,0.0,6.0,16.0,0.0,1.0
765,9.0,94,22.0,12.0,22.0,193.0,220.0,74.0,24.0
766,9.0,9,2.0,3.0,0.0,13.0,13.0,6.0,-4.0
767,10.0,28,9.0,8.0,1.0,21.0,36.0,2.0,3.0
768,10.0,10,11.0,4.0,4.0,39.0,62.0,4.0,11.0
769,9.0,25,4.0,2.0,1.0,9.0,19.0,14.0,-1.0
772,9.0,29,1.0,3.0,3.0,53.0,59.0,32.0,-8.0
774,10.0,43,6.0,4.0,2.0,30.0,53.0,3.0,-17.0
785,10.0,54,8.0,14.0,5.0,57.0,124.0,17.0,-11.0
801,10.0,42,22.0,18.0,3.0,66.0,125.0,8.0,36.0
805,10.0,37,4.0,5.0,1.0,35.0,55.0,8.0,-57.0
806,10.0,69,58.0,35.0,8.0,213.0,343.0,49.0,44.0
807,10.0,52,7.0,4.0,3.0,50.0,86.0,62.0,-76.0
808,10.0,4,1.0,0.0,0.0,6.0,13.0,2.0,1.0
812,9.0,13,0.0,0.0,0.0,4.0,4.0,8.0,-1.0
813,10.0,52,23.0,35.0,6.0,71.0,152.0,8.0,-4.0
814,10.0,25,0.0,2.0,0.0,13.0,22.0,3.0,-13.0
815,9.0,56,7.0,9.0,7.0,65.0,57.0,37.0,23.0
822,10.0,30,5.0,1.0,2.0,28.0,42.0,19.0,-8.0
824,9.0,55,1.0,1.0,4.0,36.0,34.0,16.0,-21.0
825,10.0,81,95.0,72.0,11.0,268.0,528.0,27.0,28.0
830,10.0,83,31.0,38.0,15.0,182.0,335.0,17.0,-17.0
832,10.0,71,11.0,15.0,3.0,35.0,82.0,24.0,6.0
837,9.0,20,1.0,1.0,0.0,14.0,15.0,7.0,-17.0
840,10.0,22,2.0,5.0,1.0,21.0,29.0,0.0,-21.0
841,10.0,51,9.0,8.0,10.0,61.0,105.0,19.0,-17.0
842,10.0,52,12.0,12.0,3.0,54.0,103.0,32.0,-39.0
843,10.0,27,4.0,3.0,1.0,18.0,44.0,13.0,-6.0
850,10.0,38,12.0,14.0,3.0,62.0,114.0,4.0,0.0
851,10.0,6,9.0,3.0,0.0,12.0,25.0,1.0,-1.0
852,9.0,21,6.0,1.0,4.0,53.0,40.0,25.0,-3.0
853,10.0,32,6.0,11.0,7.0,36.0,60.0,8.0,5.0
854,9.0,43,16.0,7.0,3.0,107.0,125.0,26.0,-25.0
855,10.0,81,19.0,21.0,4.0,65.0,156.0,15.0,12.0
857,9.0,7,0.0,1.0,0.0,12.0,16.0,1.0,-9.0
858,10.0,26,5.0,6.0,3.0,22.0,43.0,10.0,13.0
859,10.0,39,17.0,12.0,6.0,66.0,137.0,7.0,-23.0
860,9.0,24,1.0,0.0,1.0,16.0,13.0,11.0,-5.0
863,10.0,40,7.0,6.0,3.0,72.0,70.0,21.0,-47.0
864,9.0,26,5.0,5.0,2.0,45.0,37.0,7.0,11.0
876,10.0,30,8.0,5.0,3.0,56.0,63.0,5.0,-9.0
879,9.0,70,5.0,5.0,15.0,88.0,66.0,64.0,-22.0
883,10.0,113,62.0,88.0,44.0,208.0,470.0,36.0,76.0
886,10.0,24,3.0,1.0,1.0,25.0,43.0,12.0,-23.0
892,10.0,66,43.0,52.0,18.0,149.0,229.0,7.0,56.0
896,9.0,5,0.0,1.0,0.0,6.0,6.0,4.0,1.0
898,10.0,1,1.0,0.0,0.0,1.0,4.0,0.0,-1.0
910,9.0,97,7.0,7.0,3.0,67.0,113.0,68.0,0.0
911,10.0,17,4.0,6.0,0.0,19.0,31.0,1.0,1.0
913,9.0,19,4.0,2.0,1.0,41.0,31.0,38.0,-7.0
916,9.0,6,1.0,0.0,0.0,6.0,5.0,7.0,1.0
917,9.0,30,4.0,5.0,1.0,31.0,48.0,10.0,5.0
919,9.0,41,2.0,5.0,3.0,32.0,48.0,25.0,10.0
921,10.0,68,13.0,44.0,23.0,97.0,170.0,4.0,20.0
922,10.0,9,2.0,0.0,1.0,3.0,8.0,5.0,-1.0
923,10.0,2,1.0,0.0,1.0,5.0,4.0,0.0,1.0
924,10.0,7,5.0,2.0,1.0,10.0,17.0,1.0,-3.0
925,10.0,4,1.0,0.0,0.0,2.0,3.0,1.0,-2.0
926,10.0,1,0.0,0.0,0.0,0.0,0.0,0.0,0.0
928,10.0,10,0.0,0.0,0.0,5.0,6.0,1.0,-1.0
929,10.0,15,4.0,7.0,0.0,17.0,21.0,4.0,1.0
931,10.0,14,4.0,5.0,2.0,18.0,20.0,3.0,8.0
934,10.0,95,45.0,20.0,5.0,156.0,244.0,57.0,7.0
936,9.0,2,0.0,0.0,1.0,2.0,1.0,3.0,5.0
937,10.0,45,12.0,8.0,3.0,57.0,87.0,2.0,4.0
939,10.0,4,0.0,0.0,0.0,3.0,9.0,2.0,-6.0
940,9.0,33,4.0,5.0,2.0,59.0,73.0,14.0,7.0
942,9.0,11,3.0,1.0,1.0,27.0,31.0,2.0,-22.0
946,9.0,11,0.0,1.0,1.0,8.0,9.0,5.0,-17.0
948,10.0,34,3.0,4.0,0.0,23.0,34.0,7.0,-15.0
949,10.0,16,7.0,2.0,2.0,35.0,48.0,3.0,-1.0
950,10.0,12,2.0,1.0,1.0,7.0,9.0,3.0,4.0
951,10.0,60,19.0,20.0,8.0,108.0,199.0,18.0,-13.0
952,10.0,2,0.0,0.0,0.0,4.0,4.0,4.0,0.0
953,10.0,48,26.0,35.0,22.0,69.0,130.0,10.0,41.0
960,9.0,61,3.0,8.0,0.0,69.0,51.0,29.0,43.0
962,9.0,74,2.0,10.0,4.0,71.0,68.0,90.0,45.0
963,9.0,61,6.0,9.0,4.0,93.0,93.0,58.0,19.0
964,9.0,9,0.0,4.0,1.0,11.0,14.0,4.0,13.0
967,10.0,67,23.0,44.0,10.0,97.0,164.0,13.0,49.0
968,10.0,23,11.0,16.0,11.0,28.0,68.0,3.0,35.0
971,10.0,40,8.0,11.0,1.0,40.0,57.0,28.0,32.0
973,9.0,38,3.0,11.0,3.0,47.0,44.0,41.0,14.0
976,9.0,49,9.0,7.0,4.0,51.0,60.0,77.0,24.0
977,9.0,46,8.0,10.0,8.0,63.0,73.0,18.0,-20.0
981,9.0,79,7.0,14.0,6.0,107.0,138.0,130.0,13.0
982,10.0,114,90.0,62.0,31.0,320.0,524.0,17.0,37.0
983,10.0,1,0.0,0.0,0.0,0.0,0.0,0.0,0.0
984,10.0,2,0.0,0.0,0.0,2.0,10.0,0.0,-1.0
985,10.0,18,7.0,7.0,2.0,41.0,83.0,6.0,3.0
986,9.0,58,13.0,13.0,7.0,83.0,85.0,28.0,39.0
988,10.0,85,48.0,47.0,19.0,141.0,253.0,10.0,49.0
990,10.0,61,6.0,18.0,6.0,100.0,104.0,24.0,18.0
994,10.0,3,2.0,1.0,1.0,2.0,10.0,1.0,-10.0
1000,9.0,44,1.0,6.0,3.0,52.0,64.0,54.0,-68.0
1001,9.0,60,3.0,8.0,1.0,66.0,67.0,44.0,-7.0
1004,10.0,46,6.0,5.0,0.0,26.0,59.0,40.0,-26.0
1006,10.0,19,3.0,1.0,0.0,16.0,31.0,11.0,-19.0
1007,10.0,1,0.0,0.0,0.0,0.0,0.0,0.0,0.0
1008,9.0,6,0.0,1.0,1.0,9.0,10.0,5.0,2.0
1010,9.0,9,0.0,0.0,0.0,0.0,1.0,0.0,0.0
1013,10.0,82,16.0,19.0,10.0,52.0,137.0,9.0,-25.0
1014,9.0,17,0.0,0.0,0.0,16.0,33.0,1.0,-16.0
1015,10.0,2,0.0,0.0,0.0,0.0,2.0,0.0,-1.0
1016,10.0,35,10.0,16.0,7.0,53.0,137.0,4.0,26.0
1017,9.0,65,6.0,9.0,5.0,56.0,54.0,107.0,-33.0
1018,9.0,12,1.0,0.0,0.0,5.0,12.0,1.0,-5.0
1021,10.0,7,0.0,0.0,0.0,8.0,11.0,1.0,-7.0
1022,10.0,11,1.0,1.0,0.0,5.0,6.0,2.0,-7.0
1024,10.0,7,0.0,0.0,0.0,0.0,1.0,0.0,-3.0
1026,10.0,6,3.0,2.0,1.0,6.0,15.0,0.0,3.0
1027,10.0,12,2.0,0.0,2.0,15.0,24.0,3.0,-4.0
1033,10.0,57,5.0,7.0,3.0,43.0,66.0,25.0,-32.0
1034,10.0,2,0.0,0.0,0.0,0.0,0.0,0.0,0.0
1036,9.0,17,0.0,1.0,0.0,10.0,2.0,4.0,-3.0
1038,9.0,3,0.0,0.0,0.0,2.0,1.0,5.0,-11.0
1039,10.0,27,7.0,5.0,1.0,41.0,50.0,14.0,-11.0
1040,9.0,2,0.0,0.0,0.0,18.0,10.0,12.0,-5.0
1043,10.0,32,1.0,3.0,0.0,33.0,26.0,41.0,9.0
1048,9.0,9,4.0,5.0,3.0,18.0,21.0,2.0,11.0
1049,9.0,12,0.0,0.0,0.0,11.0,5.0,5.0,-4.0
1053,9.0,22,1.0,1.0,3.0,18.0,10.0,12.0,10.0
1054,9.0,15,0.0,1.0,0.0,14.0,1.0,12.0,3.0
1058,10.0,87,13.0,14.0,11.0,83.0,145.0,13.0,-3.0
1059,10.0,17,1.0,1.0,0.0,14.0,15.0,15.0,-11.0
1064,9.0,49,19.0,20.0,4.0,160.0,154.0,13.0,44.0
1066,10.0,45,21.0,13.0,10.0,67.0,110.0,8.0,-9.0
1072,9.0,23,4.0,2.0,0.0,20.0,33.0,18.0,-36.0
1073,9.0,5,0.0,0.0,1.0,1.0,0.0,4.0,-4.0
1076,9.0,6,0.0,1.0,0.0,15.0,13.0,4.0,0.0
1080,9.0,5,1.0,2.0,0.0,12.0,6.0,6.0,4.0
1081,9.0,22,0.0,4.0,4.0,28.0,18.0,10.0,8.0
1082,9.0,44,0.0,2.0,0.0,22.0,8.0,16.0,-6.0
1085,10.0,13,0.0,2.0,0.0,9.0,6.0,2.0,5.0
1086,9.0,11,0.0,0.0,0.0,0.0,2.0,5.0,0.0
1087,9.0,17,0.0,0.0,0.0,3.0,1.0,3.0,-7.0
1090,10.0,36,6.0,4.0,2.0,57.0,69.0,5.0,-16.0
1093,9.0,88,3.0,2.0,2.0,49.0,33.0,73.0,8.0
1095,10.0,24,17.0,6.0,2.0,35.0,72.0,10.0,9.0
1096,10.0,9,7.0,0.0,0.0,20.0,42.0,4.0,3.0
1100,9.0,65,0.0,11.0,7.0,74.0,43.0,48.0,36.0
1101,10.0,57,16.0,18.0,8.0,62.0,158.0,6.0,-4.0
1102,10.0,74,17.0,11.0,5.0,94.0,139.0,32.0,-60.0
1103,10.0,20,2.0,4.0,4.0,15.0,22.0,1.0,2.0
1104,10.0,5,0.0,0.0,0.0,0.0,1.0,1.0,-1.0
1105,9.0,19,0.0,3.0,0.0,16.0,17.0,10.0,3.0
1107,9.0,28,7.0,8.0,1.0,63.0,64.0,30.0,4.0
1108,10.0,31,8.0,4.0,9.0,19.0,25.0,4.0,14.0
1109,10.0,6,0.0,0.0,0.0,3.0,7.0,3.0,-9.0
1112,10.0,4,0.0,6.0,1.0,6.0,9.0,1.0,-6.0
1116,10.0,160,137.0,92.0,40.0,447.0,845.0,57.0,90.0
1118,10.0,14,3.0,6.0,2.0,15.0,30.0,2.0,11.0
1119,9.0,71,8.0,7.0,15.0,61.0,93.0,57.0,11.0
1121,10.0,99,38.0,52.0,43.0,139.0,280.0,20.0,53.0
1122,10.0,56,9.0,8.0,5.0,36.0,74.0,12.0,15.0
1123,10.0,15,1.0,1.0,0.0,14.0,27.0,8.0,-9.0
1128,9.0,38,0.0,0.0,1.0,18.0,19.0,13.0,-11.0
1129,9.0,31,0.0,1.0,0.0,4.0,0.0,10.0,-17.0
1132,9.0,27,1.0,0.0,0.0,11.0,8.0,3.0,-12.0
1133,9.0,65,6.0,16.0,7.0,155.0,153.0,55.0,18.0
1135,9.0,5,1.0,0.0,0.0,6.0,2.0,3.0,6.0
1136,9.0,28,1.0,5.0,3.0,27.0,27.0,9.0,-5.0
1137,10.0,34,12.0,14.0,4.0,60.0,107.0,9.0,2.0
1139,10.0,2,1.0,1.0,0.0,2.0,4.0,0.0,0.0
1140,10.0,50,43.0,21.0,5.0,119.0,228.0,37.0,-2.0
1143,9.0,10,3.0,0.0,1.0,10.0,10.0,5.0,0.0
1144,10.0,63,29.0,18.0,8.0,72.0,173.0,27.0,33.0
1145,10.0,5,2.0,1.0,0.0,8.0,12.0,1.0,-2.0
1146,10.0,77,21.0,20.0,6.0,100.0,147.0,32.0,23.0
1148,10.0,65,24.0,16.0,5.0,80.0,138.0,3.0,-21.0
1149,9.0,18,0.0,0.0,0.0,10.0,7.0,24.0,-16.0
1150,10.0,12,5.0,2.0,4.0,21.0,33.0,0.0,8.0
1153,10.0,14,0.0,6.0,1.0,14.0,24.0,6.0,-5.0
1157,9.0,39,5.0,6.0,3.0,59.0,53.0,42.0,11.0
1159,9.0,32,0.0,4.0,2.0,23.0,12.0,53.0,-18.0
1162,10.0,10,0.0,0.0,0.0,6.0,7.0,2.0,-2.0
1165,10.0,83,10.0,11.0,1.0,70.0,115.0,45.0,-1.0
1172,10.0,16,13.0,8.0,1.0,56.0,64.0,2.0,-6.0
1177,9.0,18,1.0,1.0,0.0,7.0,6.0,15.0,-8.0
1186,10.0,19,0.0,0.0,1.0,7.0,4.0,5.0,-39.0
1187,10.0,30,6.0,6.0,1.0,24.0,43.0,1.0,2.0
1188,9.0,83,5.0,8.0,3.0,70.0,53.0,71.0,-8.0
1192,10.0,32,3.0,5.0,2.0,33.0,32.0,18.0,-1.0
1195,10.0,23,4.0,2.0,1.0,21.0,37.0,4.0,0.0
1198,9.0,42,3.0,4.0,1.0,38.0,48.0,14.0,-2.0
1204,10.0,35,10.0,6.0,5.0,34.0,53.0,10.0,-4.0
1205,9.0,76,14.0,23.0,6.0,82.0,144.0,34.0,-45.0
1206,9.0,49,2.0,11.0,8.0,106.0,74.0,42.0,3.0
1208,10.0,12,3.0,1.0,1.0,4.0,15.0,2.0,-6.0
1213,9.0,78,6.0,17.0,16.0,122.0,96.0,102.0,-61.0
1214,10.0,72,45.0,22.0,9.0,82.0,146.0,7.0,-26.0
1217,10.0,1,0.0,0.0,0.0,11.0,9.0,6.0,-1.0
1218,10.0,66,21.0,11.0,10.0,75.0,145.0,18.0,-21.0
1219,9.0,4,0.0,0.0,0.0,2.0,1.0,0.0,-1.0
1220,10.0,55,8.0,12.0,1.0,79.0,93.0,32.0,-39.0
1223,9.0,57,2.0,3.0,1.0,42.0,34.0,41.0,-43.0
1224,10.0,47,9.0,5.0,2.0,47.0,66.0,3.0,-25.0
1226,10.0,21,0.0,3.0,4.0,18.0,16.0,22.0,-13.0
1227,10.0,8,4.0,1.0,0.0,5.0,12.0,3.0,-3.0
1228,10.0,25,13.0,5.0,8.0,52.0,103.0,19.0,-2.0
1229,10.0,61,14.0,12.0,5.0,46.0,100.0,8.0,-29.0
1230,9.0,75,5.0,7.0,3.0,78.0,65.0,39.0,5.0
1232,9.0,1,0.0,0.0,0.0,0.0,0.0,1.0,-2.0
1233,10.0,70,39.0,20.0,3.0,144.0,236.0,17.0,46.0
1234,10.0,61,6.0,7.0,2.0,30.0,51.0,26.0,-9.0
1236,9.0,41,2.0,2.0,0.0,36.0,21.0,22.0,16.0
1237,10.0,66,22.0,18.0,4.0,92.0,149.0,13.0,10.0
1240,10.0,70,23.0,27.0,12.0,83.0,123.0,55.0,67.0
1242,9.0,87,6.0,10.0,1.0,156.0,119.0,72.0,3.0
1243,9.0,6,0.0,1.0,0.0,2.0,2.0,0.0,3.0
1244,10.0,78,23.0,17.0,9.0,85.0,118.0,12.0,29.0
1245,10.0,9,0.0,1.0,0.0,7.0,6.0,1.0,-5.0
1246,10.0,83,11.0,12.0,2.0,95.0,142.0,27.0,11.0
1247,10.0,78,34.0,18.0,5.0,140.0,232.0,45.0,15.0
1249,10.0,11,0.0,0.0,0.0,14.0,12.0,3.0,-8.0
1250,10.0,94,3.0,6.0,2.0,89.0,81.0,67.0,22.0
1252,9.0,25,1.0,1.0,0.0,21.0,17.0,12.0,-5.0
1253,10.0,76,28.0,18.0,9.0,80.0,131.0,14.0,-6.0
1254,9.0,72,5.0,8.0,1.0,115.0,71.0,59.0,32.0
1255,10.0,29,2.0,1.0,0.0,17.0,21.0,5.0,5.0
1260,9.0,15,0.0,2.0,1.0,12.0,9.0,9.0,6.0
1261,9.0,17,0.0,0.0,1.0,16.0,17.0,15.0,-4.0
1264,10.0,89,31.0,14.0,6.0,123.0,181.0,23.0,4.0
1265,9.0,63,1.0,3.0,2.0,72.0,22.0,43.0,0.0
1267,10.0,19,4.0,9.0,5.0,14.0,37.0,15.0,14.0
1275,9.0,1,0.0,0.0,0.0,0.0,0.0,0.0,0.0
1276,9.0,3,0.0,0.0,0.0,1.0,2.0,2.0,-5.0
1281,9.0,5,1.0,1.0,2.0,6.0,9.0,2.0,-4.0
1294,10.0,6,0.0,0.0,0.0,3.0,0.0,0.0,-13.0
1297,9.0,25,2.0,1.0,1.0,13.0,7.0,16.0,-12.0
1298,10.0,18,3.0,2.0,4.0,18.0,28.0,2.0,-2.0
1304,10.0,74,39.0,29.0,17.0,145.0,216.0,31.0,16.0
1306,9.0,22,2.0,6.0,3.0,20.0,24.0,19.0,7.0
1310,9.0,4,0.0,1.0,0.0,1.0,0.0,4.0,-4.0
1313,9.0,13,0.0,0.0,0.0,6.0,3.0,5.0,-5.0
1314,9.0,18,0.0,1.0,0.0,14.0,3.0,13.0,-3.0
1315,9.0,28,0.0,1.0,1.0,12.0,6.0,12.0,-13.0
1318,9.0,14,0.0,1.0,0.0,6.0,4.0,10.0,-9.0
1332,9.0,67,4.0,10.0,4.0,49.0,64.0,53.0,-36.0
1333,10.0,2,0.0,0.0,0.0,4.0,2.0,0.0,0.0
1334,10.0,2,0.0,0.0,0.0,2.0,0.0,1.0,-5.0
1336,10.0,52,8.0,7.0,1.0,49.0,76.0,18.0,-15.0
1338,9.0,52,14.0,13.0,10.0,92.0,126.0,45.0,-12.0
1339,10.0,39,12.0,9.0,0.0,54.0,84.0,3.0,-4.0
1341,9.0,71,1.0,12.0,1.0,78.0,61.0,89.0,-10.0
1342,10.0,36,1.0,7.0,5.0,20.0,39.0,8.0,-23.0
1348,9.0,68,11.0,12.0,7.0,94.0,102.0,98.0,29.0
1349,9.0,11,0.0,2.0,2.0,4.0,4.0,3.0,2.0
1350,10.0,5,0.0,0.0,0.0,0.0,0.0,7.0,0.0
1355,9.0,1,0.0,0.0,0.0,12.0,6.0,5.0,-2.0
1356,10.0,13,1.0,1.0,1.0,11.0,20.0,5.0,-3.0
1366,10.0,97,37.0,22.0,19.0,112.0,224.0,22.0,-16.0
1370,10.0,55,19.0,19.0,12.0,64.0,101.0,21.0,18.0
1371,10.0,41,5.0,8.0,0.0,27.0,47.0,11.0,-4.0
1373,10.0,5,0.0,0.0,0.0,11.0,23.0,0.0,-3.0
1377,10.0,4,1.0,0.0,1.0,7.0,4.0,0.0,0.0
1380,9.0,7,0.0,2.0,0.0,5.0,5.0,8.0,-1.0
1382,10.0,23,2.0,1.0,0.0,13.0,32.0,2.0,-10.0
1385,10.0,19,3.0,3.0,0.0,21.0,24.0,4.0,-10.0
1389,9.0,1,0.0,1.0,0.0,0.0,0.0,0.0,0.0
1395,9.0,31,4.0,4.0,0.0,63.0,38.0,43.0,-8.0
1396,9.0,44,11.0,12.0,6.0,72.0,97.0,42.0,-27.0
1398,9.0,21,0.0,2.0,1.0,33.0,17.0,15.0,-7.0
1410,9.0,12,0.0,0.0,1.0,16.0,11.0,9.0,9.0
1417,10.0,4,2.0,1.0,0.0,6.0,10.0,4.0,-5.0
1421,10.0,45,36.0,16.0,6.0,125.0,205.0,14.0,16.0
1431,9.0,44,1.0,3.0,1.0,51.0,35.0,65.0,-5.0
1432,10.0,49,6.0,9.0,1.0,61.0,73.0,11.0,9.0
1440,10.0,70,39.0,13.0,7.0,139.0,235.0,107.0,-79.0
1441,9.0,59,2.0,3.0,4.0,44.0,44.0,45.0,12.0
1445,9.0,9,3.0,6.0,0.0,15.0,19.0,5.0,2.0
1449,9.0,17,1.0,0.0,1.0,16.0,5.0,20.0,2.0
1451,10.0,33,10.0,8.0,1.0,37.0,65.0,14.0,-25.0
1452,9.0,50,0.0,1.0,4.0,22.0,13.0,66.0,-36.0
1455,9.0,22,0.0,2.0,0.0,17.0,6.0,11.0,-6.0
1467,9.0,19,0.0,2.0,1.0,18.0,19.0,12.0,8.0
1470,10.0,63,20.0,7.0,4.0,55.0,124.0,11.0,-34.0
1472,10.0,94,78.0,32.0,13.0,287.0,417.0,42.0,6.0
1478,10.0,48,35.0,21.0,13.0,108.0,186.0,14.0,-7.0
1481,10.0,81,43.0,60.0,15.0,149.0,291.0,23.0,-23.0
1482,10.0,42,2.0,2.0,2.0,23.0,27.0,29.0,-18.0
1488,9.0,13,0.0,1.0,0.0,15.0,11.0,2.0,-5.0
1491,10.0,48,16.0,7.0,2.0,77.0,102.0,10.0,9.0
1493,10.0,40,28.0,11.0,6.0,91.0,161.0,28.0,3.0
1494,9.0,34,23.0,16.0,7.0,60.0,126.0,14.0,2.0
1504,10.0,21,2.0,2.0,1.0,26.0,46.0,4.0,-7.0
1505,10.0,47,14.0,17.0,5.0,100.0,127.0,19.0,9.0
1506,10.0,18,3.0,3.0,3.0,17.0,25.0,2.0,5.0
1510,10.0,4,1.0,1.0,0.0,5.0,8.0,0.0,-2.0
1511,10.0,4,1.0,0.0,0.0,4.0,3.0,3.0,-7.0
1513,9.0,3,0.0,2.0,0.0,5.0,3.0,5.0,-2.0
1515,10.0,40,13.0,9.0,3.0,93.0,102.0,22.0,-26.0
1518,10.0,13,3.0,1.0,2.0,6.0,20.0,4.0,-2.0
1521,9.0,16,2.0,5.0,1.0,18.0,18.0,11.0,-13.0
1523,9.0,61,3.0,4.0,4.0,78.0,64.0,53.0,-10.0
1525,10.0,6,3.0,1.0,0.0,14.0,14.0,2.0,-3.0
1526,10.0,6,2.0,0.0,0.0,0.0,6.0,0.0,-1.0
1531,10.0,18,14.0,12.0,2.0,70.0,79.0,6.0,23.0
1535,9.0,38,2.0,2.0,1.0,27.0,18.0,21.0,-3.0
1536,9.0,95,3.0,11.0,10.0,124.0,77.0,99.0,-7.0
1537,10.0,41,15.0,10.0,4.0,41.0,80.0,8.0,13.0
1538,10.0,4,0.0,0.0,0.0,4.0,4.0,2.0,-2.0
1539,10.0,1,0.0,0.0,0.0,0.0,0.0,0.0,0.0
1540,10.0,6,0.0,2.0,0.0,8.0,4.0,8.0,4.0
1541,10.0,26,15.0,18.0,7.0,52.0,94.0,5.0,20.0
1546,9.0,50,2.0,8.0,1.0,47.0,45.0,39.0,-12.0
1547,10.0,35,3.0,7.0,2.0,27.0,41.0,5.0,-3.0
1549,10.0,79,19.0,21.0,5.0,130.0,206.0,18.0,-2.0
1550,9.0,92,8.0,5.0,1.0,136.0,128.0,64.0,-2.0
1551,9.0,94,6.0,18.0,5.0,199.0,176.0,71.0,-26.0
1552,10.0,38,4.0,5.0,3.0,34.0,35.0,14.0,-12.0
1556,10.0,60,10.0,9.0,3.0,61.0,92.0,27.0,-29.0
1558,10.0,29,2.0,2.0,2.0,13.0,23.0,8.0,2.0
1559,9.0,37,0.0,1.0,1.0,13.0,4.0,26.0,-7.0
1560,9.0,2,0.0,1.0,0.0,0.0,0.0,0.0,2.0
1562,9.0,13,2.0,2.0,2.0,8.0,14.0,5.0,7.0
1566,10.0,15,3.0,0.0,0.0,20.0,14.0,5.0,3.0
1567,9.0,14,1.0,0.0,0.0,11.0,10.0,14.0,-11.0
1568,10.0,28,8.0,8.0,1.0,59.0,84.0,6.0,-1.0
1570,10.0,60,33.0,24.0,15.0,95.0,201.0,21.0,-14.0
1571,10.0,14,0.0,0.0,0.0,3.0,10.0,1.0,-7.0
1572,9.0,36,11.0,9.0,12.0,56.0,116.0,15.0,-32.0
1575,10.0,21,8.0,5.0,2.0,23.0,47.0,4.0,5.0
1576,10.0,68,26.0,33.0,17.0,114.0,177.0,15.0,-26.0
1577,9.0,56,5.0,5.0,0.0,64.0,60.0,70.0,-2.0
1578,10.0,26,19.0,10.0,7.0,58.0,95.0,4.0,21.0
1582,10.0,56,20.0,14.0,1.0,57.0,82.0,6.0,12.0
1600,9.0,81,18.0,18.0,8.0,113.0,124.0,40.0,30.0
1612,9.0,15,1.0,1.0,2.0,15.0,17.0,7.0,-5.0
1618,10.0,30,6.0,2.0,2.0,12.0,22.0,14.0,-5.0
1619,9.0,16,2.0,1.0,1.0,18.0,9.0,10.0,6.0
1619,10.0,19,0.0,2.0,0.0,30.0,23.0,21.0,5.0
1670,10.0,13,7.0,4.0,1.0,39.0,68.0,4.0,-12.0
1713,9.0,32,5.0,4.0,1.0,99.0,79.0,18.0,32.0
1813,10.0,16,13.0,9.0,2.0,34.0,53.0,1.0,23.0
1829,10.0,2,3.0,3.0,2.0,6.0,9.0,0.0,6.0
1905,9.0,2,0.0,0.0,0.0,0.0,4.0,2.0,-1.0
1909,10.0,4,2.0,2.0,0.0,13.0,10.0,0.0,6.0
1910,10.0,21,1.0,0.0,0.0,23.0,29.0,15.0,8.0
1911,10.0,26,16.0,10.0,2.0,36.0,70.0,3.0,26.0
1912,10.0,28,14.0,8.0,2.0,43.0,77.0,12.0,11.0
1916,10.0,7,3.0,3.0,0.0,6.0,10.0,2.0,1.0
1917,10.0,4,4.0,2.0,1.0,10.0,15.0,0.0,8.0
1919,10.0,13,4.0,2.0,0.0,17.0,16.0,3.0,-4.0
1922,9.0,20,0.0,3.0,1.0,11.0,7.0,10.0,14.0
1924,9.0,10,3.0,3.0,0.0,8.0,2.0,3.0,15.0
1926,9.0,24,1.0,0.0,2.0,22.0,20.0,13.0,4.0
1936,10.0,31,33.0,18.0,3.0,129.0,181.0,14.0,22.0
1946,9.0,6,2.0,4.0,0.0,9.0,17.0,2.0,-2.0
1948,10.0,11,4.0,2.0,0.0,19.0,37.0,1.0,-7.0
2029,10.0,19,12.0,7.0,2.0,39.0,50.0,3.0,-1.0
2051,10.0,89,59.0,20.0,8.0,190.0,360.0,9.0,6.0
2052,9.0,64,0.0,2.0,0.0,23.0,23.0,20.0,-21.0
2057,10.0,86,20.0,17.0,7.0,82.0,162.0,19.0,26.0
2059,10.0,62,1.0,7.0,1.0,22.0,41.0,25.0,-6.0
2066,9.0,78,11.0,13.0,7.0,120.0,174.0,93.0,21.0
2068,9.0,85,16.0,23.0,9.0,105.0,171.0,183.0,22.0
2070,10.0,37,7.0,9.0,1.0,29.0,51.0,2.0,-2.0
2071,10.0,10,2.0,7.0,0.0,24.0,22.0,4.0,8.0
2072,10.0,8,5.0,2.0,3.0,27.0,47.0,3.0,0.0
2123,9.0,3,0.0,1.0,0.0,0.0,2.0,1.0,-4.0
2126,10.0,3,1.0,3.0,1.0,5.0,10.0,0.0,-3.0
2132,9.0,14,0.0,1.0,1.0,7.0,4.0,2.0,4.0
2134,10.0,26,17.0,7.0,2.0,67.0,101.0,6.0,22.0
2155,10.0,46,2.0,6.0,2.0,86.0,102.0,6.0,-9.0
2194,10.0,86,48.0,28.0,8.0,116.0,277.0,82.0,41.0
2203,10.0,101,35.0,27.0,7.0,156.0,313.0,16.0,-6.0
2204,10.0,36,3.0,0.0,2.0,11.0,29.0,9.0,13.0
2205,10.0,13,11.0,2.0,1.0,21.0,39.0,1.0,-2.0
2209,9.0,84,7.0,9.0,4.0,50.0,70.0,27.0,-37.0
2210,10.0,29,6.0,11.0,4.0,28.0,69.0,2.0,-6.0
2211,10.0,32,9.0,3.0,2.0,31.0,63.0,7.0,-9.0
2212,10.0,72,27.0,23.0,8.0,118.0,201.0,11.0,-19.0
2213,9.0,3,0.0,0.0,0.0,0.0,4.0,0.0,-1.0
2215,10.0,86,24.0,18.0,7.0,128.0,163.0,49.0,32.0
2216,10.0,15,8.0,9.0,1.0,38.0,48.0,3.0,9.0
2217,10.0,1,0.0,0.0,0.0,0.0,0.0,0.0,1.0
2218,10.0,72,19.0,20.0,3.0,128.0,163.0,26.0,26.0
2221,10.0,68,70.0,23.0,1.0,125.0,277.0,10.0,41.0
2222,9.0,34,0.0,4.0,0.0,27.0,16.0,31.0,-20.0
2223,10.0,49,10.0,8.0,0.0,51.0,86.0,6.0,-16.0
2224,9.0,84,9.0,9.0,7.0,107.0,133.0,36.0,2.0
2225,9.0,56,2.0,2.0,3.0,38.0,59.0,27.0,-24.0
2226,10.0,20,4.0,4.0,3.0,17.0,38.0,3.0,-7.0
2227,10.0,70,50.0,29.0,7.0,159.0,258.0,17.0,20.0
2230,9.0,66,5.0,6.0,4.0,69.0,47.0,44.0,24.0
2231,10.0,89,48.0,20.0,8.0,133.0,253.0,15.0,-22.0
2232,9.0,66,6.0,10.0,2.0,44.0,56.0,34.0,-1.0
2233,9.0,53,5.0,9.0,6.0,46.0,41.0,40.0,18.0
2236,10.0,86,27.0,10.0,3.0,100.0,140.0,50.0,0.0
2237,9.0,19,0.0,2.0,0.0,24.0,14.0,11.0,-2.0
2240,9.0,7,0.0,0.0,1.0,5.0,4.0,1.0,2.0
2241,10.0,102,29.0,17.0,7.0,110.0,201.0,15.0,20.0
2244,10.0,67,13.0,13.0,5.0,71.0,119.0,16.0,4.0
2266,10.0,21,11.0,11.0,2.0,50.0,114.0,11.0,4.0
2267,9.0,65,40.0,25.0,29.0,173.0,212.0,47.0,61.0
2270,10.0,65,5.0,3.0,0.0,37.0,49.0,10.0,-48.0
2272,10.0,12,3.0,1.0,2.0,13.0,26.0,2.0,-9.0
2278,10.0,9,5.0,7.0,0.0,30.0,39.0,3.0,10.0
2281,10.0,32,6.0,10.0,2.0,35.0,78.0,7.0,-19.0
2282,9.0,65,34.0,22.0,11.0,157.0,252.0,42.0,-17.0
2290,9.0,69,4.0,12.0,3.0,61.0,45.0,45.0,43.0
2291,10.0,35,10.0,14.0,5.0,50.0,93.0,15.0,-7.0
2292,10.0,49,19.0,12.0,4.0,116.0,175.0,10.0,10.0
2294,9.0,21,0.0,4.0,1.0,19.0,6.0,13.0,8.0
2297,10.0,45,16.0,14.0,6.0,49.0,99.0,9.0,3.0
2299,10.0,43,5.0,11.0,3.0,40.0,58.0,9.0,-8.0
2300,10.0,38,4.0,5.0,3.0,31.0,47.0,31.0,4.0
2301,10.0,46,9.0,9.0,2.0,43.0,72.0,11.0,-8.0
2303,10.0,32,2.0,6.0,1.0,16.0,26.0,3.0,-1.0
2304,9.0,51,0.0,2.0,6.0,56.0,46.0,25.0,-16.0
2307,10.0,38,16.0,9.0,0.0,53.0,109.0,16.0,-2.0
2310,10.0,57,33.0,16.0,5.0,94.0,145.0,23.0,21.0
2316,10.0,20,12.0,6.0,0.0,24.0,67.0,8.0,19.0
2317,9.0,53,16.0,13.0,5.0,154.0,133.0,40.0,-16.0
2319,10.0,43,11.0,16.0,0.0,39.0,74.0,21.0,0.0
2321,10.0,57,23.0,8.0,5.0,86.0,139.0,19.0,-16.0
2322,10.0,7,2.0,1.0,0.0,6.0,3.0,1.0,-6.0
2323,10.0,100,70.0,22.0,15.0,231.0,318.0,17.0,-2.0
2325,10.0,15,2.0,2.0,0.0,17.0,24.0,2.0,-11.0
2328,9.0,1,0.0,0.0,0.0,0.0,0.0,0.0,-1.0
2329,9.0,14,0.0,1.0,2.0,22.0,19.0,9.0,-2.0
2333,10.0,27,7.0,5.0,3.0,32.0,50.0,7.0,-9.0
2336,9.0,5,0.0,1.0,1.0,10.0,12.0,10.0,-5.0
2337,9.0,6,4.0,3.0,1.0,9.0,21.0,0.0,9.0
2342,10.0,7,6.0,3.0,3.0,15.0,31.0,1.0,-6.0
2346,10.0,26,14.0,9.0,3.0,35.0,63.0,8.0,4.0
2351,10.0,75,60.0,42.0,16.0,167.0,322.0,16.0,70.0
2357,10.0,57,38.0,21.0,15.0,122.0,170.0,8.0,45.0
2358,9.0,22,3.0,3.0,5.0,37.0,51.0,31.0,6.0
2359,10.0,35,10.0,11.0,3.0,40.0,73.0,11.0,11.0
2360,10.0,28,12.0,22.0,5.0,42.0,76.0,7.0,23.0
2362,9.0,27,7.0,9.0,2.0,44.0,51.0,12.0,5.0
2366,10.0,20,24.0,9.0,0.0,56.0,110.0,8.0,23.0
2367,10.0,6,1.0,1.0,0.0,8.0,14.0,3.0,-14.0
2368,10.0,38,41.0,10.0,3.0,128.0,212.0,8.0,12.0
2376,9.0,25,1.0,3.0,3.0,29.0,22.0,19.0,17.0
2377,10.0,13,2.0,2.0,1.0,11.0,9.0,3.0,-12.0
2379,9.0,3,0.0,0.0,0.0,1.0,1.0,4.0,-11.0
2416,10.0,9,2.0,0.0,0.0,5.0,15.0,1.0,-9.0
2426,10.0,97,34.0,30.0,13.0,117.0,243.0,38.0,12.0
2427,10.0,19,1.0,2.0,0.0,8.0,14.0,11.0,-6.0
2428,9.0,37,0.0,2.0,0.0,25.0,14.0,22.0,-15.0
2430,10.0,35,4.0,4.0,0.0,15.0,25.0,10.0,-1.0
2431,10.0,11,2.0,2.0,0.0,14.0,8.0,1.0,-4.0
2433,9.0,1,0.0,0.0,0.0,2.0,3.0,0.0,-2.0
2434,9.0,68,4.0,10.0,2.0,51.0,56.0,44.0,-51.0
2435,10.0,31,13.0,15.0,0.0,35.0,79.0,7.0,28.0
2440,10.0,14,0.0,3.0,2.0,26.0,11.0,12.0,-20.0
2441,9.0,56,6.0,7.0,3.0,53.0,45.0,17.0,2.0
2443,9.0,72,6.0,8.0,2.0,83.0,81.0,51.0,15.0
2444,9.0,66,7.0,14.0,10.0,70.0,105.0,64.0,23.0
2445,9.0,33,4.0,5.0,0.0,55.0,49.0,27.0,-6.0
2446,9.0,15,1.0,1.0,2.0,8.0,14.0,7.0,-3.0
2447,10.0,87,9.0,14.0,5.0,108.0,145.0,41.0,17.0
2448,10.0,55,25.0,20.0,7.0,67.0,137.0,5.0,29.0
2450,10.0,87,24.0,33.0,11.0,127.0,220.0,22.0,-74.0
2452,10.0,90,102.0,41.0,11.0,272.0,492.0,34.0,54.0
2454,10.0,5,9.0,0.0,0.0,17.0,23.0,1.0,8.0
2455,9.0,41,0.0,6.0,3.0,37.0,18.0,26.0,4.0
2456,10.0,32,10.0,9.0,2.0,52.0,83.0,7.0,7.0
2460,10.0,40,7.0,2.0,2.0,52.0,80.0,16.0,-9.0
2461,10.0,72,7.0,19.0,5.0,72.0,77.0,30.0,-18.0
2463,9.0,17,0.0,0.0,0.0,11.0,10.0,17.0,-4.0
2464,9.0,73,9.0,8.0,7.0,125.0,121.0,68.0,-3.0
2466,10.0,37,9.0,2.0,1.0,39.0,56.0,10.0,-25.0
2469,9.0,12,1.0,1.0,0.0,10.0,11.0,7.0,-4.0
2472,10.0,59,9.0,15.0,10.0,43.0,69.0,7.0,-30.0
2474,10.0,74,41.0,23.0,9.0,108.0,230.0,21.0,12.0
2476,10.0,42,13.0,9.0,5.0,71.0,121.0,9.0,-4.0
2477,9.0,47,1.0,9.0,7.0,27.0,29.0,53.0,14.0
2479,10.0,38,21.0,4.0,2.0,43.0,93.0,10.0,13.0
2481,9.0,35,3.0,1.0,1.0,39.0,29.0,16.0,4.0
2484,10.0,97,27.0,25.0,12.0,128.0,215.0,39.0,-14.0
2487,10.0,73,60.0,32.0,8.0,170.0,314.0,7.0,5.0
2489,10.0,18,8.0,5.0,2.0,20.0,33.0,7.0,-8.0
2490,9.0,39,0.0,2.0,1.0,15.0,14.0,24.0,-2.0
2491,10.0,34,10.0,8.0,6.0,27.0,71.0,26.0,-1.0
2492,10.0,4,0.0,1.0,0.0,6.0,10.0,3.0,0.0
2501,10.0,1,0.0,0.0,0.0,0.0,1.0,1.0,-2.0
2502,9.0,47,6.0,15.0,10.0,88.0,80.0,35.0,31.0
2504,9.0,15,0.0,2.0,0.0,13.0,8.0,4.0,-14.0
2506,10.0,41,3.0,3.0,2.0,30.0,40.0,37.0,21.0
2508,10.0,52,31.0,23.0,10.0,114.0,164.0,9.0,56.0
2512,9.0,11,1.0,0.0,0.0,6.0,7.0,6.0,-17.0
2515,9.0,1,0.0,0.0,0.0,1.0,1.0,1.0,1.0
2516,10.0,35,6.0,8.0,3.0,43.0,44.0,12.0,-6.0
2517,10.0,3,0.0,0.0,0.0,1.0,3.0,0.0,6.0
2549,10.0,66,19.0,16.0,7.0,161.0,201.0,30.0,5.0
2550,10.0,11,7.0,4.0,1.0,13.0,40.0,2.0,5.0
2556,10.0,44,7.0,3.0,0.0,30.0,40.0,41.0,-24.0
2638,10.0,3,0.0,1.0,0.0,1.0,3.0,0.0,-4.0
2694,9.0,26,6.0,7.0,0.0,43.0,56.0,10.0,4.0
2696,10.0,26,11.0,4.0,1.0,49.0,72.0,3.0,9.0
2700,10.0,26,29.0,6.0,1.0,53.0,105.0,4.0,34.0
2740,10.0,14,0.0,0.0,2.0,9.0,19.0,5.0,-10.0
2743,10.0,99,24.0,25.0,8.0,82.0,193.0,25.0,28.0
2753,10.0,51,26.0,19.0,3.0,126.0,160.0,16.0,32.0
2757,10.0,39,41.0,22.0,16.0,118.0,260.0,8.0,8.0
2760,10.0,53,6.0,10.0,5.0,56.0,82.0,27.0,14.0
2762,10.0,4,1.0,3.0,0.0,8.0,11.0,1.0,-1.0
2763,9.0,4,0.0,0.0,0.0,2.0,5.0,2.0,-4.0
2764,9.0,1,0.0,0.0,0.0,2.0,0.0,1.0,-1.0
2765,10.0,36,18.0,15.0,5.0,43.0,115.0,18.0,-9.0
2766,10.0,55,7.0,9.0,2.0,84.0,92.0,35.0,-2.0
2767,9.0,18,3.0,4.0,2.0,16.0,22.0,16.0,-6.0
2768,10.0,11,8.0,1.0,2.0,19.0,32.0,4.0,3.0
2769,10.0,47,23.0,15.0,13.0,114.0,136.0,27.0,31.0
2770,9.0,94,13.0,11.0,5.0,95.0,141.0,77.0,15.0
2771,9.0,2,0.0,0.0,0.0,0.0,3.0,0.0,0.0
2772,9.0,5,0.0,1.0,0.0,4.0,5.0,5.0,2.0
2773,10.0,23,3.0,3.0,0.0,9.0,22.0,5.0,-3.0
2774,10.0,27,9.0,2.0,3.0,23.0,51.0,11.0,1.0
2776,10.0,4,1.0,0.0,0.0,4.0,5.0,2.0,-4.0
2777,10.0,26,7.0,5.0,3.0,49.0,53.0,10.0,-1.0
2783,9.0,47,3.0,5.0,4.0,53.0,53.0,38.0,13.0
2787,9.0,20,0.0,1.0,1.0,26.0,18.0,9.0,-10.0
2790,10.0,37,18.0,9.0,3.0,49.0,80.0,1.0,20.0
2792,9.0,11,3.0,5.0,2.0,31.0,37.0,4.0,5.0
2794,9.0,9,1.0,3.0,0.0,12.0,13.0,4.0,-1.0
2795,10.0,44,9.0,11.0,1.0,45.0,94.0,4.0,14.0
2799,9.0,74,3.0,11.0,3.0,48.0,55.0,57.0,-40.0
2800,9.0,11,0.0,0.0,0.0,4.0,4.0,6.0,-1.0
2802,9.0,33,13.0,6.0,4.0,49.0,78.0,23.0,3.0
2805,10.0,26,15.0,9.0,1.0,36.0,54.0,8.0,-1.0
2807,10.0,55,21.0,14.0,7.0,120.0,204.0,9.0,-39.0
2814,9.0,60,4.0,7.0,3.0,44.0,43.0,51.0,-16.0
2817,10.0,33,8.0,2.0,0.0,27.0,57.0,6.0,-16.0
2824,10.0,81,26.0,28.0,7.0,103.0,154.0,40.0,33.0
2827,9.0,29,3.0,10.0,6.0,63.0,41.0,37.0,29.0
2829,9.0,58,1.0,7.0,5.0,106.0,73.0,40.0,7.0
2831,9.0,24,0.0,2.0,1.0,15.0,8.0,19.0,-1.0
2832,10.0,69,18.0,22.0,4.0,117.0,148.0,40.0,0.0
2835,9.0,9,0.0,2.0,1.0,11.0,4.0,3.0,-3.0
2836,10.0,1,0.0,0.0,0.0,1.0,1.0,0.0,-6.0
2840,10.0,47,10.0,6.0,2.0,44.0,83.0,9.0,-23.0
2843,10.0,86,52.0,13.0,7.0,172.0,314.0,17.0,1.0
2853,10.0,16,6.0,1.0,0.0,22.0,24.0,6.0,4.0
2855,10.0,25,8.0,7.0,2.0,60.0,72.0,8.0,8.0
2858,10.0,88,69.0,49.0,22.0,259.0,391.0,47.0,52.0
2862,10.0,53,19.0,12.0,3.0,85.0,115.0,29.0,-50.0
2863,10.0,25,0.0,5.0,2.0,41.0,21.0,8.0,8.0
2864,10.0,49,8.0,19.0,2.0,50.0,70.0,15.0,2.0
2865,9.0,1,0.0,0.0,0.0,0.0,8.0,9.0,0.0
2871,9.0,41,0.0,0.0,0.0,37.0,13.0,22.0,20.0
2872,10.0,24,9.0,1.0,1.0,21.0,40.0,3.0,-3.0
2873,10.0,34,21.0,11.0,4.0,77.0,92.0,6.0,-5.0
2875,10.0,8,1.0,3.0,0.0,14.0,26.0,2.0,-9.0
2876,10.0,2,0.0,0.0,1.0,0.0,1.0,0.0,1.0
2879,10.0,20,5.0,7.0,2.0,19.0,48.0,8.0,-4.0
2890,9.0,89,10.0,20.0,10.0,94.0,119.0,72.0,-48.0
2894,9.0,59,5.0,11.0,7.0,147.0,159.0,43.0,0.0
2895,10.0,31,8.0,3.0,2.0,29.0,56.0,2.0,-2.0
2896,9.0,58,4.0,17.0,6.0,55.0,72.0,20.0,6.0
2897,10.0,2,0.0,0.0,0.0,0.0,0.0,0.0,0.0
2900,9.0,90,9.0,12.0,9.0,130.0,113.0,121.0,72.0
2901,10.0,8,0.0,2.0,0.0,12.0,19.0,4.0,-12.0
2902,10.0,36,12.0,10.0,3.0,54.0,76.0,6.0,10.0
2903,9.0,80,4.0,13.0,1.0,69.0,64.0,79.0,28.0
2904,10.0,14,4.0,3.0,4.0,18.0,36.0,12.0,4.0
2907,9.0,70,5.0,5.0,6.0,105.0,73.0,36.0,-11.0
2908,9.0,59,10.0,5.0,2.0,70.0,77.0,25.0,-13.0
2910,10.0,1,0.0,0.0,0.0,0.0,0.0,0.0,0.0
2911,10.0,25,17.0,10.0,7.0,52.0,85.0,3.0,4.0
2913,9.0,28,0.0,3.0,1.0,38.0,14.0,37.0,-19.0
2915,10.0,67,23.0,24.0,9.0,112.0,157.0,25.0,1.0
2916,10.0,60,6.0,17.0,6.0,80.0,127.0,26.0,-42.0
2917,10.0,65,18.0,24.0,16.0,60.0,120.0,6.0,-2.0
2920,9.0,21,0.0,0.0,1.0,9.0,11.0,10.0,-22.0
2921,9.0,53,1.0,3.0,1.0,28.0,23.0,47.0,-15.0
2923,10.0,12,7.0,5.0,0.0,20.0,47.0,2.0,-9.0
2958,10.0,25,11.0,4.0,3.0,33.0,47.0,16.0,-23.0
2967,9.0,3,0.0,0.0,0.0,3.0,6.0,0.0,-6.0
2969,10.0,23,8.0,4.0,1.0,52.0,69.0,6.0,-16.0
2978,9.0,20,3.0,2.0,1.0,17.0,20.0,16.0,-3.0
2980,10.0,22,11.0,8.0,2.0,29.0,60.0,5.0,-12.0
2981,10.0,17,2.0,6.0,1.0,17.0,17.0,12.0,-5.0
2988,9.0,29,6.0,5.0,5.0,56.0,63.0,19.0,27.0
2990,9.0,46,4.0,3.0,2.0,26.0,60.0,3.0,-12.0
3000,10.0,14,2.0,2.0,1.0,6.0,12.0,1.0,5.0
3003,10.0,18,7.0,9.0,2.0,32.0,38.0,4.0,-20.0
3030,9.0,14,1.0,2.0,1.0,7.0,1.0,8.0,-15.0
3031,10.0,36,18.0,8.0,4.0,55.0,111.0,13.0,24.0
3032,10.0,4,2.0,0.0,0.0,5.0,5.0,1.0,1.0
3036,9.0,10,2.0,2.0,0.0,11.0,16.0,4.0,-13.0
3037,10.0,52,23.0,7.0,3.0,83.0,120.0,12.0,-58.0
3041,10.0,27,28.0,7.0,4.0,72.0,99.0,7.0,14.0
3042,10.0,36,16.0,8.0,5.0,73.0,70.0,4.0,-5.0
3043,10.0,20,2.0,5.0,0.0,23.0,34.0,13.0,-20.0
3044,9.0,21,8.0,5.0,1.0,18.0,30.0,4.0,2.0
3045,9.0,15,2.0,1.0,0.0,28.0,20.0,3.0,-1.0
3049,9.0,54,7.0,9.0,5.0,48.0,81.0,29.0,11.0
3052,10.0,93,51.0,28.0,10.0,252.0,317.0,44.0,98.0
3053,10.0,43,17.0,18.0,7.0,69.0,81.0,8.0,37.0
3054,9.0,9,0.0,0.0,0.0,1.0,1.0,4.0,-2.0
3057,10.0,8,4.0,1.0,1.0,14.0,19.0,1.0,-6.0
3058,10.0,19,5.0,4.0,1.0,34.0,50.0,13.0,-12.0
3060,9.0,16,2.0,5.0,0.0,15.0,24.0,8.0,-3.0
3062,10.0,28,1.0,4.0,0.0,37.0,28.0,12.0,5.0
3065,10.0,2,0.0,0.0,0.0,0.0,0.0,1.0,-2.0
3068,9.0,33,1.0,8.0,4.0,32.0,40.0,24.0,24.0
3070,10.0,2,0.0,0.0,0.0,2.0,4.0,0.0,-3.0
3071,10.0,43,9.0,8.0,2.0,41.0,69.0,6.0,0.0
3076,10.0,35,7.0,5.0,5.0,22.0,38.0,5.0,-8.0
3077,10.0,12,7.0,7.0,4.0,26.0,43.0,0.0,4.0
3078,9.0,64,6.0,9.0,9.0,57.0,63.0,60.0,10.0
3079,10.0,48,44.0,26.0,12.0,80.0,165.0,8.0,43.0
3080,9.0,20,1.0,0.0,0.0,19.0,6.0,7.0,-9.0
3083,10.0,48,17.0,18.0,4.0,46.0,104.0,15.0,-30.0
3125,10.0,21,10.0,5.0,3.0,41.0,60.0,1.0,8.0
3126,9.0,40,2.0,3.0,3.0,29.0,25.0,14.0,-18.0
3127,9.0,67,6.0,5.0,3.0,69.0,70.0,33.0,-12.0
3129,10.0,78,35.0,15.0,10.0,126.0,181.0,37.0,-2.0
3134,10.0,30,13.0,14.0,3.0,60.0,99.0,3.0,-12.0
3137,10.0,40,25.0,19.0,2.0,67.0,124.0,16.0,33.0
3138,10.0,23,10.0,2.0,1.0,13.0,28.0,2.0,-3.0
3142,9.0,1,1.0,0.0,0.0,3.0,4.0,0.0,-1.0
3145,10.0,44,13.0,16.0,5.0,43.0,66.0,47.0,-3.0
3155,9.0,27,3.0,6.0,2.0,15.0,44.0,5.0,-12.0
3163,9.0,54,0.0,5.0,3.0,33.0,23.0,32.0,-19.0
3167,9.0,22,1.0,2.0,1.0,17.0,17.0,10.0,-12.0
3178,10.0,31,24.0,12.0,0.0,56.0,113.0,10.0,15.0
3194,10.0,4,3.0,3.0,2.0,6.0,13.0,0.0,6.0
3197,9.0,17,9.0,7.0,1.0,43.0,65.0,69.0,-23.0
3198,10.0,24,11.0,11.0,9.0,25.0,69.0,3.0,21.0
3202,9.0,9,1.0,0.0,1.0,3.0,5.0,5.0,-3.0
3205,10.0,26,5.0,11.0,3.0,27.0,38.0,2.0,18.0
3213,9.0,20,3.0,3.0,2.0,34.0,33.0,10.0,-12.0
3215,10.0,31,23.0,19.0,8.0,56.0,129.0,11.0,17.0
3216,10.0,136,68.0,50.0,16.0,333.0,562.0,18.0,44.0
3217,10.0,24,12.0,1.0,2.0,49.0,93.0,5.0,-5.0
3219,10.0,20,0.0,2.0,1.0,12.0,19.0,17.0,-9.0
3220,10.0,72,14.0,8.0,3.0,73.0,133.0,8.0,-7.0
3221,10.0,2,0.0,0.0,0.0,0.0,1.0,1.0,-1.0
3223,9.0,65,5.0,9.0,3.0,66.0,51.0,64.0,6.0
3225,9.0,33,1.0,4.0,0.0,21.0,31.0,15.0,11.0
3226,9.0,3,0.0,0.0,0.0,2.0,2.0,3.0,4.0
3227,10.0,4,3.0,0.0,1.0,2.0,17.0,2.0,3.0
3228,10.0,4,3.0,1.0,0.0,4.0,10.0,4.0,2.0
3229,10.0,74,46.0,26.0,12.0,161.0,273.0,13.0,-3.0
3230,10.0,5,3.0,4.0,1.0,10.0,13.0,2.0,1.0
3231,10.0,27,9.0,4.0,2.0,28.0,58.0,2.0,5.0
3234,10.0,43,12.0,11.0,2.0,72.0,113.0,15.0,-31.0
3237,10.0,8,4.0,5.0,0.0,13.0,30.0,5.0,4.0
3239,10.0,46,14.0,12.0,6.0,62.0,127.0,9.0,-19.0
3245,10.0,26,43.0,8.0,5.0,112.0,179.0,5.0,38.0
3246,9.0,23,2.0,7.0,0.0,30.0,41.0,18.0,-23.0
3274,10.0,22,8.0,6.0,2.0,19.0,36.0,1.0,-4.0
3275,10.0,22,2.0,4.0,1.0,13.0,28.0,5.0,3.0
3276,10.0,19,11.0,7.0,2.0,25.0,54.0,4.0,-6.0
3277,10.0,24,1.0,3.0,3.0,13.0,31.0,10.0,8.0
3350,9.0,37,16.0,10.0,3.0,40.0,98.0,28.0,13.0
3354,10.0,2,0.0,0.0,1.0,5.0,4.0,0.0,1.0
3374,10.0,11,2.0,8.0,1.0,15.0,37.0,6.0,-5.0
3377,10.0,13,3.0,2.0,1.0,17.0,26.0,2.0,-23.0
3403,10.0,23,2.0,4.0,2.0,19.0,31.0,21.0,6.0
3407,10.0,11,5.0,2.0,1.0,16.0,23.0,3.0,6.0
3409,10.0,35,26.0,28.0,9.0,50.0,90.0,5.0,48.0
3420,10.0,10,5.0,1.0,2.0,8.0,27.0,1.0,5.0
3424,9.0,9,0.0,1.0,0.0,14.0,12.0,8.0,-4.0
3425,9.0,8,0.0,1.0,0.0,9.0,13.0,4.0,-15.0
3431,9.0,33,2.0,3.0,2.0,68.0,39.0,38.0,15.0
3436,10.0,1,0.0,0.0,0.0,0.0,2.0,0.0,-1.0
3441,10.0,47,16.0,13.0,6.0,45.0,100.0,12.0,6.0
3448,9.0,12,2.0,0.0,0.0,9.0,15.0,16.0,-4.0
3449,10.0,90,54.0,47.0,12.0,134.0,272.0,50.0,29.0
3450,9.0,39,16.0,15.0,6.0,62.0,101.0,33.0,8.0
3452,9.0,78,56.0,25.0,3.0,113.0,260.0,31.0,13.0
3453,9.0,19,1.0,2.0,3.0,9.0,13.0,5.0,-11.0
3456,10.0,126,99.0,63.0,22.0,277.0,559.0,22.0,65.0
3458,9.0,96,8.0,16.0,11.0,116.0,117.0,57.0,10.0
3461,10.0,84,27.0,26.0,11.0,135.0,221.0,33.0,-1.0
3466,10.0,28,4.0,4.0,3.0,36.0,50.0,9.0,9.0
3470,9.0,61,4.0,8.0,7.0,82.0,104.0,64.0,16.0
3473,10.0,3,1.0,1.0,0.0,6.0,10.0,0.0,4.0
3475,10.0,11,8.0,8.0,3.0,14.0,33.0,1.0,2.0
3476,10.0,6,11.0,8.0,1.0,10.0,37.0,0.0,8.0
3480,10.0,4,4.0,5.0,1.0,12.0,18.0,0.0,3.0
3481,10.0,61,75.0,30.0,11.0,224.0,391.0,19.0,21.0
3484,10.0,3,0.0,0.0,0.0,1.0,6.0,0.0,-5.0
3487,9.0,59,28.0,22.0,6.0,123.0,160.0,46.0,16.0
3489,9.0,44,9.0,9.0,9.0,89.0,78.0,36.0,23.0
3575,9.0,18,10.0,6.0,1.0,34.0,60.0,3.0,-11.0
3578,10.0,1,1.0,2.0,0.0,0.0,2.0,0.0,0.0
3579,10.0,2,2.0,0.0,2.0,2.0,10.0,0.0,3.0
3582,9.0,38,6.0,14.0,12.0,54.0,76.0,33.0,-2.0
3583,10.0,8,11.0,3.0,0.0,21.0,39.0,1.0,8.0
3587,10.0,93,6.0,16.0,6.0,70.0,103.0,28.0,-18.0
3588,9.0,18,1.0,1.0,1.0,24.0,19.0,19.0,6.0
3590,10.0,24,10.0,1.0,3.0,42.0,78.0,7.0,-3.0
3627,10.0,71,33.0,35.0,13.0,112.0,279.0,13.0,21.0
3631,10.0,73,19.0,18.0,15.0,93.0,153.0,15.0,18.0
3632,9.0,59,8.0,10.0,5.0,42.0,47.0,38.0,20.0
3633,9.0,33,5.0,9.0,2.0,69.0,55.0,31.0,35.0
3635,9.0,56,1.0,5.0,6.0,77.0,54.0,77.0,-23.0
3657,10.0,57,36.0,13.0,4.0,82.0,172.0,23.0,22.0
3670,9.0,58,2.0,4.0,1.0,41.0,43.0,40.0,-12.0
3677,10.0,3,0.0,1.0,1.0,2.0,5.0,0.0,0.0
3679,10.0,12,6.0,4.0,3.0,8.0,25.0,3.0,8.0
3680,9.0,63,3.0,10.0,3.0,79.0,51.0,37.0,9.0
3684,9.0,6,0.0,1.0,1.0,10.0,7.0,6.0,-4.0
3688,10.0,5,1.0,1.0,4.0,13.0,13.0,1.0,5.0
3691,10.0,13,10.0,15.0,12.0,20.0,38.0,0.0,33.0
3697,9.0,94,9.0,9.0,5.0,107.0,116.0,70.0,49.0
3699,10.0,31,18.0,19.0,2.0,50.0,74.0,9.0,5.0
3701,10.0,17,5.0,1.0,1.0,25.0,37.0,10.0,4.0
3720,9.0,7,1.0,0.0,0.0,5.0,6.0,8.0,8.0
3721,9.0,91,7.0,26.0,14.0,179.0,121.0,73.0,65.0
3722,10.0,59,8.0,11.0,3.0,36.0,78.0,9.0,-19.0
3729,10.0,24,8.0,7.0,1.0,27.0,45.0,7.0,28.0
3733,10.0,26,10.0,16.0,2.0,16.0,70.0,3.0,36.0
3739,9.0,26,1.0,4.0,0.0,43.0,42.0,19.0,11.0
3740,9.0,26,5.0,6.0,6.0,77.0,74.0,16.0,46.0
3742,10.0,32,12.0,6.0,4.0,56.0,116.0,11.0,7.0
3746,10.0,45,31.0,12.0,3.0,75.0,183.0,9.0,26.0
3763,9.0,13,0.0,0.0,0.0,6.0,9.0,2.0,-8.0
3767,10.0,7,2.0,1.0,1.0,9.0,12.0,3.0,-10.0
3774,9.0,4,0.0,0.0,0.0,1.0,0.0,4.0,-7.0
3780,10.0,54,42.0,33.0,22.0,138.0,223.0,27.0,48.0
3781,10.0,29,14.0,14.0,1.0,88.0,118.0,8.0,-34.0
3823,10.0,19,7.0,12.0,6.0,30.0,57.0,8.0,8.0
3846,10.0,72,19.0,18.0,10.0,118.0,139.0,21.0,-6.0
3847,9.0,102,5.0,9.0,5.0,105.0,65.0,149.0,13.0
3849,10.0,28,19.0,8.0,7.0,54.0,90.0,13.0,0.0
3850,10.0,57,48.0,27.0,4.0,167.0,259.0,17.0,13.0
3851,10.0,3,0.0,1.0,0.0,3.0,2.0,1.0,0.0
3853,9.0,23,11.0,12.0,10.0,74.0,70.0,16.0,27.0
3863,10.0,9,10.0,8.0,1.0,11.0,38.0,2.0,10.0
3890,9.0,25,1.0,2.0,2.0,28.0,28.0,23.0,17.0
3893,10.0,6,3.0,0.0,0.0,12.0,24.0,3.0,-2.0
3894,10.0,20,19.0,7.0,4.0,48.0,78.0,4.0,25.0
3897,10.0,86,50.0,30.0,5.0,120.0,269.0,63.0,38.0
3903,10.0,22,5.0,3.0,0.0,49.0,64.0,2.0,-7.0
3906,9.0,10,0.0,1.0,0.0,9.0,1.0,9.0,0.0
3927,10.0,25,1.0,4.0,1.0,30.0,27.0,4.0,10.0
3936,10.0,57,21.0,15.0,11.0,55.0,110.0,3.0,12.0
3939,9.0,63,1.0,5.0,2.0,33.0,24.0,63.0,-10.0
3949,9.0,6,0.0,0.0,2.0,8.0,4.0,2.0,1.0
3950,10.0,88,49.0,34.0,1.0,138.0,267.0,21.0,28.0
3952,10.0,25,11.0,9.0,3.0,31.0,81.0,19.0,10.0
3954,9.0,19,4.0,3.0,0.0,30.0,31.0,17.0,0.0
3955,9.0,68,10.0,20.0,14.0,66.0,73.0,47.0,14.0
3956,10.0,9,1.0,2.0,0.0,12.0,9.0,2.0,-12.0
3958,9.0,19,0.0,0.0,0.0,7.0,5.0,8.0,-2.0
3959,10.0,4,1.0,0.0,1.0,4.0,10.0,1.0,-2.0
3961,9.0,11,4.0,0.0,0.0,21.0,14.0,5.0,-2.0
3962,10.0,6,1.0,0.0,0.0,6.0,10.0,1.0,1.0
3963,10.0,13,0.0,0.0,0.0,5.0,10.0,4.0,-5.0
3965,9.0,54,5.0,8.0,4.0,80.0,89.0,32.0,9.0
3967,9.0,5,0.0,0.0,0.0,2.0,1.0,7.0,-2.0
3969,9.0,42,0.0,4.0,4.0,36.0,18.0,14.0,1.0
3970,9.0,23,5.0,5.0,3.0,47.0,33.0,19.0,18.0
3971,10.0,73,33.0,24.0,7.0,131.0,220.0,27.0,32.0
3973,10.0,9,3.0,3.0,0.0,10.0,32.0,0.0,0.0
3975,9.0,5,0.0,2.0,1.0,3.0,8.0,3.0,-2.0
3983,9.0,15,1.0,5.0,2.0,10.0,12.0,14.0,1.0
3984,10.0,19,7.0,4.0,3.0,19.0,57.0,4.0,3.0
3986,10.0,62,23.0,27.0,13.0,136.0,173.0,39.0,46.0
3987,9.0,9,3.0,0.0,2.0,11.0,17.0,11.0,3.0
3988,10.0,83,57.0,27.0,9.0,242.0,324.0,22.0,61.0
3990,9.0,49,16.0,13.0,6.0,95.0,120.0,42.0,-27.0
4028,10.0,27,7.0,6.0,1.0,59.0,53.0,32.0,-8.0
4072,10.0,59,4.0,19.0,10.0,99.0,105.0,62.0,25.0
4075,10.0,3,0.0,0.0,0.0,8.0,2.0,2.0,-9.0
4076,10.0,34,12.0,10.0,1.0,42.0,68.0,5.0,-50.0
4106,10.0,65,53.0,35.0,18.0,233.0,345.0,9.0,29.0
4165,10.0,51,45.0,43.0,9.0,150.0,222.0,17.0,14.0
4166,10.0,63,16.0,20.0,7.0,74.0,107.0,20.0,3.0
4167,9.0,65,3.0,5.0,7.0,74.0,60.0,72.0,42.0
4173,9.0,47,0.0,9.0,2.0,69.0,56.0,29.0,19.0
4174,9.0,42,3.0,4.0,3.0,82.0,47.0,46.0,-42.0
4176,10.0,4,1.0,1.0,0.0,8.0,2.0,1.0,5.0
4177,9.0,72,7.0,11.0,5.0,93.0,85.0,29.0,34.0
4183,10.0,35,6.0,3.0,3.0,22.0,25.0,7.0,-1.0
4184,10.0,92,61.0,32.0,14.0,241.0,347.0,67.0,53.0
4188,10.0,34,16.0,9.0,2.0,50.0,84.0,13.0,4.0
4189,10.0,51,7.0,13.0,1.0,35.0,60.0,10.0,-1.0
4190,9.0,32,0.0,1.0,0.0,20.0,17.0,20.0,-14.0
4192,10.0,55,13.0,21.0,9.0,68.0,136.0,26.0,24.0
4195,10.0,92,12.0,17.0,9.0,45.0,95.0,51.0,30.0
4196,10.0,35,10.0,4.0,1.0,43.0,56.0,10.0,7.0
4197,9.0,13,2.0,3.0,1.0,25.0,9.0,10.0,-5.0
4200,9.0,91,0.0,4.0,0.0,70.0,22.0,48.0,-120.0
4202,10.0,24,10.0,8.0,2.0,38.0,57.0,2.0,17.0
4204,9.0,81,3.0,8.0,2.0,71.0,36.0,55.0,36.0
4205,9.0,93,4.0,11.0,4.0,76.0,63.0,72.0,-22.0
4206,9.0,11,0.0,1.0,0.0,3.0,5.0,6.0,7.0
4208,9.0,104,35.0,54.0,20.0,307.0,325.0,139.0,-4.0
4214,10.0,24,5.0,0.0,2.0,29.0,45.0,7.0,-20.0
4216,10.0,24,0.0,1.0,0.0,25.0,21.0,5.0,-20.0
4217,10.0,23,4.0,6.0,1.0,23.0,47.0,4.0,-7.0
4218,10.0,73,4.0,5.0,2.0,64.0,61.0,39.0,-34.0
4219,10.0,29,18.0,4.0,2.0,42.0,63.0,7.0,-8.0
4221,10.0,28,3.0,2.0,0.0,16.0,29.0,11.0,-12.0
4222,10.0,2,0.0,0.0,1.0,2.0,2.0,3.0,-1.0
4224,10.0,43,15.0,7.0,6.0,38.0,77.0,8.0,0.0
4225,9.0,34,6.0,11.0,3.0,51.0,64.0,29.0,9.0
4226,10.0,106,73.0,46.0,14.0,215.0,507.0,32.0,25.0
4227,10.0,108,33.0,30.0,12.0,121.0,265.0,44.0,25.0
4228,9.0,98,9.0,16.0,4.0,71.0,81.0,76.0,-10.0
4229,10.0,31,6.0,1.0,1.0,38.0,48.0,7.0,-43.0
4232,9.0,86,3.0,13.0,10.0,123.0,83.0,80.0,-20.0
4237,10.0,73,40.0,19.0,7.0,137.0,241.0,33.0,13.0
4241,10.0,4,0.0,0.0,0.0,0.0,0.0,0.0,0.0
4244,10.0,5,0.0,0.0,0.0,2.0,3.0,2.0,-4.0
4249,9.0,6,1.0,0.0,0.0,0.0,2.0,3.0,-1.0
4250,9.0,13,3.0,2.0,0.0,20.0,23.0,12.0,2.0
4250,10.0,21,3.0,2.0,0.0,20.0,46.0,10.0,-1.0
4251,9.0,27,2.0,3.0,1.0,45.0,33.0,15.0,-2.0
4253,10.0,3,0.0,0.0,0.0,7.0,4.0,0.0,-1.0
4254,10.0,20,11.0,6.0,1.0,35.0,75.0,0.0,-1.0
4255,10.0,3,0.0,0.0,0.0,2.0,2.0,0.0,3.0
4258,9.0,15,1.0,1.0,2.0,29.0,22.0,14.0,-9.0
4259,9.0,3,0.0,0.0,0.0,5.0,7.0,1.0,1.0
4260,9.0,16,0.0,1.0,2.0,19.0,12.0,19.0,-17.0
4261,9.0,12,1.0,2.0,0.0,13.0,5.0,8.0,-3.0
4262,9.0,56,7.0,6.0,3.0,122.0,81.0,95.0,-12.0
4263,10.0,20,4.0,4.0,4.0,28.0,39.0,1.0,5.0
4264,10.0,42,8.0,8.0,4.0,45.0,66.0,17.0,-4.0
4265,10.0,14,3.0,9.0,1.0,30.0,27.0,0.0,-6.0
4266,10.0,16,11.0,4.0,0.0,30.0,50.0,5.0,-20.0
4267,10.0,79,18.0,9.0,4.0,135.0,218.0,25.0,-20.0
4268,10.0,7,1.0,0.0,1.0,4.0,13.0,3.0,-5.0
4271,10.0,26,5.0,6.0,2.0,22.0,34.0,17.0,12.0
4274,9.0,9,0.0,1.0,0.0,12.0,7.0,5.0,16.0
4276,9.0,4,0.0,1.0,0.0,3.0,5.0,1.0,0.0
4279,9.0,2,1.0,0.0,0.0,5.0,3.0,0.0,0.0
4281,10.0,52,10.0,4.0,1.0,55.0,97.0,17.0,-17.0
4282,10.0,32,16.0,13.0,2.0,83.0,134.0,6.0,-2.0
4283,10.0,22,9.0,2.0,1.0,30.0,54.0,1.0,8.0
4284,10.0,40,7.0,11.0,5.0,35.0,69.0,11.0,-2.0
4285,10.0,7,1.0,2.0,1.0,16.0,4.0,6.0,12.0
4288,10.0,31,11.0,10.0,5.0,39.0,57.0,11.0,-2.0
4289,10.0,7,0.0,0.0,1.0,6.0,3.0,2.0,-3.0
4298,10.0,2,0.0,0.0,0.0,5.0,0.0,0.0,2.0
4303,10.0,45,12.0,5.0,5.0,32.0,54.0,11.0,-1.0
4304,10.0,46,10.0,9.0,1.0,77.0,92.0,18.0,18.0
4307,10.0,44,14.0,9.0,9.0,41.0,80.0,6.0,23.0
4308,10.0,11,3.0,2.0,0.0,2.0,10.0,0.0,1.0
4309,10.0,45,22.0,11.0,4.0,134.0,247.0,41.0,-22.0
4310,10.0,9,2.0,1.0,0.0,16.0,7.0,5.0,0.0
4311,10.0,31,3.0,6.0,1.0,46.0,55.0,20.0,16.0
4312,10.0,33,25.0,15.0,9.0,76.0,156.0,3.0,-10.0
4313,9.0,14,1.0,0.0,0.0,9.0,26.0,7.0,-12.0
4320,9.0,2,1.0,0.0,0.0,2.0,4.0,1.0,0.0
4321,9.0,82,20.0,14.0,10.0,178.0,197.0,102.0,30.0
4322,10.0,1,0.0,0.0,0.0,2.0,4.0,0.0,-1.0
4323,10.0,74,7.0,20.0,4.0,113.0,80.0,35.0,-13.0
4326,10.0,4,0.0,0.0,0.0,1.0,0.0,0.0,-2.0
4327,10.0,63,14.0,8.0,3.0,84.0,140.0,26.0,-49.0
4329,9.0,91,18.0,12.0,14.0,156.0,177.0,84.0,26.0
4331,10.0,15,5.0,3.0,1.0,15.0,41.0,6.0,14.0
4332,10.0,4,0.0,0.0,0.0,4.0,1.0,3.0,-1.0
4333,10.0,23,18.0,9.0,2.0,48.0,85.0,9.0,29.0
4334,9.0,10,1.0,2.0,1.0,8.0,4.0,7.0,-2.0
4335,10.0,6,3.0,0.0,0.0,4.0,6.0,1.0,0.0
4336,9.0,24,2.0,6.0,2.0,20.0,31.0,20.0,10.0
4337,10.0,88,24.0,23.0,3.0,268.0,305.0,44.0,34.0
4341,9.0,30,7.0,1.0,0.0,22.0,41.0,10.0,-19.0
4342,10.0,108,59.0,55.0,44.0,233.0,451.0,37.0,88.0
4343,10.0,18,0.0,0.0,0.0,10.0,14.0,3.0,-22.0
4345,10.0,43,8.0,8.0,5.0,37.0,50.0,4.0,-43.0
4346,9.0,78,3.0,16.0,16.0,140.0,118.0,92.0,-61.0
4351,9.0,72,8.0,6.0,3.0,60.0,80.0,38.0,-41.0
4353,10.0,2,0.0,0.0,0.0,1.0,2.0,2.0,0.0
4354,9.0,68,3.0,6.0,3.0,59.0,40.0,43.0,-23.0
4355,10.0,16,1.0,2.0,0.0,6.0,6.0,4.0,-8.0
4357,10.0,26,5.0,3.0,1.0,20.0,50.0,5.0,-18.0
4359,9.0,1,0.0,0.0,0.0,1.0,1.0,2.0,4.0
4362,10.0,78,25.0,8.0,5.0,89.0,156.0,32.0,12.0
4367,10.0,31,6.0,4.0,0.0,22.0,38.0,6.0,7.0
4368,9.0,12,0.0,1.0,0.0,6.0,4.0,8.0,6.0
4369,9.0,22,0.0,0.0,1.0,10.0,6.0,4.0,-4.0
4372,9.0,5,5.0,0.0,0.0,7.0,10.0,2.0,-2.0
4372,10.0,5,3.0,1.0,0.0,9.0,17.0,4.0,-1.0
4373,10.0,15,3.0,2.0,2.0,14.0,20.0,0.0,-1.0
4375,9.0,33,3.0,6.0,0.0,26.0,21.0,22.0,7.0
4377,10.0,14,9.0,9.0,2.0,37.0,48.0,1.0,7.0
4379,10.0,35,25.0,18.0,6.0,77.0,124.0,14.0,37.0
4380,10.0,29,2.0,8.0,4.0,33.0,65.0,1.0,-17.0
4382,9.0,2,0.0,0.0,0.0,1.0,1.0,0.0,-1.0
4383,9.0,2,0.0,0.0,0.0,1.0,1.0,0.0,0.0
4384,10.0,108,80.0,61.0,21.0,196.0,370.0,20.0,82.0
4387,9.0,22,2.0,0.0,3.0,35.0,42.0,16.0,14.0
4388,9.0,24,0.0,8.0,6.0,32.0,47.0,20.0,14.0
4389,10.0,102,39.0,22.0,11.0,160.0,313.0,23.0,-9.0
4392,9.0,13,1.0,3.0,1.0,10.0,32.0,7.0,-7.0
4395,10.0,11,6.0,4.0,1.0,25.0,33.0,9.0,2.0
4396,10.0,10,1.0,0.0,1.0,6.0,12.0,7.0,14.0
4397,10.0,23,11.0,5.0,3.0,30.0,54.0,3.0,6.0
4398,10.0,3,1.0,1.0,1.0,1.0,12.0,2.0,0.0
4400,10.0,60,29.0,17.0,1.0,95.0,180.0,12.0,18.0
4401,10.0,20,0.0,0.0,0.0,2.0,0.0,9.0,-22.0
4402,10.0,63,22.0,12.0,2.0,98.0,126.0,16.0,-16.0
4405,10.0,12,3.0,0.0,0.0,14.0,19.0,4.0,-15.0
4412,10.0,32,0.0,6.0,1.0,20.0,35.0,10.0,-6.0
4413,10.0,22,3.0,1.0,0.0,6.0,27.0,3.0,-8.0
4416,10.0,17,6.0,0.0,2.0,18.0,32.0,8.0,-6.0
4419,10.0,4,0.0,0.0,0.0,4.0,2.0,1.0,0.0
4421,10.0,10,1.0,2.0,2.0,15.0,21.0,1.0,-5.0
4422,10.0,95,24.0,10.0,4.0,152.0,170.0,31.0,-17.0
4424,9.0,5,2.0,3.0,1.0,5.0,19.0,4.0,1.0
4425,10.0,32,26.0,12.0,8.0,104.0,140.0,9.0,-4.0
4429,9.0,1,1.0,1.0,0.0,0.0,0.0,0.0,2.0
4432,9.0,35,5.0,5.0,2.0,40.0,27.0,40.0,25.0
4433,10.0,1,4.0,1.0,0.0,2.0,9.0,1.0,1.0
4436,10.0,50,5.0,3.0,0.0,16.0,26.0,12.0,-16.0
4438,9.0,12,0.0,1.0,1.0,12.0,5.0,2.0,-3.0
4439,10.0,9,0.0,1.0,0.0,7.0,2.0,5.0,6.0
4440,10.0,52,9.0,6.0,1.0,36.0,69.0,15.0,-34.0
4442,9.0,4,1.0,0.0,0.0,2.0,3.0,0.0,-4.0
4443,10.0,15,3.0,3.0,2.0,14.0,24.0,4.0,0.0
4444,9.0,78,2.0,8.0,2.0,104.0,74.0,54.0,-38.0
4445,9.0,84,2.0,7.0,2.0,81.0,55.0,67.0,-16.0
4446,10.0,59,30.0,11.0,0.0,149.0,232.0,9.0,18.0
4447,9.0,78,4.0,4.0,1.0,99.0,73.0,78.0,-14.0
4448,10.0,87,27.0,26.0,4.0,166.0,216.0,32.0,4.0
4449,10.0,20,2.0,1.0,1.0,15.0,22.0,2.0,-3.0
4450,10.0,25,10.0,9.0,3.0,56.0,73.0,6.0,5.0
4451,9.0,75,0.0,6.0,3.0,68.0,32.0,65.0,-24.0
4452,9.0,82,6.0,4.0,1.0,95.0,70.0,59.0,-47.0
4453,10.0,86,19.0,17.0,4.0,89.0,195.0,46.0,-27.0
4454,9.0,89,27.0,21.0,6.0,113.0,165.0,25.0,8.0
4455,10.0,93,39.0,19.0,10.0,158.0,190.0,52.0,31.0
4456,10.0,40,22.0,7.0,4.0,68.0,110.0,4.0,17.0
4458,9.0,8,0.0,0.0,0.0,8.0,4.0,4.0,0.0
4459,10.0,69,16.0,10.0,2.0,67.0,87.0,5.0,-22.0
4460,9.0,40,4.0,8.0,1.0,43.0,41.0,21.0,-2.0
4463,9.0,39,3.0,1.0,2.0,31.0,18.0,30.0,13.0
4465,10.0,60,42.0,18.0,4.0,142.0,233.0,10.0,10.0
4466,9.0,84,7.0,3.0,2.0,71.0,51.0,47.0,7.0
4467,9.0,5,0.0,1.0,0.0,5.0,3.0,3.0,-3.0
4468,10.0,64,16.0,21.0,6.0,75.0,125.0,22.0,-22.0
4470,10.0,56,14.0,11.0,4.0,44.0,84.0,18.0,8.0
4471,10.0,49,8.0,5.0,1.0,33.0,84.0,21.0,-22.0
4473,10.0,35,13.0,7.0,2.0,56.0,98.0,9.0,-10.0
4475,9.0,9,0.0,0.0,0.0,3.0,7.0,7.0,-6.0
4476,9.0,4,0.0,1.0,0.0,7.0,4.0,9.0,-3.0
4477,10.0,46,4.0,3.0,1.0,29.0,32.0,21.0,-17.0
4484,10.0,11,4.0,1.0,0.0,12.0,31.0,2.0,-18.0
4485,10.0,51,16.0,13.0,6.0,32.0,85.0,9.0,11.0
4487,10.0,63,52.0,33.0,12.0,269.0,394.0,5.0,-29.0
4488,10.0,69,42.0,13.0,8.0,154.0,283.0,7.0,6.0
4489,10.0,100,20.0,23.0,12.0,111.0,201.0,23.0,27.0
4490,10.0,72,10.0,11.0,3.0,76.0,93.0,13.0,1.0
4491,10.0,77,38.0,16.0,3.0,137.0,197.0,16.0,-34.0
4492,9.0,47,4.0,8.0,4.0,72.0,66.0,51.0,30.0
4495,9.0,69,5.0,15.0,6.0,87.0,76.0,77.0,2.0
4499,10.0,65,31.0,18.0,5.0,94.0,181.0,21.0,-20.0
4500,10.0,58,14.0,13.0,1.0,53.0,98.0,21.0,-19.0
4501,9.0,13,1.0,0.0,0.0,8.0,6.0,1.0,-3.0
4502,10.0,38,1.0,1.0,1.0,21.0,25.0,14.0,-18.0
4508,10.0,26,4.0,4.0,1.0,21.0,30.0,5.0,1.0
4509,9.0,60,18.0,13.0,3.0,107.0,188.0,32.0,-36.0
4510,9.0,78,2.0,11.0,6.0,80.0,70.0,197.0,-26.0
4511,9.0,11,0.0,2.0,1.0,13.0,6.0,3.0,-1.0
4512,9.0,3,2.0,0.0,0.0,4.0,5.0,0.0,1.0
4513,10.0,67,22.0,15.0,3.0,90.0,131.0,20.0,-29.0
4515,10.0,17,2.0,0.0,0.0,17.0,23.0,5.0,-7.0
4518,10.0,38,6.0,5.0,2.0,36.0,52.0,11.0,-16.0
4519,9.0,38,3.0,2.0,0.0,25.0,32.0,9.0,-25.0
4520,9.0,2,0.0,0.0,0.0,0.0,0.0,0.0,-1.0
4521,10.0,24,5.0,4.0,0.0,21.0,35.0,0.0,-3.0
4525,9.0,87,13.0,9.0,6.0,79.0,89.0,43.0,40.0
4526,10.0,6,2.0,0.0,1.0,4.0,7.0,3.0,2.0
4527,9.0,13,0.0,0.0,0.0,16.0,8.0,7.0,-4.0
4528,10.0,66,5.0,15.0,3.0,29.0,54.0,9.0,-38.0
4529,10.0,62,32.0,34.0,9.0,101.0,191.0,7.0,31.0
4531,10.0,43,8.0,5.0,1.0,49.0,68.0,17.0,-8.0
4532,9.0,65,3.0,8.0,0.0,66.0,30.0,33.0,3.0
4533,9.0,19,0.0,2.0,0.0,10.0,7.0,7.0,3.0
4534,9.0,56,2.0,5.0,0.0,54.0,58.0,23.0,-11.0
4535,10.0,15,0.0,3.0,0.0,10.0,14.0,1.0,-14.0
4539,10.0,75,10.0,20.0,3.0,82.0,151.0,15.0,-26.0
4540,9.0,15,1.0,2.0,5.0,7.0,11.0,7.0,-7.0
4541,10.0,91,4.0,5.0,6.0,99.0,127.0,69.0,-15.0
4543,10.0,57,23.0,26.0,5.0,123.0,179.0,28.0,2.0
4544,9.0,43,1.0,4.0,7.0,39.0,33.0,22.0,-3.0
4546,10.0,92,10.0,4.0,5.0,41.0,81.0,18.0,-71.0
4548,10.0,1,0.0,1.0,0.0,3.0,8.0,0.0,1.0
4550,10.0,3,2.0,1.0,1.0,11.0,11.0,1.0,1.0
4552,10.0,24,5.0,9.0,1.0,38.0,57.0,22.0,-18.0
4555,9.0,2,0.0,2.0,0.0,6.0,5.0,3.0,0.0
4556,10.0,43,7.0,1.0,1.0,39.0,48.0,8.0,-60.0
4558,10.0,1,0.0,0.0,0.0,1.0,0.0,1.0,-1.0
4559,10.0,1,0.0,0.0,0.0,1.0,0.0,0.0,-1.0
4561,10.0,101,72.0,46.0,8.0,242.0,368.0,39.0,26.0
4562,10.0,9,4.0,4.0,0.0,13.0,15.0,2.0,-1.0
4568,10.0,71,60.0,25.0,10.0,233.0,326.0,31.0,83.0
4569,10.0,48,28.0,16.0,4.0,90.0,138.0,16.0,16.0
4570,10.0,16,9.0,10.0,1.0,32.0,57.0,6.0,1.0
4571,10.0,16,7.0,3.0,0.0,25.0,45.0,7.0,15.0
4572,9.0,3,0.0,0.0,0.0,0.0,0.0,0.0,0.0
4575,10.0,28,7.0,7.0,1.0,24.0,44.0,7.0,0.0
4576,9.0,60,26.0,14.0,3.0,104.0,159.0,11.0,-24.0
4577,10.0,23,13.0,7.0,5.0,34.0,76.0,6.0,18.0
4578,10.0,73,28.0,7.0,0.0,150.0,158.0,18.0,9.0
4579,10.0,1,0.0,0.0,0.0,0.0,0.0,0.0,0.0
4580,9.0,1,0.0,0.0,0.0,0.0,0.0,0.0,0.0
4581,9.0,61,15.0,15.0,2.0,82.0,102.0,30.0,-3.0
4582,10.0,50,11.0,8.0,6.0,35.0,59.0,5.0,-15.0
4583,10.0,76,18.0,15.0,3.0,42.0,130.0,9.0,-16.0
4584,10.0,57,19.0,13.0,5.0,95.0,168.0,18.0,5.0
4585,9.0,4,0.0,0.0,0.0,1.0,0.0,2.0,-2.0
4586,10.0,48,7.0,8.0,3.0,43.0,60.0,22.0,-23.0
4589,9.0,42,1.0,0.0,0.0,13.0,12.0,12.0,-16.0
4591,10.0,44,8.0,6.0,3.0,63.0,116.0,12.0,-9.0
4592,10.0,37,35.0,15.0,2.0,38.0,119.0,6.0,10.0
4593,9.0,15,0.0,1.0,0.0,12.0,4.0,9.0,2.0
4595,9.0,7,1.0,0.0,0.0,3.0,4.0,5.0,4.0
4596,10.0,42,4.0,2.0,1.0,27.0,41.0,4.0,-15.0
4598,10.0,61,28.0,23.0,6.0,68.0,167.0,13.0,8.0
4600,10.0,13,0.0,0.0,0.0,8.0,16.0,5.0,-5.0
4601,10.0,84,15.0,18.0,0.0,98.0,129.0,20.0,21.0
4602,10.0,83,32.0,23.0,5.0,97.0,203.0,35.0,63.0
4604,9.0,66,9.0,10.0,3.0,127.0,116.0,29.0,-17.0
4605,10.0,51,16.0,13.0,3.0,57.0,112.0,9.0,-30.0
4607,10.0,21,3.0,1.0,2.0,14.0,29.0,3.0,-5.0
4608,10.0,24,5.0,1.0,1.0,27.0,45.0,12.0,-9.0
4609,10.0,11,3.0,1.0,0.0,28.0,24.0,2.0,-5.0
4610,9.0,80,3.0,9.0,5.0,67.0,48.0,30.0,33.0
4618,9.0,1,0.0,0.0,0.0,1.0,0.0,1.0,-2.0
4620,10.0,14,7.0,6.0,0.0,24.0,35.0,1.0,5.0
4621,10.0,8,4.0,3.0,1.0,7.0,19.0,1.0,1.0
4622,10.0,16,2.0,4.0,1.0,24.0,24.0,2.0,2.0
4631,10.0,54,3.0,4.0,1.0,34.0,51.0,12.0,-28.0
4632,10.0,1,0.0,0.0,0.0,0.0,0.0,0.0,0.0
4633,10.0,1,0.0,0.0,0.0,0.0,0.0,0.0,1.0
4634,10.0,43,13.0,17.0,18.0,52.0,89.0,5.0,17.0
4635,10.0,48,45.0,21.0,7.0,135.0,258.0,5.0,25.0
4636,10.0,1,0.0,0.0,0.0,0.0,0.0,0.0,0.0
4638,9.0,26,2.0,4.0,4.0,24.0,35.0,15.0,7.0
4643,9.0,67,6.0,18.0,6.0,114.0,112.0,128.0,15.0
4644,10.0,5,6.0,7.0,0.0,12.0,23.0,2.0,11.0
4651,10.0,75,2.0,5.0,1.0,60.0,88.0,11.0,-20.0
4652,10.0,42,3.0,4.0,1.0,23.0,38.0,7.0,-34.0
4653,9.0,7,1.0,1.0,0.0,3.0,9.0,11.0,-8.0
4654,10.0,70,37.0,39.0,10.0,117.0,189.0,25.0,-7.0
4658,9.0,18,2.0,4.0,0.0,30.0,42.0,11.0,-15.0
4670,10.0,55,15.0,9.0,5.0,89.0,117.0,9.0,-2.0
4677,10.0,41,5.0,8.0,2.0,25.0,39.0,8.0,4.0
4679,10.0,44,4.0,5.0,4.0,79.0,57.0,12.0,-5.0
4683,10.0,13,2.0,2.0,0.0,20.0,20.0,16.0,8.0
4686,9.0,12,1.0,2.0,2.0,23.0,32.0,13.0,4.0
4706,10.0,25,16.0,6.0,3.0,49.0,86.0,3.0,0.0
4708,10.0,2,1.0,0.0,0.0,3.0,8.0,0.0,-1.0
4709,10.0,11,1.0,0.0,0.0,9.0,29.0,4.0,5.0
4715,10.0,17,3.0,2.0,0.0,15.0,17.0,2.0,-2.0
4737,9.0,13,0.0,1.0,2.0,16.0,12.0,5.0,12.0
4742,10.0,8,1.0,2.0,1.0,15.0,12.0,1.0,-2.0
4751,9.0,18,6.0,4.0,0.0,39.0,74.0,16.0,-8.0
4756,10.0,18,19.0,6.0,3.0,42.0,80.0,3.0,-15.0
4811,9.0,7,1.0,3.0,1.0,9.0,14.0,5.0,-1.0
4815,9.0,18,1.0,5.0,2.0,24.0,38.0,7.0,-1.0
4825,10.0,8,3.0,2.0,1.0,6.0,20.0,3.0,2.0
4830,10.0,22,10.0,4.0,2.0,19.0,43.0,21.0,-10.0
4834,10.0,26,9.0,6.0,4.0,40.0,63.0,13.0,23.0
4838,9.0,10,2.0,1.0,0.0,24.0,20.0,11.0,-7.0
4838,10.0,10,1.0,5.0,3.0,8.0,31.0,13.0,-1.0
4840,10.0,11,0.0,2.0,1.0,8.0,23.0,1.0,-3.0
4843,9.0,16,8.0,1.0,2.0,53.0,53.0,16.0,4.0
4849,9.0,9,1.0,0.0,0.0,3.0,11.0,5.0,1.0
4850,10.0,68,39.0,13.0,9.0,187.0,306.0,5.0,6.0
4859,10.0,38,6.0,7.0,3.0,41.0,58.0,4.0,-23.0
4860,10.0,8,0.0,1.0,0.0,15.0,25.0,0.0,-1.0
4863,10.0,26,4.0,4.0,2.0,25.0,32.0,7.0,20.0
4868,10.0,19,5.0,1.0,1.0,33.0,54.0,4.0,-10.0
4870,10.0,4,3.0,6.0,1.0,3.0,14.0,4.0,0.0
4871,10.0,26,8.0,4.0,5.0,40.0,51.0,10.0,31.0
4872,9.0,35,10.0,10.0,6.0,60.0,90.0,25.0,5.0
4873,9.0,13,0.0,1.0,0.0,19.0,26.0,20.0,-5.0
4877,10.0,34,26.0,6.0,1.0,39.0,80.0,13.0,15.0
4878,9.0,5,0.0,0.0,0.0,9.0,5.0,2.0,-9.0
4880,10.0,35,10.0,4.0,6.0,33.0,74.0,9.0,5.0
4887,10.0,13,18.0,8.0,3.0,56.0,68.0,5.0,-4.0
4890,9.0,3,2.0,1.0,0.0,2.0,5.0,2.0,0.0
4892,10.0,30,3.0,6.0,1.0,22.0,20.0,3.0,-23.0
4893,10.0,35,31.0,9.0,4.0,101.0,194.0,13.0,-7.0
4895,9.0,51,16.0,9.0,3.0,123.0,202.0,38.0,-7.0
4900,9.0,54,2.0,5.0,1.0,38.0,24.0,50.0,-27.0
4926,10.0,8,0.0,2.0,0.0,7.0,5.0,0.0,1.0
4934,10.0,5,4.0,1.0,1.0,7.0,9.0,1.0,-2.0
4935,9.0,24,0.0,5.0,2.0,34.0,25.0,29.0,14.0
4936,9.0,88,2.0,6.0,3.0,52.0,37.0,40.0,-14.0
4937,9.0,7,3.0,0.0,0.0,11.0,14.0,9.0,-14.0
4941,10.0,86,6.0,11.0,7.0,53.0,77.0,44.0,-18.0
4945,10.0,38,3.0,3.0,3.0,33.0,52.0,16.0,-5.0
4946,10.0,30,3.0,2.0,1.0,26.0,28.0,5.0,-6.0
4949,10.0,3,4.0,1.0,1.0,9.0,20.0,3.0,-5.0
4951,9.0,32,11.0,7.0,13.0,77.0,136.0,18.0,18.0
4954,10.0,4,7.0,7.0,2.0,3.0,25.0,0.0,8.0
4960,10.0,65,49.0,50.0,12.0,188.0,277.0,14.0,44.0
4963,10.0,7,4.0,3.0,2.0,7.0,14.0,2.0,18.0
4964,10.0,3,5.0,1.0,1.0,8.0,27.0,0.0,7.0
4965,9.0,1,1.0,0.0,3.0,1.0,4.0,0.0,9.0
4967,10.0,82,38.0,21.0,3.0,123.0,269.0,36.0,17.0
4968,10.0,38,7.0,3.0,0.0,74.0,58.0,15.0,-8.0
4969,9.0,53,9.0,11.0,2.0,45.0,82.0,15.0,28.0
4970,10.0,49,2.0,3.0,2.0,14.0,28.0,6.0,-38.0
4973,9.0,23,5.0,4.0,2.0,70.0,64.0,21.0,-3.0
4977,9.0,30,0.0,4.0,3.0,45.0,21.0,40.0,-27.0
4978,10.0,41,21.0,15.0,6.0,74.0,122.0,8.0,8.0
4985,10.0,89,36.0,31.0,7.0,91.0,236.0,26.0,-15.0
4994,10.0,68,24.0,14.0,1.0,71.0,131.0,33.0,-42.0
4995,9.0,1,0.0,0.0,0.0,0.0,0.0,0.0,0.0
4996,10.0,1,0.0,0.0,0.0,0.0,0.0,0.0,0.0
4997,10.0,1,0.0,0.0,0.0,0.0,0.0,0.0,0.0
5003,10.0,13,0.0,1.0,0.0,11.0,4.0,4.0,2.0
5006,9.0,2,0.0,0.0,0.0,0.0,0.0,0.0,-1.0
5009,10.0,25,12.0,6.0,2.0,43.0,70.0,5.0,5.0
5021,9.0,36,2.0,3.0,4.0,49.0,74.0,9.0,-39.0
5023,9.0,25,2.0,3.0,1.0,26.0,43.0,17.0,-16.0
5025,10.0,98,64.0,42.0,19.0,215.0,355.0,22.0,62.0
5029,9.0,9,0.0,1.0,0.0,12.0,6.0,8.0,-2.0
5030,10.0,15,23.0,8.0,1.0,26.0,73.0,2.0,24.0
5037,10.0,4,1.0,1.0,0.0,5.0,10.0,1.0,2.0
5048,9.0,1,0.0,0.0,0.0,0.0,2.0,0.0,-5.0
5065,9.0,1,0.0,0.0,0.0,0.0,0.0,0.0,0.0
5069,10.0,105,68.0,61.0,26.0,262.0,475.0,23.0,24.0
5070,10.0,46,30.0,12.0,6.0,121.0,226.0,16.0,-68.0
5071,10.0,53,50.0,25.0,17.0,122.0,239.0,15.0,-24.0
5072,10.0,27,14.0,11.0,2.0,85.0,116.0,3.0,-25.0
5073,10.0,4,2.0,2.0,1.0,7.0,25.0,1.0,0.0
5074,10.0,5,4.0,2.0,0.0,10.0,13.0,0.0,1.0
5075,10.0,83,33.0,44.0,8.0,114.0,269.0,17.0,-16.0
5076,9.0,13,3.0,4.0,0.0,11.0,25.0,13.0,4.0
5077,9.0,5,0.0,0.0,0.0,1.0,8.0,3.0,2.0
5079,9.0,19,3.0,7.0,9.0,25.0,40.0,11.0,14.0
5080,10.0,1,0.0,0.0,0.0,1.0,3.0,0.0,1.0
5081,9.0,52,8.0,6.0,2.0,34.0,59.0,17.0,-20.0
5082,10.0,73,8.0,12.0,10.0,111.0,122.0,26.0,-30.0
5083,10.0,18,20.0,13.0,2.0,34.0,64.0,0.0,29.0
5084,9.0,24,3.0,3.0,0.0,15.0,17.0,26.0,-31.0
5091,9.0,26,5.0,5.0,3.0,34.0,35.0,7.0,28.0
5092,9.0,19,0.0,1.0,1.0,36.0,30.0,22.0,-23.0
5096,9.0,15,1.0,4.0,0.0,12.0,12.0,16.0,2.0
5101,10.0,57,22.0,19.0,7.0,91.0,148.0,20.0,-62.0
5108,9.0,11,3.0,3.0,1.0,10.0,30.0,3.0,-10.0
5109,10.0,17,10.0,9.0,3.0,31.0,60.0,8.0,-2.0
5111,10.0,19,6.0,0.0,1.0,12.0,29.0,3.0,-1.0
5112,9.0,25,3.0,3.0,2.0,45.0,36.0,19.0,-9.0
5113,9.0,46,1.0,1.0,6.0,62.0,69.0,60.0,-77.0
5114,9.0,90,3.0,10.0,4.0,84.0,83.0,42.0,-29.0
5116,10.0,16,6.0,5.0,1.0,24.0,54.0,1.0,8.0
5119,10.0,1,0.0,0.0,0.0,3.0,3.0,0.0,0.0
5122,10.0,9,3.0,3.0,1.0,10.0,15.0,7.0,-7.0
5124,10.0,96,51.0,35.0,13.0,115.0,281.0,27.0,36.0
5129,10.0,3,3.0,1.0,0.0,5.0,17.0,2.0,-5.0
5132,9.0,33,10.0,5.0,3.0,67.0,102.0,16.0,4.0
5133,10.0,55,30.0,16.0,6.0,121.0,209.0,11.0,-2.0
5134,10.0,43,31.0,22.0,12.0,91.0,217.0,6.0,-1.0
5136,10.0,44,18.0,19.0,4.0,66.0,119.0,8.0,-4.0
5138,10.0,6,7.0,5.0,3.0,19.0,30.0,0.0,3.0
5141,9.0,53,8.0,4.0,11.0,78.0,100.0,24.0,6.0
5147,10.0,7,7.0,4.0,1.0,19.0,31.0,3.0,4.0
5148,9.0,50,12.0,13.0,3.0,111.0,115.0,68.0,-25.0
5150,10.0,10,1.0,4.0,0.0,8.0,16.0,9.0,-5.0
5151,10.0,13,2.0,1.0,0.0,15.0,30.0,7.0,-7.0
5153,10.0,31,6.0,9.0,2.0,60.0,82.0,12.0,-3.0
5155,10.0,6,1.0,0.0,0.0,5.0,8.0,3.0,-9.0
5161,10.0,15,12.0,6.0,2.0,34.0,66.0,4.0,12.0
5162,9.0,30,2.0,5.0,1.0,39.0,39.0,32.0,-23.0
5170,9.0,26,5.0,7.0,9.0,38.0,59.0,19.0,7.0
5174,10.0,2,1.0,0.0,0.0,3.0,1.0,0.0,2.0
5175,9.0,19,1.0,2.0,1.0,17.0,10.0,18.0,4.0
5177,9.0,9,0.0,0.0,0.0,5.0,5.0,6.0,-12.0
5183,10.0,22,12.0,3.0,2.0,36.0,57.0,4.0,3.0
5190,10.0,2,2.0,1.0,3.0,2.0,6.0,0.0,5.0
5192,9.0,42,3.0,6.0,7.0,63.0,70.0,30.0,19.0
5193,10.0,55,24.0,29.0,10.0,90.0,114.0,4.0,12.0
5195,10.0,63,10.0,7.0,7.0,60.0,87.0,60.0,-1.0
5199,10.0,17,4.0,3.0,0.0,21.0,38.0,3.0,-3.0
5203,10.0,25,13.0,7.0,2.0,38.0,85.0,20.0,8.0
5206,9.0,30,8.0,8.0,3.0,50.0,79.0,4.0,-3.0
5207,10.0,6,8.0,3.0,7.0,27.0,55.0,5.0,5.0
5208,10.0,7,3.0,1.0,0.0,7.0,22.0,0.0,-1.0
5215,9.0,1,0.0,0.0,0.0,0.0,0.0,0.0,0.0
5217,10.0,39,24.0,7.0,3.0,60.0,128.0,11.0,9.0
5221,10.0,37,15.0,13.0,4.0,38.0,87.0,17.0,5.0
5222,10.0,61,2.0,3.0,7.0,57.0,66.0,26.0,-30.0
5223,10.0,95,37.0,45.0,8.0,108.0,219.0,30.0,-3.0
5227,9.0,6,0.0,0.0,0.0,5.0,11.0,1.0,3.0
5233,10.0,13,9.0,4.0,3.0,14.0,40.0,2.0,13.0
5235,10.0,54,38.0,18.0,8.0,100.0,154.0,8.0,13.0
5237,9.0,79,6.0,11.0,8.0,135.0,152.0,73.0,-10.0
5243,10.0,40,15.0,6.0,3.0,59.0,89.0,12.0,-20.0
5244,9.0,45,2.0,2.0,3.0,41.0,33.0,54.0,-38.0
5245,9.0,62,8.0,4.0,3.0,72.0,77.0,62.0,-14.0
5246,10.0,17,2.0,4.0,1.0,21.0,34.0,17.0,6.0
5248,9.0,39,1.0,0.0,3.0,33.0,17.0,40.0,7.0
5249,10.0,71,52.0,37.0,5.0,152.0,287.0,7.0,-20.0
5254,10.0,25,30.0,24.0,9.0,71.0,125.0,11.0,19.0
5260,9.0,1,1.0,1.0,0.0,3.0,12.0,0.0,3.0
5261,10.0,61,44.0,25.0,7.0,108.0,268.0,24.0,28.0
5265,9.0,88,5.0,10.0,2.0,77.0,56.0,80.0,-8.0
5268,9.0,34,11.0,11.0,1.0,41.0,62.0,14.0,15.0
5276,10.0,103,57.0,26.0,18.0,211.0,362.0,23.0,44.0
5279,9.0,13,2.0,10.0,2.0,22.0,30.0,4.0,2.0
5281,10.0,12,3.0,1.0,0.0,40.0,48.0,5.0,-11.0
5289,9.0,1,0.0,0.0,0.0,0.0,2.0,1.0,-6.0
5293,10.0,49,25.0,21.0,11.0,123.0,164.0,7.0,-5.0
5298,10.0,9,3.0,1.0,0.0,19.0,24.0,0.0,-22.0
5308,9.0,34,1.0,5.0,0.0,40.0,17.0,37.0,-14.0
5384,9.0,15,1.0,2.0,0.0,13.0,9.0,6.0,10.0
5387,10.0,57,23.0,8.0,3.0,73.0,156.0,27.0,14.0
5437,10.0,3,0.0,0.0,0.0,8.0,10.0,4.0,-4.0
5441,10.0,51,27.0,27.0,8.0,62.0,136.0,13.0,28.0
5450,9.0,48,14.0,13.0,1.0,77.0,111.0,26.0,-7.0
5457,10.0,25,29.0,10.0,4.0,49.0,120.0,2.0,12.0
5458,10.0,43,50.0,20.0,6.0,118.0,198.0,4.0,49.0
5459,10.0,21,3.0,1.0,0.0,17.0,30.0,4.0,-9.0
5461,10.0,48,25.0,4.0,4.0,90.0,156.0,12.0,-11.0
5463,10.0,20,4.0,11.0,2.0,26.0,30.0,15.0,17.0
5467,9.0,41,2.0,7.0,5.0,73.0,29.0,26.0,18.0
5473,9.0,68,2.0,4.0,9.0,77.0,43.0,71.0,-7.0
5499,10.0,11,3.0,3.0,1.0,7.0,14.0,1.0,0.0
5500,9.0,65,16.0,2.0,2.0,126.0,85.0,71.0,19.0
5501,10.0,18,1.0,1.0,1.0,12.0,9.0,12.0,-16.0
5505,10.0,59,5.0,7.0,3.0,68.0,90.0,5.0,-24.0
5510,10.0,3,2.0,0.0,0.0,6.0,11.0,0.0,-5.0
5511,10.0,58,44.0,31.0,17.0,99.0,204.0,10.0,30.0
5512,10.0,8,2.0,0.0,1.0,7.0,10.0,0.0,-7.0
5513,10.0,4,0.0,0.0,0.0,7.0,4.0,0.0,-4.0
5514,9.0,2,0.0,0.0,0.0,2.0,2.0,1.0,-1.0
5516,10.0,2,0.0,2.0,0.0,6.0,1.0,5.0,-5.0
5519,10.0,23,20.0,3.0,2.0,74.0,121.0,2.0,-6.0
5520,10.0,34,32.0,11.0,7.0,87.0,182.0,14.0,27.0
5522,10.0,51,4.0,5.0,8.0,29.0,56.0,36.0,-13.0
5523,10.0,36,26.0,8.0,3.0,67.0,99.0,14.0,-6.0
5525,9.0,62,8.0,11.0,7.0,143.0,118.0,59.0,21.0
5526,10.0,1,0.0,0.0,0.0,1.0,4.0,1.0,1.0
5530,9.0,49,3.0,4.0,1.0,28.0,18.0,62.0,-12.0
5531,10.0,3,0.0,0.0,1.0,1.0,6.0,1.0,1.0
5534,10.0,15,0.0,1.0,0.0,7.0,6.0,2.0,-14.0
5537,10.0,21,0.0,0.0,0.0,10.0,11.0,4.0,-6.0
5538,9.0,21,1.0,1.0,0.0,13.0,10.0,25.0,-18.0
5544,10.0,96,31.0,39.0,9.0,132.0,246.0,12.0,31.0
5546,9.0,32,2.0,2.0,1.0,37.0,46.0,10.0,-3.0
5547,9.0,27,7.0,4.0,1.0,74.0,45.0,23.0,-1.0
5548,10.0,52,4.0,1.0,0.0,46.0,58.0,29.0,-17.0
5549,10.0,43,24.0,16.0,4.0,49.0,126.0,7.0,22.0
5551,10.0,6,4.0,1.0,0.0,6.0,21.0,1.0,3.0
5552,10.0,3,0.0,0.0,0.0,0.0,1.0,3.0,-5.0
5553,10.0,44,5.0,4.0,0.0,25.0,46.0,6.0,-25.0
5554,9.0,6,0.0,0.0,0.0,3.0,0.0,5.0,-4.0
5555,10.0,8,1.0,0.0,0.0,2.0,5.0,0.0,-1.0
5558,9.0,49,3.0,6.0,6.0,43.0,27.0,29.0,6.0
5562,9.0,1,0.0,0.0,0.0,0.0,0.0,0.0,-2.0
5563,9.0,68,16.0,11.0,3.0,109.0,113.0,82.0,13.0
5565,9.0,99,19.0,18.0,4.0,178.0,186.0,107.0,38.0
5566,9.0,1,0.0,0.0,0.0,0.0,0.0,0.0,-7.0
5567,9.0,35,5.0,3.0,2.0,33.0,35.0,25.0,-4.0
5569,9.0,67,11.0,7.0,3.0,123.0,97.0,92.0,20.0
5570,9.0,37,2.0,1.0,0.0,27.0,25.0,17.0,-66.0
5571,10.0,11,0.0,1.0,0.0,15.0,17.0,8.0,-37.0
5572,10.0,52,34.0,17.0,6.0,104.0,183.0,22.0,37.0
5574,10.0,32,7.0,6.0,1.0,26.0,64.0,12.0,-3.0
5577,10.0,28,15.0,3.0,2.0,51.0,56.0,8.0,13.0
5580,10.0,101,29.0,22.0,4.0,142.0,185.0,16.0,7.0
5582,10.0,42,15.0,4.0,3.0,66.0,113.0,13.0,-26.0
5583,10.0,24,5.0,3.0,2.0,21.0,34.0,10.0,-13.0
5584,9.0,86,19.0,19.0,5.0,193.0,178.0,66.0,-23.0
5585,9.0,44,0.0,5.0,2.0,21.0,13.0,33.0,-28.0
5586,9.0,47,0.0,2.0,3.0,43.0,25.0,19.0,-52.0
5587,9.0,105,16.0,17.0,12.0,155.0,138.0,183.0,-20.0
5588,9.0,3,0.0,0.0,0.0,0.0,0.0,0.0,3.0
5591,10.0,84,28.0,30.0,12.0,106.0,168.0,30.0,-26.0
5595,10.0,25,10.0,10.0,1.0,45.0,51.0,4.0,10.0
5596,10.0,26,7.0,5.0,3.0,59.0,62.0,12.0,-9.0
5598,10.0,91,41.0,28.0,6.0,136.0,243.0,10.0,9.0
5599,9.0,100,2.0,6.0,4.0,81.0,33.0,65.0,6.0
5600,10.0,29,11.0,4.0,1.0,46.0,79.0,23.0,-21.0
5601,10.0,55,80.0,42.0,9.0,256.0,370.0,6.0,-14.0
5602,10.0,7,5.0,3.0,1.0,28.0,30.0,3.0,1.0
5606,10.0,40,4.0,1.0,3.0,39.0,30.0,33.0,-11.0
5607,10.0,57,12.0,24.0,5.0,60.0,97.0,9.0,-4.0
5608,9.0,18,2.0,6.0,2.0,30.0,42.0,15.0,10.0
5609,9.0,2,0.0,0.0,0.0,0.0,4.0,2.0,-3.0
5612,10.0,7,4.0,10.0,1.0,13.0,28.0,3.0,10.0
5613,10.0,33,1.0,3.0,1.0,20.0,24.0,14.0,-8.0
5614,10.0,41,14.0,9.0,6.0,103.0,128.0,9.0,-31.0
5615,9.0,68,14.0,3.0,0.0,73.0,88.0,38.0,-32.0
5616,10.0,8,0.0,0.0,0.0,6.0,7.0,4.0,2.0
5617,9.0,40,0.0,3.0,0.0,15.0,18.0,13.0,-10.0
5618,9.0,42,0.0,1.0,0.0,29.0,13.0,31.0,-2.0
5620,9.0,6,0.0,0.0,0.0,2.0,1.0,2.0,-4.0
5621,10.0,26,12.0,4.0,3.0,44.0,93.0,4.0,-3.0
5622,10.0,46,14.0,18.0,3.0,26.0,114.0,9.0,27.0
5626,9.0,9,0.0,0.0,1.0,7.0,2.0,1.0,9.0
5633,10.0,58,30.0,19.0,1.0,99.0,138.0,22.0,13.0
5634,10.0,54,8.0,4.0,2.0,56.0,36.0,30.0,-60.0
5635,10.0,12,4.0,5.0,0.0,10.0,21.0,2.0,2.0
5636,9.0,32,7.0,8.0,2.0,21.0,46.0,7.0,0.0
5638,9.0,36,4.0,11.0,2.0,63.0,50.0,25.0,11.0
5640,9.0,4,0.0,0.0,0.0,3.0,3.0,6.0,-4.0
5641,10.0,70,19.0,15.0,8.0,102.0,180.0,32.0,-47.0
5643,9.0,43,1.0,4.0,0.0,32.0,18.0,18.0,-21.0
5644,10.0,47,5.0,4.0,0.0,35.0,47.0,11.0,-10.0
5646,9.0,92,24.0,25.0,31.0,125.0,198.0,80.0,66.0
5647,10.0,9,3.0,3.0,3.0,21.0,30.0,3.0,3.0
5648,9.0,101,5.0,4.0,2.0,102.0,68.0,103.0,0.0
5650,10.0,26,14.0,6.0,1.0,37.0,83.0,5.0,9.0
5652,10.0,1,0.0,0.0,0.0,0.0,0.0,0.0,-1.0
5653,10.0,19,1.0,3.0,0.0,18.0,15.0,8.0,4.0
5654,10.0,21,3.0,3.0,1.0,18.0,16.0,16.0,2.0
5655,10.0,29,21.0,11.0,11.0,82.0,122.0,8.0,24.0
5656,10.0,36,10.0,15.0,9.0,48.0,85.0,3.0,-17.0
5657,10.0,43,24.0,9.0,7.0,67.0,119.0,17.0,9.0
5661,10.0,2,0.0,0.0,0.0,0.0,1.0,2.0,2.0
5662,9.0,3,0.0,0.0,0.0,4.0,3.0,0.0,0.0
5663,9.0,7,0.0,0.0,0.0,0.0,0.0,2.0,-2.0
5664,10.0,56,10.0,12.0,4.0,40.0,73.0,24.0,6.0
5668,10.0,8,2.0,0.0,1.0,10.0,13.0,10.0,-2.0
5669,10.0,54,5.0,10.0,3.0,53.0,87.0,13.0,8.0
5670,9.0,61,11.0,6.0,4.0,119.0,134.0,31.0,-3.0
5673,9.0,12,0.0,0.0,0.0,9.0,5.0,3.0,-6.0
5674,10.0,4,0.0,2.0,0.0,9.0,3.0,2.0,-2.0
5676,10.0,14,2.0,2.0,0.0,10.0,17.0,4.0,-1.0
5677,10.0,25,3.0,0.0,0.0,14.0,25.0,2.0,-16.0
5679,10.0,46,4.0,4.0,2.0,23.0,41.0,24.0,-4.0
5681,10.0,63,12.0,13.0,14.0,52.0,69.0,11.0,1.0
5682,10.0,39,5.0,7.0,1.0,36.0,42.0,5.0,-10.0
5683,10.0,16,8.0,1.0,4.0,33.0,46.0,6.0,3.0
5684,9.0,11,2.0,0.0,0.0,12.0,7.0,2.0,-5.0
5686,10.0,47,30.0,15.0,9.0,137.0,223.0,8.0,6.0
5687,10.0,40,2.0,5.0,3.0,33.0,53.0,12.0,-13.0
5688,10.0,33,3.0,4.0,2.0,16.0,31.0,3.0,-38.0
5692,10.0,66,10.0,8.0,1.0,52.0,88.0,18.0,-15.0
5693,10.0,4,0.0,0.0,0.0,1.0,2.0,1.0,-1.0
5696,9.0,68,22.0,17.0,9.0,82.0,149.0,13.0,-44.0
5697,9.0,66,3.0,6.0,3.0,58.0,53.0,66.0,-43.0
5699,10.0,4,0.0,0.0,0.0,5.0,3.0,2.0,2.0
5700,9.0,35,0.0,0.0,2.0,7.0,9.0,33.0,-10.0
5701,9.0,31,5.0,0.0,1.0,71.0,66.0,7.0,12.0
5702,9.0,55,3.0,3.0,3.0,52.0,35.0,38.0,-26.0
5703,10.0,72,17.0,17.0,5.0,98.0,154.0,13.0,-8.0
5704,10.0,76,19.0,11.0,2.0,76.0,128.0,26.0,-32.0
5705,9.0,11,0.0,0.0,1.0,9.0,1.0,4.0,-8.0
5706,10.0,61,13.0,16.0,4.0,62.0,100.0,42.0,-41.0
5708,10.0,2,0.0,0.0,0.0,1.0,1.0,2.0,0.0
5709,10.0,73,17.0,14.0,4.0,52.0,99.0,60.0,5.0
5710,10.0,38,4.0,6.0,3.0,52.0,40.0,27.0,-14.0
5711,9.0,52,1.0,4.0,1.0,43.0,34.0,58.0,2.0
5712,10.0,85,10.0,3.0,1.0,103.0,105.0,52.0,-68.0
5713,10.0,93,14.0,12.0,0.0,133.0,163.0,30.0,-20.0
5714,9.0,14,0.0,0.0,0.0,23.0,2.0,3.0,0.0
5715,9.0,5,1.0,0.0,0.0,2.0,5.0,2.0,7.0
5716,9.0,74,4.0,7.0,1.0,89.0,59.0,87.0,-18.0
5718,9.0,82,12.0,21.0,10.0,89.0,120.0,104.0,-9.0
5719,9.0,104,25.0,33.0,17.0,199.0,232.0,82.0,30.0
5720,10.0,46,15.0,11.0,3.0,33.0,62.0,28.0,-9.0
5721,10.0,76,23.0,24.0,5.0,81.0,142.0,34.0,-17.0
5722,9.0,4,0.0,0.0,0.0,9.0,4.0,4.0,1.0
5723,10.0,1,0.0,0.0,0.0,1.0,1.0,0.0,0.0
5724,10.0,7,1.0,3.0,0.0,15.0,13.0,1.0,-7.0
5725,10.0,59,10.0,9.0,4.0,70.0,96.0,21.0,-53.0
5726,9.0,69,9.0,6.0,2.0,96.0,64.0,63.0,-35.0
5727,10.0,51,13.0,13.0,7.0,58.0,97.0,9.0,-32.0
5728,10.0,74,11.0,6.0,1.0,87.0,124.0,31.0,-63.0
5729,9.0,32,0.0,1.0,0.0,14.0,2.0,13.0,-23.0
5730,9.0,51,0.0,3.0,1.0,44.0,18.0,31.0,-36.0
5731,9.0,65,4.0,20.0,9.0,50.0,68.0,49.0,-22.0
5732,10.0,2,0.0,0.0,0.0,0.0,1.0,0.0,0.0
5734,10.0,8,1.0,1.0,0.0,2.0,6.0,2.0,1.0
5735,9.0,13,6.0,1.0,1.0,8.0,27.0,5.0,0.0
5737,10.0,12,1.0,0.0,0.0,5.0,5.0,13.0,-20.0
5739,9.0,18,3.0,0.0,0.0,9.0,11.0,3.0,-20.0
5740,10.0,63,21.0,17.0,4.0,77.0,153.0,11.0,-30.0
5741,10.0,28,15.0,7.0,2.0,35.0,76.0,3.0,5.0
5742,10.0,26,14.0,2.0,0.0,33.0,64.0,12.0,-10.0
5743,9.0,2,0.0,0.0,0.0,0.0,0.0,0.0,0.0
5748,10.0,101,97.0,37.0,16.0,260.0,505.0,49.0,67.0
5749,10.0,75,32.0,23.0,7.0,161.0,188.0,32.0,34.0
5750,10.0,36,23.0,14.0,2.0,43.0,110.0,6.0,7.0
5751,9.0,10,3.0,1.0,3.0,34.0,37.0,6.0,3.0
5751,10.0,5,3.0,1.0,0.0,13.0,15.0,2.0,5.0
5753,10.0,6,0.0,2.0,0.0,6.0,4.0,2.0,3.0
5754,10.0,7,2.0,2.0,0.0,17.0,14.0,12.0,-3.0
5755,10.0,4,2.0,0.0,0.0,7.0,24.0,1.0,-2.0
5756,10.0,31,24.0,21.0,13.0,70.0,184.0,22.0,7.0
5758,9.0,10,0.0,2.0,0.0,8.0,13.0,4.0,-1.0
5759,9.0,23,7.0,5.0,1.0,31.0,41.0,27.0,-11.0
5760,9.0,44,6.0,7.0,3.0,29.0,58.0,20.0,-18.0
5761,10.0,37,14.0,9.0,3.0,43.0,114.0,4.0,-13.0
5762,9.0,64,4.0,4.0,3.0,88.0,90.0,23.0,-33.0
5764,10.0,2,0.0,3.0,0.0,2.0,3.0,1.0,1.0
5766,9.0,10,0.0,2.0,1.0,8.0,4.0,9.0,9.0
5767,10.0,3,0.0,0.0,0.0,4.0,0.0,3.0,6.0
5768,10.0,79,58.0,64.0,25.0,174.0,309.0,4.0,-16.0
5770,10.0,18,1.0,3.0,1.0,18.0,40.0,8.0,2.0
5775,10.0,59,3.0,13.0,4.0,49.0,66.0,17.0,-22.0
5777,9.0,1,0.0,0.0,0.0,0.0,0.0,0.0,0.0
5780,10.0,44,5.0,2.0,0.0,25.0,86.0,7.0,-36.0
5781,9.0,23,2.0,0.0,0.0,19.0,16.0,34.0,-26.0
5782,9.0,66,17.0,21.0,3.0,101.0,129.0,22.0,23.0
5783,9.0,26,3.0,4.0,2.0,46.0,48.0,23.0,-7.0
5785,9.0,52,8.0,2.0,2.0,35.0,37.0,26.0,0.0
5790,10.0,3,1.0,0.0,0.0,1.0,3.0,1.0,-4.0
5792,9.0,32,2.0,3.0,2.0,41.0,33.0,45.0,-4.0
5793,10.0,58,35.0,25.0,4.0,104.0,245.0,7.0,0.0
5794,10.0,73,42.0,35.0,15.0,154.0,297.0,29.0,-10.0
5795,10.0,4,0.0,0.0,0.0,5.0,7.0,0.0,-3.0
5797,9.0,60,9.0,9.0,2.0,61.0,52.0,48.0,14.0
5799,9.0,9,1.0,0.0,1.0,4.0,5.0,13.0,-6.0
5804,9.0,68,8.0,9.0,7.0,117.0,130.0,87.0,-22.0
5805,9.0,11,0.0,0.0,0.0,4.0,3.0,5.0,-4.0
5806,9.0,61,4.0,7.0,5.0,73.0,67.0,55.0,-27.0
5807,10.0,31,9.0,7.0,2.0,32.0,67.0,14.0,2.0
5808,10.0,1,0.0,0.0,0.0,4.0,2.0,0.0,0.0
5809,10.0,26,5.0,6.0,0.0,38.0,32.0,5.0,-15.0
5811,10.0,81,23.0,15.0,3.0,118.0,170.0,8.0,-11.0
5812,10.0,19,4.0,7.0,1.0,7.0,25.0,13.0,-13.0
5814,9.0,40,3.0,5.0,2.0,64.0,59.0,33.0,19.0
5818,9.0,70,20.0,17.0,6.0,67.0,115.0,61.0,24.0
5820,10.0,85,32.0,26.0,2.0,161.0,205.0,19.0,17.0
5821,9.0,62,9.0,16.0,8.0,93.0,110.0,35.0,9.0
5826,10.0,56,19.0,18.0,8.0,117.0,160.0,15.0,-13.0
5829,10.0,13,1.0,1.0,0.0,12.0,18.0,9.0,17.0
5831,9.0,76,12.0,14.0,5.0,109.0,87.0,25.0,57.0
5832,9.0,24,9.0,2.0,4.0,54.0,66.0,12.0,22.0
5868,10.0,83,25.0,27.0,12.0,140.0,223.0,16.0,-37.0
5871,9.0,10,3.0,1.0,3.0,10.0,26.0,8.0,-26.0
5873,9.0,32,5.0,13.0,6.0,71.0,59.0,51.0,17.0
5883,9.0,49,10.0,6.0,8.0,79.0,106.0,41.0,33.0
5886,10.0,79,90.0,29.0,11.0,140.0,341.0,20.0,34.0
5892,10.0,44,43.0,25.0,6.0,98.0,208.0,4.0,33.0
5895,10.0,94,41.0,34.0,13.0,119.0,222.0,22.0,57.0
5915,9.0,26,2.0,3.0,1.0,21.0,23.0,7.0,10.0
5944,10.0,11,3.0,3.0,1.0,25.0,22.0,5.0,-2.0
5951,10.0,25,1.0,2.0,1.0,27.0,26.0,10.0,-9.0
5990,10.0,24,3.0,9.0,5.0,25.0,39.0,2.0,2.0
5992,10.0,1,0.0,0.0,0.0,0.0,0.0,0.0,0.0
5993,10.0,1,0.0,0.0,0.0,0.0,0.0,0.0,0.0
5995,10.0,1,0.0,0.0,0.0,0.0,0.0,0.0,0.0
6019,10.0,19,1.0,2.0,0.0,9.0,15.0,10.0,-11.0
6027,10.0,6,6.0,6.0,2.0,13.0,34.0,0.0,0.0
6028,9.0,3,0.0,0.0,0.0,2.0,4.0,3.0,3.0
6031,10.0,20,0.0,2.0,3.0,8.0,16.0,2.0,-9.0
6033,10.0,55,27.0,18.0,8.0,77.0,141.0,11.0,0.0
6037,10.0,27,5.0,1.0,0.0,18.0,28.0,5.0,-2.0
6038,10.0,36,9.0,8.0,1.0,32.0,59.0,14.0,1.0
6039,10.0,42,48.0,20.0,3.0,110.0,214.0,14.0,40.0
6041,10.0,33,5.0,1.0,1.0,10.0,46.0,9.0,-2.0
6044,10.0,85,25.0,30.0,7.0,129.0,205.0,17.0,-11.0
6049,9.0,6,4.0,2.0,0.0,6.0,16.0,7.0,5.0
6050,10.0,6,3.0,14.0,4.0,23.0,28.0,2.0,16.0
6056,9.0,78,21.0,17.0,9.0,124.0,149.0,90.0,-27.0
6057,9.0,76,21.0,27.0,14.0,105.0,121.0,37.0,9.0
6058,10.0,14,12.0,4.0,1.0,23.0,59.0,7.0,-11.0
6062,10.0,96,48.0,47.0,20.0,151.0,301.0,29.0,20.0
6066,10.0,57,19.0,16.0,7.0,79.0,179.0,19.0,-17.0
6067,10.0,99,22.0,36.0,12.0,89.0,160.0,17.0,14.0
6069,9.0,10,1.0,5.0,1.0,26.0,35.0,11.0,-4.0
6071,9.0,29,5.0,2.0,1.0,24.0,27.0,29.0,3.0
6078,9.0,8,1.0,0.0,1.0,15.0,8.0,2.0,-3.0
6080,10.0,96,45.0,56.0,23.0,136.0,293.0,27.0,-6.0
6082,10.0,44,35.0,12.0,2.0,82.0,205.0,18.0,22.0
6083,10.0,45,1.0,10.0,2.0,66.0,63.0,27.0,16.0
6085,10.0,1,0.0,0.0,0.0,2.0,1.0,1.0,0.0
6087,10.0,49,4.0,7.0,2.0,68.0,77.0,39.0,-26.0
6088,9.0,12,0.0,0.0,0.0,8.0,7.0,5.0,-12.0
6089,9.0,52,4.0,1.0,1.0,45.0,48.0,66.0,-37.0
6090,9.0,12,3.0,3.0,1.0,16.0,9.0,3.0,8.0
6091,10.0,1,1.0,0.0,0.0,5.0,3.0,0.0,0.0
6092,10.0,23,3.0,2.0,2.0,10.0,40.0,1.0,-12.0
6093,9.0,24,10.0,3.0,1.0,52.0,96.0,12.0,6.0
6094,10.0,17,5.0,2.0,0.0,19.0,41.0,5.0,-11.0
6122,9.0,48,20.0,13.0,5.0,59.0,137.0,15.0,11.0
6123,9.0,41,19.0,10.0,3.0,142.0,111.0,42.0,35.0
6124,9.0,41,2.0,8.0,2.0,41.0,56.0,22.0,8.0
6138,10.0,56,27.0,10.0,6.0,103.0,164.0,12.0,2.0
6141,10.0,105,73.0,33.0,15.0,275.0,553.0,25.0,5.0
6142,10.0,27,8.0,5.0,1.0,45.0,70.0,2.0,-9.0
6145,10.0,65,48.0,24.0,13.0,230.0,336.0,19.0,-18.0
6146,10.0,35,5.0,8.0,2.0,34.0,44.0,6.0,-18.0
6187,10.0,36,30.0,15.0,3.0,73.0,148.0,15.0,23.0
6194,10.0,3,3.0,0.0,0.0,3.0,7.0,1.0,2.0
6197,10.0,74,23.0,10.0,1.0,125.0,157.0,26.0,-54.0
6199,10.0,93,33.0,26.0,3.0,129.0,246.0,68.0,-33.0
6201,10.0,15,7.0,1.0,1.0,22.0,50.0,3.0,10.0
6202,9.0,87,7.0,23.0,12.0,116.0,101.0,65.0,25.0
6204,10.0,23,1.0,3.0,0.0,28.0,19.0,12.0,1.0
6205,9.0,56,8.0,6.0,3.0,94.0,102.0,60.0,-42.0
6208,9.0,55,4.0,4.0,3.0,56.0,57.0,41.0,0.0
6209,9.0,42,8.0,8.0,3.0,106.0,92.0,48.0,8.0
6210,10.0,1,0.0,0.0,0.0,0.0,0.0,1.0,-4.0
6213,10.0,31,25.0,11.0,4.0,67.0,118.0,2.0,22.0
6214,9.0,22,1.0,2.0,0.0,17.0,20.0,25.0,-19.0
6215,9.0,4,0.0,1.0,0.0,1.0,1.0,1.0,-3.0
6216,10.0,65,25.0,33.0,23.0,128.0,225.0,21.0,21.0
6217,10.0,62,40.0,22.0,13.0,145.0,226.0,6.0,2.0
6218,10.0,6,0.0,4.0,0.0,10.0,5.0,1.0,0.0
6219,10.0,82,44.0,65.0,17.0,176.0,313.0,11.0,-7.0
6225,10.0,6,2.0,0.0,0.0,1.0,10.0,0.0,1.0
6227,10.0,14,5.0,2.0,2.0,11.0,30.0,1.0,-13.0
6230,10.0,69,44.0,28.0,7.0,193.0,242.0,19.0,16.0
6233,10.0,10,2.0,2.0,0.0,11.0,14.0,5.0,-1.0
6234,10.0,64,36.0,32.0,7.0,180.0,283.0,8.0,44.0
6235,10.0,3,2.0,1.0,0.0,8.0,12.0,1.0,2.0
6237,10.0,14,23.0,12.0,4.0,67.0,83.0,10.0,12.0
6244,9.0,42,1.0,4.0,1.0,18.0,11.0,53.0,-67.0
6246,9.0,91,11.0,11.0,2.0,196.0,193.0,154.0,58.0
6251,10.0,14,4.0,2.0,5.0,16.0,34.0,2.0,-4.0
6252,9.0,50,10.0,12.0,3.0,72.0,70.0,32.0,29.0
6254,9.0,26,1.0,2.0,2.0,66.0,47.0,31.0,5.0
6256,10.0,27,8.0,10.0,5.0,35.0,73.0,7.0,-15.0
6257,10.0,3,0.0,1.0,0.0,1.0,2.0,2.0,3.0
6258,10.0,32,9.0,10.0,8.0,34.0,57.0,18.0,9.0
6262,9.0,41,6.0,11.0,4.0,47.0,52.0,32.0,17.0
6263,10.0,91,13.0,21.0,6.0,81.0,138.0,69.0,25.0
6266,10.0,24,27.0,8.0,2.0,47.0,93.0,6.0,20.0
6272,9.0,82,13.0,14.0,3.0,108.0,123.0,30.0,-45.0
6273,10.0,16,14.0,7.0,0.0,22.0,52.0,2.0,13.0
6274,9.0,44,0.0,6.0,0.0,37.0,17.0,50.0,-18.0
6279,9.0,23,3.0,1.0,1.0,9.0,10.0,23.0,-21.0
6280,10.0,86,42.0,25.0,10.0,254.0,302.0,21.0,40.0
6281,9.0,93,8.0,18.0,8.0,150.0,121.0,119.0,-60.0
6284,9.0,21,0.0,0.0,0.0,3.0,6.0,15.0,-14.0
6285,10.0,23,2.0,2.0,3.0,34.0,50.0,9.0,-18.0
6287,9.0,99,27.0,23.0,14.0,244.0,184.0,79.0,39.0
6289,10.0,90,56.0,35.0,12.0,209.0,316.0,9.0,7.0
6291,10.0,55,9.0,7.0,0.0,78.0,81.0,38.0,-12.0
6297,10.0,27,11.0,7.0,3.0,70.0,68.0,18.0,4.0
6299,9.0,73,0.0,8.0,2.0,49.0,35.0,75.0,-30.0
6300,9.0,28,6.0,4.0,6.0,47.0,55.0,32.0,-10.0
6303,10.0,6,1.0,0.0,0.0,10.0,16.0,2.0,1.0
6304,10.0,83,27.0,39.0,8.0,105.0,163.0,11.0,12.0
6305,9.0,58,6.0,5.0,1.0,74.0,62.0,43.0,3.0
6306,10.0,65,27.0,20.0,6.0,98.0,178.0,9.0,36.0
6307,10.0,2,2.0,0.0,0.0,11.0,8.0,0.0,6.0
6308,9.0,39,2.0,4.0,2.0,41.0,29.0,35.0,-14.0
6309,9.0,9,1.0,1.0,2.0,12.0,3.0,11.0,1.0
6310,9.0,4,0.0,0.0,1.0,3.0,0.0,0.0,-8.0
6311,10.0,94,40.0,32.0,5.0,130.0,244.0,21.0,-15.0
6312,9.0,53,3.0,10.0,1.0,73.0,38.0,26.0,16.0
6317,9.0,91,6.0,12.0,6.0,96.0,54.0,94.0,44.0
6320,10.0,55,18.0,7.0,1.0,124.0,159.0,7.0,-24.0
6323,10.0,4,0.0,1.0,0.0,0.0,2.0,1.0,-5.0
6327,10.0,16,1.0,2.0,2.0,21.0,15.0,5.0,10.0
6328,9.0,34,2.0,5.0,3.0,62.0,29.0,34.0,-12.0
6331,9.0,5,0.0,0.0,1.0,5.0,5.0,4.0,5.0
6333,9.0,4,1.0,2.0,0.0,1.0,5.0,3.0,0.0
6336,10.0,20,1.0,2.0,0.0,21.0,13.0,8.0,5.0
6402,9.0,2,0.0,1.0,0.0,0.0,0.0,0.0,0.0
6403,9.0,5,0.0,0.0,0.0,2.0,1.0,7.0,-16.0
6404,9.0,18,11.0,3.0,0.0,35.0,72.0,11.0,-14.0
6422,10.0,36,7.0,3.0,2.0,41.0,61.0,15.0,0.0
6423,9.0,71,29.0,19.0,3.0,131.0,169.0,50.0,25.0
6424,9.0,10,3.0,0.0,2.0,18.0,16.0,12.0,-13.0
6425,10.0,50,1.0,3.0,2.0,18.0,33.0,9.0,-27.0
6426,10.0,41,4.0,9.0,2.0,21.0,57.0,10.0,-37.0
6431,10.0,69,50.0,35.0,19.0,178.0,358.0,37.0,15.0
6432,9.0,14,2.0,2.0,0.0,22.0,19.0,9.0,0.0
6434,9.0,3,0.0,5.0,0.0,6.0,7.0,0.0,-12.0
6435,10.0,35,7.0,10.0,3.0,42.0,66.0,17.0,-9.0
6436,10.0,38,16.0,6.0,4.0,63.0,112.0,12.0,-3.0
6437,10.0,22,8.0,3.0,2.0,20.0,48.0,11.0,-13.0
6439,9.0,2,0.0,0.0,0.0,0.0,0.0,0.0,0.0
6441,10.0,32,12.0,4.0,2.0,32.0,71.0,3.0,-2.0
6442,9.0,6,1.0,0.0,0.0,5.0,5.0,1.0,-4.0
6443,9.0,3,0.0,0.0,0.0,2.0,0.0,3.0,-1.0
6444,10.0,43,24.0,15.0,2.0,106.0,151.0,5.0,-3.0
6454,10.0,25,4.0,4.0,1.0,19.0,37.0,3.0,9.0
6457,9.0,8,0.0,0.0,0.0,3.0,3.0,0.0,-4.0
6458,10.0,14,1.0,3.0,2.0,9.0,18.0,2.0,4.0
6476,10.0,60,17.0,19.0,6.0,81.0,167.0,9.0,16.0
6479,10.0,66,25.0,32.0,1.0,95.0,174.0,5.0,-14.0
6480,10.0,24,3.0,3.0,1.0,30.0,35.0,17.0,2.0
6483,9.0,2,0.0,2.0,0.0,1.0,5.0,0.0,3.0
6487,10.0,47,13.0,8.0,3.0,66.0,98.0,9.0,-16.0
6489,10.0,72,19.0,22.0,10.0,93.0,163.0,31.0,-49.0
6490,10.0,64,41.0,25.0,8.0,152.0,239.0,18.0,-14.0
6495,10.0,44,17.0,4.0,1.0,102.0,98.0,44.0,7.0
6496,10.0,95,88.0,49.0,14.0,292.0,582.0,37.0,20.0
6498,10.0,1,0.0,0.0,0.0,0.0,0.0,0.0,0.0
6499,10.0,13,0.0,0.0,0.0,3.0,3.0,0.0,-10.0
6501,10.0,3,4.0,2.0,0.0,9.0,25.0,0.0,-2.0
6502,10.0,68,52.0,17.0,13.0,124.0,282.0,11.0,-7.0
6503,10.0,1,0.0,0.0,0.0,1.0,0.0,0.0,0.0
6504,10.0,1,0.0,0.0,0.0,0.0,0.0,0.0,0.0
6505,10.0,1,4.0,0.0,1.0,3.0,4.0,0.0,5.0
6506,9.0,26,6.0,6.0,4.0,46.0,59.0,24.0,45.0
6507,10.0,19,3.0,0.0,1.0,15.0,18.0,4.0,-18.0
6508,10.0,7,2.0,1.0,0.0,2.0,7.0,0.0,4.0
6509,9.0,4,0.0,0.0,0.0,3.0,5.0,1.0,2.0
6510,10.0,1,0.0,0.0,0.0,0.0,0.0,0.0,0.0
6512,10.0,21,11.0,4.0,3.0,22.0,43.0,16.0,3.0
6513,10.0,45,21.0,21.0,8.0,112.0,158.0,5.0,22.0
6514,10.0,105,41.0,51.0,15.0,120.0,234.0,51.0,48.0
6517,10.0,9,4.0,0.0,0.0,13.0,27.0,2.0,0.0
6518,9.0,86,7.0,9.0,2.0,107.0,83.0,47.0,-13.0
6519,9.0,55,6.0,14.0,3.0,57.0,93.0,46.0,-3.0
6521,10.0,36,10.0,5.0,2.0,30.0,58.0,8.0,-5.0
6522,9.0,4,0.0,0.0,0.0,0.0,1.0,5.0,0.0
6523,9.0,39,3.0,6.0,6.0,37.0,58.0,31.0,28.0
6524,9.0,49,14.0,10.0,4.0,58.0,106.0,22.0,8.0
6525,10.0,11,0.0,0.0,0.0,4.0,13.0,3.0,-8.0
6526,10.0,4,0.0,1.0,0.0,2.0,1.0,4.0,-3.0
6527,10.0,16,6.0,3.0,2.0,21.0,34.0,6.0,-9.0
6531,10.0,19,0.0,2.0,0.0,7.0,6.0,4.0,-12.0
6532,10.0,91,37.0,28.0,9.0,161.0,279.0,8.0,-15.0
6533,10.0,60,16.0,11.0,0.0,126.0,126.0,30.0,1.0
6534,10.0,1,0.0,0.0,0.0,0.0,0.0,0.0,0.0
6535,9.0,51,8.0,8.0,5.0,71.0,70.0,32.0,0.0
6537,10.0,1,0.0,0.0,0.0,0.0,2.0,2.0,0.0
6538,10.0,55,29.0,20.0,33.0,76.0,159.0,23.0,-15.0
6539,10.0,5,0.0,0.0,0.0,2.0,1.0,3.0,-6.0
6541,10.0,1,0.0,0.0,0.0,0.0,0.0,0.0,-1.0
6548,10.0,47,9.0,4.0,1.0,66.0,69.0,25.0,-26.0
6549,10.0,4,3.0,0.0,0.0,18.0,9.0,0.0,-6.0
6550,10.0,22,6.0,4.0,0.0,31.0,48.0,2.0,-5.0
6551,10.0,83,73.0,36.0,14.0,172.0,388.0,12.0,61.0
6553,10.0,29,10.0,11.0,4.0,59.0,81.0,6.0,14.0
6555,9.0,17,2.0,2.0,2.0,10.0,15.0,8.0,-18.0
6556,9.0,29,1.0,4.0,2.0,20.0,31.0,15.0,-78.0
6557,10.0,59,1.0,0.0,2.0,50.0,49.0,41.0,-89.0
6558,10.0,2,0.0,0.0,0.0,1.0,2.0,0.0,0.0
6559,10.0,14,3.0,0.0,0.0,11.0,25.0,2.0,-14.0
6561,10.0,15,5.0,3.0,0.0,24.0,50.0,0.0,-33.0
6562,10.0,66,7.0,4.0,0.0,90.0,113.0,30.0,-123.0
6563,10.0,21,1.0,2.0,0.0,32.0,25.0,15.0,0.0
6568,10.0,47,12.0,7.0,4.0,54.0,86.0,50.0,-19.0
6569,9.0,77,25.0,27.0,4.0,80.0,156.0,47.0,-8.0
6580,10.0,25,6.0,6.0,0.0,30.0,57.0,5.0,7.0
6584,10.0,1,0.0,0.0,0.0,1.0,1.0,0.0,-3.0
6585,9.0,109,29.0,24.0,6.0,160.0,222.0,41.0,11.0
6586,9.0,30,1.0,1.0,0.0,27.0,17.0,18.0,-15.0
6587,9.0,15,0.0,0.0,0.0,5.0,2.0,4.0,-5.0
6588,10.0,29,1.0,6.0,0.0,20.0,42.0,6.0,-14.0
6589,9.0,55,1.0,1.0,0.0,16.0,32.0,21.0,-57.0
6590,10.0,44,2.0,4.0,0.0,18.0,16.0,11.0,-26.0
6591,10.0,111,109.0,61.0,27.0,354.0,571.0,24.0,117.0
6592,10.0,23,2.0,2.0,0.0,16.0,13.0,6.0,-11.0
6593,10.0,92,33.0,22.0,4.0,108.0,192.0,11.0,-1.0
6595,9.0,36,0.0,2.0,0.0,20.0,8.0,8.0,-23.0
6596,10.0,6,0.0,0.0,0.0,6.0,4.0,3.0,-3.0
6597,9.0,12,0.0,0.0,0.0,1.0,2.0,2.0,0.0
6598,10.0,79,36.0,15.0,3.0,192.0,291.0,18.0,-64.0
6602,9.0,105,8.0,19.0,17.0,176.0,119.0,157.0,4.0
6603,9.0,7,0.0,0.0,1.0,9.0,8.0,6.0,4.0
6604,9.0,7,3.0,3.0,1.0,10.0,12.0,2.0,5.0
6606,9.0,55,30.0,10.0,7.0,83.0,157.0,13.0,18.0
6607,9.0,3,0.0,0.0,0.0,1.0,0.0,0.0,2.0
6608,9.0,50,2.0,0.0,1.0,9.0,17.0,13.0,-3.0
6611,10.0,43,23.0,10.0,3.0,80.0,112.0,6.0,11.0
6612,10.0,83,34.0,21.0,6.0,81.0,196.0,46.0,54.0
6613,9.0,19,4.0,2.0,1.0,29.0,22.0,6.0,4.0
6614,10.0,43,24.0,12.0,2.0,54.0,138.0,13.0,1.0
6615,10.0,26,11.0,5.0,4.0,34.0,80.0,1.0,3.0
6619,9.0,35,1.0,2.0,0.0,30.0,30.0,7.0,-18.0
6620,10.0,46,10.0,3.0,1.0,34.0,68.0,13.0,-28.0
6621,10.0,84,37.0,24.0,7.0,126.0,254.0,55.0,-32.0
6622,10.0,73,18.0,5.0,8.0,122.0,125.0,40.0,-27.0
6623,10.0,13,1.0,3.0,0.0,11.0,9.0,10.0,-20.0
6625,10.0,5,0.0,0.0,0.0,3.0,2.0,2.0,-7.0
6626,9.0,26,1.0,2.0,1.0,19.0,17.0,38.0,-28.0
6627,9.0,1,0.0,0.0,0.0,0.0,1.0,0.0,1.0
6628,10.0,17,4.0,5.0,0.0,19.0,26.0,2.0,-23.0
6629,10.0,39,6.0,2.0,1.0,36.0,43.0,28.0,-36.0
6630,10.0,17,6.0,3.0,0.0,31.0,40.0,7.0,-31.0
6631,10.0,15,7.0,1.0,0.0,15.0,28.0,5.0,0.0
6633,10.0,4,0.0,0.0,0.0,2.0,3.0,0.0,-2.0
6635,10.0,71,20.0,24.0,0.0,131.0,184.0,25.0,-26.0
6636,9.0,2,1.0,0.0,0.0,1.0,2.0,1.0,-2.0
6639,9.0,4,0.0,0.0,0.0,0.0,0.0,6.0,-1.0
6643,10.0,34,2.0,5.0,2.0,20.0,19.0,8.0,-8.0
6650,10.0,45,1.0,4.0,1.0,26.0,58.0,4.0,-26.0
6651,10.0,59,0.0,5.0,5.0,47.0,25.0,84.0,-21.0
6655,10.0,26,6.0,3.0,3.0,19.0,37.0,4.0,-8.0
6656,10.0,92,20.0,26.0,7.0,71.0,174.0,20.0,53.0
6661,9.0,24,2.0,0.0,2.0,28.0,19.0,8.0,0.0
6665,9.0,88,52.0,31.0,6.0,267.0,378.0,26.0,40.0
6666,10.0,67,19.0,22.0,12.0,111.0,205.0,13.0,20.0
6668,10.0,4,1.0,0.0,0.0,10.0,8.0,3.0,-6.0
6669,10.0,52,18.0,14.0,4.0,70.0,101.0,6.0,14.0
6677,10.0,53,15.0,18.0,2.0,52.0,116.0,11.0,14.0
6685,10.0,17,3.0,5.0,2.0,22.0,39.0,10.0,-5.0
6686,9.0,34,6.0,6.0,3.0,72.0,67.0,28.0,15.0
6690,10.0,1,0.0,0.0,0.0,0.0,0.0,1.0,-1.0
6699,10.0,1,0.0,0.0,0.0,0.0,3.0,0.0,-1.0
6703,10.0,52,4.0,7.0,5.0,78.0,78.0,31.0,9.0
6709,9.0,33,1.0,7.0,3.0,34.0,36.0,26.0,8.0
6717,10.0,21,0.0,2.0,0.0,22.0,17.0,10.0,-16.0
6719,9.0,48,10.0,9.0,3.0,67.0,75.0,55.0,-5.0
6720,10.0,40,7.0,11.0,2.0,48.0,67.0,12.0,-23.0
6726,10.0,19,12.0,7.0,5.0,34.0,71.0,15.0,39.0
6739,9.0,5,0.0,0.0,0.0,1.0,1.0,1.0,0.0
6744,9.0,8,3.0,1.0,2.0,20.0,22.0,2.0,2.0
6751,10.0,2,0.0,0.0,0.0,1.0,1.0,0.0,-2.0
6756,10.0,66,10.0,8.0,2.0,52.0,83.0,9.0,-30.0
6760,10.0,6,0.0,0.0,0.0,5.0,10.0,8.0,-9.0
6764,10.0,72,54.0,28.0,11.0,172.0,296.0,16.0,14.0
6765,9.0,3,0.0,0.0,0.0,0.0,0.0,0.0,0.0
6766,10.0,3,0.0,0.0,0.0,0.0,0.0,0.0,0.0
6769,9.0,8,0.0,0.0,0.0,3.0,4.0,7.0,-3.0
6772,10.0,76,2.0,5.0,4.0,99.0,64.0,40.0,42.0
6784,10.0,68,7.0,8.0,7.0,113.0,127.0,56.0,29.0
6792,9.0,21,0.0,4.0,1.0,23.0,25.0,20.0,10.0
6794,9.0,7,2.0,2.0,0.0,9.0,7.0,6.0,-4.0
6801,10.0,9,3.0,0.0,1.0,16.0,11.0,3.0,-6.0
6811,10.0,40,5.0,7.0,5.0,60.0,85.0,7.0,-18.0
6813,10.0,43,18.0,23.0,11.0,48.0,97.0,5.0,31.0
6820,10.0,35,5.0,6.0,2.0,18.0,52.0,6.0,2.0
6827,10.0,6,0.0,2.0,0.0,2.0,1.0,2.0,4.0
6830,9.0,13,1.0,0.0,1.0,11.0,7.0,11.0,-8.0
6835,10.0,6,1.0,0.0,0.0,10.0,10.0,1.0,-3.0
6839,10.0,69,15.0,10.0,1.0,83.0,127.0,10.0,-18.0
6841,10.0,58,55.0,14.0,3.0,102.0,251.0,10.0,6.0
6844,10.0,55,23.0,16.0,1.0,66.0,108.0,15.0,11.0
6850,10.0,59,24.0,21.0,12.0,95.0,202.0,6.0,-12.0
6851,10.0,18,2.0,3.0,0.0,7.0,9.0,4.0,4.0
6860,10.0,55,8.0,12.0,10.0,54.0,100.0,23.0,14.0
6868,10.0,15,14.0,4.0,1.0,45.0,89.0,1.0,3.0
6878,9.0,26,3.0,0.0,1.0,47.0,47.0,19.0,-33.0
6879,9.0,16,1.0,4.0,0.0,9.0,18.0,1.0,-4.0
6885,10.0,39,19.0,8.0,1.0,50.0,95.0,9.0,-11.0
6888,10.0,100,16.0,20.0,11.0,173.0,210.0,52.0,-6.0
6889,9.0,74,3.0,9.0,3.0,75.0,45.0,36.0,-18.0
6890,10.0,19,5.0,10.0,3.0,11.0,24.0,1.0,-2.0
6891,10.0,62,7.0,5.0,3.0,52.0,82.0,14.0,-15.0
6892,10.0,27,2.0,2.0,1.0,20.0,18.0,9.0,-12.0
6893,10.0,21,4.0,3.0,2.0,28.0,36.0,15.0,0.0
6896,9.0,71,10.0,13.0,3.0,208.0,149.0,94.0,-29.0
6897,9.0,13,2.0,2.0,1.0,34.0,20.0,11.0,-6.0
6899,10.0,9,2.0,0.0,0.0,13.0,9.0,8.0,0.0
6900,9.0,14,5.0,3.0,0.0,16.0,29.0,3.0,-10.0
6901,10.0,81,28.0,16.0,5.0,114.0,157.0,35.0,-23.0
6902,10.0,35,7.0,3.0,0.0,40.0,40.0,30.0,12.0
6903,10.0,13,7.0,2.0,2.0,11.0,25.0,2.0,3.0
6904,9.0,89,2.0,8.0,6.0,52.0,41.0,117.0,14.0
6906,10.0,39,5.0,1.0,1.0,58.0,45.0,2.0,-9.0
6907,10.0,50,8.0,0.0,2.0,40.0,50.0,16.0,6.0
6909,9.0,3,0.0,0.0,0.0,0.0,0.0,0.0,1.0
6911,9.0,35,10.0,2.0,1.0,50.0,55.0,33.0,6.0
6913,10.0,39,1.0,0.0,0.0,20.0,24.0,5.0,-15.0
6915,9.0,52,4.0,1.0,1.0,17.0,15.0,30.0,-39.0
6917,9.0,71,5.0,4.0,3.0,70.0,55.0,46.0,-1.0
6920,10.0,64,24.0,17.0,2.0,64.0,132.0,11.0,17.0
6921,10.0,24,2.0,0.0,0.0,7.0,8.0,14.0,-9.0
6925,9.0,15,0.0,1.0,1.0,11.0,16.0,5.0,-11.0
6926,9.0,65,2.0,4.0,0.0,42.0,34.0,60.0,-16.0
6927,9.0,1,0.0,0.0,0.0,2.0,0.0,0.0,-1.0
6928,9.0,5,0.0,0.0,0.0,4.0,1.0,0.0,0.0
6929,9.0,2,0.0,0.0,0.0,2.0,1.0,0.0,-6.0
6930,9.0,54,1.0,6.0,3.0,33.0,29.0,52.0,-24.0
6931,9.0,1,0.0,0.0,0.0,1.0,1.0,2.0,0.0
6932,10.0,57,6.0,6.0,1.0,45.0,50.0,24.0,-14.0
6933,10.0,24,12.0,5.0,4.0,59.0,105.0,6.0,0.0
6935,10.0,9,2.0,1.0,0.0,10.0,21.0,2.0,0.0
6936,10.0,72,10.0,14.0,1.0,55.0,81.0,30.0,-4.0
6937,10.0,10,1.0,1.0,0.0,13.0,12.0,3.0,0.0
6938,10.0,51,7.0,6.0,0.0,46.0,38.0,12.0,-22.0
6939,10.0,7,0.0,0.0,0.0,2.0,4.0,0.0,2.0
6940,10.0,5,1.0,3.0,2.0,13.0,11.0,0.0,-1.0
6941,9.0,40,4.0,15.0,2.0,78.0,53.0,13.0,32.0
6942,10.0,3,1.0,1.0,1.0,7.0,5.0,1.0,0.0
6943,10.0,11,4.0,2.0,0.0,14.0,20.0,1.0,6.0
6945,9.0,66,8.0,26.0,6.0,61.0,86.0,7.0,-8.0
6946,9.0,36,0.0,4.0,0.0,12.0,8.0,23.0,-50.0
6947,9.0,36,0.0,1.0,1.0,10.0,5.0,15.0,-56.0
6948,9.0,38,1.0,5.0,1.0,20.0,22.0,32.0,-52.0
6949,10.0,54,3.0,1.0,0.0,22.0,32.0,63.0,-102.0
6951,10.0,23,1.0,5.0,1.0,13.0,18.0,8.0,-7.0
6952,10.0,53,0.0,2.0,0.0,17.0,29.0,7.0,-119.0
6954,10.0,5,1.0,0.0,0.0,3.0,6.0,1.0,-6.0
6955,10.0,2,0.0,1.0,0.0,5.0,4.0,1.0,2.0
6956,10.0,55,24.0,14.0,2.0,86.0,130.0,22.0,4.0
6958,9.0,97,1.0,10.0,3.0,59.0,50.0,66.0,8.0
6959,10.0,1,0.0,0.0,0.0,4.0,2.0,0.0,4.0
6960,10.0,30,0.0,1.0,1.0,12.0,20.0,6.0,-53.0
6962,10.0,1,0.0,0.0,0.0,0.0,2.0,0.0,-1.0
6963,9.0,10,0.0,1.0,0.0,4.0,2.0,1.0,-4.0
6965,9.0,14,0.0,1.0,0.0,6.0,7.0,9.0,-4.0
6966,9.0,19,1.0,0.0,1.0,7.0,6.0,8.0,-28.0
6967,10.0,4,0.0,0.0,0.0,4.0,2.0,0.0,-4.0
6968,10.0,24,15.0,6.0,3.0,38.0,87.0,5.0,-4.0
6970,10.0,59,40.0,22.0,7.0,137.0,205.0,0.0,-51.0
6971,10.0,52,40.0,19.0,8.0,113.0,205.0,2.0,-19.0
6972,10.0,30,5.0,6.0,3.0,42.0,58.0,0.0,-27.0
6974,10.0,4,0.0,0.0,0.0,4.0,10.0,0.0,-2.0
6975,9.0,66,2.0,12.0,8.0,81.0,73.0,66.0,-30.0
6976,10.0,38,13.0,17.0,1.0,68.0,119.0,9.0,-23.0
6977,10.0,44,5.0,2.0,1.0,40.0,63.0,13.0,-32.0
6978,9.0,37,0.0,3.0,1.0,38.0,29.0,52.0,-3.0
6979,10.0,1,0.0,0.0,0.0,0.0,0.0,0.0,0.0
6980,10.0,2,0.0,1.0,1.0,0.0,0.0,0.0,1.0
6982,9.0,92,25.0,43.0,16.0,181.0,229.0,71.0,86.0
6983,9.0,24,2.0,4.0,2.0,39.0,33.0,14.0,18.0
6985,9.0,14,1.0,1.0,0.0,9.0,20.0,5.0,0.0
6986,10.0,93,20.0,26.0,7.0,92.0,188.0,31.0,21.0
6987,10.0,81,75.0,49.0,13.0,279.0,433.0,27.0,82.0
6988,10.0,43,13.0,12.0,2.0,55.0,105.0,19.0,40.0
6989,10.0,3,1.0,0.0,0.0,2.0,4.0,1.0,4.0
6990,10.0,93,30.0,20.0,14.0,178.0,235.0,86.0,51.0
6991,10.0,4,0.0,3.0,0.0,3.0,2.0,1.0,4.0
6992,10.0,4,2.0,1.0,0.0,9.0,17.0,1.0,0.0
6996,9.0,23,0.0,1.0,1.0,11.0,6.0,6.0,-8.0
6997,10.0,8,1.0,0.0,0.0,4.0,8.0,1.0,-6.0
7000,10.0,12,1.0,1.0,1.0,9.0,6.0,2.0,4.0
7001,9.0,1,0.0,0.0,0.0,0.0,1.0,1.0,-7.0
7002,9.0,58,1.0,1.0,1.0,24.0,29.0,38.0,20.0
7004,9.0,17,0.0,1.0,0.0,6.0,8.0,2.0,-4.0
7005,10.0,63,15.0,8.0,0.0,115.0,128.0,14.0,-1.0
7006,9.0,41,1.0,2.0,3.0,17.0,15.0,18.0,-14.0
7007,10.0,33,8.0,5.0,5.0,62.0,83.0,7.0,-5.0
7008,10.0,7,0.0,0.0,1.0,3.0,6.0,1.0,1.0
7011,10.0,3,1.0,0.0,0.0,3.0,5.0,0.0,4.0
7012,9.0,1,0.0,0.0,0.0,0.0,1.0,0.0,0.0
7013,9.0,36,0.0,4.0,2.0,9.0,21.0,13.0,-36.0
7015,9.0,19,0.0,3.0,0.0,16.0,10.0,3.0,-2.0
7016,9.0,11,0.0,3.0,0.0,10.0,3.0,3.0,-2.0
7018,9.0,5,0.0,1.0,0.0,0.0,1.0,3.0,0.0
7020,10.0,25,2.0,4.0,1.0,13.0,18.0,6.0,-8.0
7021,10.0,66,16.0,16.0,3.0,125.0,122.0,42.0,27.0
7022,9.0,53,0.0,7.0,4.0,54.0,35.0,48.0,-2.0
7025,10.0,67,18.0,14.0,11.0,82.0,177.0,10.0,0.0
7026,10.0,47,27.0,23.0,4.0,74.0,139.0,21.0,36.0
7028,9.0,19,1.0,2.0,2.0,13.0,10.0,11.0,2.0
7029,10.0,13,2.0,1.0,0.0,5.0,13.0,1.0,-10.0
7030,10.0,81,30.0,10.0,4.0,92.0,165.0,4.0,22.0
7031,10.0,38,3.0,2.0,0.0,18.0,25.0,6.0,0.0
7032,9.0,45,3.0,2.0,2.0,33.0,32.0,17.0,13.0
7033,10.0,102,24.0,31.0,12.0,148.0,183.0,28.0,87.0
7034,9.0,19,0.0,1.0,1.0,16.0,13.0,6.0,9.0
7035,9.0,14,0.0,0.0,0.0,18.0,11.0,4.0,-11.0
7036,10.0,4,0.0,0.0,0.0,0.0,2.0,0.0,1.0
7037,10.0,38,0.0,1.0,0.0,7.0,11.0,3.0,6.0
7039,10.0,56,15.0,8.0,4.0,59.0,109.0,28.0,-7.0
7040,9.0,15,0.0,0.0,2.0,6.0,3.0,5.0,-21.0
7042,9.0,4,0.0,1.0,0.0,0.0,4.0,1.0,-1.0
7043,10.0,28,6.0,0.0,0.0,25.0,35.0,13.0,-23.0
7045,10.0,22,23.0,4.0,3.0,43.0,91.0,7.0,-1.0
7046,9.0,10,1.0,0.0,0.0,10.0,16.0,3.0,-13.0
7048,9.0,50,0.0,1.0,1.0,48.0,18.0,22.0,11.0
7049,10.0,100,57.0,36.0,9.0,187.0,289.0,36.0,45.0
7050,10.0,101,52.0,21.0,6.0,137.0,254.0,11.0,39.0
7051,10.0,75,15.0,10.0,0.0,73.0,119.0,20.0,9.0
7053,10.0,41,16.0,5.0,0.0,66.0,69.0,7.0,3.0
7054,9.0,32,4.0,2.0,2.0,50.0,61.0,21.0,4.0
7055,9.0,70,6.0,7.0,1.0,89.0,56.0,68.0,20.0
7056,10.0,95,63.0,28.0,8.0,235.0,409.0,76.0,37.0
7057,10.0,10,3.0,2.0,0.0,11.0,19.0,4.0,1.0
7058,9.0,67,2.0,7.0,3.0,73.0,36.0,35.0,21.0
7059,10.0,102,27.0,35.0,12.0,87.0,151.0,27.0,51.0
7060,10.0,26,1.0,5.0,2.0,13.0,14.0,10.0,-3.0
7061,10.0,84,28.0,14.0,4.0,151.0,198.0,22.0,8.0
7062,9.0,54,7.0,4.0,1.0,30.0,63.0,14.0,-15.0
7073,10.0,95,38.0,29.0,6.0,148.0,227.0,33.0,14.0
7074,10.0,18,6.0,6.0,1.0,30.0,55.0,2.0,12.0
7076,10.0,72,18.0,10.0,1.0,98.0,152.0,10.0,-15.0
7077,9.0,10,0.0,2.0,1.0,12.0,2.0,3.0,3.0
7078,10.0,66,41.0,18.0,5.0,149.0,225.0,7.0,18.0
7079,9.0,34,5.0,8.0,4.0,61.0,72.0,20.0,8.0
7080,10.0,1,0.0,0.0,0.0,0.0,0.0,0.0,0.0
7081,10.0,51,1.0,4.0,2.0,28.0,33.0,20.0,-24.0
7082,10.0,1,0.0,0.0,0.0,0.0,0.0,0.0,0.0
7083,10.0,1,0.0,0.0,0.0,0.0,0.0,0.0,0.0
7084,10.0,100,6.0,11.0,3.0,102.0,75.0,59.0,-9.0
7085,10.0,81,39.0,11.0,7.0,123.0,203.0,41.0,-29.0
7086,9.0,25,0.0,3.0,0.0,14.0,5.0,14.0,9.0
7087,9.0,5,0.0,0.0,0.0,1.0,1.0,2.0,2.0
7088,10.0,71,5.0,7.0,1.0,55.0,73.0,64.0,1.0
7090,10.0,23,5.0,8.0,5.0,27.0,34.0,13.0,16.0
7094,9.0,46,2.0,4.0,2.0,51.0,31.0,45.0,4.0
7095,10.0,1,0.0,0.0,0.0,0.0,1.0,0.0,0.0
7096,10.0,36,2.0,4.0,0.0,42.0,30.0,27.0,-29.0
7097,10.0,104,68.0,25.0,13.0,125.0,297.0,44.0,38.0
7098,10.0,72,31.0,31.0,8.0,81.0,163.0,8.0,32.0
7102,10.0,32,10.0,13.0,4.0,56.0,72.0,2.0,17.0
7103,10.0,3,0.0,0.0,0.0,5.0,3.0,1.0,-3.0
7104,10.0,39,5.0,6.0,0.0,30.0,42.0,20.0,-16.0
7105,10.0,54,19.0,8.0,6.0,111.0,151.0,22.0,-16.0
7106,10.0,20,19.0,10.0,1.0,50.0,88.0,3.0,24.0
7108,9.0,54,4.0,5.0,4.0,68.0,50.0,71.0,-11.0
7110,10.0,73,22.0,13.0,4.0,96.0,123.0,21.0,3.0
7111,9.0,85,17.0,13.0,2.0,194.0,148.0,95.0,20.0
7114,10.0,66,22.0,12.0,2.0,97.0,128.0,19.0,-20.0
7116,10.0,98,48.0,26.0,8.0,164.0,292.0,17.0,3.0
7117,9.0,65,6.0,3.0,2.0,80.0,53.0,35.0,-33.0
7118,10.0,104,103.0,26.0,15.0,235.0,519.0,69.0,7.0
7119,10.0,1,0.0,0.0,0.0,0.0,0.0,0.0,0.0
7122,9.0,2,0.0,0.0,0.0,1.0,1.0,0.0,-2.0
7123,10.0,34,15.0,12.0,2.0,61.0,90.0,7.0,10.0
7124,10.0,38,15.0,16.0,3.0,83.0,121.0,6.0,10.0
7125,9.0,6,0.0,1.0,0.0,10.0,10.0,3.0,-1.0
7126,9.0,25,9.0,5.0,1.0,27.0,49.0,2.0,-20.0
7127,9.0,3,0.0,1.0,0.0,1.0,1.0,0.0,5.0
7131,10.0,77,15.0,29.0,10.0,128.0,206.0,39.0,-16.0
7132,9.0,52,11.0,13.0,1.0,120.0,117.0,45.0,-10.0
7133,10.0,1,0.0,1.0,0.0,2.0,1.0,1.0,-2.0
7134,9.0,50,7.0,5.0,1.0,79.0,60.0,23.0,-10.0
7136,9.0,80,11.0,14.0,3.0,158.0,124.0,126.0,10.0
7137,9.0,24,1.0,4.0,0.0,20.0,23.0,11.0,-4.0
7138,10.0,59,12.0,11.0,0.0,69.0,99.0,38.0,9.0
7140,10.0,16,8.0,4.0,1.0,13.0,32.0,4.0,-13.0
7141,9.0,33,1.0,3.0,0.0,13.0,19.0,17.0,-7.0
7143,9.0,5,0.0,0.0,0.0,1.0,4.0,0.0,1.0
7145,10.0,42,7.0,4.0,2.0,50.0,61.0,8.0,-10.0
7146,10.0,79,12.0,9.0,0.0,127.0,142.0,11.0,-25.0
7148,9.0,14,1.0,1.0,1.0,24.0,23.0,29.0,0.0
7150,9.0,2,0.0,0.0,0.0,2.0,1.0,1.0,-3.0
7151,9.0,18,3.0,2.0,0.0,21.0,25.0,17.0,-11.0
7153,10.0,54,42.0,25.0,10.0,109.0,220.0,44.0,26.0
7154,9.0,47,20.0,26.0,16.0,171.0,211.0,17.0,41.0
7159,10.0,49,5.0,1.0,2.0,21.0,45.0,15.0,-29.0
7162,9.0,5,0.0,0.0,0.0,3.0,1.0,0.0,-1.0
7163,9.0,58,2.0,5.0,2.0,64.0,61.0,20.0,-24.0
7164,10.0,67,5.0,2.0,0.0,58.0,71.0,43.0,-43.0
7165,10.0,57,14.0,5.0,1.0,41.0,110.0,20.0,-19.0
7167,10.0,69,3.0,0.0,0.0,40.0,68.0,17.0,-62.0
7168,9.0,8,0.0,0.0,0.0,3.0,5.0,3.0,-4.0
7169,10.0,63,17.0,6.0,3.0,77.0,161.0,38.0,-51.0
7170,9.0,39,0.0,2.0,0.0,19.0,23.0,15.0,-25.0
7171,10.0,37,5.0,2.0,0.0,34.0,44.0,8.0,-16.0
7172,9.0,11,1.0,1.0,0.0,1.0,4.0,0.0,-5.0
7173,10.0,71,14.0,7.0,1.0,71.0,177.0,26.0,-65.0
7174,10.0,19,2.0,4.0,1.0,4.0,21.0,1.0,0.0
7177,10.0,82,27.0,26.0,4.0,77.0,159.0,21.0,47.0
7178,10.0,1,0.0,0.0,0.0,0.0,2.0,0.0,1.0
7179,9.0,60,1.0,10.0,3.0,35.0,49.0,53.0,-20.0
7180,10.0,2,0.0,0.0,0.0,1.0,2.0,1.0,-2.0
7182,10.0,48,3.0,12.0,7.0,83.0,93.0,43.0,11.0
7183,10.0,10,10.0,6.0,1.0,24.0,46.0,3.0,13.0
7184,10.0,24,2.0,4.0,1.0,44.0,55.0,7.0,-20.0
7186,9.0,45,2.0,1.0,2.0,47.0,42.0,22.0,-5.0
7187,9.0,33,1.0,2.0,1.0,32.0,24.0,39.0,-3.0
7188,10.0,17,3.0,2.0,0.0,3.0,21.0,2.0,3.0
7190,10.0,62,14.0,7.0,2.0,92.0,126.0,9.0,-54.0
7192,9.0,11,0.0,1.0,2.0,7.0,7.0,0.0,4.0
7196,10.0,34,24.0,11.0,2.0,47.0,103.0,4.0,18.0
7199,10.0,73,22.0,11.0,3.0,48.0,124.0,20.0,-27.0
7200,9.0,65,20.0,16.0,7.0,162.0,244.0,70.0,18.0
7201,10.0,92,81.0,34.0,10.0,273.0,400.0,11.0,59.0
7202,9.0,1,0.0,0.0,0.0,0.0,0.0,0.0,0.0
7203,10.0,21,11.0,2.0,4.0,35.0,48.0,3.0,-1.0
7204,10.0,43,10.0,11.0,3.0,63.0,112.0,13.0,0.0
7205,10.0,24,13.0,5.0,3.0,35.0,57.0,2.0,4.0
7206,10.0,1,0.0,0.0,0.0,0.0,0.0,0.0,0.0
7207,9.0,35,2.0,5.0,3.0,30.0,54.0,24.0,-16.0
7211,10.0,10,1.0,0.0,0.0,16.0,11.0,2.0,-3.0
7212,9.0,19,3.0,3.0,1.0,14.0,17.0,12.0,-8.0
7213,10.0,58,22.0,16.0,10.0,81.0,181.0,12.0,15.0
7215,10.0,90,34.0,25.0,8.0,176.0,266.0,64.0,-8.0
7216,10.0,12,0.0,0.0,0.0,8.0,11.0,5.0,4.0
7217,10.0,73,80.0,22.0,7.0,296.0,386.0,20.0,71.0
7220,10.0,82,20.0,12.0,7.0,85.0,114.0,28.0,32.0
7223,10.0,42,22.0,27.0,5.0,78.0,148.0,4.0,17.0
7224,10.0,6,8.0,2.0,1.0,8.0,28.0,2.0,1.0
7225,10.0,7,5.0,0.0,0.0,11.0,29.0,0.0,-6.0
7226,10.0,2,0.0,0.0,0.0,0.0,0.0,1.0,-1.0
7230,9.0,22,5.0,7.0,5.0,36.0,47.0,13.0,0.0
7232,10.0,73,18.0,24.0,13.0,97.0,139.0,35.0,11.0
7233,9.0,77,12.0,23.0,8.0,175.0,105.0,80.0,41.0
7235,9.0,48,7.0,4.0,9.0,69.0,57.0,27.0,2.0
7236,10.0,81,24.0,32.0,10.0,127.0,202.0,46.0,33.0
7237,10.0,2,0.0,0.0,0.0,2.0,0.0,1.0,-1.0
7238,10.0,74,50.0,26.0,14.0,181.0,370.0,14.0,-26.0
7239,10.0,59,29.0,18.0,2.0,92.0,146.0,16.0,27.0
7255,10.0,5,9.0,1.0,0.0,12.0,19.0,0.0,7.0
7259,10.0,5,4.0,1.0,1.0,6.0,19.0,0.0,8.0
7290,10.0,5,0.0,0.0,1.0,5.0,4.0,0.0,-4.0
7291,10.0,11,0.0,1.0,0.0,6.0,14.0,3.0,-7.0
7292,9.0,1,0.0,0.0,0.0,0.0,0.0,0.0,-2.0
7301,9.0,5,0.0,0.0,0.0,3.0,2.0,1.0,-3.0
7304,10.0,2,0.0,0.0,0.0,0.0,0.0,1.0,0.0
7313,9.0,5,0.0,1.0,0.0,5.0,6.0,4.0,3.0
7314,10.0,5,3.0,2.0,0.0,13.0,30.0,0.0,2.0
7318,9.0,5,0.0,0.0,0.0,1.0,4.0,5.0,-2.0
7320,10.0,5,0.0,0.0,0.0,4.0,2.0,1.0,-5.0
7322,9.0,5,0.0,0.0,0.0,7.0,11.0,3.0,15.0
7325,10.0,5,2.0,1.0,0.0,1.0,5.0,0.0,-1.0
7327,10.0,5,0.0,0.0,0.0,3.0,5.0,0.0,-3.0
7328,10.0,5,10.0,4.0,0.0,17.0,31.0,2.0,14.0
7329,10.0,5,6.0,1.0,0.0,11.0,19.0,3.0,10.0
7331,10.0,5,3.0,1.0,3.0,4.0,13.0,1.0,2.0
7356,9.0,5,0.0,2.0,1.0,7.0,8.0,2.0,-6.0
7358,10.0,5,4.0,1.0,0.0,6.0,10.0,0.0,1.0
7360,9.0,5,0.0,0.0,0.0,5.0,1.0,2.0,-7.0
7364,9.0,5,0.0,0.0,0.0,2.0,1.0,7.0,-6.0
7365,9.0,5,0.0,1.0,0.0,2.0,0.0,3.0,0.0
7367,10.0,5,2.0,1.0,0.0,9.0,9.0,0.0,-3.0
7378,10.0,5,0.0,1.0,0.0,3.0,12.0,1.0,-4.0
7386,10.0,7,0.0,2.0,0.0,14.0,15.0,3.0,-13.0
7409,10.0,28,26.0,14.0,4.0,98.0,154.0,3.0,14.0
7441,9.0,5,0.0,0.0,1.0,5.0,1.0,8.0,-4.0
7444,9.0,16,4.0,4.0,0.0,35.0,34.0,9.0,2.0
7454,10.0,18,0.0,0.0,1.0,12.0,20.0,10.0,-3.0
7456,10.0,15,2.0,0.0,0.0,10.0,15.0,1.0,-2.0
7460,9.0,12,0.0,1.0,0.0,7.0,10.0,5.0,0.0
7461,10.0,19,3.0,1.0,0.0,7.0,13.0,6.0,2.0
7470,10.0,19,16.0,10.0,6.0,57.0,93.0,1.0,14.0
7471,10.0,2,0.0,0.0,0.0,1.0,1.0,1.0,-7.0
7474,9.0,1,0.0,2.0,1.0,0.0,0.0,0.0,0.0
7475,9.0,14,1.0,3.0,1.0,22.0,20.0,8.0,2.0
7498,10.0,5,1.0,0.0,1.0,1.0,6.0,1.0,-6.0
7516,10.0,5,7.0,0.0,1.0,6.0,24.0,4.0,-5.0
7521,9.0,1,0.0,0.0,0.0,0.0,0.0,0.0,0.0
7522,10.0,1,0.0,0.0,0.0,0.0,0.0,0.0,0.0
7523,10.0,1,0.0,0.0,0.0,0.0,0.0,0.0,0.0
7524,10.0,15,0.0,1.0,2.0,7.0,7.0,5.0,-14.0
7538,9.0,2,0.0,0.0,0.0,1.0,2.0,3.0,1.0
7543,9.0,53,2.0,3.0,4.0,56.0,30.0,31.0,17.0
7547,10.0,1,1.0,0.0,0.0,4.0,3.0,0.0,-2.0
7548,10.0,7,0.0,0.0,0.0,3.0,4.0,0.0,-20.0
7553,10.0,76,30.0,28.0,8.0,215.0,272.0,15.0,15.0
7554,9.0,1,0.0,0.0,0.0,0.0,0.0,0.0,0.0
7555,9.0,1,0.0,0.0,0.0,0.0,0.0,0.0,0.0
7556,9.0,1,0.0,0.0,0.0,0.0,0.0,0.0,0.0
7557,10.0,1,0.0,0.0,0.0,0.0,0.0,0.0,0.0
7558,10.0,7,3.0,1.0,0.0,15.0,13.0,4.0,3.0
7561,9.0,6,2.0,8.0,0.0,6.0,18.0,2.0,6.0
7564,10.0,73,64.0,35.0,11.0,174.0,353.0,37.0,-2.0
7565,10.0,4,0.0,0.0,2.0,2.0,9.0,0.0,0.0
7567,10.0,17,10.0,3.0,0.0,11.0,47.0,2.0,-15.0
7568,10.0,27,7.0,7.0,3.0,38.0,50.0,3.0,-10.0
7569,10.0,23,7.0,11.0,3.0,15.0,45.0,8.0,-8.0
7574,9.0,5,0.0,0.0,0.0,5.0,1.0,5.0,5.0
7575,10.0,5,0.0,0.0,0.0,0.0,1.0,0.0,-3.0
7576,10.0,5,1.0,0.0,0.0,6.0,10.0,0.0,-4.0
7577,10.0,5,0.0,1.0,0.0,2.0,5.0,1.0,-1.0
7578,10.0,4,8.0,4.0,1.0,19.0,35.0,2.0,-1.0
7582,10.0,5,1.0,4.0,0.0,7.0,7.0,0.0,7.0
7583,9.0,5,0.0,1.0,1.0,6.0,5.0,4.0,9.0
7584,9.0,1,0.0,0.0,0.0,1.0,1.0,0.0,1.0
7586,10.0,50,18.0,8.0,2.0,126.0,153.0,8.0,4.0
7587,10.0,6,0.0,1.0,0.0,3.0,8.0,1.0,-7.0
7589,10.0,27,5.0,2.0,2.0,31.0,46.0,7.0,4.0
7591,10.0,18,0.0,2.0,1.0,15.0,20.0,6.0,4.0
7592,10.0,44,12.0,9.0,4.0,85.0,108.0,22.0,5.0
7593,10.0,12,0.0,1.0,0.0,6.0,6.0,4.0,-14.0
7594,9.0,67,8.0,12.0,5.0,94.0,73.0,58.0,-35.0
7598,9.0,53,37.0,32.0,16.0,197.0,274.0,45.0,29.0
7599,9.0,51,9.0,9.0,6.0,65.0,76.0,55.0,19.0
7601,10.0,70,29.0,19.0,4.0,89.0,168.0,35.0,2.0
7604,10.0,89,35.0,17.0,5.0,115.0,240.0,43.0,-17.0
7605,10.0,58,7.0,10.0,2.0,51.0,104.0,11.0,-12.0
7606,10.0,47,11.0,13.0,3.0,72.0,99.0,8.0,-22.0
7607,9.0,58,66.0,26.0,13.0,152.0,276.0,16.0,-11.0
7608,10.0,1,0.0,0.0,0.0,0.0,0.0,0.0,0.0
7609,10.0,76,33.0,17.0,4.0,120.0,208.0,20.0,42.0
7611,9.0,23,1.0,2.0,2.0,26.0,15.0,13.0,15.0
7613,10.0,54,2.0,4.0,2.0,51.0,50.0,41.0,0.0
7614,9.0,8,7.0,3.0,5.0,22.0,36.0,8.0,18.0
7616,9.0,68,17.0,18.0,3.0,83.0,128.0,29.0,5.0
7617,9.0,10,0.0,2.0,0.0,7.0,4.0,7.0,-1.0
7620,9.0,1,0.0,0.0,0.0,0.0,0.0,0.0,0.0
7624,10.0,69,36.0,7.0,3.0,113.0,182.0,18.0,14.0
7626,9.0,60,13.0,6.0,1.0,62.0,76.0,17.0,-29.0
7627,10.0,82,24.0,21.0,6.0,111.0,173.0,24.0,-10.0
7629,10.0,52,4.0,4.0,12.0,86.0,57.0,41.0,-15.0
7630,10.0,37,16.0,7.0,1.0,70.0,92.0,12.0,12.0
7660,9.0,5,0.0,2.0,0.0,6.0,18.0,0.0,8.0
7678,10.0,33,2.0,5.0,1.0,51.0,52.0,12.0,-26.0
7705,10.0,10,10.0,7.0,0.0,23.0,29.0,1.0,-1.0
7706,10.0,69,29.0,15.0,7.0,106.0,165.0,25.0,28.0
7707,9.0,10,0.0,0.0,2.0,14.0,17.0,5.0,5.0
7710,10.0,46,28.0,22.0,6.0,105.0,194.0,9.0,12.0
7711,10.0,1,0.0,0.0,0.0,0.0,0.0,2.0,-1.0
7712,10.0,42,16.0,13.0,2.0,41.0,87.0,9.0,15.0
7713,9.0,23,0.0,1.0,0.0,11.0,3.0,11.0,-4.0
7715,9.0,92,17.0,10.0,7.0,127.0,116.0,82.0,27.0
7716,10.0,76,28.0,5.0,4.0,160.0,204.0,46.0,-43.0
7717,9.0,15,0.0,1.0,1.0,18.0,9.0,22.0,-8.0
7719,10.0,39,39.0,11.0,1.0,94.0,205.0,9.0,17.0
7720,9.0,39,5.0,5.0,2.0,46.0,50.0,35.0,1.0
7721,10.0,22,8.0,2.0,0.0,47.0,50.0,7.0,-11.0
7723,10.0,5,2.0,1.0,0.0,6.0,12.0,0.0,-13.0
7726,10.0,102,45.0,24.0,8.0,120.0,221.0,22.0,19.0
7727,9.0,86,10.0,10.0,3.0,156.0,99.0,71.0,1.0
7728,10.0,42,34.0,18.0,3.0,97.0,205.0,15.0,5.0
7729,10.0,52,22.0,33.0,9.0,91.0,127.0,21.0,47.0
7735,10.0,36,18.0,11.0,5.0,54.0,106.0,7.0,-6.0
7736,10.0,5,3.0,0.0,0.0,4.0,15.0,2.0,2.0
7748,10.0,40,1.0,2.0,2.0,25.0,20.0,19.0,-10.0
7754,10.0,9,9.0,6.0,0.0,14.0,38.0,1.0,21.0
7756,10.0,61,14.0,5.0,0.0,73.0,94.0,18.0,13.0
7757,10.0,96,31.0,38.0,13.0,109.0,212.0,29.0,30.0
7758,10.0,11,2.0,2.0,0.0,5.0,9.0,5.0,-11.0
7759,9.0,37,0.0,2.0,2.0,21.0,23.0,9.0,9.0
7760,9.0,29,16.0,11.0,2.0,68.0,92.0,6.0,12.0
7761,9.0,44,1.0,2.0,0.0,26.0,12.0,20.0,-12.0
7762,10.0,61,20.0,8.0,5.0,114.0,159.0,8.0,4.0
7763,10.0,55,21.0,11.0,3.0,55.0,124.0,14.0,33.0
7766,10.0,34,7.0,2.0,0.0,50.0,66.0,8.0,-65.0
7767,10.0,54,3.0,9.0,1.0,34.0,75.0,27.0,-77.0
7768,10.0,66,45.0,9.0,1.0,198.0,259.0,46.0,-85.0
7769,10.0,95,22.0,16.0,2.0,99.0,190.0,17.0,-26.0
7770,9.0,36,0.0,0.0,1.0,16.0,14.0,19.0,-15.0
7771,9.0,92,10.0,5.0,1.0,141.0,133.0,57.0,23.0
7772,10.0,58,6.0,3.0,5.0,58.0,51.0,27.0,-61.0
7774,10.0,31,0.0,1.0,0.0,22.0,12.0,4.0,-10.0
7775,10.0,45,11.0,5.0,1.0,44.0,74.0,7.0,9.0
7776,9.0,34,1.0,1.0,0.0,22.0,8.0,19.0,7.0
7777,9.0,3,0.0,1.0,0.0,1.0,2.0,2.0,6.0
7780,10.0,77,26.0,22.0,13.0,125.0,175.0,16.0,3.0
7781,10.0,38,25.0,9.0,2.0,84.0,173.0,6.0,5.0
7782,9.0,28,1.0,0.0,0.0,18.0,14.0,13.0,11.0
7783,10.0,19,9.0,5.0,2.0,34.0,45.0,6.0,9.0
7788,10.0,57,47.0,32.0,12.0,137.0,278.0,16.0,-2.0
7789,10.0,9,0.0,0.0,0.0,3.0,3.0,2.0,0.0
7792,9.0,43,1.0,2.0,1.0,23.0,23.0,10.0,-10.0
7793,10.0,22,13.0,4.0,1.0,47.0,64.0,12.0,-9.0
7794,10.0,54,41.0,23.0,10.0,95.0,237.0,8.0,9.0
7795,9.0,1,0.0,0.0,0.0,0.0,0.0,0.0,0.0
7796,9.0,1,0.0,0.0,0.0,0.0,0.0,0.0,0.0
7797,10.0,24,0.0,4.0,1.0,14.0,24.0,26.0,3.0
7798,9.0,1,0.0,0.0,0.0,0.0,1.0,0.0,0.0
7799,10.0,34,12.0,8.0,6.0,66.0,70.0,3.0,6.0
7800,9.0,93,8.0,12.0,5.0,104.0,92.0,59.0,-53.0
7802,10.0,100,103.0,73.0,22.0,256.0,479.0,19.0,96.0
7803,9.0,88,24.0,18.0,10.0,144.0,175.0,76.0,2.0
7804,10.0,13,3.0,5.0,3.0,25.0,26.0,7.0,19.0
7805,9.0,64,6.0,18.0,6.0,59.0,58.0,43.0,25.0
7807,9.0,22,6.0,12.0,4.0,24.0,52.0,8.0,9.0
7812,9.0,52,4.0,5.0,5.0,30.0,37.0,58.0,2.0
7813,10.0,103,47.0,21.0,6.0,237.0,346.0,15.0,14.0
7815,10.0,73,20.0,15.0,7.0,73.0,135.0,49.0,27.0
7817,9.0,4,1.0,0.0,0.0,4.0,3.0,0.0,2.0
7818,10.0,75,44.0,41.0,14.0,158.0,237.0,35.0,8.0
7819,10.0,10,0.0,0.0,0.0,4.0,3.0,3.0,-3.0
7820,9.0,2,0.0,0.0,0.0,0.0,0.0,0.0,0.0
7822,10.0,2,0.0,0.0,0.0,0.0,0.0,0.0,0.0
7823,10.0,35,10.0,4.0,1.0,40.0,58.0,4.0,-12.0
7824,10.0,21,1.0,0.0,0.0,12.0,8.0,3.0,-29.0
7825,10.0,13,21.0,9.0,2.0,38.0,63.0,3.0,12.0
7826,10.0,30,11.0,3.0,1.0,25.0,70.0,3.0,-22.0
7827,10.0,26,9.0,5.0,1.0,34.0,61.0,1.0,-4.0
7828,10.0,103,110.0,37.0,9.0,267.0,493.0,26.0,28.0
7829,9.0,7,1.0,0.0,0.0,4.0,10.0,2.0,0.0
7830,9.0,11,0.0,0.0,0.0,8.0,3.0,6.0,-8.0
7831,10.0,7,1.0,0.0,0.0,4.0,4.0,2.0,-3.0
7832,10.0,11,1.0,1.0,1.0,9.0,9.0,1.0,9.0
7833,9.0,22,1.0,4.0,2.0,22.0,14.0,22.0,2.0
7834,10.0,31,6.0,2.0,4.0,22.0,40.0,3.0,-11.0
7836,9.0,68,6.0,14.0,1.0,77.0,83.0,74.0,2.0
7838,10.0,84,118.0,39.0,10.0,267.0,528.0,21.0,69.0
7839,9.0,29,10.0,8.0,2.0,30.0,65.0,3.0,7.0
7840,10.0,43,40.0,25.0,5.0,85.0,197.0,8.0,-1.0
7841,9.0,1,0.0,0.0,0.0,0.0,0.0,0.0,0.0
7842,10.0,3,1.0,1.0,0.0,4.0,4.0,1.0,-1.0
7844,10.0,2,2.0,0.0,1.0,4.0,4.0,0.0,1.0
7846,10.0,76,49.0,14.0,9.0,140.0,239.0,8.0,8.0
7847,10.0,88,44.0,26.0,8.0,135.0,280.0,16.0,27.0
7848,10.0,4,2.0,1.0,0.0,0.0,4.0,0.0,-7.0
7852,9.0,16,1.0,4.0,2.0,20.0,39.0,25.0,3.0
7853,10.0,10,1.0,1.0,0.0,6.0,15.0,3.0,-1.0
7854,10.0,70,39.0,55.0,17.0,176.0,304.0,23.0,-2.0
7855,10.0,47,49.0,26.0,6.0,142.0,251.0,18.0,67.0
7856,10.0,21,1.0,2.0,2.0,22.0,46.0,1.0,-13.0
7857,10.0,97,44.0,30.0,9.0,160.0,318.0,16.0,16.0
7858,10.0,19,3.0,1.0,2.0,18.0,45.0,14.0,4.0
7859,10.0,18,1.0,7.0,1.0,15.0,39.0,9.0,-4.0
7860,9.0,41,5.0,3.0,7.0,74.0,79.0,30.0,-20.0
7861,10.0,71,40.0,29.0,12.0,127.0,260.0,22.0,-8.0
7862,9.0,2,0.0,0.0,0.0,0.0,0.0,0.0,0.0
7863,10.0,50,10.0,5.0,1.0,31.0,56.0,3.0,-30.0
7865,9.0,46,2.0,2.0,3.0,40.0,47.0,80.0,-13.0
7866,10.0,68,34.0,18.0,11.0,124.0,217.0,28.0,-2.0
7868,10.0,3,0.0,0.0,0.0,1.0,0.0,2.0,-8.0
7869,10.0,9,4.0,1.0,0.0,12.0,30.0,0.0,-10.0
7870,10.0,1,0.0,0.0,0.0,0.0,0.0,0.0,0.0
7871,10.0,38,8.0,8.0,2.0,39.0,66.0,6.0,-37.0
7872,9.0,1,0.0,0.0,0.0,0.0,0.0,0.0,0.0
7873,9.0,7,0.0,0.0,0.0,1.0,1.0,2.0,-10.0
7874,9.0,6,0.0,0.0,0.0,2.0,1.0,1.0,3.0
7875,10.0,8,0.0,0.0,0.0,3.0,5.0,0.0,-6.0
7876,10.0,2,0.0,0.0,0.0,0.0,4.0,0.0,-4.0
7877,9.0,7,0.0,0.0,0.0,0.0,0.0,4.0,-5.0
7878,10.0,15,5.0,2.0,2.0,15.0,45.0,3.0,-24.0
7879,10.0,7,1.0,1.0,2.0,8.0,15.0,7.0,-4.0
7880,10.0,12,3.0,5.0,0.0,16.0,28.0,1.0,-23.0
7882,9.0,9,0.0,1.0,1.0,5.0,2.0,8.0,-19.0
7886,9.0,15,1.0,0.0,0.0,8.0,7.0,4.0,-9.0
7887,10.0,47,36.0,24.0,6.0,105.0,188.0,27.0,28.0
7888,10.0,44,1.0,1.0,0.0,17.0,19.0,3.0,-25.0
7889,10.0,45,3.0,3.0,1.0,14.0,31.0,17.0,-18.0
7891,9.0,1,0.0,0.0,0.0,0.0,1.0,2.0,-1.0
7892,10.0,14,1.0,1.0,1.0,22.0,26.0,4.0,3.0
7893,10.0,102,14.0,8.0,5.0,100.0,106.0,65.0,26.0
7895,10.0,3,0.0,1.0,1.0,11.0,12.0,0.0,1.0
7896,10.0,10,0.0,1.0,0.0,3.0,2.0,2.0,-9.0
7897,10.0,26,28.0,13.0,4.0,94.0,159.0,9.0,12.0
7899,10.0,36,9.0,6.0,1.0,41.0,75.0,8.0,-9.0
7900,10.0,14,0.0,1.0,0.0,16.0,17.0,12.0,-16.0
7901,10.0,60,16.0,15.0,7.0,127.0,161.0,13.0,-10.0
7902,10.0,4,1.0,2.0,0.0,3.0,6.0,0.0,5.0
7903,10.0,49,4.0,2.0,4.0,47.0,34.0,43.0,17.0
7904,10.0,23,1.0,2.0,0.0,18.0,23.0,8.0,-8.0
7906,10.0,7,0.0,0.0,1.0,4.0,15.0,2.0,-3.0
7907,9.0,46,55.0,29.0,3.0,149.0,235.0,9.0,53.0
7909,9.0,73,9.0,5.0,6.0,140.0,92.0,122.0,55.0
7911,10.0,13,2.0,0.0,1.0,9.0,17.0,5.0,1.0
7912,10.0,60,8.0,8.0,1.0,28.0,44.0,2.0,-3.0
7914,10.0,8,0.0,1.0,0.0,16.0,20.0,1.0,-3.0
7915,9.0,64,8.0,5.0,3.0,117.0,66.0,62.0,-27.0
7916,9.0,4,0.0,1.0,0.0,1.0,2.0,0.0,-2.0
7917,10.0,5,1.0,1.0,0.0,6.0,8.0,0.0,2.0
7918,10.0,41,6.0,18.0,4.0,33.0,61.0,8.0,0.0
7919,10.0,44,49.0,16.0,2.0,125.0,219.0,5.0,19.0
7920,9.0,44,1.0,5.0,4.0,50.0,20.0,63.0,16.0
7921,9.0,15,1.0,0.0,1.0,11.0,7.0,3.0,3.0
7928,9.0,1,1.0,0.0,0.0,1.0,1.0,0.0,0.0
7929,9.0,1,0.0,0.0,0.0,0.0,0.0,0.0,-5.0
7930,10.0,25,6.0,10.0,4.0,20.0,28.0,3.0,-2.0
7932,9.0,50,3.0,0.0,2.0,48.0,47.0,44.0,-67.0
7935,10.0,104,16.0,17.0,6.0,88.0,151.0,49.0,-56.0
7936,9.0,75,7.0,5.0,4.0,63.0,55.0,23.0,-5.0
7938,10.0,4,1.0,0.0,0.0,3.0,8.0,1.0,-2.0
7939,10.0,88,86.0,32.0,12.0,167.0,338.0,11.0,108.0
7940,10.0,9,0.0,0.0,0.0,7.0,1.0,0.0,-9.0
7941,10.0,22,4.0,3.0,0.0,15.0,17.0,7.0,-13.0
7943,10.0,52,4.0,4.0,0.0,45.0,44.0,12.0,-4.0
7944,9.0,30,0.0,0.0,0.0,8.0,7.0,10.0,-8.0
7945,10.0,28,0.0,0.0,0.0,8.0,10.0,4.0,-34.0
7946,10.0,13,4.0,1.0,0.0,10.0,30.0,0.0,-3.0
7947,10.0,14,12.0,1.0,0.0,31.0,47.0,0.0,-1.0
7948,10.0,16,1.0,1.0,0.0,13.0,16.0,4.0,-9.0
7949,9.0,88,3.0,9.0,2.0,72.0,33.0,79.0,15.0
7950,9.0,49,3.0,3.0,0.0,41.0,28.0,39.0,-2.0
7951,9.0,1,0.0,1.0,0.0,0.0,0.0,1.0,0.0
7952,9.0,55,22.0,26.0,5.0,73.0,108.0,54.0,30.0
7953,10.0,27,5.0,3.0,1.0,22.0,36.0,1.0,-4.0
7956,9.0,50,3.0,3.0,2.0,82.0,51.0,36.0,-21.0
7957,9.0,24,2.0,0.0,0.0,9.0,8.0,0.0,-12.0
7958,10.0,36,3.0,6.0,6.0,26.0,38.0,18.0,1.0
7959,10.0,50,1.0,1.0,1.0,21.0,11.0,25.0,-23.0
7960,10.0,16,1.0,0.0,0.0,2.0,13.0,0.0,-10.0
7961,10.0,31,6.0,0.0,1.0,30.0,36.0,5.0,3.0
7963,10.0,83,41.0,21.0,4.0,187.0,199.0,28.0,-16.0
7964,10.0,65,3.0,9.0,4.0,104.0,58.0,56.0,-15.0
7965,10.0,88,30.0,28.0,10.0,178.0,256.0,71.0,-14.0
7967,10.0,78,16.0,15.0,4.0,105.0,189.0,38.0,-31.0
7968,9.0,18,0.0,1.0,0.0,5.0,10.0,12.0,-14.0
7971,9.0,15,0.0,2.0,1.0,15.0,7.0,2.0,-12.0
7972,9.0,2,1.0,0.0,0.0,3.0,3.0,4.0,0.0
7973,10.0,22,3.0,3.0,0.0,16.0,17.0,5.0,-8.0
7974,10.0,62,9.0,9.0,0.0,56.0,67.0,9.0,-23.0
7975,10.0,28,5.0,0.0,0.0,13.0,23.0,3.0,-8.0
7976,10.0,1,0.0,0.0,0.0,0.0,0.0,0.0,0.0
7977,10.0,44,9.0,2.0,0.0,58.0,72.0,13.0,-1.0
7980,10.0,109,101.0,59.0,16.0,288.0,477.0,17.0,11.0
7983,9.0,56,19.0,12.0,0.0,103.0,114.0,38.0,-2.0
7985,10.0,11,1.0,2.0,0.0,3.0,6.0,1.0,-8.0
7986,10.0,6,0.0,0.0,0.0,3.0,5.0,1.0,-7.0
7987,9.0,28,0.0,1.0,1.0,6.0,4.0,7.0,-12.0
7988,10.0,10,1.0,1.0,0.0,5.0,2.0,1.0,-13.0
7989,10.0,5,2.0,0.0,0.0,0.0,5.0,1.0,5.0
7990,10.0,14,1.0,0.0,1.0,4.0,10.0,0.0,-11.0
7991,9.0,3,0.0,0.0,0.0,1.0,1.0,1.0,0.0
7992,10.0,13,0.0,1.0,0.0,3.0,4.0,0.0,-10.0
7993,9.0,2,0.0,0.0,0.0,2.0,1.0,1.0,-1.0
7994,9.0,100,12.0,28.0,8.0,192.0,124.0,211.0,5.0
7995,9.0,28,0.0,6.0,2.0,43.0,9.0,26.0,-5.0
7996,10.0,62,56.0,19.0,5.0,191.0,288.0,24.0,20.0
7997,9.0,45,7.0,3.0,0.0,38.0,58.0,47.0,-4.0
7998,10.0,8,1.0,0.0,0.0,5.0,7.0,3.0,-6.0
7999,9.0,65,24.0,24.0,9.0,87.0,140.0,12.0,-8.0
8000,10.0,49,30.0,31.0,9.0,82.0,167.0,15.0,27.0
8003,10.0,11,2.0,1.0,0.0,4.0,7.0,1.0,-31.0
8004,10.0,71,31.0,18.0,6.0,117.0,181.0,22.0,41.0
8005,10.0,34,1.0,2.0,0.0,49.0,43.0,34.0,-30.0
8006,10.0,65,40.0,16.0,4.0,142.0,244.0,5.0,20.0
8007,9.0,17,0.0,1.0,0.0,9.0,10.0,6.0,-8.0
8008,9.0,40,6.0,5.0,3.0,28.0,42.0,60.0,-22.0
8009,9.0,12,0.0,0.0,0.0,13.0,13.0,1.0,-10.0
8013,9.0,1,0.0,0.0,0.0,0.0,0.0,0.0,0.0
8014,9.0,31,1.0,2.0,1.0,57.0,37.0,12.0,11.0
8016,10.0,21,4.0,8.0,3.0,26.0,36.0,3.0,-4.0
8018,10.0,24,15.0,12.0,4.0,21.0,51.0,5.0,20.0
8019,10.0,63,11.0,11.0,4.0,76.0,118.0,24.0,31.0
8021,10.0,8,2.0,0.0,0.0,2.0,4.0,1.0,-2.0
8023,10.0,19,4.0,1.0,0.0,10.0,28.0,5.0,1.0
8024,10.0,20,17.0,7.0,1.0,72.0,81.0,1.0,14.0
8025,10.0,104,99.0,31.0,26.0,286.0,511.0,20.0,65.0
8027,10.0,45,5.0,1.0,5.0,41.0,66.0,16.0,-6.0
8028,10.0,4,3.0,0.0,0.0,1.0,10.0,3.0,-8.0
8029,9.0,8,0.0,1.0,0.0,5.0,3.0,6.0,-6.0
8032,9.0,70,2.0,2.0,2.0,84.0,55.0,44.0,20.0
8033,10.0,2,0.0,0.0,0.0,0.0,0.0,0.0,0.0
8034,9.0,11,0.0,0.0,0.0,3.0,1.0,3.0,-8.0
8035,10.0,13,8.0,3.0,0.0,18.0,29.0,1.0,-1.0
8036,10.0,1,0.0,0.0,0.0,0.0,0.0,0.0,0.0
8037,10.0,68,28.0,12.0,9.0,149.0,213.0,62.0,-38.0
8038,10.0,91,70.0,43.0,16.0,196.0,373.0,27.0,-66.0
8041,9.0,84,14.0,9.0,7.0,113.0,115.0,53.0,65.0
8042,10.0,34,5.0,1.0,1.0,23.0,19.0,30.0,-11.0
8046,10.0,51,36.0,9.0,5.0,146.0,171.0,12.0,2.0
8047,10.0,9,0.0,0.0,0.0,1.0,3.0,0.0,-10.0
8049,9.0,15,0.0,0.0,0.0,10.0,7.0,8.0,-3.0
8050,10.0,4,2.0,2.0,0.0,5.0,11.0,0.0,4.0
8051,10.0,13,4.0,0.0,0.0,17.0,26.0,0.0,-12.0
8052,10.0,2,0.0,0.0,0.0,0.0,1.0,0.0,-2.0
8053,9.0,82,29.0,19.0,7.0,218.0,276.0,54.0,0.0
8054,10.0,19,8.0,5.0,1.0,29.0,39.0,5.0,-15.0
8055,10.0,48,10.0,9.0,2.0,70.0,88.0,75.0,-48.0
8056,10.0,95,25.0,21.0,9.0,122.0,201.0,52.0,-58.0
8057,9.0,43,2.0,6.0,2.0,48.0,34.0,37.0,-45.0
8058,10.0,6,1.0,1.0,0.0,8.0,19.0,0.0,-6.0
8060,9.0,6,0.0,0.0,0.0,2.0,0.0,2.0,-2.0
8061,9.0,53,4.0,6.0,2.0,52.0,42.0,43.0,13.0
8062,9.0,5,0.0,0.0,0.0,1.0,4.0,3.0,-1.0
8063,9.0,29,6.0,6.0,1.0,19.0,44.0,13.0,3.0
8064,10.0,45,2.0,5.0,3.0,25.0,41.0,41.0,-16.0
8065,10.0,23,1.0,0.0,0.0,16.0,11.0,1.0,-1.0
8066,10.0,15,2.0,3.0,0.0,3.0,11.0,1.0,-6.0
8067,10.0,59,2.0,5.0,0.0,33.0,28.0,8.0,-30.0
8068,10.0,2,0.0,0.0,0.0,0.0,0.0,0.0,0.0
8069,10.0,35,28.0,9.0,1.0,65.0,123.0,31.0,-7.0
8074,10.0,36,25.0,8.0,3.0,88.0,140.0,6.0,-8.0
8075,10.0,53,11.0,8.0,0.0,69.0,99.0,22.0,-34.0
8076,10.0,16,0.0,1.0,0.0,13.0,10.0,5.0,-7.0
8077,10.0,22,5.0,1.0,0.0,13.0,28.0,2.0,8.0
8078,9.0,21,7.0,2.0,0.0,32.0,50.0,8.0,-14.0
8079,10.0,39,18.0,15.0,6.0,57.0,101.0,8.0,-28.0
8081,9.0,30,13.0,7.0,6.0,54.0,73.0,8.0,-13.0
8082,10.0,10,4.0,3.0,0.0,8.0,16.0,5.0,-2.0
8083,9.0,43,20.0,9.0,5.0,79.0,118.0,29.0,29.0
8084,9.0,132,36.0,42.0,20.0,146.0,232.0,100.0,94.0
8085,9.0,96,4.0,7.0,4.0,90.0,81.0,54.0,-66.0
8087,10.0,56,9.0,8.0,2.0,50.0,118.0,20.0,-56.0
8089,10.0,6,1.0,0.0,0.0,3.0,4.0,3.0,-6.0
8090,9.0,20,5.0,6.0,4.0,16.0,30.0,14.0,5.0
8091,10.0,46,21.0,16.0,1.0,114.0,153.0,12.0,16.0
8092,9.0,21,5.0,12.0,2.0,83.0,101.0,17.0,4.0
8093,10.0,7,5.0,3.0,0.0,10.0,16.0,4.0,3.0
8094,10.0,42,11.0,1.0,2.0,45.0,69.0,9.0,-11.0
8095,10.0,76,20.0,20.0,9.0,123.0,138.0,36.0,54.0
8096,9.0,40,2.0,9.0,3.0,85.0,60.0,25.0,33.0
8097,10.0,69,56.0,41.0,22.0,149.0,290.0,51.0,-16.0
8098,9.0,68,4.0,11.0,2.0,81.0,68.0,43.0,-27.0
8099,10.0,2,1.0,0.0,0.0,0.0,1.0,0.0,2.0
8100,9.0,4,6.0,1.0,0.0,8.0,17.0,1.0,6.0
8101,10.0,64,12.0,7.0,4.0,116.0,187.0,6.0,-13.0
8102,9.0,7,0.0,0.0,0.0,10.0,7.0,2.0,1.0
8103,10.0,1,0.0,0.0,0.0,0.0,0.0,0.0,-1.0
8104,10.0,1,0.0,0.0,0.0,0.0,0.0,0.0,0.0
8105,10.0,56,31.0,24.0,4.0,87.0,179.0,10.0,42.0
8106,10.0,70,45.0,18.0,1.0,172.0,268.0,32.0,23.0
8107,10.0,79,28.0,28.0,9.0,131.0,211.0,18.0,12.0
8108,9.0,15,8.0,4.0,1.0,55.0,61.0,8.0,2.0
8109,10.0,20,2.0,0.0,0.0,15.0,13.0,4.0,-28.0
8110,10.0,41,24.0,15.0,1.0,136.0,167.0,4.0,31.0
8112,10.0,2,2.0,0.0,0.0,0.0,5.0,0.0,-2.0
8113,10.0,53,17.0,16.0,4.0,174.0,137.0,15.0,32.0
8115,9.0,1,0.0,0.0,0.0,0.0,0.0,0.0,0.0
8118,9.0,22,4.0,4.0,2.0,33.0,42.0,15.0,3.0
8122,9.0,5,2.0,1.0,0.0,5.0,8.0,1.0,3.0
8123,9.0,62,42.0,20.0,6.0,145.0,258.0,32.0,33.0
8124,10.0,1,0.0,0.0,0.0,0.0,0.0,0.0,0.0
8125,10.0,1,0.0,0.0,0.0,0.0,0.0,0.0,0.0
8126,10.0,1,0.0,0.0,0.0,0.0,0.0,0.0,0.0
8127,9.0,1,0.0,0.0,0.0,0.0,0.0,0.0,0.0
8146,10.0,36,23.0,26.0,8.0,34.0,94.0,7.0,26.0
8147,9.0,48,4.0,7.0,1.0,73.0,40.0,30.0,-12.0
8148,9.0,57,8.0,7.0,1.0,77.0,72.0,35.0,-17.0
8149,9.0,65,6.0,13.0,4.0,101.0,88.0,37.0,26.0
8150,10.0,3,0.0,0.0,0.0,2.0,3.0,0.0,1.0
8152,10.0,27,27.0,9.0,3.0,106.0,126.0,9.0,-1.0
8153,9.0,22,8.0,6.0,3.0,33.0,53.0,5.0,20.0
8154,10.0,29,13.0,7.0,1.0,38.0,46.0,6.0,17.0
8155,10.0,17,0.0,6.0,0.0,3.0,6.0,17.0,-5.0
8156,10.0,62,30.0,35.0,14.0,118.0,212.0,26.0,36.0
8157,9.0,1,0.0,0.0,0.0,1.0,0.0,0.0,0.0
8158,10.0,1,0.0,0.0,0.0,0.0,0.0,0.0,0.0
8159,10.0,1,0.0,0.0,0.0,0.0,0.0,0.0,0.0
8160,10.0,1,0.0,0.0,0.0,0.0,0.0,0.0,0.0
8161,10.0,1,0.0,0.0,0.0,0.0,0.0,0.0,0.0
8162,10.0,1,0.0,0.0,0.0,0.0,0.0,0.0,0.0
8177,10.0,79,84.0,66.0,16.0,135.0,299.0,9.0,85.0
8178,9.0,71,20.0,25.0,8.0,121.0,105.0,23.0,36.0
8179,10.0,27,3.0,2.0,0.0,21.0,26.0,15.0,-33.0
8180,9.0,71,37.0,25.0,21.0,223.0,339.0,47.0,38.0
8182,9.0,12,1.0,0.0,1.0,18.0,11.0,6.0,10.0
8186,10.0,5,0.0,1.0,0.0,2.0,1.0,4.0,-3.0
8187,9.0,5,1.0,1.0,0.0,3.0,4.0,1.0,-9.0
8199,10.0,5,0.0,0.0,0.0,6.0,4.0,2.0,-3.0
8201,9.0,4,0.0,0.0,0.0,0.0,1.0,2.0,-8.0
8205,9.0,4,1.0,2.0,0.0,1.0,3.0,1.0,-2.0
8206,10.0,4,5.0,2.0,1.0,8.0,19.0,2.0,-4.0
8213,10.0,5,0.0,0.0,0.0,1.0,2.0,0.0,-2.0
8221,10.0,4,2.0,0.0,0.0,0.0,3.0,0.0,0.0
8222,10.0,5,1.0,1.0,0.0,3.0,4.0,1.0,-3.0
8225,10.0,5,0.0,0.0,0.0,0.0,0.0,1.0,-1.0
8226,10.0,1,0.0,0.0,0.0,0.0,0.0,0.0,0.0
8228,9.0,1,0.0,0.0,0.0,0.0,0.0,0.0,0.0
8250,9.0,4,0.0,0.0,0.0,0.0,0.0,1.0,-8.0
8254,10.0,4,1.0,0.0,0.0,2.0,8.0,0.0,-5.0
8256,10.0,9,0.0,1.0,0.0,4.0,3.0,1.0,-4.0
8257,10.0,83,33.0,26.0,7.0,128.0,208.0,8.0,36.0
8259,10.0,76,16.0,13.0,1.0,55.0,105.0,9.0,-29.0
8262,9.0,13,3.0,0.0,0.0,12.0,19.0,7.0,-13.0
8263,9.0,15,0.0,1.0,0.0,12.0,8.0,20.0,-6.0
8264,10.0,2,0.0,0.0,0.0,0.0,0.0,0.0,0.0
8266,9.0,46,5.0,3.0,1.0,99.0,61.0,13.0,-54.0
8267,9.0,2,0.0,0.0,0.0,0.0,0.0,0.0,0.0
8268,9.0,9,2.0,0.0,0.0,8.0,10.0,3.0,-4.0
8270,10.0,27,6.0,7.0,3.0,41.0,53.0,26.0,14.0
8275,10.0,3,1.0,0.0,1.0,1.0,6.0,1.0,-2.0
8294,10.0,29,31.0,14.0,8.0,70.0,143.0,5.0,16.0
8309,10.0,5,0.0,1.0,1.0,4.0,6.0,3.0,-6.0
8311,10.0,73,32.0,20.0,8.0,95.0,208.0,22.0,35.0
8313,10.0,8,0.0,2.0,0.0,4.0,6.0,4.0,-2.0
8317,9.0,7,2.0,0.0,0.0,5.0,9.0,0.0,-7.0
8319,9.0,2,0.0,0.0,0.0,5.0,2.0,0.0,-2.0
8323,10.0,5,4.0,5.0,0.0,12.0,15.0,2.0,5.0
8330,9.0,5,1.0,1.0,0.0,9.0,11.0,4.0,15.0
8331,10.0,5,3.0,3.0,0.0,11.0,17.0,2.0,8.0
8344,10.0,60,20.0,27.0,12.0,117.0,175.0,17.0,33.0
8353,9.0,2,0.0,0.0,0.0,1.0,0.0,0.0,-3.0
8354,9.0,52,4.0,8.0,3.0,42.0,62.0,39.0,-28.0
8358,10.0,1,0.0,0.0,0.0,0.0,0.0,0.0,0.0
8361,10.0,55,26.0,20.0,4.0,67.0,123.0,7.0,-27.0
8364,10.0,53,20.0,10.0,1.0,69.0,93.0,12.0,-1.0
8365,9.0,2,0.0,0.0,0.0,0.0,0.0,0.0,0.0
8368,10.0,74,31.0,24.0,7.0,112.0,226.0,22.0,-40.0
8373,10.0,25,3.0,3.0,1.0,19.0,50.0,0.0,-28.0
8374,10.0,21,6.0,3.0,1.0,34.0,49.0,4.0,10.0
8375,9.0,28,1.0,2.0,4.0,19.0,20.0,43.0,4.0
8376,10.0,72,14.0,16.0,4.0,94.0,121.0,36.0,-71.0
8377,10.0,3,0.0,0.0,0.0,1.0,5.0,1.0,-7.0
8378,9.0,81,14.0,12.0,6.0,151.0,143.0,20.0,33.0
8379,10.0,44,50.0,18.0,4.0,70.0,180.0,4.0,56.0
8381,10.0,8,2.0,1.0,1.0,23.0,22.0,2.0,-13.0
8382,10.0,4,0.0,0.0,0.0,4.0,5.0,0.0,-1.0
8404,10.0,11,12.0,9.0,1.0,39.0,68.0,6.0,4.0
8405,10.0,3,0.0,0.0,0.0,5.0,3.0,2.0,-1.0
8406,9.0,17,3.0,7.0,2.0,33.0,40.0,8.0,28.0
8408,10.0,23,8.0,5.0,0.0,50.0,98.0,8.0,-33.0
8409,9.0,10,0.0,0.0,0.0,1.0,2.0,1.0,-13.0
8415,10.0,3,1.0,2.0,0.0,3.0,6.0,1.0,1.0
8416,10.0,84,26.0,9.0,1.0,125.0,164.0,8.0,-38.0
8432,10.0,5,3.0,0.0,0.0,3.0,5.0,0.0,0.0
8433,9.0,30,3.0,1.0,2.0,21.0,23.0,28.0,-19.0
8435,9.0,1,0.0,0.0,0.0,0.0,0.0,0.0,0.0
8436,10.0,1,0.0,0.0,0.0,0.0,0.0,0.0,0.0
8437,10.0,70,32.0,8.0,5.0,174.0,241.0,44.0,-35.0
8443,10.0,5,5.0,4.0,0.0,10.0,17.0,0.0,15.0
8445,10.0,54,33.0,17.0,4.0,81.0,182.0,37.0,7.0
8446,10.0,67,46.0,28.0,3.0,173.0,337.0,8.0,40.0
8447,10.0,1,0.0,0.0,0.0,0.0,0.0,0.0,0.0
8448,9.0,1,0.0,0.0,0.0,0.0,0.0,0.0,0.0
8450,9.0,1,0.0,0.0,0.0,0.0,0.0,0.0,0.0
8478,9.0,29,1.0,2.0,1.0,48.0,23.0,7.0,5.0
8479,10.0,78,35.0,24.0,6.0,133.0,246.0,33.0,-3.0
8480,9.0,1,0.0,0.0,0.0,0.0,0.0,0.0,0.0
8481,10.0,42,11.0,8.0,3.0,72.0,112.0,4.0,6.0
8482,10.0,23,12.0,2.0,1.0,38.0,66.0,7.0,-4.0
8484,9.0,1,0.0,0.0,0.0,0.0,0.0,0.0,0.0
8486,9.0,53,7.0,5.0,10.0,83.0,85.0,18.0,49.0
8519,10.0,3,0.0,0.0,0.0,0.0,1.0,0.0,0.0
8541,10.0,7,1.0,2.0,0.0,11.0,11.0,3.0,5.0
8542,10.0,69,30.0,22.0,6.0,117.0,204.0,85.0,19.0
8561,9.0,65,6.0,3.0,0.0,56.0,39.0,135.0,-128.0
8563,10.0,13,4.0,1.0,1.0,7.0,24.0,2.0,-10.0
8565,10.0,4,0.0,0.0,0.0,6.0,7.0,2.0,-6.0
8572,10.0,8,2.0,2.0,0.0,12.0,15.0,3.0,-1.0
8573,9.0,13,3.0,4.0,1.0,28.0,18.0,5.0,-5.0
8575,10.0,49,9.0,9.0,7.0,59.0,95.0,28.0,-35.0
8576,9.0,70,6.0,11.0,6.0,162.0,125.0,63.0,23.0
8577,10.0,5,0.0,0.0,0.0,1.0,3.0,1.0,-4.0
8578,10.0,15,4.0,2.0,0.0,19.0,23.0,3.0,2.0
8580,9.0,53,8.0,12.0,8.0,118.0,85.0,151.0,3.0
8581,9.0,67,2.0,3.0,2.0,57.0,31.0,39.0,2.0
8582,9.0,3,0.0,1.0,0.0,8.0,6.0,2.0,-8.0
8583,10.0,20,6.0,5.0,4.0,31.0,37.0,10.0,1.0
8584,10.0,3,0.0,1.0,0.0,1.0,0.0,3.0,-4.0
8585,9.0,5,0.0,1.0,0.0,3.0,0.0,1.0,-2.0
8586,10.0,14,2.0,1.0,0.0,12.0,32.0,2.0,-9.0
8588,9.0,5,0.0,1.0,0.0,4.0,3.0,4.0,11.0
8589,10.0,14,7.0,4.0,2.0,33.0,65.0,7.0,7.0
8595,10.0,10,4.0,2.0,0.0,9.0,22.0,1.0,-7.0
8597,9.0,32,2.0,5.0,6.0,44.0,59.0,17.0,9.0
8600,10.0,15,13.0,8.0,2.0,44.0,84.0,5.0,11.0
8602,10.0,1,0.0,0.0,0.0,0.0,0.0,0.0,0.0
8603,9.0,1,0.0,0.0,0.0,0.0,0.0,0.0,0.0
8617,10.0,51,32.0,24.0,9.0,100.0,205.0,16.0,-2.0
8618,9.0,2,0.0,0.0,0.0,3.0,0.0,2.0,-8.0
8619,9.0,2,0.0,0.0,0.0,3.0,2.0,2.0,-4.0
8620,9.0,4,0.0,0.0,0.0,2.0,0.0,1.0,-14.0
8621,9.0,4,0.0,2.0,0.0,6.0,6.0,2.0,1.0
8624,10.0,8,8.0,2.0,1.0,23.0,28.0,2.0,-2.0
8625,10.0,1,0.0,0.0,0.0,0.0,2.0,0.0,-1.0
8626,10.0,10,7.0,5.0,3.0,27.0,40.0,5.0,1.0
8627,10.0,4,1.0,0.0,0.0,8.0,4.0,0.0,-10.0
8628,9.0,4,0.0,1.0,0.0,6.0,10.0,0.0,-6.0
8631,10.0,8,5.0,12.0,0.0,21.0,38.0,7.0,8.0
8632,10.0,20,19.0,11.0,2.0,34.0,75.0,3.0,26.0
8633,10.0,19,5.0,0.0,1.0,14.0,23.0,10.0,-8.0
8635,9.0,5,0.0,1.0,0.0,6.0,6.0,2.0,-6.0
8636,9.0,1,0.0,0.0,0.0,0.0,0.0,0.0,0.0
8638,10.0,11,5.0,4.0,1.0,36.0,40.0,2.0,-20.0
8639,10.0,32,30.0,13.0,7.0,47.0,99.0,9.0,28.0
8640,10.0,78,46.0,13.0,3.0,100.0,229.0,25.0,36.0
8641,10.0,31,12.0,11.0,1.0,76.0,82.0,15.0,27.0
8642,10.0,80,36.0,46.0,21.0,125.0,213.0,21.0,54.0
8643,9.0,1,0.0,0.0,0.0,1.0,0.0,0.0,0.0
8644,10.0,9,0.0,0.0,0.0,1.0,1.0,3.0,-11.0
8645,9.0,31,4.0,4.0,3.0,35.0,21.0,6.0,24.0
8646,9.0,10,0.0,1.0,0.0,7.0,1.0,16.0,-5.0
8647,10.0,29,0.0,1.0,0.0,29.0,23.0,7.0,-42.0
8648,10.0,1,0.0,0.0,0.0,0.0,1.0,0.0,0.0
8649,10.0,55,9.0,5.0,0.0,51.0,102.0,17.0,-29.0
8650,10.0,3,9.0,0.0,1.0,10.0,20.0,0.0,3.0
8651,10.0,10,1.0,2.0,1.0,13.0,16.0,6.0,4.0
8652,9.0,13,1.0,1.0,0.0,23.0,11.0,9.0,5.0
8654,9.0,2,0.0,0.0,0.0,1.0,2.0,0.0,-3.0
8655,9.0,3,0.0,0.0,0.0,3.0,0.0,1.0,-5.0
8656,10.0,19,5.0,8.0,4.0,19.0,43.0,2.0,1.0
8657,9.0,10,0.0,0.0,0.0,11.0,10.0,2.0,-12.0
8658,10.0,47,14.0,7.0,4.0,82.0,90.0,18.0,-9.0
8659,10.0,40,12.0,6.0,6.0,40.0,62.0,15.0,4.0
8660,9.0,13,0.0,2.0,1.0,9.0,3.0,7.0,-7.0
8661,10.0,24,3.0,2.0,0.0,14.0,17.0,5.0,-3.0
8662,9.0,4,0.0,2.0,0.0,3.0,3.0,4.0,1.0
8664,9.0,4,0.0,0.0,0.0,3.0,3.0,2.0,-4.0
8665,9.0,5,0.0,0.0,1.0,7.0,8.0,10.0,3.0
8666,9.0,1,0.0,0.0,0.0,0.0,2.0,0.0,-2.0
8667,9.0,1,0.0,0.0,0.0,2.0,0.0,3.0,0.0
8670,10.0,7,3.0,3.0,0.0,8.0,20.0,5.0,-2.0
8671,10.0,41,7.0,7.0,4.0,76.0,82.0,29.0,20.0
8672,10.0,7,1.0,0.0,0.0,6.0,13.0,1.0,-7.0
8673,10.0,4,2.0,0.0,0.0,14.0,20.0,0.0,1.0
8674,10.0,13,6.0,2.0,1.0,23.0,37.0,6.0,-8.0
8675,10.0,7,5.0,1.0,2.0,14.0,33.0,1.0,-6.0
8676,10.0,7,2.0,1.0,1.0,10.0,15.0,4.0,-4.0
8678,9.0,2,0.0,0.0,0.0,0.0,2.0,1.0,-2.0
8679,9.0,34,26.0,20.0,1.0,130.0,158.0,21.0,23.0
8680,10.0,10,3.0,1.0,1.0,6.0,25.0,10.0,1.0
8681,9.0,38,14.0,17.0,8.0,71.0,90.0,25.0,52.0
8682,9.0,1,0.0,0.0,0.0,0.0,0.0,0.0,-1.0
8683,10.0,36,1.0,0.0,1.0,26.0,19.0,15.0,-13.0
8684,9.0,80,4.0,10.0,4.0,122.0,63.0,102.0,30.0
8685,10.0,4,2.0,1.0,0.0,2.0,6.0,0.0,0.0
8686,10.0,69,42.0,33.0,4.0,164.0,222.0,24.0,-3.0
8687,10.0,59,32.0,16.0,4.0,80.0,144.0,10.0,-8.0
8688,10.0,77,38.0,28.0,7.0,136.0,184.0,14.0,36.0
8689,10.0,54,14.0,16.0,2.0,85.0,132.0,15.0,3.0
8690,9.0,37,5.0,3.0,2.0,22.0,45.0,6.0,-10.0
8691,9.0,21,3.0,0.0,0.0,15.0,13.0,10.0,10.0
8693,9.0,26,1.0,1.0,1.0,15.0,10.0,9.0,30.0
8695,10.0,43,7.0,1.0,1.0,30.0,53.0,14.0,-21.0
8696,9.0,25,0.0,2.0,1.0,6.0,10.0,10.0,-9.0
8697,10.0,17,2.0,1.0,0.0,24.0,32.0,8.0,-6.0
8698,10.0,96,21.0,14.0,6.0,72.0,107.0,23.0,6.0
8699,10.0,95,90.0,66.0,14.0,229.0,398.0,15.0,118.0
8700,10.0,7,0.0,0.0,0.0,4.0,5.0,3.0,2.0
8701,9.0,87,2.0,8.0,6.0,75.0,57.0,92.0,-35.0
8702,10.0,78,32.0,21.0,5.0,60.0,128.0,48.0,15.0
8703,10.0,49,6.0,1.0,0.0,63.0,67.0,32.0,-35.0
8704,10.0,42,3.0,1.0,0.0,26.0,39.0,11.0,-24.0
8705,10.0,14,1.0,1.0,1.0,5.0,8.0,1.0,-12.0
8706,9.0,61,9.0,12.0,3.0,79.0,56.0,66.0,25.0
8707,10.0,3,0.0,0.0,0.0,1.0,0.0,2.0,-2.0
8708,9.0,16,4.0,3.0,0.0,33.0,26.0,3.0,7.0
8709,9.0,1,0.0,0.0,0.0,0.0,0.0,0.0,0.0
8710,9.0,44,28.0,16.0,6.0,88.0,147.0,29.0,33.0
8711,9.0,69,4.0,5.0,3.0,57.0,44.0,52.0,2.0
8713,10.0,2,0.0,1.0,0.0,1.0,1.0,0.0,0.0
8714,10.0,37,12.0,10.0,5.0,67.0,105.0,11.0,7.0
8715,10.0,16,1.0,2.0,0.0,10.0,17.0,4.0,-12.0
8716,10.0,59,58.0,25.0,2.0,169.0,306.0,43.0,-62.0
8717,9.0,25,1.0,3.0,1.0,35.0,20.0,9.0,-3.0
8719,10.0,37,1.0,3.0,0.0,14.0,26.0,7.0,-23.0
8720,10.0,3,0.0,0.0,0.0,1.0,1.0,0.0,-1.0
8722,9.0,31,4.0,3.0,2.0,47.0,25.0,44.0,-6.0
8723,10.0,61,34.0,21.0,5.0,145.0,212.0,16.0,40.0
8724,10.0,9,3.0,1.0,0.0,6.0,8.0,2.0,-16.0
8727,9.0,47,14.0,3.0,1.0,84.0,94.0,16.0,-10.0
8728,9.0,1,0.0,0.0,0.0,1.0,2.0,1.0,0.0
8729,10.0,19,9.0,5.0,0.0,40.0,60.0,9.0,-18.0
8730,10.0,4,1.0,0.0,0.0,3.0,7.0,0.0,0.0
8731,9.0,4,0.0,3.0,0.0,4.0,6.0,5.0,-1.0
8732,9.0,1,0.0,1.0,0.0,1.0,2.0,1.0,-6.0
8733,9.0,4,0.0,3.0,0.0,9.0,2.0,3.0,-2.0
8734,10.0,1,0.0,0.0,0.0,0.0,0.0,0.0,1.0
8736,10.0,28,8.0,10.0,3.0,35.0,62.0,11.0,-7.0
8737,9.0,20,1.0,3.0,5.0,16.0,49.0,7.0,-3.0
8739,9.0,2,0.0,0.0,0.0,2.0,1.0,1.0,-4.0
8740,10.0,32,8.0,4.0,0.0,22.0,43.0,7.0,3.0
8742,10.0,61,16.0,23.0,2.0,106.0,135.0,42.0,-9.0
8743,10.0,2,3.0,0.0,0.0,4.0,10.0,0.0,-3.0
8744,9.0,23,0.0,5.0,1.0,23.0,15.0,13.0,-8.0
8745,10.0,19,18.0,9.0,4.0,44.0,73.0,2.0,-3.0
8746,10.0,1,2.0,0.0,0.0,2.0,6.0,0.0,2.0
8747,10.0,1,0.0,0.0,0.0,2.0,2.0,0.0,-2.0
8748,10.0,1,0.0,1.0,0.0,1.0,5.0,0.0,-2.0
8750,10.0,2,0.0,0.0,0.0,0.0,0.0,0.0,0.0
8752,10.0,56,21.0,17.0,7.0,70.0,158.0,9.0,41.0
8753,10.0,48,21.0,9.0,2.0,55.0,103.0,19.0,6.0
8754,10.0,25,11.0,6.0,2.0,45.0,94.0,8.0,-19.0
8755,9.0,25,0.0,1.0,0.0,17.0,15.0,17.0,-20.0
8758,10.0,65,28.0,38.0,12.0,79.0,189.0,13.0,24.0
8759,10.0,15,1.0,0.0,1.0,13.0,15.0,5.0,-11.0
8761,9.0,44,10.0,6.0,8.0,61.0,78.0,28.0,9.0
8762,9.0,53,16.0,14.0,5.0,72.0,131.0,18.0,11.0
8763,9.0,14,0.0,0.0,1.0,12.0,13.0,3.0,6.0
8765,9.0,1,0.0,0.0,0.0,0.0,0.0,0.0,0.0
8765,10.0,1,0.0,0.0,0.0,0.0,1.0,0.0,0.0
8767,10.0,6,0.0,3.0,1.0,6.0,10.0,6.0,0.0
8768,10.0,15,1.0,4.0,2.0,12.0,23.0,18.0,11.0
8769,9.0,17,0.0,4.0,1.0,24.0,19.0,23.0,16.0
8770,10.0,29,8.0,7.0,3.0,51.0,61.0,6.0,13.0
8771,10.0,9,2.0,1.0,1.0,12.0,18.0,3.0,16.0
8772,10.0,40,8.0,1.0,3.0,24.0,45.0,2.0,-1.0
8773,10.0,69,11.0,3.0,0.0,29.0,55.0,17.0,4.0
8774,9.0,37,5.0,1.0,2.0,68.0,75.0,7.0,10.0
8775,10.0,20,0.0,0.0,0.0,4.0,4.0,5.0,-20.0
8776,10.0,24,1.0,1.0,0.0,10.0,19.0,3.0,-8.0
8777,9.0,13,0.0,1.0,0.0,5.0,6.0,8.0,-1.0
8778,9.0,2,0.0,0.0,0.0,0.0,0.0,0.0,0.0
8779,10.0,7,0.0,1.0,0.0,6.0,3.0,1.0,-1.0
8780,10.0,8,1.0,0.0,0.0,6.0,8.0,3.0,0.0
8782,9.0,1,0.0,0.0,0.0,2.0,1.0,2.0,0.0
8784,10.0,10,0.0,0.0,0.0,5.0,4.0,5.0,-8.0
8787,9.0,70,2.0,6.0,1.0,39.0,25.0,53.0,3.0
8788,9.0,33,1.0,0.0,0.0,6.0,11.0,22.0,-13.0
8789,9.0,52,3.0,0.0,2.0,44.0,21.0,47.0,7.0
8790,9.0,65,0.0,1.0,2.0,31.0,22.0,51.0,-12.0
8791,9.0,67,2.0,5.0,3.0,77.0,37.0,74.0,12.0
8793,9.0,15,0.0,1.0,0.0,0.0,4.0,1.0,-4.0
8794,10.0,79,36.0,21.0,7.0,169.0,205.0,56.0,48.0
8795,10.0,47,8.0,1.0,0.0,37.0,58.0,15.0,-9.0
8796,10.0,44,3.0,5.0,2.0,34.0,40.0,20.0,-14.0
8797,10.0,64,3.0,5.0,0.0,64.0,55.0,37.0,-24.0
8798,10.0,46,5.0,2.0,1.0,29.0,31.0,4.0,-15.0
8799,10.0,53,5.0,1.0,0.0,9.0,40.0,21.0,-2.0
8800,10.0,7,0.0,0.0,0.0,0.0,2.0,1.0,-1.0
8801,10.0,30,2.0,0.0,0.0,20.0,7.0,14.0,-3.0
8802,10.0,31,4.0,2.0,0.0,23.0,41.0,11.0,-15.0
8804,10.0,19,10.0,13.0,2.0,17.0,69.0,12.0,-1.0
8805,10.0,38,6.0,5.0,2.0,44.0,61.0,8.0,5.0
8806,10.0,8,0.0,0.0,0.0,4.0,7.0,2.0,4.0
8807,10.0,20,0.0,2.0,0.0,10.0,22.0,6.0,-19.0
8808,10.0,38,2.0,4.0,3.0,47.0,30.0,37.0,-30.0
8809,10.0,6,1.0,0.0,0.0,5.0,3.0,2.0,0.0
8810,10.0,28,7.0,4.0,0.0,55.0,69.0,4.0,10.0
8811,9.0,33,5.0,1.0,0.0,21.0,29.0,31.0,-2.0
8813,10.0,10,1.0,1.0,0.0,10.0,3.0,3.0,-5.0
8814,10.0,22,1.0,2.0,0.0,6.0,17.0,12.0,-17.0
8815,9.0,4,0.0,0.0,0.0,0.0,1.0,0.0,-2.0
8816,10.0,8,0.0,1.0,0.0,5.0,6.0,1.0,-3.0
8817,10.0,21,0.0,3.0,1.0,8.0,4.0,11.0,-9.0
8819,10.0,3,1.0,0.0,0.0,3.0,2.0,3.0,-5.0
8820,10.0,2,0.0,0.0,0.0,2.0,4.0,1.0,-2.0
8821,10.0,62,31.0,25.0,4.0,112.0,192.0,10.0,58.0
8822,10.0,85,15.0,14.0,0.0,99.0,175.0,14.0,-23.0
8823,10.0,64,12.0,8.0,4.0,106.0,116.0,17.0,0.0
8824,10.0,38,1.0,5.0,2.0,21.0,24.0,7.0,-15.0
8825,10.0,57,42.0,15.0,6.0,104.0,174.0,11.0,-12.0
8826,10.0,14,4.0,2.0,2.0,16.0,23.0,1.0,1.0
8827,9.0,16,0.0,0.0,3.0,8.0,4.0,18.0,5.0
8828,9.0,32,3.0,2.0,3.0,30.0,20.0,18.0,17.0
8837,10.0,2,1.0,0.0,0.0,5.0,8.0,0.0,0.0
8839,10.0,39,3.0,3.0,0.0,38.0,55.0,15.0,-19.0
8840,10.0,20,8.0,0.0,0.0,20.0,27.0,1.0,-6.0
8841,9.0,1,0.0,0.0,0.0,0.0,2.0,1.0,-1.0
8842,10.0,2,0.0,0.0,0.0,0.0,0.0,0.0,0.0
8843,9.0,2,0.0,0.0,0.0,0.0,0.0,0.0,0.0
8844,10.0,1,0.0,0.0,0.0,0.0,0.0,0.0,0.0
8864,10.0,4,0.0,1.0,0.0,6.0,4.0,0.0,0.0
8867,9.0,69,15.0,12.0,5.0,132.0,163.0,102.0,-9.0
8868,10.0,10,1.0,1.0,0.0,5.0,13.0,0.0,0.0
8869,9.0,45,1.0,1.0,1.0,52.0,33.0,29.0,-3.0
8870,10.0,57,40.0,11.0,7.0,211.0,229.0,28.0,58.0
8871,9.0,2,0.0,0.0,0.0,0.0,0.0,0.0,0.0
8872,9.0,44,1.0,5.0,1.0,16.0,18.0,17.0,-43.0
8875,9.0,7,0.0,1.0,0.0,1.0,5.0,4.0,-3.0
8878,9.0,25,3.0,2.0,0.0,44.0,31.0,19.0,9.0
8879,10.0,26,18.0,6.0,2.0,100.0,104.0,6.0,16.0
8880,10.0,10,0.0,0.0,0.0,2.0,0.0,2.0,-4.0
8882,9.0,52,4.0,5.0,3.0,79.0,67.0,47.0,15.0
8883,9.0,54,7.0,3.0,1.0,58.0,40.0,58.0,-16.0
8884,9.0,53,2.0,2.0,4.0,47.0,46.0,63.0,-18.0
8888,10.0,59,10.0,12.0,2.0,80.0,119.0,9.0,-14.0
8889,10.0,70,24.0,11.0,1.0,136.0,195.0,6.0,-9.0
8890,9.0,9,1.0,1.0,2.0,7.0,9.0,1.0,3.0
8891,9.0,1,0.0,0.0,0.0,0.0,0.0,0.0,0.0
8892,10.0,66,14.0,15.0,5.0,50.0,81.0,18.0,21.0
8893,10.0,3,0.0,0.0,0.0,0.0,0.0,0.0,0.0
8894,10.0,6,1.0,0.0,0.0,2.0,5.0,0.0,2.0
8895,9.0,34,2.0,2.0,0.0,13.0,18.0,7.0,-16.0
8897,10.0,41,20.0,12.0,5.0,80.0,104.0,25.0,-9.0
8898,9.0,72,11.0,6.0,3.0,153.0,116.0,77.0,-66.0
8899,9.0,13,1.0,1.0,1.0,11.0,9.0,5.0,6.0
8900,10.0,1,0.0,0.0,0.0,0.0,0.0,0.0,0.0
8901,9.0,1,0.0,0.0,0.0,0.0,0.0,0.0,0.0
8903,9.0,45,1.0,5.0,1.0,47.0,34.0,66.0,-37.0
8904,10.0,8,0.0,0.0,0.0,7.0,20.0,0.0,-11.0
8906,10.0,53,21.0,18.0,3.0,62.0,103.0,11.0,16.0
8908,10.0,34,6.0,4.0,2.0,31.0,67.0,11.0,-5.0
8909,10.0,20,2.0,1.0,0.0,17.0,33.0,11.0,-10.0
8911,10.0,53,6.0,5.0,2.0,43.0,66.0,19.0,-68.0
8913,10.0,2,0.0,0.0,0.0,1.0,0.0,0.0,1.0
8914,10.0,55,27.0,20.0,7.0,93.0,153.0,26.0,-28.0
8915,10.0,29,2.0,2.0,1.0,22.0,33.0,14.0,-26.0
8916,10.0,22,4.0,3.0,1.0,14.0,22.0,4.0,-9.0
8917,9.0,2,0.0,0.0,0.0,0.0,0.0,0.0,0.0
8918,10.0,3,0.0,0.0,0.0,0.0,1.0,0.0,0.0
8919,10.0,1,0.0,0.0,0.0,0.0,0.0,0.0,0.0
8922,10.0,5,2.0,1.0,0.0,2.0,6.0,4.0,0.0
8923,10.0,16,4.0,5.0,0.0,14.0,31.0,10.0,4.0
8924,10.0,69,13.0,23.0,9.0,66.0,101.0,15.0,32.0
8925,10.0,43,30.0,11.0,3.0,100.0,173.0,34.0,-23.0
8926,10.0,5,6.0,4.0,1.0,13.0,19.0,1.0,9.0
8927,10.0,39,17.0,15.0,2.0,48.0,142.0,12.0,16.0
8928,9.0,51,2.0,8.0,8.0,38.0,21.0,71.0,14.0
8931,10.0,12,0.0,1.0,0.0,0.0,5.0,1.0,-6.0
8933,10.0,48,44.0,11.0,6.0,100.0,216.0,15.0,30.0
8934,10.0,28,6.0,3.0,3.0,45.0,68.0,4.0,-4.0
8935,9.0,72,3.0,2.0,3.0,56.0,28.0,34.0,-40.0
8936,10.0,50,1.0,6.0,5.0,72.0,63.0,46.0,-5.0
8937,10.0,51,24.0,15.0,11.0,87.0,169.0,7.0,11.0
8938,9.0,28,6.0,6.0,2.0,40.0,45.0,5.0,-2.0
8939,10.0,2,0.0,0.0,0.0,0.0,0.0,0.0,0.0
8940,10.0,1,0.0,0.0,0.0,0.0,0.0,0.0,0.0
8941,10.0,27,8.0,3.0,1.0,17.0,49.0,7.0,-5.0
8942,9.0,42,8.0,11.0,3.0,81.0,85.0,20.0,20.0
8943,10.0,9,0.0,0.0,0.0,1.0,3.0,1.0,-7.0
8944,10.0,14,0.0,4.0,0.0,15.0,23.0,4.0,-4.0
8947,10.0,7,3.0,1.0,0.0,8.0,12.0,0.0,2.0
8948,10.0,49,17.0,9.0,5.0,70.0,136.0,7.0,-9.0
8949,9.0,8,1.0,0.0,1.0,9.0,10.0,5.0,-3.0
8950,10.0,8,1.0,2.0,0.0,5.0,8.0,8.0,-3.0
8951,10.0,1,0.0,0.0,0.0,0.0,0.0,0.0,0.0
8953,10.0,78,13.0,14.0,6.0,124.0,133.0,16.0,-9.0
8954,9.0,69,11.0,6.0,0.0,82.0,93.0,49.0,11.0
8956,10.0,31,7.0,13.0,2.0,35.0,56.0,3.0,-10.0
8957,10.0,41,26.0,16.0,4.0,48.0,110.0,12.0,-9.0
8960,10.0,49,43.0,10.0,1.0,123.0,222.0,15.0,26.0
8961,10.0,1,0.0,0.0,0.0,0.0,0.0,0.0,0.0
8962,10.0,1,0.0,0.0,0.0,0.0,0.0,0.0,0.0
8963,9.0,1,0.0,0.0,0.0,0.0,0.0,0.0,0.0
8966,9.0,5,1.0,0.0,0.0,4.0,7.0,2.0,-14.0
8976,9.0,5,0.0,0.0,0.0,5.0,0.0,7.0,-17.0
8978,10.0,5,3.0,1.0,0.0,13.0,13.0,2.0,-10.0
8980,9.0,8,0.0,0.0,0.0,5.0,3.0,6.0,-22.0
9007,10.0,15,0.0,1.0,0.0,21.0,20.0,7.0,-11.0
9008,9.0,1,0.0,0.0,0.0,0.0,0.0,0.0,0.0
9009,9.0,1,0.0,0.0,0.0,0.0,0.0,0.0,0.0
9010,10.0,1,0.0,0.0,0.0,0.0,0.0,0.0,0.0
9011,10.0,1,0.0,0.0,0.0,0.0,0.0,0.0,0.0
9012,9.0,1,0.0,0.0,0.0,0.0,0.0,0.0,0.0
9028,10.0,24,5.0,6.0,2.0,24.0,37.0,3.0,-12.0
9029,10.0,14,1.0,1.0,0.0,40.0,17.0,9.0,7.0
9030,9.0,68,34.0,33.0,8.0,142.0,237.0,11.0,8.0
9031,9.0,1,0.0,0.0,0.0,0.0,0.0,0.0,0.0
9032,9.0,31,9.0,8.0,1.0,65.0,48.0,36.0,-27.0
9035,10.0,10,0.0,0.0,0.0,6.0,8.0,1.0,-10.0
9037,9.0,3,0.0,1.0,0.0,2.0,1.0,0.0,3.0
9040,9.0,4,0.0,0.0,0.0,0.0,0.0,4.0,-11.0
9083,10.0,1,0.0,0.0,0.0,0.0,1.0,0.0,1.0
9087,9.0,7,3.0,4.0,1.0,15.0,21.0,1.0,4.0
9088,9.0,1,0.0,2.0,0.0,0.0,1.0,1.0,1.0
9089,10.0,1,0.0,0.0,0.0,2.0,1.0,0.0,-1.0
9095,9.0,5,0.0,0.0,0.0,1.0,1.0,4.0,-1.0
9103,10.0,5,1.0,0.0,0.0,1.0,3.0,0.0,-1.0
9132,9.0,8,1.0,0.0,0.0,7.0,10.0,3.0,0.0
9171,10.0,5,2.0,0.0,0.0,2.0,9.0,4.0,-4.0
9178,9.0,9,0.0,0.0,1.0,7.0,9.0,12.0,-2.0
9275,10.0,1,0.0,0.0,0.0,1.0,0.0,0.0,0.0
9277,10.0,1,0.0,0.0,0.0,0.0,1.0,0.0,-1.0
9278,10.0,1,0.0,0.0,0.0,0.0,1.0,0.0,-1.0
9281,9.0,1,0.0,1.0,0.0,0.0,1.0,2.0,0.0
9283,10.0,1,1.0,0.0,0.0,2.0,3.0,0.0,-1.0
9284,9.0,1,0.0,0.0,0.0,0.0,0.0,1.0,-1.0
9286,10.0,1,0.0,0.0,0.0,0.0,0.0,2.0,1.0
9287,10.0,1,0.0,0.0,0.0,0.0,0.0,0.0,0.0
9288,10.0,1,1.0,0.0,0.0,3.0,6.0,0.0,0.0
9297,10.0,1,0.0,0.0,0.0,1.0,0.0,0.0,0.0
9298,10.0,46,22.0,23.0,5.0,81.0,151.0,7.0,10.0
9300,9.0,8,1.0,3.0,1.0,10.0,10.0,5.0,4.0
9301,10.0,2,0.0,0.0,0.0,0.0,0.0,0.0,0.0
9302,10.0,2,0.0,0.0,0.0,0.0,0.0,0.0,0.0
9303,10.0,1,0.0,0.0,0.0,0.0,0.0,0.0,0.0
9319,10.0,58,16.0,4.0,0.0,94.0,158.0,34.0,-36.0
9320,10.0,58,12.0,14.0,2.0,81.0,99.0,16.0,-4.0
9321,9.0,27,5.0,6.0,2.0,40.0,38.0,12.0,-7.0
9322,9.0,1,0.0,0.0,0.0,0.0,0.0,0.0,0.0
9323,10.0,3,0.0,0.0,0.0,0.0,0.0,0.0,0.0
9325,9.0,2,0.0,0.0,0.0,0.0,0.0,0.0,0.0
9326,10.0,2,0.0,0.0,0.0,0.0,0.0,0.0,0.0
9331,10.0,5,3.0,0.0,0.0,21.0,18.0,0.0,-8.0
9332,9.0,12,0.0,2.0,1.0,21.0,15.0,9.0,0.0
9333,10.0,7,11.0,7.0,3.0,15.0,31.0,2.0,13.0
9334,10.0,50,11.0,7.0,4.0,75.0,102.0,20.0,-8.0
9336,9.0,1,0.0,0.0,0.0,0.0,0.0,0.0,0.0
9337,9.0,1,0.0,0.0,0.0,0.0,0.0,0.0,0.0
9338,9.0,1,0.0,0.0,0.0,0.0,0.0,0.0,0.0
9339,10.0,1,0.0,0.0,0.0,0.0,0.0,0.0,0.0
9340,9.0,19,0.0,0.0,0.0,19.0,23.0,7.0,3.0
9342,10.0,3,0.0,0.0,0.0,0.0,1.0,2.0,0.0
9343,10.0,2,0.0,0.0,0.0,0.0,0.0,0.0,0.0
9344,10.0,3,1.0,0.0,0.0,0.0,1.0,0.0,0.0
9345,10.0,1,1.0,0.0,0.0,0.0,3.0,0.0,0.0
9347,9.0,1,0.0,0.0,0.0,1.0,1.0,1.0,1.0
9349,10.0,1,0.0,0.0,0.0,0.0,3.0,0.0,1.0
9351,10.0,1,0.0,1.0,0.0,0.0,1.0,0.0,1.0
9352,9.0,1,0.0,0.0,0.0,0.0,2.0,2.0,0.0
9354,9.0,1,0.0,0.0,0.0,0.0,0.0,1.0,0.0
9355,10.0,1,0.0,0.0,0.0,0.0,1.0,0.0,0.0
9356,9.0,1,0.0,0.0,0.0,2.0,5.0,0.0,1.0
9357,10.0,1,0.0,0.0,0.0,0.0,0.0,0.0,-1.0
9358,10.0,1,1.0,0.0,0.0,0.0,1.0,0.0,1.0
9363,10.0,1,0.0,0.0,0.0,0.0,8.0,0.0,-2.0
9404,10.0,4,0.0,0.0,0.0,0.0,1.0,0.0,-4.0
9413,9.0,5,0.0,0.0,0.0,10.0,6.0,5.0,-2.0
9454,10.0,10,0.0,2.0,0.0,10.0,10.0,1.0,-8.0
9489,9.0,13,0.0,1.0,0.0,8.0,8.0,7.0,-3.0
9505,10.0,36,5.0,2.0,0.0,35.0,29.0,18.0,3.0
9507,9.0,11,3.0,1.0,1.0,14.0,14.0,5.0,-5.0
9537,9.0,43,6.0,8.0,0.0,57.0,73.0,24.0,-16.0
9538,10.0,49,16.0,9.0,4.0,59.0,111.0,9.0,12.0
9539,10.0,1,0.0,0.0,0.0,0.0,0.0,0.0,0.0
9560,9.0,41,7.0,3.0,0.0,45.0,40.0,30.0,9.0
9605,10.0,54,20.0,12.0,5.0,84.0,126.0,23.0,-9.0
9609,10.0,9,2.0,2.0,0.0,14.0,14.0,2.0,-5.0
9610,10.0,29,18.0,11.0,3.0,57.0,100.0,8.0,25.0
9611,10.0,1,0.0,0.0,0.0,0.0,0.0,0.0,0.0
9612,10.0,56,20.0,9.0,1.0,70.0,100.0,36.0,-12.0
9613,10.0,1,0.0,0.0,0.0,0.0,0.0,0.0,0.0
9614,9.0,17,0.0,0.0,0.0,11.0,11.0,2.0,-6.0
9617,10.0,9,0.0,2.0,1.0,17.0,20.0,1.0,3.0
9618,10.0,21,10.0,12.0,4.0,36.0,51.0,7.0,-10.0
9619,10.0,8,5.0,1.0,0.0,21.0,24.0,1.0,4.0
9620,10.0,41,31.0,10.0,3.0,97.0,178.0,25.0,-8.0
9621,10.0,1,0.0,0.0,0.0,0.0,0.0,0.0,0.0
9622,10.0,1,0.0,0.0,0.0,0.0,0.0,0.0,0.0
9629,10.0,22,17.0,3.0,0.0,46.0,62.0,7.0,6.0
9630,9.0,4,1.0,2.0,0.0,7.0,13.0,3.0,9.0
9631,10.0,1,1.0,0.0,0.0,2.0,1.0,1.0,1.0
9636,10.0,4,0.0,0.0,0.0,0.0,0.0,0.0,-1.0
9637,10.0,1,0.0,0.0,0.0,0.0,1.0,0.0,0.0
9641,10.0,49,16.0,10.0,2.0,67.0,104.0,18.0,2.0
9642,10.0,35,21.0,8.0,2.0,55.0,105.0,15.0,14.0
9643,9.0,45,10.0,5.0,2.0,68.0,87.0,27.0,-36.0
9646,10.0,24,14.0,8.0,1.0,64.0,114.0,2.0,2.0
9648,9.0,56,5.0,6.0,6.0,72.0,69.0,28.0,10.0
9649,9.0,61,12.0,8.0,6.0,143.0,92.0,62.0,40.0
9652,10.0,45,11.0,4.0,0.0,83.0,81.0,11.0,-18.0
9653,10.0,12,5.0,2.0,0.0,13.0,19.0,6.0,4.0
9654,10.0,7,3.0,1.0,1.0,14.0,16.0,2.0,2.0
9655,10.0,2,0.0,1.0,0.0,3.0,1.0,0.0,0.0
9656,10.0,13,2.0,0.0,0.0,17.0,15.0,3.0,-9.0
9657,10.0,2,0.0,0.0,0.0,0.0,0.0,0.0,0.0
9658,9.0,1,0.0,0.0,0.0,0.0,0.0,0.0,0.0
9659,9.0,11,6.0,1.0,1.0,17.0,17.0,6.0,-2.0
9660,9.0,1,0.0,1.0,0.0,5.0,3.0,1.0,2.0
9661,10.0,11,2.0,3.0,0.0,14.0,8.0,7.0,5.0
9662,9.0,34,4.0,3.0,2.0,42.0,24.0,14.0,-2.0
9665,10.0,15,9.0,12.0,4.0,17.0,43.0,2.0,21.0
9666,9.0,19,0.0,0.0,1.0,14.0,27.0,14.0,-3.0
9667,10.0,49,9.0,14.0,5.0,45.0,81.0,13.0,-17.0
9669,10.0,1,0.0,0.0,0.0,0.0,0.0,0.0,0.0
9670,9.0,1,0.0,0.0,0.0,0.0,0.0,0.0,0.0
9671,10.0,36,22.0,10.0,4.0,82.0,126.0,12.0,24.0
9672,9.0,7,1.0,0.0,0.0,4.0,5.0,0.0,-1.0
9674,10.0,48,29.0,20.0,8.0,80.0,124.0,9.0,50.0
9676,10.0,2,1.0,0.0,0.0,0.0,3.0,1.0,0.0
9679,10.0,33,4.0,2.0,1.0,29.0,31.0,5.0,-9.0
9680,10.0,59,19.0,14.0,4.0,82.0,135.0,4.0,13.0
9681,9.0,48,3.0,6.0,2.0,88.0,61.0,38.0,14.0
9682,9.0,20,1.0,1.0,0.0,28.0,27.0,22.0,2.0
9683,10.0,71,57.0,26.0,14.0,201.0,376.0,24.0,52.0
9684,10.0,3,0.0,0.0,0.0,0.0,0.0,0.0,0.0
9685,9.0,33,10.0,8.0,3.0,66.0,76.0,10.0,24.0
9686,9.0,2,1.0,0.0,0.0,1.0,4.0,0.0,2.0
9688,10.0,1,0.0,0.0,0.0,0.0,3.0,1.0,0.0
9689,9.0,2,0.0,0.0,0.0,1.0,0.0,0.0,1.0
9690,10.0,9,3.0,1.0,2.0,17.0,32.0,0.0,1.0
9691,10.0,28,13.0,6.0,1.0,39.0,66.0,11.0,14.0
9693,9.0,2,0.0,1.0,0.0,0.0,0.0,2.0,-3.0
9693,10.0,4,0.0,2.0,0.0,4.0,3.0,7.0,-11.0
9694,9.0,1,0.0,0.0,0.0,0.0,0.0,0.0,0.0
9696,10.0,1,0.0,0.0,0.0,0.0,0.0,0.0,0.0
9788,9.0,1,0.0,0.0,0.0,0.0,0.0,0.0,0.0
9790,10.0,50,5.0,4.0,0.0,17.0,32.0,20.0,-17.0
9791,9.0,63,3.0,7.0,1.0,64.0,40.0,32.0,-23.0
9792,9.0,2,0.0,0.0,0.0,3.0,0.0,1.0,-6.0
9793,10.0,57,22.0,17.0,2.0,164.0,156.0,18.0,8.0
9794,9.0,3,0.0,0.0,0.0,0.0,1.0,2.0,-7.0
9795,9.0,1,0.0,0.0,0.0,0.0,0.0,2.0,-5.0
9796,9.0,4,0.0,0.0,0.0,0.0,0.0,1.0,-6.0
9797,10.0,28,3.0,6.0,3.0,27.0,50.0,16.0,-39.0
9798,9.0,59,5.0,3.0,0.0,52.0,44.0,41.0,-22.0
9799,9.0,18,0.0,0.0,0.0,8.0,3.0,27.0,-14.0
9800,9.0,25,0.0,1.0,0.0,22.0,6.0,29.0,-13.0
9808,10.0,8,1.0,2.0,0.0,8.0,7.0,3.0,-6.0
9824,10.0,17,1.0,1.0,0.0,12.0,15.0,2.0,-8.0
9839,10.0,18,9.0,4.0,0.0,35.0,36.0,8.0,-7.0
9845,9.0,11,1.0,0.0,0.0,5.0,6.0,3.0,-5.0
9847,10.0,10,1.0,1.0,0.0,12.0,12.0,0.0,-1.0
9848,10.0,19,12.0,5.0,6.0,42.0,68.0,7.0,17.0
9849,10.0,3,0.0,0.0,0.0,3.0,5.0,2.0,-1.0
9850,9.0,11,3.0,5.0,1.0,23.0,25.0,7.0,6.0
9851,10.0,35,18.0,19.0,7.0,66.0,121.0,12.0,31.0
9852,9.0,1,0.0,0.0,0.0,0.0,1.0,0.0,2.0
9852,10.0,1,0.0,0.0,0.0,0.0,0.0,0.0,0.0
9853,9.0,1,0.0,0.0,0.0,0.0,0.0,0.0,0.0
9854,10.0,1,0.0,0.0,0.0,0.0,0.0,0.0,0.0
9859,10.0,9,1.0,0.0,1.0,10.0,15.0,2.0,-13.0
9860,9.0,10,2.0,3.0,0.0,13.0,17.0,8.0,-3.0
9861,9.0,9,0.0,0.0,0.0,13.0,12.0,8.0,-5.0
9862,10.0,1,0.0,0.0,0.0,0.0,0.0,0.0,0.0
9863,10.0,1,0.0,0.0,0.0,0.0,0.0,0.0,0.0
9864,9.0,1,0.0,0.0,0.0,0.0,0.0,0.0,0.0
9867,9.0,1,0.0,1.0,0.0,2.0,2.0,1.0,3.0
9868,10.0,5,3.0,3.0,0.0,10.0,17.0,1.0,0.0
9870,10.0,19,0.0,9.0,1.0,15.0,21.0,2.0,-8.0
9871,10.0,4,0.0,0.0,1.0,7.0,9.0,0.0,-2.0
9873,10.0,1,0.0,0.0,0.0,0.0,1.0,0.0,1.0
9874,10.0,1,1.0,0.0,0.0,2.0,2.0,1.0,1.0
10004,10.0,4,2.0,1.0,0.0,3.0,9.0,1.0,-9.0
10036,10.0,1,0.0,1.0,0.0,3.0,7.0,0.0,1.0
10050,9.0,56,1.0,7.0,1.0,46.0,24.0,66.0,-24.0
10051,9.0,39,3.0,5.0,2.0,64.0,33.0,9.0,-3.0
10052,10.0,40,6.0,2.0,0.0,45.0,41.0,11.0,-7.0
10053,9.0,33,1.0,2.0,1.0,18.0,10.0,20.0,-21.0
10054,10.0,34,8.0,2.0,0.0,59.0,76.0,12.0,-18.0
10055,9.0,39,1.0,1.0,0.0,26.0,13.0,28.0,-7.0
10056,10.0,51,15.0,9.0,1.0,40.0,62.0,14.0,-10.0
10057,10.0,5,8.0,0.0,0.0,12.0,28.0,1.0,5.0
10058,10.0,20,4.0,3.0,0.0,24.0,33.0,5.0,-19.0
10059,9.0,6,0.0,0.0,0.0,4.0,1.0,2.0,-3.0
10060,10.0,13,1.0,0.0,0.0,1.0,6.0,3.0,-13.0
10061,10.0,35,4.0,3.0,1.0,38.0,32.0,22.0,-16.0
10062,9.0,14,1.0,2.0,0.0,15.0,14.0,3.0,-8.0
10064,10.0,31,8.0,11.0,4.0,27.0,48.0,20.0,27.0
10065,10.0,35,17.0,5.0,5.0,62.0,97.0,16.0,25.0
10066,10.0,17,6.0,6.0,2.0,44.0,50.0,3.0,7.0
10067,10.0,4,0.0,0.0,0.0,5.0,5.0,1.0,-1.0
10068,10.0,32,6.0,4.0,1.0,40.0,52.0,6.0,-22.0
10069,10.0,25,0.0,3.0,1.0,23.0,22.0,20.0,-11.0
10070,10.0,5,0.0,0.0,0.0,3.0,1.0,1.0,-5.0
10073,10.0,11,0.0,0.0,1.0,8.0,7.0,4.0,-2.0
10074,9.0,39,12.0,4.0,3.0,36.0,67.0,14.0,2.0
10075,10.0,1,0.0,0.0,0.0,0.0,0.0,0.0,0.0
10076,10.0,15,4.0,1.0,0.0,14.0,18.0,7.0,-1.0
10077,9.0,5,0.0,0.0,0.0,0.0,0.0,2.0,-6.0
10078,9.0,1,0.0,0.0,0.0,0.0,0.0,0.0,0.0
10079,10.0,11,1.0,1.0,0.0,9.0,16.0,0.0,2.0
10080,9.0,10,0.0,2.0,2.0,10.0,5.0,0.0,6.0
10081,10.0,8,2.0,1.0,0.0,8.0,11.0,2.0,3.0
10083,9.0,11,0.0,1.0,0.0,3.0,0.0,4.0,5.0
10084,10.0,7,3.0,4.0,2.0,18.0,18.0,1.0,14.0
10085,9.0,12,4.0,4.0,0.0,27.0,28.0,16.0,8.0
10086,10.0,13,1.0,0.0,0.0,4.0,10.0,2.0,-1.0
10087,9.0,43,16.0,8.0,7.0,108.0,134.0,65.0,23.0
10088,9.0,7,0.0,0.0,1.0,7.0,7.0,2.0,1.0
10089,10.0,24,7.0,8.0,1.0,21.0,38.0,12.0,7.0
10090,10.0,61,23.0,31.0,7.0,101.0,158.0,38.0,26.0
10091,10.0,19,2.0,1.0,0.0,16.0,20.0,5.0,-17.0
10092,10.0,59,31.0,17.0,5.0,85.0,178.0,16.0,20.0
10094,10.0,21,3.0,10.0,0.0,17.0,29.0,3.0,-6.0
10095,10.0,35,1.0,6.0,0.0,47.0,21.0,17.0,18.0
10096,10.0,51,11.0,14.0,5.0,34.0,60.0,18.0,16.0
10097,10.0,32,2.0,0.0,1.0,11.0,19.0,22.0,-28.0
10098,10.0,36,6.0,12.0,2.0,40.0,56.0,15.0,19.0
10099,10.0,17,6.0,6.0,0.0,13.0,31.0,5.0,7.0
10100,10.0,21,1.0,1.0,0.0,14.0,15.0,8.0,-11.0
10102,10.0,33,12.0,2.0,2.0,67.0,78.0,5.0,6.0
10103,10.0,39,4.0,6.0,0.0,53.0,49.0,19.0,-24.0
10104,10.0,1,0.0,0.0,0.0,0.0,0.0,0.0,0.0
10105,9.0,43,12.0,5.0,1.0,71.0,98.0,11.0,-8.0
10106,9.0,14,0.0,1.0,0.0,17.0,17.0,8.0,4.0
10109,10.0,22,2.0,2.0,1.0,52.0,36.0,11.0,-4.0
10110,10.0,4,0.0,0.0,0.0,2.0,6.0,2.0,-5.0
10111,10.0,49,26.0,9.0,3.0,93.0,136.0,15.0,14.0
10112,10.0,9,1.0,3.0,0.0,8.0,26.0,3.0,-8.0
10113,10.0,50,5.0,1.0,0.0,41.0,64.0,11.0,-28.0
10114,10.0,32,6.0,4.0,1.0,52.0,44.0,15.0,-3.0
10115,10.0,2,0.0,0.0,0.0,5.0,0.0,0.0,-1.0
10117,9.0,33,1.0,0.0,4.0,30.0,17.0,44.0,-23.0
10119,10.0,50,14.0,8.0,2.0,58.0,97.0,4.0,-21.0
10120,10.0,45,8.0,5.0,4.0,73.0,69.0,14.0,0.0
10121,10.0,12,0.0,1.0,0.0,6.0,12.0,1.0,1.0
10122,10.0,42,5.0,4.0,0.0,75.0,69.0,37.0,-5.0
10123,10.0,48,15.0,12.0,5.0,42.0,85.0,5.0,15.0
10124,10.0,53,32.0,24.0,5.0,105.0,164.0,6.0,41.0
10126,10.0,29,15.0,3.0,1.0,49.0,89.0,11.0,8.0
10128,10.0,1,0.0,0.0,0.0,2.0,3.0,0.0,-1.0
10131,9.0,5,0.0,1.0,1.0,7.0,3.0,7.0,2.0
10133,9.0,34,1.0,2.0,0.0,27.0,9.0,17.0,-28.0
10134,10.0,7,0.0,1.0,0.0,3.0,12.0,1.0,-14.0
10135,9.0,12,0.0,0.0,0.0,7.0,2.0,8.0,-6.0
10136,9.0,15,1.0,3.0,1.0,24.0,25.0,16.0,-3.0
10137,10.0,7,2.0,3.0,0.0,7.0,17.0,2.0,7.0
10138,9.0,24,2.0,4.0,4.0,30.0,14.0,20.0,-8.0
10139,9.0,2,0.0,1.0,0.0,1.0,2.0,0.0,-1.0
10141,9.0,4,0.0,0.0,0.0,0.0,1.0,1.0,1.0
10142,10.0,29,1.0,5.0,3.0,13.0,32.0,4.0,-12.0
10143,10.0,17,7.0,3.0,3.0,24.0,37.0,2.0,4.0
10145,9.0,27,3.0,4.0,1.0,18.0,22.0,6.0,8.0
10146,9.0,10,0.0,0.0,0.0,10.0,5.0,7.0,0.0
10147,10.0,11,13.0,4.0,0.0,32.0,53.0,0.0,14.0
10149,10.0,6,4.0,3.0,1.0,10.0,24.0,0.0,9.0
10150,10.0,9,9.0,1.0,2.0,19.0,33.0,0.0,0.0
10152,10.0,6,1.0,0.0,0.0,3.0,2.0,1.0,-3.0
10153,10.0,43,3.0,6.0,0.0,36.0,35.0,17.0,1.0
10155,9.0,23,0.0,2.0,1.0,5.0,2.0,14.0,-6.0
10156,9.0,53,1.0,8.0,1.0,52.0,30.0,29.0,17.0
10157,10.0,53,35.0,16.0,2.0,109.0,197.0,25.0,37.0
10158,9.0,52,8.0,11.0,8.0,52.0,52.0,59.0,29.0
10159,9.0,48,3.0,9.0,7.0,51.0,57.0,50.0,41.0
10160,9.0,1,0.0,0.0,0.0,0.0,0.0,0.0,0.0
10161,10.0,36,2.0,4.0,1.0,26.0,33.0,14.0,-2.0
10162,10.0,6,0.0,1.0,1.0,4.0,5.0,2.0,-4.0
10163,10.0,22,2.0,1.0,0.0,18.0,15.0,3.0,-4.0
10164,9.0,1,0.0,0.0,0.0,0.0,0.0,0.0,0.0
10165,10.0,62,31.0,31.0,8.0,119.0,225.0,5.0,32.0
10167,10.0,26,10.0,7.0,2.0,39.0,85.0,12.0,-5.0
10169,10.0,7,6.0,4.0,0.0,25.0,29.0,2.0,10.0
10170,10.0,52,13.0,8.0,5.0,50.0,67.0,10.0,16.0
10171,10.0,3,0.0,1.0,1.0,4.0,6.0,1.0,4.0
10172,10.0,41,10.0,9.0,2.0,52.0,120.0,32.0,-17.0
10173,10.0,42,12.0,3.0,0.0,51.0,84.0,10.0,-18.0
10175,9.0,48,3.0,3.0,2.0,39.0,46.0,47.0,24.0
10176,10.0,41,3.0,8.0,3.0,40.0,51.0,18.0,8.0
10177,10.0,55,25.0,21.0,6.0,122.0,214.0,8.0,-6.0
10178,10.0,47,29.0,23.0,10.0,97.0,187.0,10.0,40.0
10180,9.0,1,0.0,0.0,0.0,0.0,0.0,0.0,0.0
10181,10.0,7,2.0,0.0,0.0,5.0,10.0,2.0,0.0
10182,10.0,7,3.0,0.0,2.0,18.0,18.0,1.0,-6.0
10183,10.0,2,0.0,1.0,0.0,4.0,4.0,1.0,0.0
10184,10.0,16,7.0,2.0,1.0,40.0,63.0,4.0,1.0
10185,10.0,52,25.0,10.0,5.0,82.0,103.0,24.0,10.0
10186,10.0,25,14.0,8.0,2.0,35.0,75.0,5.0,-1.0
10187,10.0,58,60.0,24.0,10.0,126.0,264.0,9.0,61.0
10188,9.0,38,3.0,5.0,0.0,23.0,24.0,32.0,-4.0
10189,10.0,8,0.0,0.0,1.0,4.0,6.0,2.0,-1.0
10190,9.0,23,1.0,2.0,2.0,6.0,11.0,33.0,4.0
10191,9.0,32,10.0,1.0,6.0,64.0,93.0,23.0,-1.0
10192,10.0,5,7.0,7.0,2.0,13.0,18.0,0.0,12.0
10195,10.0,4,0.0,1.0,0.0,1.0,3.0,2.0,-2.0
10196,10.0,55,26.0,13.0,4.0,76.0,143.0,34.0,-37.0
10197,10.0,5,0.0,0.0,0.0,2.0,3.0,2.0,0.0
10198,10.0,17,3.0,3.0,2.0,18.0,21.0,3.0,-7.0
10199,10.0,50,44.0,15.0,9.0,86.0,215.0,8.0,20.0
10200,9.0,25,0.0,4.0,4.0,32.0,26.0,36.0,3.0
10201,9.0,13,0.0,0.0,1.0,4.0,8.0,11.0,0.0
10202,10.0,40,3.0,3.0,3.0,41.0,56.0,17.0,-19.0
10203,10.0,40,31.0,21.0,10.0,85.0,128.0,6.0,56.0
10204,10.0,7,0.0,0.0,1.0,9.0,14.0,4.0,-1.0
10205,10.0,5,1.0,3.0,0.0,11.0,12.0,0.0,4.0
10206,9.0,5,1.0,1.0,1.0,5.0,1.0,5.0,4.0
10207,10.0,30,34.0,10.0,5.0,109.0,197.0,2.0,27.0
10208,10.0,4,1.0,0.0,1.0,2.0,3.0,0.0,-1.0
10209,10.0,1,0.0,0.0,0.0,5.0,6.0,0.0,2.0
10210,10.0,2,0.0,1.0,0.0,5.0,1.0,0.0,-1.0
10211,10.0,3,1.0,0.0,0.0,3.0,3.0,1.0,-1.0
10212,10.0,39,20.0,21.0,4.0,83.0,108.0,7.0,38.0
10213,10.0,5,2.0,1.0,0.0,5.0,9.0,0.0,-2.0
10215,9.0,9,1.0,1.0,0.0,7.0,9.0,4.0,4.0
10216,9.0,3,0.0,0.0,0.0,2.0,2.0,1.0,-2.0
10217,10.0,40,30.0,25.0,6.0,120.0,185.0,15.0,53.0
10218,10.0,48,5.0,20.0,7.0,53.0,88.0,23.0,34.0
10219,9.0,10,0.0,5.0,1.0,21.0,11.0,8.0,9.0
10222,10.0,12,10.0,7.0,2.0,41.0,58.0,2.0,-4.0
10223,9.0,1,0.0,0.0,0.0,0.0,0.0,0.0,0.0
10224,9.0,2,0.0,1.0,0.0,6.0,3.0,1.0,6.0
10225,10.0,2,0.0,0.0,0.0,5.0,3.0,0.0,-1.0
10226,10.0,12,21.0,16.0,7.0,35.0,72.0,1.0,36.0
10227,10.0,46,31.0,15.0,5.0,65.0,163.0,12.0,26.0
10228,10.0,37,22.0,15.0,1.0,128.0,127.0,20.0,10.0
10229,9.0,49,8.0,12.0,1.0,42.0,77.0,28.0,-10.0
10230,10.0,29,12.0,17.0,6.0,34.0,70.0,5.0,-11.0
10232,9.0,35,2.0,5.0,3.0,50.0,48.0,31.0,18.0
10233,10.0,3,3.0,3.0,4.0,6.0,13.0,1.0,13.0
10234,10.0,8,0.0,1.0,0.0,6.0,11.0,0.0,-7.0
10235,9.0,9,1.0,0.0,0.0,9.0,3.0,3.0,5.0
10236,10.0,6,4.0,5.0,2.0,6.0,17.0,1.0,10.0
10237,10.0,43,38.0,21.0,9.0,141.0,242.0,13.0,39.0
10240,9.0,9,9.0,5.0,2.0,20.0,25.0,6.0,11.0
10241,10.0,5,6.0,8.0,3.0,17.0,21.0,1.0,6.0
10243,9.0,6,3.0,1.0,4.0,10.0,13.0,6.0,14.0
10246,10.0,1,0.0,1.0,0.0,5.0,4.0,0.0,0.0
10248,10.0,7,18.0,7.0,2.0,13.0,46.0,1.0,16.0
10249,9.0,16,6.0,7.0,1.0,31.0,37.0,15.0,20.0
10276,10.0,13,20.0,5.0,3.0,48.0,96.0,4.0,22.0
10285,10.0,1,1.0,0.0,0.0,5.0,6.0,0.0,-1.0
10290,9.0,1,0.0,0.0,0.0,1.0,0.0,2.0,-1.0
10291,9.0,20,1.0,1.0,1.0,17.0,7.0,22.0,5.0
10293,10.0,21,7.0,3.0,1.0,21.0,49.0,6.0,-32.0
10295,10.0,1,0.0,0.0,0.0,6.0,4.0,1.0,2.0
10296,10.0,14,1.0,2.0,1.0,25.0,23.0,5.0,-5.0
10297,10.0,47,10.0,4.0,1.0,30.0,61.0,6.0,13.0
10298,9.0,43,0.0,4.0,2.0,51.0,18.0,31.0,-2.0
10299,9.0,21,7.0,2.0,2.0,71.0,66.0,21.0,10.0
10300,10.0,53,33.0,29.0,6.0,132.0,183.0,13.0,83.0
10301,10.0,51,17.0,23.0,7.0,215.0,182.0,56.0,69.0
10302,10.0,7,2.0,1.0,0.0,3.0,10.0,1.0,-2.0
10303,9.0,25,0.0,2.0,0.0,34.0,17.0,18.0,-5.0
10304,10.0,41,2.0,5.0,2.0,28.0,37.0,60.0,-32.0
10305,9.0,16,1.0,0.0,1.0,16.0,18.0,7.0,-7.0
10306,10.0,21,13.0,8.0,3.0,53.0,85.0,4.0,-7.0
10307,10.0,1,0.0,0.0,0.0,0.0,0.0,0.0,0.0
10310,10.0,46,36.0,29.0,4.0,102.0,168.0,12.0,50.0
10311,10.0,29,6.0,3.0,0.0,5.0,18.0,5.0,-11.0
10313,10.0,9,0.0,0.0,0.0,9.0,12.0,6.0,-4.0
10314,10.0,10,1.0,1.0,0.0,10.0,7.0,9.0,-9.0
10315,10.0,40,29.0,8.0,2.0,99.0,126.0,7.0,17.0
10316,10.0,31,17.0,7.0,4.0,62.0,103.0,7.0,10.0
10317,10.0,24,21.0,7.0,0.0,71.0,92.0,8.0,1.0
10318,9.0,11,0.0,0.0,1.0,15.0,4.0,9.0,5.0
10319,9.0,45,3.0,6.0,2.0,33.0,22.0,35.0,5.0
10320,9.0,2,0.0,2.0,0.0,1.0,5.0,0.0,2.0
10321,10.0,7,0.0,0.0,0.0,10.0,2.0,6.0,-5.0
10323,10.0,6,0.0,1.0,0.0,3.0,5.0,1.0,0.0
10324,10.0,36,0.0,1.0,0.0,8.0,7.0,2.0,-10.0
10326,9.0,55,3.0,7.0,3.0,75.0,59.0,40.0,38.0
10329,10.0,50,24.0,25.0,6.0,114.0,161.0,20.0,37.0
10330,9.0,2,0.0,0.0,0.0,0.0,1.0,0.0,1.0
10331,10.0,2,0.0,0.0,0.0,4.0,6.0,1.0,-1.0
10332,10.0,35,23.0,10.0,5.0,91.0,112.0,15.0,8.0
10333,9.0,35,5.0,5.0,10.0,56.0,72.0,46.0,3.0
10335,10.0,1,0.0,0.0,0.0,0.0,0.0,0.0,0.0
10336,10.0,25,1.0,4.0,2.0,27.0,21.0,6.0,-5.0
10338,10.0,25,10.0,4.0,1.0,33.0,47.0,6.0,11.0
10339,9.0,25,0.0,0.0,0.0,14.0,10.0,24.0,-31.0
10340,10.0,42,18.0,21.0,9.0,116.0,154.0,17.0,37.0
10341,9.0,5,0.0,0.0,0.0,1.0,0.0,5.0,-1.0
10344,9.0,17,1.0,1.0,0.0,17.0,15.0,32.0,2.0
10345,9.0,36,3.0,2.0,3.0,60.0,23.0,46.0,28.0
10346,10.0,20,8.0,4.0,3.0,23.0,42.0,15.0,12.0
10348,10.0,51,10.0,5.0,3.0,40.0,62.0,49.0,-16.0
10349,10.0,21,0.0,0.0,0.0,21.0,25.0,9.0,-18.0
10350,10.0,3,0.0,0.0,0.0,6.0,2.0,0.0,-1.0
10351,10.0,10,1.0,1.0,0.0,8.0,11.0,6.0,-1.0
10352,9.0,4,0.0,1.0,0.0,1.0,1.0,3.0,-4.0
10353,10.0,1,0.0,0.0,0.0,0.0,0.0,0.0,0.0
10355,9.0,21,0.0,2.0,0.0,11.0,13.0,17.0,-7.0
10356,10.0,58,18.0,18.0,5.0,109.0,157.0,35.0,29.0
10357,10.0,48,9.0,12.0,2.0,65.0,82.0,13.0,-9.0
10358,10.0,33,21.0,11.0,2.0,85.0,121.0,16.0,2.0
10361,9.0,14,0.0,0.0,1.0,9.0,3.0,3.0,-2.0
10363,9.0,1,0.0,0.0,0.0,0.0,0.0,0.0,1.0
10364,9.0,14,5.0,3.0,2.0,21.0,31.0,12.0,7.0
10365,9.0,4,0.0,0.0,0.0,2.0,3.0,9.0,0.0
10366,10.0,11,11.0,3.0,3.0,26.0,48.0,3.0,-2.0
10367,10.0,7,4.0,10.0,3.0,25.0,53.0,0.0,0.0
10368,10.0,37,24.0,20.0,11.0,63.0,133.0,12.0,8.0
10369,10.0,43,6.0,15.0,10.0,60.0,120.0,23.0,-6.0
10370,10.0,18,15.0,6.0,1.0,28.0,44.0,1.0,0.0
10371,10.0,21,6.0,5.0,4.0,26.0,62.0,4.0,3.0
10373,10.0,14,6.0,9.0,2.0,33.0,45.0,7.0,4.0
10375,9.0,17,2.0,0.0,3.0,10.0,14.0,16.0,-1.0
10376,9.0,4,0.0,0.0,0.0,3.0,5.0,4.0,-2.0
10377,10.0,26,3.0,7.0,2.0,25.0,69.0,10.0,9.0
10378,10.0,34,4.0,8.0,3.0,16.0,25.0,10.0,0.0
10379,10.0,47,4.0,2.0,3.0,34.0,59.0,49.0,-31.0
10380,9.0,2,0.0,0.0,0.0,2.0,0.0,1.0,3.0
10381,10.0,27,17.0,2.0,0.0,23.0,60.0,7.0,2.0
10382,10.0,7,4.0,1.0,2.0,9.0,31.0,0.0,5.0
10383,10.0,41,11.0,9.0,4.0,38.0,87.0,9.0,-26.0
10384,10.0,15,2.0,4.0,1.0,14.0,31.0,0.0,-3.0
10385,10.0,2,0.0,1.0,0.0,2.0,5.0,3.0,0.0
10386,9.0,17,0.0,0.0,1.0,28.0,36.0,10.0,7.0
10387,10.0,4,0.0,1.0,0.0,4.0,2.0,0.0,-3.0
10388,9.0,17,0.0,2.0,1.0,10.0,16.0,8.0,9.0
10390,9.0,40,1.0,2.0,1.0,29.0,19.0,27.0,17.0
10391,9.0,1,0.0,0.0,0.0,0.0,0.0,0.0,0.0
10394,10.0,49,15.0,10.0,3.0,47.0,82.0,3.0,-3.0
10397,9.0,19,1.0,1.0,1.0,7.0,10.0,23.0,-23.0
10398,9.0,22,2.0,0.0,3.0,34.0,27.0,8.0,-8.0
10399,9.0,2,0.0,0.0,0.0,0.0,0.0,0.0,0.0
10400,10.0,6,0.0,2.0,0.0,4.0,2.0,3.0,-7.0
10402,10.0,32,27.0,18.0,2.0,89.0,140.0,3.0,35.0
10404,10.0,63,29.0,21.0,15.0,99.0,154.0,13.0,40.0
10407,10.0,37,19.0,17.0,9.0,87.0,136.0,9.0,9.0
10408,10.0,1,0.0,1.0,0.0,0.0,2.0,0.0,-2.0
10409,10.0,37,14.0,10.0,6.0,74.0,95.0,4.0,-10.0
10410,9.0,44,3.0,9.0,2.0,58.0,40.0,29.0,-18.0
10411,9.0,42,1.0,3.0,2.0,40.0,22.0,25.0,-4.0
10412,9.0,29,2.0,0.0,1.0,28.0,23.0,15.0,-17.0
10418,9.0,1,0.0,0.0,0.0,0.0,0.0,0.0,0.0
10420,10.0,26,8.0,7.0,0.0,41.0,54.0,6.0,2.0
10422,9.0,1,0.0,0.0,0.0,0.0,0.0,0.0,0.0
10428,10.0,64,27.0,29.0,13.0,126.0,180.0,18.0,50.0
10430,10.0,45,26.0,13.0,9.0,63.0,136.0,13.0,28.0
10431,10.0,17,16.0,4.0,3.0,51.0,71.0,6.0,-3.0
10432,10.0,20,6.0,3.0,1.0,33.0,34.0,2.0,12.0
10433,10.0,19,2.0,2.0,2.0,16.0,26.0,7.0,-8.0
10434,10.0,2,0.0,0.0,0.0,0.0,0.0,0.0,0.0
10437,9.0,11,0.0,1.0,0.0,2.0,6.0,2.0,-1.0
10438,9.0,36,0.0,2.0,3.0,26.0,15.0,44.0,-14.0
10439,9.0,29,0.0,2.0,3.0,23.0,15.0,19.0,-8.0
10440,9.0,38,1.0,0.0,3.0,22.0,9.0,60.0,-24.0
10441,9.0,5,0.0,0.0,0.0,0.0,0.0,1.0,1.0
10442,9.0,31,0.0,1.0,0.0,9.0,14.0,19.0,-9.0
10443,10.0,18,3.0,2.0,2.0,9.0,28.0,9.0,-7.0
10444,10.0,25,0.0,1.0,0.0,9.0,5.0,6.0,-11.0
10445,10.0,34,1.0,2.0,2.0,11.0,27.0,7.0,-21.0
10446,10.0,2,0.0,0.0,0.0,5.0,3.0,0.0,-5.0
10447,10.0,26,4.0,5.0,0.0,19.0,19.0,4.0,-5.0
10448,10.0,23,1.0,3.0,1.0,12.0,12.0,13.0,-3.0
10450,10.0,38,4.0,5.0,2.0,32.0,44.0,19.0,-13.0
10451,10.0,21,1.0,1.0,1.0,7.0,3.0,14.0,6.0
10453,10.0,11,6.0,6.0,1.0,33.0,50.0,4.0,8.0
10454,9.0,14,2.0,4.0,3.0,18.0,30.0,11.0,13.0
10455,10.0,24,10.0,11.0,3.0,56.0,77.0,10.0,19.0
10456,10.0,22,34.0,15.0,5.0,97.0,164.0,7.0,35.0
10457,9.0,10,0.0,2.0,0.0,8.0,11.0,3.0,2.0
10458,10.0,22,16.0,11.0,2.0,29.0,59.0,7.0,31.0
10461,10.0,52,29.0,9.0,5.0,100.0,162.0,19.0,48.0
10462,10.0,25,1.0,4.0,0.0,6.0,9.0,0.0,6.0
10463,10.0,4,0.0,1.0,1.0,1.0,11.0,2.0,0.0
10464,10.0,34,23.0,22.0,7.0,111.0,161.0,6.0,27.0
10465,9.0,11,0.0,3.0,2.0,15.0,16.0,11.0,8.0
10466,10.0,30,17.0,8.0,4.0,19.0,65.0,10.0,28.0
10468,10.0,32,7.0,14.0,2.0,56.0,91.0,9.0,16.0
10469,10.0,20,4.0,1.0,2.0,27.0,36.0,8.0,24.0
10470,10.0,42,27.0,23.0,8.0,121.0,212.0,10.0,40.0
10471,10.0,3,1.0,1.0,0.0,5.0,12.0,1.0,3.0
10473,9.0,42,2.0,4.0,2.0,36.0,35.0,31.0,33.0
10475,10.0,21,11.0,10.0,6.0,33.0,74.0,2.0,21.0
10476,9.0,29,0.0,2.0,4.0,26.0,31.0,22.0,25.0
10477,10.0,24,12.0,10.0,8.0,62.0,64.0,4.0,21.0
10478,9.0,48,8.0,11.0,6.0,77.0,113.0,33.0,43.0
10479,10.0,4,1.0,2.0,1.0,8.0,17.0,0.0,2.0
10480,10.0,4,1.0,1.0,0.0,1.0,10.0,0.0,1.0
10481,10.0,50,29.0,24.0,2.0,97.0,146.0,9.0,34.0
10483,10.0,44,19.0,11.0,5.0,59.0,101.0,19.0,17.0
10484,10.0,18,8.0,11.0,5.0,23.0,49.0,3.0,15.0
10485,10.0,9,1.0,4.0,0.0,14.0,11.0,9.0,11.0
10486,10.0,7,7.0,7.0,3.0,25.0,66.0,1.0,18.0
10490,10.0,1,1.0,0.0,0.0,1.0,1.0,1.0,-1.0
10491,10.0,27,7.0,10.0,3.0,28.0,41.0,2.0,16.0
10493,10.0,32,5.0,4.0,1.0,54.0,34.0,15.0,27.0
10494,10.0,41,29.0,6.0,4.0,91.0,148.0,19.0,35.0
10495,9.0,1,0.0,0.0,0.0,1.0,1.0,0.0,0.0
10496,10.0,11,2.0,2.0,0.0,12.0,11.0,6.0,12.0
10497,10.0,11,9.0,3.0,3.0,18.0,41.0,0.0,17.0
10498,10.0,1,0.0,0.0,0.0,0.0,0.0,0.0,0.0
10499,10.0,14,4.0,1.0,0.0,36.0,46.0,4.0,-6.0
10500,10.0,29,0.0,3.0,1.0,42.0,26.0,51.0,1.0
10503,10.0,43,22.0,14.0,2.0,62.0,140.0,16.0,7.0
10504,10.0,30,4.0,3.0,0.0,38.0,22.0,18.0,-25.0
10505,9.0,11,1.0,1.0,0.0,8.0,7.0,12.0,-13.0
10506,10.0,4,0.0,0.0,0.0,2.0,4.0,1.0,-3.0
10507,10.0,4,0.0,1.0,0.0,1.0,0.0,0.0,-3.0
10508,10.0,47,9.0,2.0,5.0,44.0,63.0,20.0,-18.0
10510,9.0,46,6.0,4.0,2.0,42.0,71.0,14.0,-17.0
10511,10.0,22,4.0,5.0,0.0,15.0,32.0,10.0,-3.0
10512,10.0,42,19.0,10.0,0.0,25.0,92.0,31.0,-29.0
10513,10.0,51,18.0,4.0,4.0,102.0,141.0,35.0,-26.0
10514,10.0,1,0.0,0.0,0.0,0.0,0.0,0.0,0.0
10515,10.0,23,12.0,5.0,0.0,27.0,55.0,1.0,-5.0
10516,9.0,12,0.0,0.0,0.0,8.0,5.0,9.0,2.0
10519,9.0,10,0.0,0.0,3.0,7.0,8.0,5.0,-11.0
10521,10.0,32,13.0,9.0,1.0,48.0,91.0,8.0,-28.0
10522,10.0,8,0.0,2.0,0.0,10.0,9.0,1.0,1.0
10524,10.0,30,2.0,3.0,0.0,33.0,37.0,9.0,-18.0
10525,9.0,30,3.0,5.0,2.0,70.0,69.0,21.0,10.0
10526,9.0,1,0.0,0.0,0.0,0.0,0.0,0.0,0.0
10527,9.0,2,0.0,0.0,0.0,0.0,1.0,0.0,-1.0
10528,10.0,7,2.0,2.0,1.0,21.0,29.0,2.0,-14.0
10530,10.0,42,20.0,13.0,4.0,44.0,69.0,6.0,29.0
10533,10.0,19,7.0,5.0,2.0,16.0,32.0,3.0,8.0
10534,10.0,43,17.0,4.0,1.0,44.0,94.0,14.0,-21.0
10536,10.0,3,0.0,0.0,0.0,2.0,0.0,1.0,2.0
10537,10.0,22,0.0,2.0,0.0,19.0,24.0,9.0,-3.0
10538,10.0,6,4.0,0.0,1.0,16.0,25.0,2.0,-4.0
10539,10.0,4,3.0,2.0,0.0,19.0,18.0,0.0,2.0
10540,10.0,8,0.0,0.0,0.0,4.0,8.0,5.0,-6.0
10541,10.0,19,4.0,1.0,1.0,22.0,26.0,3.0,-2.0
10542,9.0,39,10.0,13.0,11.0,61.0,96.0,21.0,23.0
10543,10.0,36,7.0,8.0,1.0,64.0,45.0,18.0,17.0
10558,9.0,27,0.0,8.0,2.0,28.0,26.0,28.0,-15.0
10559,9.0,8,4.0,0.0,1.0,10.0,19.0,4.0,-9.0
10618,10.0,4,1.0,2.0,1.0,10.0,10.0,4.0,-1.0
10622,10.0,9,12.0,6.0,0.0,55.0,66.0,0.0,0.0
10636,10.0,19,1.0,1.0,0.0,14.0,14.0,5.0,-1.0
10638,9.0,5,1.0,1.0,0.0,4.0,4.0,7.0,-2.0
10641,9.0,5,0.0,2.0,0.0,7.0,4.0,13.0,-2.0
10645,10.0,5,0.0,1.0,0.0,10.0,10.0,0.0,0.0
10646,10.0,5,2.0,3.0,1.0,11.0,19.0,1.0,-1.0
10648,10.0,5,3.0,0.0,0.0,10.0,10.0,1.0,0.0
10649,9.0,5,1.0,0.0,0.0,8.0,6.0,4.0,-2.0
10650,10.0,5,1.0,1.0,0.0,7.0,14.0,1.0,-4.0
10652,10.0,5,2.0,0.0,0.0,11.0,14.0,1.0,-3.0
10657,10.0,9,3.0,3.0,1.0,14.0,30.0,4.0,4.0
10660,10.0,15,6.0,1.0,1.0,30.0,31.0,6.0,-2.0
10663,9.0,11,0.0,1.0,1.0,25.0,9.0,5.0,-5.0
10708,10.0,27,21.0,12.0,2.0,71.0,110.0,8.0,11.0
10733,9.0,4,0.0,0.0,0.0,0.0,0.0,0.0,0.0
10734,10.0,4,0.0,0.0,0.0,0.0,0.0,0.0,-7.0
10735,9.0,1,0.0,0.0,0.0,0.0,0.0,0.0,0.0
10736,10.0,1,0.0,0.0,0.0,0.0,0.0,0.0,0.0
10754,9.0,5,0.0,0.0,0.0,1.0,2.0,5.0,-20.0
10756,10.0,5,0.0,0.0,0.0,0.0,0.0,4.0,-21.0
10758,10.0,5,2.0,0.0,0.0,9.0,12.0,2.0,-16.0
10759,9.0,4,5.0,2.0,0.0,12.0,14.0,5.0,13.0
10761,10.0,4,2.0,4.0,0.0,6.0,4.0,4.0,15.0
10763,10.0,4,8.0,2.0,0.0,4.0,12.0,0.0,12.0
10766,10.0,4,2.0,2.0,2.0,5.0,8.0,2.0,15.0
10767,10.0,4,0.0,1.0,0.0,1.0,1.0,0.0,7.0
10770,9.0,4,2.0,2.0,0.0,3.0,4.0,0.0,14.0
10771,10.0,4,5.0,0.0,0.0,3.0,10.0,1.0,9.0
10772,10.0,4,7.0,1.0,0.0,3.0,10.0,2.0,15.0
10775,10.0,4,2.0,1.0,1.0,2.0,2.0,1.0,8.0
10776,9.0,4,1.0,1.0,1.0,7.0,12.0,2.0,19.0
10779,9.0,4,0.0,2.0,0.0,5.0,3.0,3.0,14.0
10808,10.0,13,8.0,8.0,2.0,27.0,47.0,2.0,-10.0
10809,10.0,2,0.0,0.0,0.0,0.0,0.0,0.0,0.0
10810,10.0,2,0.0,0.0,0.0,0.0,0.0,0.0,0.0
10811,9.0,2,0.0,0.0,0.0,0.0,0.0,0.0,0.0
10812,9.0,2,0.0,0.0,0.0,0.0,0.0,0.0,1.0
10813,9.0,1,0.0,0.0,0.0,0.0,0.0,0.0,0.0
10817,10.0,3,0.0,0.0,0.0,2.0,9.0,0.0,-2.0
10829,10.0,1,0.0,0.0,0.0,0.0,0.0,0.0,0.0
10831,9.0,1,0.0,0.0,0.0,0.0,0.0,0.0,0.0
10832,10.0,1,0.0,0.0,0.0,0.0,0.0,0.0,0.0
10857,10.0,3,0.0,1.0,0.0,1.0,3.0,1.0,0.0
10884,10.0,3,0.0,0.0,0.0,3.0,8.0,0.0,1.0
10886,9.0,30,0.0,2.0,0.0,28.0,23.0,12.0,-20.0
10887,10.0,45,3.0,0.0,1.0,31.0,20.0,23.0,-15.0
10888,10.0,29,17.0,11.0,6.0,48.0,78.0,12.0,28.0
10889,10.0,48,18.0,11.0,6.0,64.0,100.0,14.0,22.0
10891,10.0,2,0.0,0.0,0.0,0.0,0.0,0.0,0.0
10892,9.0,1,0.0,0.0,0.0,0.0,0.0,0.0,0.0
10897,9.0,4,0.0,0.0,0.0,1.0,2.0,4.0,-4.0
10901,10.0,4,2.0,0.0,0.0,13.0,11.0,2.0,-7.0
10903,10.0,4,1.0,0.0,0.0,8.0,8.0,7.0,-7.0
10906,9.0,4,0.0,0.0,0.0,0.0,2.0,3.0,-8.0
10913,10.0,28,7.0,4.0,1.0,53.0,79.0,5.0,-24.0
10914,10.0,1,0.0,0.0,0.0,0.0,0.0,0.0,0.0
10919,10.0,37,5.0,5.0,3.0,73.0,50.0,27.0,35.0
10920,10.0,7,1.0,0.0,0.0,1.0,5.0,3.0,-13.0
10921,10.0,1,0.0,0.0,0.0,0.0,0.0,0.0,0.0
10922,9.0,21,1.0,2.0,1.0,42.0,22.0,15.0,17.0
10924,10.0,31,4.0,3.0,0.0,28.0,31.0,13.0,-38.0
10925,10.0,3,0.0,0.0,0.0,0.0,2.0,1.0,-3.0
10926,9.0,35,9.0,3.0,3.0,96.0,111.0,38.0,13.0
10928,10.0,43,19.0,6.0,6.0,95.0,103.0,24.0,-7.0
10929,10.0,38,2.0,0.0,0.0,15.0,17.0,17.0,-33.0
10930,10.0,43,3.0,1.0,1.0,44.0,51.0,12.0,-21.0
10932,10.0,20,3.0,1.0,1.0,18.0,31.0,10.0,-14.0
10933,10.0,2,0.0,0.0,0.0,1.0,5.0,0.0,0.0
10934,10.0,45,19.0,4.0,1.0,74.0,118.0,14.0,-10.0
10936,9.0,2,0.0,0.0,0.0,3.0,1.0,1.0,-1.0
10937,10.0,3,1.0,0.0,0.0,2.0,3.0,1.0,-2.0
10939,10.0,24,14.0,6.0,4.0,52.0,69.0,9.0,16.0
10940,9.0,16,4.0,6.0,3.0,21.0,33.0,5.0,12.0
10941,9.0,53,5.0,10.0,3.0,85.0,65.0,41.0,46.0
10943,10.0,59,72.0,21.0,4.0,234.0,331.0,17.0,63.0
10944,10.0,10,8.0,5.0,1.0,27.0,35.0,2.0,15.0
10945,10.0,1,0.0,0.0,0.0,0.0,0.0,0.0,0.0
10946,10.0,1,0.0,0.0,0.0,0.0,0.0,0.0,0.0
10947,10.0,1,0.0,0.0,0.0,0.0,0.0,0.0,0.0
10948,9.0,1,0.0,0.0,0.0,0.0,0.0,0.0,0.0
10949,10.0,1,0.0,0.0,0.0,0.0,0.0,0.0,0.0
10991,9.0,48,5.0,16.0,6.0,78.0,66.0,31.0,33.0
11130,10.0,5,5.0,2.0,1.0,11.0,24.0,0.0,3.0
11173,9.0,25,1.0,2.0,3.0,38.0,27.0,30.0,-8.0
11214,10.0,5,4.0,3.0,0.0,12.0,15.0,0.0,8.0
11215,9.0,5,0.0,0.0,0.0,0.0,2.0,5.0,4.0
11216,10.0,5,4.0,4.0,0.0,6.0,16.0,1.0,4.0
11217,10.0,5,0.0,0.0,0.0,4.0,0.0,0.0,-3.0
11218,10.0,5,2.0,1.0,0.0,1.0,11.0,0.0,1.0
11219,10.0,5,0.0,0.0,0.0,2.0,1.0,3.0,-4.0
11220,10.0,5,0.0,0.0,0.0,0.0,0.0,0.0,0.0
11221,9.0,5,0.0,2.0,0.0,1.0,3.0,4.0,-1.0
11222,9.0,5,0.0,0.0,0.0,4.0,3.0,4.0,-3.0
11223,9.0,5,0.0,0.0,0.0,2.0,3.0,6.0,4.0
11224,10.0,5,2.0,0.0,1.0,10.0,12.0,0.0,2.0
11225,9.0,5,0.0,1.0,1.0,3.0,3.0,3.0,0.0
11226,10.0,5,3.0,0.0,1.0,12.0,10.0,0.0,-5.0
11227,10.0,5,2.0,3.0,0.0,6.0,7.0,1.0,1.0
11228,10.0,5,5.0,3.0,2.0,5.0,19.0,1.0,2.0
11234,9.0,9,1.0,1.0,1.0,7.0,8.0,1.0,-3.0
11239,10.0,21,5.0,4.0,1.0,29.0,39.0,6.0,-14.0
11248,10.0,2,0.0,0.0,0.0,3.0,7.0,2.0,-6.0
11261,10.0,5,2.0,0.0,0.0,8.0,9.0,1.0,-1.0
11264,10.0,25,15.0,9.0,1.0,51.0,101.0,10.0,5.0
11283,10.0,4,3.0,1.0,0.0,10.0,8.0,1.0,11.0
11287,10.0,1,0.0,0.0,0.0,0.0,0.0,0.0,0.0
11315,9.0,4,0.0,0.0,0.0,1.0,5.0,3.0,-7.0
11325,10.0,4,0.0,0.0,0.0,0.0,0.0,0.0,0.0
11326,9.0,4,0.0,0.0,0.0,0.0,0.0,6.0,-9.0
11327,9.0,4,0.0,0.0,0.0,4.0,1.0,8.0,-7.0
11328,9.0,4,0.0,0.0,0.0,3.0,1.0,3.0,-5.0
11329,10.0,4,1.0,0.0,0.0,6.0,10.0,4.0,-8.0
11331,10.0,4,0.0,0.0,0.0,1.0,0.0,1.0,-1.0
11332,10.0,4,1.0,0.0,0.0,0.0,2.0,1.0,-8.0
11354,10.0,21,18.0,5.0,1.0,38.0,53.0,1.0,5.0
11355,9.0,32,1.0,4.0,4.0,31.0,32.0,27.0,-15.0
11356,9.0,34,1.0,2.0,3.0,40.0,30.0,36.0,5.0
11357,10.0,12,4.0,3.0,3.0,12.0,20.0,5.0,11.0
11371,10.0,2,0.0,0.0,0.0,1.0,6.0,0.0,-4.0
11374,10.0,4,1.0,1.0,2.0,7.0,6.0,4.0,-3.0
11376,10.0,26,35.0,10.0,1.0,94.0,157.0,2.0,17.0
11377,10.0,7,0.0,0.0,0.0,6.0,8.0,6.0,-5.0
11402,10.0,29,4.0,4.0,1.0,43.0,23.0,29.0,-18.0
11403,10.0,33,4.0,8.0,0.0,14.0,39.0,8.0,-30.0
11404,10.0,4,0.0,0.0,0.0,4.0,4.0,0.0,-7.0
11405,9.0,26,3.0,2.0,0.0,29.0,15.0,30.0,2.0
11406,9.0,18,3.0,2.0,0.0,29.0,25.0,9.0,-18.0
11407,9.0,15,3.0,3.0,0.0,12.0,22.0,2.0,3.0
11408,10.0,1,0.0,0.0,0.0,0.0,0.0,0.0,0.0
11409,10.0,14,7.0,3.0,2.0,26.0,37.0,4.0,7.0
11410,10.0,29,11.0,10.0,8.0,50.0,72.0,8.0,16.0
11415,9.0,38,0.0,2.0,1.0,41.0,22.0,27.0,-5.0
11416,10.0,13,0.0,3.0,1.0,23.0,27.0,5.0,12.0
11417,10.0,25,3.0,5.0,0.0,38.0,44.0,7.0,5.0
11429,10.0,21,4.0,2.0,1.0,31.0,32.0,1.0,9.0
11430,10.0,1,0.0,0.0,0.0,0.0,0.0,0.0,0.0
11433,10.0,17,3.0,2.0,0.0,11.0,29.0,4.0,-3.0
11438,9.0,8,2.0,0.0,1.0,16.0,23.0,8.0,-17.0
11439,9.0,6,1.0,2.0,0.0,5.0,12.0,3.0,1.0
11440,10.0,15,6.0,3.0,2.0,9.0,24.0,3.0,4.0
11441,10.0,17,5.0,4.0,0.0,44.0,40.0,20.0,12.0
11442,10.0,6,1.0,0.0,1.0,3.0,5.0,2.0,1.0
11443,10.0,31,21.0,8.0,1.0,64.0,134.0,8.0,8.0
11444,10.0,40,24.0,9.0,2.0,87.0,119.0,28.0,18.0
11445,9.0,1,0.0,0.0,0.0,0.0,0.0,0.0,-1.0
11446,9.0,14,1.0,0.0,1.0,8.0,12.0,6.0,3.0
11447,9.0,12,3.0,2.0,1.0,8.0,11.0,5.0,-2.0
11448,10.0,25,7.0,1.0,4.0,24.0,51.0,4.0,-5.0
11449,10.0,25,5.0,5.0,3.0,14.0,22.0,17.0,4.0
11450,9.0,6,0.0,0.0,0.0,3.0,0.0,2.0,-3.0
11451,9.0,32,0.0,2.0,1.0,29.0,17.0,35.0,-4.0
11452,10.0,19,1.0,1.0,0.0,4.0,12.0,9.0,-18.0
11453,10.0,13,4.0,2.0,0.0,18.0,27.0,4.0,-4.0
11454,9.0,15,0.0,1.0,1.0,8.0,6.0,5.0,10.0
11455,10.0,14,4.0,1.0,0.0,15.0,16.0,9.0,3.0
11457,9.0,2,0.0,0.0,0.0,0.0,0.0,0.0,0.0
11458,9.0,7,0.0,0.0,0.0,4.0,6.0,3.0,-4.0
11459,10.0,34,2.0,3.0,1.0,37.0,32.0,18.0,22.0
11462,9.0,37,2.0,0.0,1.0,39.0,25.0,52.0,-6.0
11463,10.0,42,47.0,17.0,5.0,113.0,202.0,10.0,40.0
11464,9.0,40,8.0,8.0,4.0,79.0,89.0,23.0,8.0
11465,10.0,1,0.0,0.0,0.0,0.0,0.0,0.0,0.0
11529,10.0,14,6.0,4.0,0.0,44.0,52.0,3.0,7.0
11539,9.0,1,0.0,0.0,0.0,0.0,0.0,0.0,0.0
11540,10.0,11,1.0,1.0,0.0,9.0,7.0,2.0,-10.0
11541,9.0,30,0.0,0.0,0.0,38.0,12.0,38.0,-17.0
11542,10.0,19,6.0,2.0,0.0,20.0,36.0,2.0,-17.0
11543,10.0,33,7.0,6.0,1.0,46.0,74.0,53.0,-17.0
11560,10.0,21,5.0,6.0,1.0,32.0,47.0,7.0,-16.0
11561,9.0,34,3.0,8.0,4.0,63.0,70.0,54.0,33.0
11579,10.0,4,2.0,3.0,0.0,3.0,8.0,0.0,6.0
11587,9.0,5,1.0,1.0,0.0,4.0,7.0,3.0,-1.0
11589,10.0,5,1.0,0.0,0.0,2.0,4.0,0.0,-21.0
11590,9.0,5,1.0,0.0,0.0,2.0,1.0,3.0,-16.0
11591,10.0,5,0.0,0.0,0.0,0.0,0.0,1.0,-6.0
11592,9.0,5,0.0,0.0,0.0,0.0,0.0,2.0,-3.0
11593,10.0,5,3.0,0.0,0.0,11.0,13.0,3.0,-15.0
11594,9.0,5,0.0,0.0,0.0,0.0,0.0,5.0,-8.0
11595,10.0,5,0.0,0.0,0.0,1.0,2.0,4.0,-11.0
11596,10.0,5,0.0,0.0,0.0,3.0,1.0,6.0,-14.0
11597,10.0,5,0.0,0.0,0.0,4.0,6.0,0.0,0.0
11598,9.0,5,0.0,0.0,0.0,2.0,1.0,4.0,-10.0
11599,10.0,5,2.0,1.0,0.0,15.0,12.0,0.0,-4.0
11600,10.0,5,0.0,0.0,0.0,2.0,3.0,3.0,-4.0
11601,10.0,5,0.0,1.0,0.0,0.0,2.0,2.0,-11.0
11602,10.0,5,1.0,1.0,0.0,1.0,1.0,2.0,-4.0
11603,9.0,5,4.0,0.0,0.0,9.0,7.0,1.0,-3.0
11604,9.0,5,3.0,2.0,0.0,3.0,9.0,0.0,-1.0
11605,9.0,5,0.0,1.0,0.0,3.0,2.0,4.0,-10.0
11606,10.0,5,1.0,1.0,0.0,4.0,5.0,0.0,-5.0
11607,10.0,5,2.0,0.0,0.0,4.0,4.0,3.0,-9.0
11608,10.0,5,0.0,0.0,0.0,2.0,5.0,1.0,-15.0
11609,10.0,5,0.0,0.0,0.0,0.0,5.0,1.0,-6.0
11610,10.0,5,2.0,1.0,0.0,12.0,10.0,1.0,-1.0
11611,10.0,5,4.0,0.0,0.0,3.0,9.0,2.0,-2.0
11612,10.0,5,9.0,6.0,1.0,21.0,23.0,0.0,20.0
11613,9.0,5,4.0,3.0,0.0,22.0,17.0,1.0,20.0
11614,10.0,5,7.0,5.0,2.0,11.0,25.0,0.0,23.0
11615,10.0,5,5.0,6.0,1.0,9.0,14.0,0.0,21.0
11616,9.0,5,5.0,3.0,2.0,14.0,15.0,0.0,28.0
11617,9.0,4,0.0,0.0,0.0,0.0,0.0,0.0,0.0
11618,10.0,5,7.0,3.0,0.0,18.0,23.0,0.0,20.0
11619,10.0,5,9.0,1.0,0.0,5.0,21.0,0.0,19.0
11620,10.0,5,4.0,3.0,0.0,8.0,17.0,0.0,16.0
11621,9.0,5,0.0,1.0,0.0,16.0,10.0,1.0,21.0
11622,10.0,5,2.0,2.0,0.0,4.0,11.0,0.0,6.0
11623,10.0,5,0.0,0.0,1.0,4.0,3.0,0.0,7.0
11624,10.0,5,2.0,0.0,0.0,2.0,11.0,0.0,7.0
11626,9.0,5,0.0,0.0,0.0,2.0,1.0,1.0,24.0
11628,9.0,4,0.0,0.0,0.0,0.0,0.0,0.0,0.0
11629,10.0,2,0.0,0.0,0.0,0.0,0.0,1.0,-2.0
11630,9.0,9,0.0,1.0,1.0,6.0,2.0,4.0,3.0
11631,10.0,3,0.0,0.0,0.0,5.0,2.0,3.0,-8.0
11632,10.0,6,4.0,1.0,1.0,13.0,19.0,2.0,4.0
11634,10.0,3,1.0,0.0,0.0,3.0,7.0,0.0,-3.0
11636,10.0,2,0.0,0.0,1.0,4.0,6.0,1.0,-6.0
11637,9.0,6,3.0,0.0,0.0,8.0,9.0,7.0,-2.0
11638,9.0,1,0.0,0.0,0.0,0.0,0.0,1.0,1.0
11639,10.0,3,1.0,2.0,0.0,11.0,10.0,2.0,3.0
11640,9.0,4,0.0,0.0,0.0,4.0,1.0,0.0,0.0
11641,10.0,6,5.0,1.0,0.0,10.0,24.0,1.0,6.0
11643,10.0,15,14.0,6.0,2.0,34.0,62.0,7.0,10.0
11645,9.0,1,0.0,0.0,0.0,0.0,0.0,0.0,-1.0
11646,10.0,26,5.0,4.0,3.0,53.0,48.0,22.0,15.0
11647,10.0,9,3.0,1.0,0.0,12.0,25.0,2.0,3.0
11649,9.0,24,3.0,3.0,0.0,17.0,33.0,25.0,-2.0
11650,9.0,4,0.0,1.0,1.0,1.0,2.0,2.0,-3.0
11651,9.0,16,0.0,0.0,1.0,17.0,8.0,8.0,-5.0
11652,9.0,16,6.0,2.0,0.0,34.0,38.0,4.0,-4.0
11653,9.0,21,1.0,0.0,0.0,31.0,18.0,10.0,-7.0
11654,10.0,12,0.0,0.0,0.0,6.0,6.0,7.0,5.0
11657,10.0,15,3.0,2.0,1.0,22.0,30.0,2.0,-7.0
11659,9.0,1,0.0,0.0,0.0,0.0,0.0,0.0,0.0
11660,9.0,5,0.0,0.0,0.0,2.0,2.0,2.0,-7.0
11664,9.0,3,0.0,0.0,0.0,5.0,11.0,3.0,6.0
11665,10.0,9,0.0,1.0,0.0,12.0,9.0,1.0,-4.0
11666,9.0,22,2.0,1.0,10.0,35.0,30.0,19.0,-2.0
11667,9.0,4,0.0,0.0,0.0,3.0,2.0,0.0,-5.0
11668,9.0,29,10.0,5.0,3.0,22.0,43.0,5.0,-3.0
11669,10.0,29,6.0,5.0,1.0,45.0,35.0,8.0,-9.0
11670,10.0,22,1.0,1.0,0.0,19.0,18.0,10.0,-8.0
11671,10.0,5,1.0,0.0,0.0,3.0,5.0,1.0,-5.0
11672,10.0,25,1.0,0.0,0.0,25.0,11.0,6.0,2.0
11673,10.0,26,13.0,5.0,0.0,80.0,73.0,11.0,4.0
11674,10.0,27,7.0,5.0,1.0,23.0,61.0,11.0,6.0
11675,10.0,26,8.0,6.0,3.0,17.0,27.0,6.0,15.0
11676,10.0,27,3.0,2.0,0.0,24.0,30.0,9.0,-1.0
11677,9.0,24,0.0,4.0,0.0,29.0,18.0,21.0,8.0
11678,10.0,21,6.0,4.0,0.0,20.0,36.0,7.0,-15.0
11679,10.0,27,1.0,3.0,1.0,29.0,17.0,21.0,-7.0
11680,9.0,24,3.0,8.0,2.0,51.0,18.0,21.0,28.0
11681,10.0,23,1.0,1.0,2.0,11.0,17.0,19.0,8.0
11682,9.0,9,0.0,0.0,0.0,19.0,13.0,12.0,-4.0
11685,9.0,5,0.0,0.0,0.0,3.0,1.0,1.0,0.0
11687,9.0,1,1.0,0.0,0.0,2.0,1.0,0.0,1.0
11688,10.0,4,1.0,1.0,0.0,5.0,9.0,0.0,-2.0
11689,9.0,6,0.0,1.0,0.0,4.0,3.0,10.0,-2.0
11690,10.0,4,1.0,1.0,0.0,3.0,8.0,1.0,2.0
11691,10.0,5,4.0,0.0,0.0,2.0,9.0,0.0,-2.0
11693,9.0,4,1.0,0.0,0.0,5.0,4.0,1.0,-1.0
11694,10.0,2,3.0,1.0,0.0,11.0,16.0,1.0,3.0
11695,10.0,4,3.0,2.0,0.0,14.0,10.0,2.0,7.0
11697,10.0,5,1.0,1.0,1.0,3.0,7.0,0.0,-1.0
11698,9.0,2,0.0,0.0,0.0,0.0,0.0,0.0,0.0
11699,10.0,4,1.0,0.0,0.0,14.0,23.0,4.0,-3.0
11700,10.0,5,1.0,2.0,0.0,8.0,5.0,0.0,3.0
11701,9.0,6,0.0,0.0,0.0,8.0,1.0,8.0,9.0
11702,10.0,19,0.0,0.0,1.0,17.0,3.0,9.0,-3.0
11703,10.0,4,1.0,0.0,0.0,13.0,11.0,3.0,-1.0
11704,9.0,19,0.0,3.0,0.0,10.0,3.0,29.0,-5.0
11708,9.0,2,1.0,0.0,0.0,2.0,4.0,1.0,0.0
11709,9.0,5,0.0,0.0,0.0,15.0,10.0,3.0,-2.0
11710,9.0,8,2.0,2.0,2.0,19.0,25.0,15.0,-3.0
11711,9.0,23,3.0,2.0,0.0,28.0,26.0,19.0,2.0
11712,9.0,7,1.0,1.0,0.0,10.0,5.0,10.0,4.0
11713,10.0,5,0.0,2.0,0.0,2.0,7.0,1.0,6.0
11714,10.0,4,3.0,2.0,1.0,18.0,20.0,1.0,-3.0
11716,10.0,5,2.0,2.0,0.0,5.0,12.0,2.0,-1.0
11717,10.0,2,4.0,0.0,0.0,3.0,11.0,0.0,5.0
11718,10.0,7,5.0,1.0,0.0,13.0,35.0,3.0,0.0
11720,10.0,5,1.0,0.0,0.0,6.0,14.0,3.0,1.0
11721,9.0,1,0.0,0.0,0.0,0.0,0.0,0.0,0.0
11723,10.0,21,11.0,7.0,5.0,34.0,66.0,14.0,7.0
11724,10.0,2,0.0,0.0,0.0,0.0,0.0,0.0,0.0
11725,10.0,24,7.0,4.0,0.0,22.0,43.0,5.0,-3.0
11726,10.0,23,5.0,1.0,0.0,23.0,33.0,15.0,-4.0
11727,10.0,7,0.0,0.0,0.0,2.0,1.0,3.0,-1.0
11728,10.0,20,1.0,2.0,1.0,24.0,29.0,5.0,0.0
11729,10.0,1,0.0,0.0,0.0,0.0,0.0,0.0,0.0
11730,9.0,4,0.0,0.0,0.0,1.0,2.0,1.0,-1.0
11731,10.0,15,1.0,3.0,0.0,11.0,8.0,3.0,-5.0
11732,9.0,29,4.0,4.0,1.0,31.0,24.0,31.0,21.0
11733,10.0,16,16.0,5.0,1.0,22.0,49.0,1.0,17.0
11734,9.0,5,0.0,0.0,0.0,8.0,5.0,1.0,2.0
11737,9.0,27,1.0,2.0,1.0,34.0,25.0,33.0,23.0
11738,9.0,20,2.0,2.0,1.0,36.0,24.0,15.0,18.0
11739,10.0,21,9.0,7.0,0.0,65.0,86.0,5.0,15.0
11740,10.0,26,12.0,8.0,4.0,63.0,72.0,5.0,15.0
11741,10.0,2,1.0,1.0,0.0,0.0,2.0,0.0,3.0
11743,10.0,12,6.0,7.0,1.0,21.0,43.0,0.0,10.0
11744,9.0,15,0.0,1.0,0.0,8.0,6.0,5.0,6.0
11745,9.0,10,1.0,0.0,0.0,7.0,5.0,1.0,8.0
11747,9.0,8,0.0,1.0,0.0,4.0,0.0,1.0,1.0
11748,10.0,16,6.0,1.0,0.0,20.0,16.0,3.0,-3.0
11749,10.0,9,1.0,2.0,0.0,13.0,9.0,5.0,0.0
11750,10.0,3,0.0,0.0,0.0,3.0,4.0,1.0,-1.0
11751,9.0,29,7.0,5.0,5.0,66.0,61.0,24.0,6.0
11752,10.0,27,33.0,15.0,4.0,71.0,111.0,3.0,19.0
11753,10.0,20,7.0,7.0,1.0,31.0,59.0,7.0,4.0
11754,10.0,25,12.0,12.0,3.0,43.0,81.0,19.0,2.0
11755,10.0,24,10.0,5.0,1.0,62.0,79.0,16.0,2.0
11756,10.0,25,1.0,1.0,0.0,18.0,26.0,8.0,-9.0
11757,10.0,28,14.0,12.0,1.0,55.0,69.0,20.0,18.0
11758,10.0,21,2.0,4.0,0.0,23.0,40.0,7.0,-2.0
11759,10.0,29,10.0,6.0,1.0,37.0,50.0,5.0,6.0
11760,9.0,24,10.0,1.0,1.0,44.0,60.0,7.0,-14.0
11761,10.0,7,0.0,9.0,3.0,15.0,16.0,1.0,13.0
11762,10.0,8,14.0,11.0,7.0,29.0,59.0,1.0,20.0
11763,10.0,6,11.0,9.0,2.0,18.0,34.0,1.0,12.0
11764,9.0,7,2.0,2.0,2.0,10.0,21.0,2.0,6.0
11765,9.0,6,0.0,1.0,2.0,12.0,11.0,3.0,7.0
11766,10.0,2,0.0,0.0,1.0,11.0,12.0,0.0,-10.0
11769,9.0,21,5.0,3.0,0.0,29.0,15.0,37.0,2.0
11770,9.0,1,0.0,0.0,0.0,0.0,0.0,1.0,-2.0
11771,9.0,5,0.0,0.0,0.0,0.0,0.0,2.0,-7.0
11772,9.0,12,1.0,0.0,1.0,15.0,10.0,14.0,4.0
11773,9.0,6,0.0,0.0,0.0,2.0,0.0,1.0,-12.0
11774,9.0,6,0.0,0.0,1.0,5.0,1.0,9.0,-6.0
11775,9.0,23,0.0,0.0,0.0,13.0,6.0,19.0,-20.0
11776,9.0,2,0.0,0.0,0.0,1.0,0.0,2.0,-3.0
11777,9.0,12,0.0,1.0,0.0,2.0,2.0,3.0,-9.0
11778,9.0,8,0.0,0.0,0.0,2.0,0.0,1.0,-7.0
11780,9.0,10,0.0,1.0,0.0,9.0,11.0,3.0,-6.0
11781,10.0,5,0.0,0.0,0.0,1.0,0.0,2.0,-13.0
11783,10.0,15,0.0,0.0,0.0,4.0,6.0,8.0,-25.0
11784,10.0,21,6.0,8.0,2.0,35.0,57.0,1.0,-18.0
11785,10.0,21,7.0,2.0,3.0,25.0,39.0,4.0,-7.0
11787,10.0,15,2.0,0.0,0.0,10.0,9.0,6.0,-18.0
11788,10.0,6,1.0,0.0,0.0,10.0,8.0,1.0,-4.0
11789,10.0,3,0.0,0.0,0.0,0.0,1.0,2.0,-8.0
11790,10.0,14,1.0,0.0,0.0,22.0,22.0,21.0,-2.0
11791,10.0,8,0.0,0.0,0.0,4.0,4.0,6.0,-9.0
11792,10.0,15,1.0,0.0,0.0,5.0,11.0,3.0,-21.0
11793,9.0,18,1.0,3.0,1.0,13.0,7.0,25.0,-5.0
11794,9.0,11,4.0,4.0,2.0,33.0,47.0,7.0,-12.0
11795,10.0,4,2.0,9.0,1.0,10.0,12.0,2.0,11.0
11796,10.0,24,11.0,4.0,2.0,48.0,72.0,3.0,4.0
11797,10.0,1,0.0,0.0,0.0,0.0,0.0,0.0,0.0
11798,9.0,23,1.0,1.0,1.0,37.0,23.0,21.0,-19.0
11799,10.0,22,6.0,2.0,3.0,36.0,40.0,2.0,-9.0
11800,10.0,3,1.0,0.0,0.0,3.0,3.0,1.0,-4.0
11802,10.0,1,0.0,0.0,0.0,0.0,0.0,0.0,0.0
11804,10.0,1,0.0,0.0,0.0,0.0,2.0,0.0,0.0
11805,9.0,15,0.0,0.0,0.0,1.0,1.0,5.0,-3.0
11807,10.0,1,1.0,1.0,0.0,1.0,3.0,0.0,-3.0
11808,9.0,6,3.0,1.0,4.0,14.0,24.0,14.0,8.0
11809,10.0,3,4.0,1.0,0.0,5.0,8.0,0.0,-7.0
11810,10.0,2,1.0,1.0,2.0,3.0,8.0,1.0,5.0
11811,10.0,3,1.0,0.0,0.0,4.0,8.0,1.0,3.0
11814,10.0,21,3.0,3.0,1.0,20.0,29.0,3.0,2.0
11815,10.0,3,8.0,7.0,0.0,5.0,29.0,1.0,3.0
11817,9.0,31,8.0,4.0,5.0,85.0,56.0,30.0,31.0
11818,10.0,4,0.0,0.0,1.0,11.0,12.0,1.0,1.0
11821,9.0,6,13.0,3.0,2.0,24.0,55.0,0.0,16.0
11823,10.0,3,5.0,1.0,3.0,6.0,14.0,2.0,7.0
11824,10.0,2,1.0,4.0,0.0,9.0,9.0,0.0,4.0
11825,10.0,3,1.0,2.0,7.0,7.0,23.0,0.0,11.0
11826,9.0,4,5.0,2.0,2.0,8.0,20.0,3.0,9.0
11827,10.0,22,23.0,15.0,2.0,48.0,84.0,3.0,22.0
11828,10.0,1,0.0,0.0,0.0,1.0,1.0,1.0,0.0
11831,10.0,17,4.0,2.0,2.0,17.0,25.0,11.0,-14.0
11832,10.0,10,0.0,0.0,0.0,6.0,2.0,0.0,-1.0
11833,10.0,11,1.0,2.0,0.0,4.0,5.0,0.0,3.0
11834,10.0,23,8.0,5.0,0.0,54.0,75.0,12.0,6.0
11836,10.0,21,6.0,3.0,1.0,22.0,30.0,4.0,-6.0
11837,10.0,5,0.0,0.0,0.0,5.0,3.0,1.0,3.0
11838,9.0,9,2.0,0.0,0.0,12.0,6.0,9.0,-13.0
11840,9.0,10,7.0,1.0,3.0,31.0,41.0,16.0,8.0
11841,9.0,19,0.0,4.0,1.0,19.0,17.0,12.0,7.0
11842,9.0,12,4.0,7.0,0.0,18.0,33.0,1.0,7.0
11843,9.0,15,1.0,0.0,1.0,12.0,9.0,4.0,4.0
11844,9.0,20,7.0,1.0,1.0,32.0,48.0,3.0,7.0
11845,9.0,18,9.0,2.0,0.0,18.0,32.0,3.0,0.0
11846,10.0,15,5.0,3.0,1.0,10.0,19.0,5.0,3.0
11847,9.0,2,0.0,0.0,0.0,0.0,1.0,0.0,-3.0
11848,9.0,15,2.0,0.0,0.0,16.0,7.0,7.0,-22.0
11849,10.0,14,1.0,0.0,0.0,11.0,13.0,4.0,-18.0
11850,9.0,15,0.0,0.0,0.0,10.0,5.0,24.0,-18.0
11852,9.0,19,29.0,22.0,9.0,80.0,177.0,9.0,21.0
11853,10.0,17,5.0,4.0,1.0,29.0,46.0,14.0,-15.0
11854,10.0,10,2.0,0.0,0.0,3.0,11.0,3.0,-5.0
11855,10.0,1,0.0,0.0,0.0,1.0,0.0,0.0,-4.0
11856,10.0,17,6.0,3.0,0.0,23.0,42.0,13.0,-21.0
11857,10.0,16,1.0,0.0,0.0,23.0,5.0,10.0,-10.0
11858,10.0,1,1.0,0.0,0.0,1.0,2.0,0.0,0.0
11861,9.0,18,0.0,1.0,1.0,17.0,3.0,15.0,-20.0
11862,10.0,18,1.0,1.0,1.0,24.0,23.0,2.0,-15.0
11863,10.0,3,0.0,0.0,0.0,1.0,0.0,1.0,0.0
11864,10.0,7,0.0,0.0,0.0,10.0,9.0,2.0,1.0
11865,10.0,22,4.0,4.0,0.0,38.0,53.0,1.0,-3.0
11866,9.0,23,0.0,2.0,1.0,25.0,26.0,18.0,0.0
11867,10.0,21,0.0,0.0,1.0,22.0,13.0,17.0,-12.0
11868,10.0,19,4.0,4.0,0.0,17.0,29.0,8.0,8.0
11871,10.0,4,1.0,0.0,0.0,4.0,2.0,2.0,-12.0
11873,10.0,16,5.0,2.0,0.0,18.0,32.0,8.0,-22.0
11874,10.0,16,3.0,3.0,1.0,21.0,28.0,11.0,-24.0
11876,10.0,16,4.0,0.0,3.0,14.0,22.0,2.0,2.0
11877,10.0,20,7.0,18.0,1.0,34.0,53.0,13.0,5.0
11878,9.0,22,8.0,7.0,0.0,33.0,44.0,10.0,9.0
11882,9.0,2,0.0,0.0,0.0,4.0,2.0,2.0,1.0
11883,10.0,19,6.0,2.0,0.0,32.0,69.0,2.0,-10.0
11885,9.0,17,1.0,1.0,4.0,10.0,9.0,12.0,11.0
11886,9.0,7,0.0,0.0,0.0,0.0,0.0,0.0,-8.0
11887,9.0,17,0.0,0.0,0.0,7.0,4.0,8.0,-6.0
11888,9.0,19,3.0,3.0,3.0,35.0,26.0,31.0,-3.0
11889,9.0,3,0.0,0.0,0.0,0.0,0.0,0.0,0.0
11890,9.0,5,0.0,0.0,0.0,0.0,1.0,1.0,0.0
11891,9.0,21,0.0,2.0,1.0,13.0,4.0,13.0,-23.0
11892,9.0,21,0.0,1.0,1.0,11.0,1.0,21.0,-16.0
11893,9.0,20,0.0,1.0,0.0,2.0,0.0,11.0,-11.0
11894,10.0,19,1.0,5.0,0.0,15.0,20.0,24.0,-12.0
11895,10.0,7,4.0,0.0,1.0,20.0,25.0,1.0,-12.0
11896,10.0,18,3.0,2.0,2.0,25.0,31.0,15.0,-19.0
11897,10.0,20,5.0,3.0,1.0,29.0,56.0,2.0,-21.0
11899,10.0,21,8.0,12.0,2.0,49.0,87.0,21.0,-17.0
11900,9.0,20,1.0,3.0,2.0,42.0,29.0,22.0,-4.0
11901,10.0,10,4.0,2.0,0.0,21.0,34.0,1.0,-1.0
11904,10.0,5,0.0,0.0,0.0,3.0,2.0,6.0,-7.0
11905,10.0,8,0.0,1.0,0.0,8.0,7.0,2.0,1.0
11906,10.0,12,4.0,3.0,1.0,10.0,18.0,1.0,7.0
11908,10.0,13,6.0,3.0,1.0,30.0,28.0,2.0,12.0
11909,10.0,15,3.0,5.0,0.0,23.0,31.0,3.0,-11.0
11910,10.0,14,1.0,1.0,1.0,35.0,35.0,1.0,-7.0
11911,10.0,20,8.0,7.0,0.0,27.0,39.0,7.0,-2.0
11912,10.0,1,0.0,0.0,0.0,0.0,2.0,0.0,1.0
11915,10.0,25,32.0,23.0,3.0,40.0,110.0,1.0,35.0
11916,10.0,34,7.0,5.0,2.0,39.0,55.0,11.0,17.0
11917,9.0,22,1.0,4.0,2.0,26.0,21.0,10.0,5.0
11919,10.0,15,4.0,6.0,2.0,15.0,52.0,7.0,12.0
11921,10.0,13,10.0,3.0,1.0,22.0,65.0,1.0,10.0
11922,9.0,18,1.0,3.0,5.0,33.0,46.0,8.0,10.0
11923,10.0,1,1.0,2.0,0.0,0.0,3.0,1.0,4.0
11924,10.0,4,2.0,2.0,1.0,2.0,10.0,3.0,1.0
11926,10.0,11,2.0,0.0,0.0,13.0,14.0,2.0,3.0
11927,10.0,1,0.0,0.0,0.0,0.0,1.0,0.0,0.0
11928,9.0,20,7.0,11.0,2.0,30.0,22.0,18.0,48.0
11930,10.0,22,6.0,6.0,0.0,20.0,29.0,3.0,12.0
11931,9.0,13,0.0,0.0,0.0,7.0,0.0,5.0,9.0
11933,10.0,19,29.0,16.0,1.0,20.0,73.0,7.0,51.0
11934,9.0,19,2.0,0.0,1.0,20.0,8.0,8.0,-9.0
11935,10.0,10,0.0,0.0,0.0,3.0,5.0,0.0,-7.0
11936,10.0,5,0.0,0.0,0.0,1.0,2.0,0.0,-7.0
11937,10.0,17,4.0,5.0,0.0,23.0,39.0,6.0,-10.0
11938,10.0,9,1.0,0.0,2.0,5.0,9.0,4.0,-10.0
11939,9.0,16,11.0,11.0,2.0,50.0,74.0,22.0,22.0
11940,9.0,1,0.0,0.0,0.0,0.0,0.0,0.0,0.0
11941,10.0,20,14.0,6.0,3.0,42.0,84.0,3.0,8.0
11942,10.0,20,7.0,8.0,4.0,36.0,43.0,4.0,13.0
11943,9.0,9,0.0,1.0,0.0,10.0,5.0,10.0,4.0
11944,9.0,14,5.0,2.0,0.0,6.0,23.0,4.0,-5.0
11945,9.0,17,2.0,2.0,0.0,20.0,20.0,9.0,-3.0
11947,10.0,19,5.0,1.0,0.0,25.0,26.0,2.0,-8.0
11948,10.0,13,2.0,3.0,0.0,11.0,14.0,0.0,-4.0
11950,10.0,1,0.0,0.0,0.0,0.0,0.0,0.0,0.0
11951,9.0,16,0.0,1.0,0.0,6.0,2.0,7.0,-7.0
11952,9.0,1,0.0,0.0,0.0,0.0,0.0,0.0,0.0
11953,9.0,19,0.0,3.0,0.0,26.0,15.0,19.0,-18.0
11955,10.0,2,0.0,1.0,0.0,4.0,1.0,0.0,0.0
11957,10.0,12,0.0,0.0,0.0,6.0,0.0,19.0,-13.0
11958,10.0,15,21.0,7.0,0.0,42.0,101.0,6.0,-2.0
11960,10.0,1,0.0,0.0,0.0,0.0,2.0,0.0,-1.0
11961,9.0,15,0.0,0.0,2.0,9.0,6.0,4.0,-7.0
11962,10.0,21,20.0,6.0,0.0,48.0,89.0,25.0,31.0
11963,10.0,20,1.0,0.0,0.0,15.0,11.0,5.0,-4.0
11964,10.0,20,7.0,2.0,0.0,38.0,34.0,8.0,-15.0
11965,10.0,8,7.0,5.0,0.0,12.0,30.0,6.0,7.0
11966,10.0,28,26.0,41.0,10.0,52.0,105.0,8.0,26.0
11967,10.0,15,5.0,6.0,0.0,16.0,43.0,2.0,8.0
11968,9.0,19,0.0,2.0,1.0,21.0,17.0,15.0,-11.0
11970,10.0,5,0.0,1.0,0.0,8.0,4.0,0.0,0.0
11971,10.0,19,4.0,5.0,2.0,30.0,64.0,3.0,-29.0
11972,10.0,14,1.0,1.0,0.0,21.0,14.0,2.0,-9.0
11975,10.0,2,3.0,2.0,1.0,1.0,8.0,1.0,1.0
11976,10.0,13,0.0,1.0,0.0,7.0,4.0,6.0,-17.0
11978,10.0,10,6.0,5.0,0.0,17.0,35.0,3.0,-6.0
11979,10.0,20,32.0,14.0,4.0,46.0,107.0,13.0,29.0
11980,9.0,20,1.0,6.0,0.0,38.0,27.0,34.0,-1.0
11981,9.0,2,0.0,0.0,0.0,0.0,1.0,0.0,0.0
11982,9.0,15,0.0,1.0,0.0,8.0,5.0,26.0,-18.0
11983,10.0,18,2.0,2.0,0.0,16.0,18.0,6.0,-16.0
11985,10.0,17,17.0,4.0,1.0,54.0,91.0,3.0,4.0
11986,9.0,3,1.0,1.0,1.0,3.0,5.0,2.0,-5.0
11987,9.0,1,0.0,0.0,0.0,0.0,1.0,0.0,1.0
11988,10.0,7,0.0,0.0,0.0,2.0,6.0,2.0,-13.0
11989,10.0,2,0.0,0.0,0.0,0.0,0.0,0.0,-1.0
11990,10.0,2,0.0,0.0,0.0,0.0,1.0,2.0,-5.0
11993,10.0,5,1.0,0.0,0.0,3.0,5.0,1.0,-2.0
11994,10.0,19,2.0,1.0,0.0,16.0,9.0,6.0,-13.0
11996,10.0,23,3.0,3.0,2.0,14.0,20.0,1.0,-1.0
11997,10.0,14,7.0,2.0,0.0,34.0,66.0,1.0,-10.0
11998,10.0,8,3.0,0.0,1.0,11.0,31.0,1.0,2.0
11999,10.0,20,9.0,3.0,1.0,16.0,23.0,3.0,9.0
12000,10.0,2,0.0,0.0,0.0,0.0,0.0,0.0,0.0
12001,10.0,1,3.0,1.0,0.0,4.0,5.0,0.0,4.0
12002,9.0,18,13.0,3.0,0.0,37.0,64.0,6.0,14.0
12003,10.0,5,0.0,0.0,0.0,2.0,5.0,0.0,-6.0
12004,10.0,15,2.0,1.0,0.0,22.0,31.0,5.0,-6.0
12005,10.0,13,1.0,2.0,1.0,23.0,31.0,1.0,-12.0
12006,10.0,16,1.0,1.0,0.0,16.0,10.0,11.0,-15.0
12007,10.0,1,0.0,0.0,0.0,0.0,0.0,0.0,0.0
12008,10.0,1,0.0,0.0,0.0,0.0,0.0,0.0,0.0
12009,9.0,7,0.0,0.0,0.0,0.0,3.0,0.0,-15.0
12010,9.0,10,0.0,0.0,1.0,7.0,3.0,7.0,-11.0
12012,10.0,10,1.0,1.0,1.0,9.0,7.0,2.0,-1.0
12013,9.0,5,0.0,1.0,0.0,3.0,7.0,0.0,-4.0
12014,10.0,12,4.0,11.0,1.0,27.0,46.0,1.0,1.0
12015,10.0,12,12.0,3.0,2.0,26.0,50.0,2.0,4.0
12016,10.0,16,13.0,4.0,0.0,40.0,71.0,7.0,-12.0
12017,9.0,7,4.0,0.0,0.0,14.0,25.0,5.0,3.0
12021,9.0,15,1.0,1.0,0.0,5.0,11.0,7.0,-8.0
12022,9.0,15,0.0,2.0,0.0,13.0,9.0,11.0,-2.0
12023,9.0,11,1.0,4.0,4.0,11.0,23.0,5.0,5.0
12024,9.0,11,2.0,1.0,0.0,5.0,15.0,3.0,-10.0
12025,10.0,12,0.0,0.0,1.0,4.0,6.0,9.0,-9.0
12026,10.0,20,19.0,8.0,0.0,83.0,105.0,16.0,4.0
12028,9.0,16,3.0,2.0,0.0,18.0,18.0,12.0,8.0
12029,10.0,16,19.0,1.0,0.0,54.0,96.0,5.0,3.0
12030,9.0,19,1.0,1.0,1.0,13.0,16.0,23.0,-3.0
12031,10.0,15,0.0,0.0,0.0,1.0,4.0,6.0,-12.0
12032,9.0,16,1.0,2.0,0.0,6.0,5.0,12.0,6.0
12033,9.0,14,0.0,1.0,1.0,13.0,4.0,9.0,7.0
12034,10.0,17,5.0,1.0,3.0,14.0,24.0,2.0,6.0
12035,10.0,8,1.0,2.0,0.0,5.0,4.0,2.0,-4.0
12036,9.0,9,4.0,1.0,1.0,16.0,17.0,7.0,6.0
12039,9.0,12,3.0,1.0,1.0,19.0,18.0,11.0,1.0
12041,10.0,17,0.0,0.0,0.0,5.0,4.0,3.0,-16.0
12042,10.0,14,8.0,6.0,2.0,29.0,33.0,3.0,6.0
12043,9.0,6,0.0,1.0,0.0,1.0,2.0,0.0,-7.0
12044,10.0,13,0.0,0.0,0.0,1.0,4.0,5.0,-15.0
12045,10.0,2,0.0,1.0,0.0,0.0,2.0,0.0,2.0
12046,9.0,2,0.0,0.0,0.0,2.0,4.0,0.0,-1.0
12047,10.0,9,3.0,3.0,0.0,20.0,21.0,3.0,-7.0
12050,10.0,10,1.0,0.0,3.0,21.0,11.0,14.0,-16.0
12051,10.0,10,1.0,2.0,0.0,14.0,16.0,7.0,-13.0
12052,10.0,26,29.0,9.0,5.0,63.0,144.0,0.0,10.0
12053,10.0,12,7.0,1.0,1.0,17.0,39.0,7.0,-1.0
12058,9.0,3,0.0,0.0,0.0,1.0,1.0,0.0,1.0
12059,9.0,21,3.0,2.0,2.0,49.0,13.0,18.0,19.0
12060,9.0,18,1.0,5.0,0.0,24.0,23.0,13.0,2.0
12062,10.0,1,0.0,0.0,0.0,0.0,0.0,0.0,0.0
12063,9.0,4,0.0,0.0,0.0,1.0,2.0,1.0,-3.0
12064,10.0,9,4.0,1.0,1.0,18.0,21.0,0.0,-3.0
12066,10.0,3,0.0,0.0,0.0,7.0,12.0,0.0,-4.0
12068,10.0,12,2.0,0.0,0.0,7.0,13.0,2.0,-4.0
12069,9.0,17,0.0,1.0,0.0,27.0,15.0,13.0,-6.0
12071,9.0,16,4.0,1.0,1.0,44.0,30.0,10.0,-2.0
12072,10.0,9,1.0,4.0,0.0,6.0,24.0,2.0,-4.0
12073,10.0,1,0.0,0.0,0.0,0.0,0.0,0.0,0.0
12074,10.0,3,0.0,0.0,0.0,1.0,6.0,0.0,-5.0
12075,9.0,21,0.0,3.0,0.0,37.0,16.0,18.0,9.0
12076,10.0,12,1.0,0.0,0.0,4.0,14.0,6.0,-6.0
12077,10.0,4,0.0,1.0,1.0,7.0,8.0,1.0,-4.0
12079,10.0,5,3.0,0.0,0.0,9.0,12.0,1.0,-10.0
12080,10.0,4,0.0,0.0,0.0,3.0,8.0,1.0,-4.0
12081,9.0,15,2.0,2.0,0.0,13.0,20.0,8.0,-5.0
12082,10.0,14,2.0,0.0,1.0,17.0,12.0,15.0,-12.0
12083,9.0,12,0.0,1.0,0.0,6.0,1.0,8.0,-15.0
12084,9.0,15,2.0,1.0,0.0,6.0,4.0,1.0,-23.0
12086,10.0,23,3.0,6.0,0.0,19.0,33.0,8.0,-5.0
12088,9.0,22,2.0,4.0,3.0,55.0,19.0,29.0,17.0
12090,9.0,23,2.0,4.0,0.0,60.0,29.0,14.0,-6.0
12092,9.0,18,2.0,1.0,3.0,26.0,26.0,10.0,22.0
12095,10.0,15,8.0,7.0,1.0,23.0,37.0,4.0,-9.0
12096,10.0,12,4.0,3.0,1.0,16.0,32.0,1.0,-30.0
12097,10.0,2,0.0,1.0,0.0,7.0,2.0,3.0,2.0
12098,10.0,2,1.0,0.0,1.0,7.0,5.0,0.0,-4.0
12237,10.0,7,1.0,0.0,2.0,6.0,12.0,1.0,-5.0
12293,10.0,6,4.0,0.0,0.0,7.0,21.0,2.0,-2.0
12294,10.0,12,0.0,0.0,0.0,6.0,5.0,8.0,-23.0
12295,10.0,5,0.0,1.0,0.0,3.0,2.0,1.0,-1.0
12296,9.0,14,3.0,0.0,0.0,10.0,19.0,5.0,-1.0
12297,9.0,2,0.0,0.0,0.0,0.0,0.0,0.0,-5.0
12298,10.0,1,0.0,0.0,0.0,4.0,2.0,0.0,-2.0
12299,10.0,8,0.0,1.0,1.0,8.0,3.0,2.0,-2.0
12300,10.0,12,0.0,0.0,0.0,8.0,6.0,1.0,-9.0
12301,10.0,11,0.0,1.0,0.0,22.0,14.0,19.0,-1.0
12302,10.0,11,8.0,3.0,0.0,27.0,35.0,5.0,12.0
12303,10.0,1,1.0,0.0,0.0,0.0,4.0,1.0,-1.0
12304,10.0,13,0.0,1.0,0.0,14.0,18.0,1.0,-8.0
12305,9.0,14,1.0,1.0,0.0,16.0,15.0,6.0,-7.0
12306,10.0,16,8.0,1.0,0.0,23.0,43.0,3.0,-12.0
12307,9.0,1,0.0,0.0,0.0,0.0,0.0,0.0,0.0
12308,10.0,13,3.0,3.0,1.0,20.0,23.0,4.0,-11.0
12309,10.0,20,12.0,13.0,1.0,23.0,63.0,4.0,16.0
12310,9.0,18,2.0,2.0,1.0,26.0,28.0,15.0,6.0
12311,10.0,12,0.0,1.0,0.0,10.0,9.0,0.0,-3.0
12312,9.0,16,6.0,2.0,0.0,28.0,31.0,20.0,14.0
12313,10.0,7,3.0,2.0,0.0,20.0,18.0,3.0,-2.0
12333,9.0,1,0.0,0.0,0.0,0.0,0.0,0.0,-3.0
12336,10.0,10,4.0,1.0,1.0,19.0,29.0,3.0,-11.0
12337,9.0,10,1.0,3.0,1.0,11.0,4.0,15.0,-6.0
12338,9.0,12,2.0,5.0,0.0,18.0,8.0,12.0,-19.0
12369,10.0,13,2.0,8.0,2.0,26.0,33.0,3.0,-1.0
12370,9.0,12,4.0,1.0,2.0,41.0,29.0,14.0,11.0
12372,10.0,13,6.0,8.0,1.0,26.0,55.0,3.0,-3.0
12373,10.0,10,0.0,1.0,0.0,21.0,17.0,0.0,10.0
12374,9.0,14,0.0,0.0,0.0,11.0,6.0,22.0,-2.0
12375,10.0,3,1.0,0.0,0.0,1.0,2.0,2.0,-1.0
12377,9.0,1,1.0,1.0,0.0,3.0,2.0,1.0,3.0
12380,9.0,12,0.0,2.0,2.0,24.0,16.0,15.0,-1.0
12382,10.0,25,15.0,6.0,2.0,47.0,79.0,20.0,25.0
12383,10.0,8,2.0,1.0,0.0,10.0,18.0,5.0,-6.0
12405,10.0,18,7.0,9.0,2.0,22.0,32.0,13.0,-14.0
12406,10.0,21,11.0,6.0,4.0,40.0,96.0,10.0,-9.0
12407,10.0,20,5.0,5.0,0.0,32.0,42.0,3.0,-16.0
12408,10.0,21,9.0,4.0,4.0,45.0,50.0,29.0,-8.0
12516,9.0,21,3.0,1.0,2.0,20.0,11.0,12.0,3.0
12517,10.0,13,1.0,0.0,0.0,10.0,21.0,2.0,-9.0
12518,10.0,1,0.0,0.0,0.0,0.0,0.0,0.0,0.0
12519,10.0,1,0.0,0.0,0.0,0.0,0.0,0.0,0.0
12615,9.0,6,1.0,3.0,0.0,8.0,5.0,2.0,6.0
12616,10.0,14,1.0,0.0,0.0,12.0,17.0,9.0,-6.0
12617,9.0,13,0.0,1.0,0.0,4.0,1.0,20.0,-10.0
12618,10.0,4,0.0,1.0,0.0,8.0,15.0,0.0,-3.0
12619,9.0,15,0.0,0.0,0.0,24.0,17.0,17.0,10.0
12620,10.0,13,1.0,1.0,0.0,1.0,4.0,0.0,-1.0
12621,10.0,10,5.0,0.0,1.0,18.0,29.0,5.0,-6.0
12623,9.0,3,0.0,2.0,0.0,4.0,6.0,5.0,0.0
12624,10.0,9,1.0,2.0,0.0,13.0,19.0,3.0,-15.0
12625,9.0,13,2.0,1.0,0.0,8.0,19.0,3.0,7.0
12626,10.0,4,5.0,0.0,0.0,21.0,37.0,3.0,5.0
12627,10.0,8,2.0,2.0,1.0,26.0,41.0,0.0,5.0
12628,10.0,7,3.0,2.0,2.0,15.0,26.0,1.0,4.0
12629,10.0,16,5.0,11.0,3.0,26.0,56.0,4.0,18.0
12630,9.0,11,1.0,2.0,0.0,17.0,11.0,8.0,7.0
12632,10.0,9,1.0,1.0,0.0,8.0,15.0,3.0,-10.0
12633,10.0,1,0.0,0.0,0.0,0.0,0.0,0.0,0.0
12635,9.0,6,0.0,1.0,1.0,24.0,6.0,6.0,2.0
12638,10.0,7,5.0,1.0,0.0,15.0,24.0,4.0,-5.0
12639,10.0,7,0.0,1.0,1.0,3.0,6.0,1.0,-3.0
12640,10.0,1,0.0,0.0,0.0,1.0,0.0,0.0,-1.0
12641,10.0,6,0.0,0.0,0.0,8.0,7.0,2.0,-2.0
12642,9.0,12,7.0,7.0,0.0,31.0,41.0,2.0,3.0
12647,10.0,5,2.0,3.0,1.0,0.0,13.0,0.0,-5.0
12648,9.0,8,0.0,1.0,1.0,18.0,13.0,5.0,1.0
12649,10.0,2,0.0,0.0,0.0,0.0,2.0,1.0,0.0
12715,10.0,12,8.0,2.0,1.0,30.0,63.0,1.0,2.0
12716,10.0,9,6.0,2.0,1.0,13.0,26.0,1.0,11.0
12719,10.0,6,0.0,0.0,0.0,4.0,2.0,1.0,-5.0
