ID player,amplua,games,goals,p_goals,assists,p_assists,assists_2,p_assists_2,throws_by,p_throws_by,shot_on_target,p_shot_on_target,blocked_throws,p_blocked_throws,p_p_m,player_rating
8,9.0,80,10.0,101.25,10.0,81.0,11.0,62.1075,109.0,44.651250000000005,118.0,147.015,54.0,112.225,99.225,647.47375
10,9.0,6,4.0,16.666666666666668,2.0,8.533333333333333,0.0,3.5999999999999996,20.0,11.266666666666667,24.0,45.0,6.0,12.0,4.083333333333333,101.14999999999999
17,9.0,23,3.0,29.391304347826086,3.0,23.51304347826087,1.0,15.02608695652174,25.0,10.017391304347827,32.0,39.45652173913043,0.0,11.5,13.58695652173913,142.4913043478261
19,9.0,17,1.0,19.058823529411764,0.0,13.600000000000001,0.0,10.2,14.0,5.652941176470589,15.0,18.070588235294117,10.0,21.441176470588236,0.7352941176470589,88.75882352941177
21,9.0,4,1.0,6.25,1.0,5.0,0.0,2.4,1.0,0.625,5.0,6.075,0.0,2.0,0.0,22.35
26,9.0,25,1.0,27.04,1.0,21.632,0.0,15.0,15.0,6.4,12.0,16.427999999999997,19.0,38.72,5.12,130.34
35,9.0,19,0.0,19.0,2.0,18.568421052631578,0.0,11.4,16.0,6.447368421052632,9.0,12.378947368421052,13.0,26.94736842105263,1.6842105263157894,96.42631578947369
37,9.0,8,0.0,8.0,0.0,6.4,0.0,4.8,8.0,3.2,6.0,7.35,5.0,10.5625,0.5625,40.875
39,9.0,4,2.0,9.0,2.0,7.2,0.0,2.4,0.0,0.4,5.0,6.075,3.0,6.125,4.5,35.699999999999996
40,9.0,56,15.0,90.01785714285714,9.0,60.35714285714286,3.0,37.29642857142857,81.0,33.51607142857143,94.0,120.53571428571428,66.0,132.89285714285714,46.285714285714285,520.9017857142858
51,9.0,67,8.0,83.95522388059702,16.0,82.25671641791045,1.0,41.4089552238806,63.0,25.223880597014926,99.0,123.38507462686566,32.0,73.14179104477611,17.917910447761194,447.289552238806
53,9.0,34,1.0,36.029411764705884,5.0,35.78823529411765,4.0,25.48235294117647,35.0,14.00294117647059,32.0,38.43529411764706,33.0,66.01470588235294,18.014705882352942,233.7676470588235
55,9.0,9,0.0,9.0,2.0,10.755555555555556,1.0,6.666666666666666,9.0,3.6,3.0,4.8,10.0,20.055555555555557,0.5,55.37777777777778
61,9.0,1,0.0,1.0,0.0,0.8,0.0,0.6,3.0,1.6,2.0,2.6999999999999997,0.0,0.5,8.0,15.2
66,9.0,29,0.0,29.0,5.0,31.889655172413793,1.0,18.620689655172413,22.0,8.96896551724138,33.0,39.765517241379314,21.0,43.10344827586207,16.56896551724138,187.91724137931033
74,9.0,58,18.0,99.58620689655173,11.0,65.66896551724139,5.0,41.05862068965517,71.0,28.69137931034483,119.0,162.04655172413794,18.0,49.793103448275865,41.043103448275865,487.8879310344828
79,9.0,30,4.0,38.53333333333333,7.0,36.50666666666667,7.0,27.38,41.0,16.803333333333335,43.0,53.29,26.0,52.266666666666666,4.266666666666667,229.04666666666665
92,9.0,30,1.0,32.03333333333333,0.0,24.0,0.0,18.0,29.0,11.603333333333333,26.0,31.36,20.0,41.666666666666664,16.016666666666666,174.68
94,9.0,10,3.0,16.9,1.0,9.68,0.0,6.0,23.0,10.89,22.0,30.72,22.0,51.2,6.05,131.44
104,9.0,43,7.0,58.13953488372093,5.0,42.865116279069774,0.0,25.8,33.0,13.432558139534885,54.0,65.64418604651163,8.0,30.24418604651163,4.651162790697675,240.77674418604653
107,9.0,13,1.0,15.076923076923077,5.0,19.93846153846154,2.0,10.384615384615383,21.0,8.892307692307693,18.0,22.176923076923075,8.0,16.96153846153846,4.653846153846154,98.0846153846154
116,9.0,69,7.0,83.71014492753623,9.0,70.53913043478262,5.0,47.61739130434782,91.0,37.10144927536232,70.0,84.00434782608696,82.0,165.2246376811594,82.96376811594203,571.1608695652174
118,9.0,25,0.0,25.0,1.0,21.632,0.0,15.0,16.0,6.724,25.0,30.0,3.0,15.68,6.48,120.516
123,9.0,6,0.0,6.0,0.0,4.800000000000001,0.0,3.5999999999999996,3.0,1.35,4.0,5.0,5.0,10.083333333333334,0.75,31.583333333333336
124,9.0,47,12.0,74.06382978723404,12.0,59.251063829787235,7.0,37.225531914893615,72.0,30.129787234042556,117.0,171.67659574468087,15.0,40.8936170212766,9.574468085106384,422.8148936170213
126,9.0,36,4.0,44.44444444444444,9.0,45.0,5.0,28.016666666666666,25.0,10.336111111111112,33.0,39.675,12.0,32.0,40.5,239.97222222222223
130,9.0,6,0.0,6.0,1.0,6.533333333333333,0.0,3.5999999999999996,4.0,1.666666666666667,1.0,2.4499999999999997,7.0,14.083333333333334,10.083333333333334,44.41666666666667
158,9.0,45,10.0,67.22222222222223,6.0,46.24,2.0,29.453333333333333,106.0,50.66888888888889,96.0,132.54,20.0,46.94444444444444,5.877777777777778,378.94666666666666
159,9.0,12,0.0,12.0,3.0,15.0,1.0,8.45,5.0,2.408333333333333,8.0,10.0,4.0,10.666666666666666,7.041666666666667,65.56666666666666
162,9.0,37,2.0,41.108108108108105,9.0,45.75135135135135,3.0,25.945945945945944,51.0,20.92972972972973,36.0,43.20810810810811,36.0,72.01351351351352,2.6486486486486487,251.60540540540538
167,9.0,6,0.0,6.0,0.0,4.800000000000001,1.0,4.8999999999999995,3.0,1.35,2.0,3.1999999999999997,5.0,10.083333333333334,4.083333333333333,34.41666666666667
169,9.0,46,4.0,54.34782608695652,7.0,48.85217391304349,5.0,33.926086956521736,71.0,29.758695652173913,57.0,69.1891304347826,31.0,64.44565217391305,24.01086956521739,324.5304347826087
170,9.0,47,3.0,53.191489361702125,3.0,42.5531914893617,2.0,30.651063829787233,60.0,24.359574468085107,55.0,66.40851063829787,38.0,76.86170212765957,28.76595744680851,322.7914893617021
181,9.0,37,1.0,39.027027027027025,5.0,38.14054054054054,3.0,25.945945945945944,20.0,8.781081081081082,13.0,20.27027027027027,43.0,86.48648648648648,28.594594594594593,247.24594594594592
191,9.0,46,2.0,50.08695652173913,2.0,40.06956521739131,2.0,30.05217391304348,68.0,28.25217391304348,37.0,44.92826086956522,53.0,106.53260869565217,17.391304347826086,317.31304347826085
202,9.0,55,11.0,79.2,13.0,67.25818181818182,9.0,44.68363636363636,54.0,21.601818181818185,85.0,106.9090909090909,42.0,85.53636363636363,19.236363636363638,424.4254545454545
207,9.0,44,2.0,48.09090909090909,6.0,45.45454545454546,4.0,31.418181818181818,39.0,15.656818181818181,43.0,51.606818181818184,12.0,35.63636363636363,11.636363636363637,239.5
210,9.0,6,0.0,6.0,2.0,8.533333333333333,0.0,3.5999999999999996,8.0,3.2666666666666666,2.0,3.1999999999999997,3.0,6.75,0.08333333333333333,31.43333333333333
213,9.0,11,0.0,11.0,6.0,21.01818181818182,0.0,6.6,6.0,2.6272727272727274,6.0,7.881818181818182,5.0,11.636363636363637,22.0,82.76363636363637
215,9.0,21,0.0,21.0,1.0,18.43809523809524,2.0,15.114285714285714,20.0,8.004761904761905,14.0,17.5,20.0,40.023809523809526,6.880952380952381,126.96190476190478
216,9.0,24,2.0,28.166666666666668,0.0,19.200000000000003,0.0,14.399999999999999,27.0,10.8375,31.0,37.8125,19.0,38.520833333333336,8.333333333333334,157.27083333333334
227,9.0,41,3.0,47.21951219512195,7.0,44.956097560975614,2.0,27.05853658536585,41.0,16.400000000000002,37.0,44.5170731707317,70.0,150.2560975609756,1.475609756097561,331.8829268292683
235,9.0,20,0.0,20.0,1.0,17.64,1.0,13.23,12.0,5.120000000000001,8.0,11.76,5.0,15.625,12.1,95.47500000000001
240,9.0,4,0.0,4.0,0.0,3.2,0.0,2.4,7.0,3.0250000000000004,1.0,1.875,3.0,6.125,0.0,20.625
242,9.0,4,0.0,4.0,0.0,3.2,0.0,2.4,5.0,2.025,4.0,4.8,4.0,8.0,0.5,24.925
244,9.0,28,14.0,63.0,7.0,35.0,0.0,16.8,77.0,39.375,108.0,198.17142857142855,6.0,20.642857142857142,4.571428571428571,377.56071428571425
252,9.0,20,3.0,26.45,2.0,19.36,1.0,13.23,24.0,9.68,27.0,33.135,12.0,25.6,18.225,145.67999999999998
255,9.0,4,0.0,4.0,0.0,3.2,0.0,2.4,5.0,2.025,7.0,9.075,1.0,3.125,18.0,41.825
256,9.0,84,32.0,160.1904761904762,16.0,95.23809523809524,19.0,75.77857142857142,137.0,58.14404761904762,181.0,250.80357142857144,46.0,100.5952380952381,100.5952380952381,841.3452380952381
264,9.0,4,0.0,4.0,0.0,3.2,0.0,2.4,3.0,1.225,3.0,3.675,1.0,3.125,2.0,19.625
265,9.0,5,0.0,5.0,2.0,7.840000000000001,0.0,3.0,4.0,1.62,6.0,7.26,5.0,10.0,0.9,35.62
273,9.0,11,1.0,13.090909090909092,1.0,10.472727272727274,0.0,6.6,10.0,4.00909090909091,12.0,14.427272727272728,6.0,13.136363636363637,20.045454545454547,81.78181818181818
277,9.0,63,15.0,96.57142857142857,8.0,64.01269841269841,12.0,53.57142857142858,79.0,32.006349206349206,119.0,157.73333333333335,65.0,130.03174603174602,14.674603174603174,548.6015873015873
283,9.0,13,3.0,19.692307692307693,1.0,12.061538461538461,0.0,7.8,18.0,7.392307692307693,21.0,26.676923076923075,3.0,9.846153846153847,8.653846153846153,92.12307692307692
287,9.0,43,0.0,43.0,5.0,42.865116279069774,2.0,28.25581395348837,35.0,14.148837209302327,19.0,26.81860465116279,21.0,47.627906976744185,50.651162790697676,253.3674418604651
292,9.0,47,0.0,47.0,4.0,44.27234042553192,2.0,30.651063829787233,31.0,12.944680851063831,28.0,35.90425531914894,40.0,80.52127659574468,0.6808510638297872,251.97446808510637
294,9.0,74,5.0,84.33783783783784,11.0,78.10810810810811,4.0,49.32972972972973,92.0,37.23783783783784,93.0,113.06351351351351,100.0,204.56756756756758,10.81081081081081,577.4554054054055
301,9.0,1,0.0,1.0,0.0,0.8,1.0,2.4,1.0,0.4,2.0,2.6999999999999997,1.0,2.0,2.0,11.3
303,9.0,7,1.0,9.142857142857142,1.0,7.314285714285714,0.0,4.2,8.0,3.214285714285715,11.0,13.885714285714284,5.0,10.285714285714286,1.1428571428571428,49.18571428571428
343,9.0,23,4.0,31.695652173913043,7.0,31.304347826086957,3.0,17.63478260869565,37.0,15.652173913043478,34.0,42.37826086956522,16.0,33.06521739130435,7.8478260869565215,179.5782608695652
349,9.0,1,0.0,1.0,1.0,3.2,0.0,0.6,1.0,0.4,5.0,10.799999999999999,1.0,2.0,0.0,18.0
351,9.0,3,0.0,3.0,1.0,4.266666666666667,0.0,1.7999999999999998,3.0,1.2000000000000002,1.0,1.5999999999999999,1.0,2.6666666666666665,6.0,20.53333333333333
353,9.0,25,0.0,25.0,1.0,21.632,1.0,16.224,18.0,7.396,14.0,18.252,2.0,14.58,14.58,117.664
356,9.0,20,4.0,28.8,3.0,21.16,4.0,17.28,37.0,16.245,40.0,54.0,41.0,93.025,6.4,236.91000000000003
362,9.0,57,30.0,132.78947368421052,16.0,74.79298245614035,9.0,45.85263157894737,95.0,40.53333333333333,151.0,227.70526315789473,24.0,57.55263157894737,75.86842105263158,655.0947368421052
370,9.0,8,0.0,8.0,0.0,6.4,0.0,4.8,1.0,1.0125,4.0,5.3999999999999995,3.0,7.5625,4.0,37.175
372,9.0,47,3.0,53.191489361702125,3.0,42.5531914893617,1.0,29.41276595744681,23.0,10.425531914893618,13.0,22.97872340425532,43.0,86.17021276595744,43.57446808510638,288.30638297872343
374,9.0,11,4.0,20.454545454545453,1.0,10.472727272727274,1.0,7.8545454545454545,14.0,5.6818181818181825,18.0,22.936363636363634,2.0,7.681818181818182,14.727272727272727,89.80909090909091
375,9.0,59,30.0,134.25423728813558,17.0,78.31864406779661,4.0,40.362711864406776,99.0,42.31186440677966,164.0,252.8593220338983,23.0,56.983050847457626,56.983050847457626,662.0728813559323
381,9.0,48,11.0,72.52083333333333,5.0,46.81666666666667,2.0,31.25,45.0,18.01875,45.0,54.05625,47.0,94.01041666666667,14.260416666666666,330.9333333333334
385,9.0,6,3.0,13.5,1.0,6.533333333333333,0.0,3.5999999999999996,12.0,5.4,10.0,12.799999999999999,9.0,18.75,14.083333333333334,74.66666666666666
397,9.0,52,7.0,66.9423076923077,8.0,55.38461538461539,3.0,34.90384615384615,66.0,26.77692307692308,75.0,93.05192307692307,31.0,66.24038461538461,39.38461538461539,382.6846153846153
399,9.0,77,20.0,122.1948051948052,9.0,76.84155844155845,10.0,58.97922077922078,88.0,35.357142857142854,140.0,183.46363636363634,41.0,90.41558441558442,29.149350649350648,596.4012987012986
402,9.0,20,1.0,22.05,2.0,19.36,1.0,13.23,11.0,4.805,11.0,14.415,6.0,16.9,18.225,108.98499999999999
407,9.0,23,3.0,29.391304347826086,2.0,21.73913043478261,0.0,13.799999999999999,23.0,9.200000000000001,34.0,42.37826086956522,14.0,29.76086956521739,33.06521739130435,179.33478260869563
412,9.0,50,2.0,54.08,8.0,53.824000000000005,2.0,32.448,24.0,10.952,23.0,31.973999999999997,49.0,98.01,20.25,301.538
430,9.0,1,0.0,1.0,0.0,0.8,0.0,0.6,0.0,0.1,0.0,0.3,0.0,0.5,2.0,5.3
435,9.0,75,16.0,110.41333333333333,11.0,78.89066666666668,5.0,51.199999999999996,103.0,42.245333333333335,87.0,104.976,51.0,105.84,109.22666666666667,602.792
438,9.0,25,1.0,27.04,5.0,28.8,1.0,16.224,11.0,5.184000000000001,20.0,24.3,14.0,30.42,1.28,133.24800000000002
444,9.0,26,1.0,28.03846153846154,3.0,25.876923076923077,1.0,16.823076923076922,31.0,12.496153846153847,38.0,47.261538461538464,32.0,64.6923076923077,15.076923076923077,210.2653846153846
446,9.0,15,1.0,17.066666666666666,3.0,17.28,1.0,10.24,6.0,2.94,4.0,7.22,15.0,30.0,8.533333333333333,93.28
447,9.0,1,0.0,1.0,0.0,0.8,0.0,0.6,2.0,0.9,1.0,1.2,0.0,0.5,2.0,7.0
450,9.0,15,0.0,15.0,2.0,15.413333333333334,1.0,10.24,22.0,9.126666666666667,27.0,35.279999999999994,13.0,26.133333333333333,2.7,113.89333333333333
452,9.0,27,2.0,31.14814814814815,2.0,24.91851851851852,0.0,16.2,22.0,8.892592592592592,20.0,24.54444444444444,17.0,35.851851851851855,29.62962962962963,171.18518518518516
454,9.0,16,7.0,33.0625,2.0,16.2,0.0,9.6,30.0,13.225000000000001,61.0,111.16875,12.0,24.5,8.0,215.75625000000002
456,9.0,53,2.0,57.075471698113205,14.0,67.75849056603774,3.0,35.50188679245283,60.0,24.09245283018868,74.0,91.29622641509434,52.0,104.00943396226415,92.4622641509434,472.1962264150943
486,9.0,1,0.0,1.0,0.0,0.8,0.0,0.6,0.0,0.1,1.0,1.2,1.0,2.0,2.0,7.7
495,9.0,48,3.0,54.1875,9.0,54.150000000000006,0.0,28.799999999999997,88.0,38.53333333333333,58.0,70.225,36.0,73.5,2.0416666666666665,321.4375
496,9.0,48,2.0,52.083333333333336,1.0,40.01666666666667,6.0,36.449999999999996,86.0,37.40833333333333,66.0,81.225,36.0,73.5,1.5,322.18333333333334
498,9.0,3,1.0,5.333333333333333,0.0,2.4000000000000004,0.0,1.7999999999999998,3.0,1.2000000000000002,5.0,6.3999999999999995,1.0,2.6666666666666665,0.16666666666666666,19.96666666666667
505,9.0,2,0.0,2.0,0.0,1.6,0.0,1.2,0.0,0.2,5.0,7.35,1.0,2.25,2.25,16.85
506,9.0,1,0.0,1.0,0.0,0.8,0.0,0.6,0.0,0.1,1.0,1.2,0.0,0.5,0.5,4.7
511,9.0,4,0.0,4.0,0.0,3.2,2.0,5.3999999999999995,3.0,1.225,6.0,7.5,5.0,10.125,4.5,35.95
519,9.0,10,0.0,10.0,0.0,8.0,1.0,7.26,15.0,6.25,11.0,13.23,5.0,11.25,0.0,55.989999999999995
524,9.0,48,1.0,50.020833333333336,5.0,46.81666666666667,3.0,32.512499999999996,45.0,18.01875,46.0,55.225,43.0,86.26041666666667,54.0,342.8541666666667
527,9.0,23,1.0,25.043478260869566,3.0,23.51304347826087,0.0,13.799999999999999,19.0,7.669565217391305,25.0,30.05217391304348,22.0,44.02173913043478,19.565217391304348,163.66521739130434
531,9.0,57,22.0,109.49122807017544,9.0,61.136842105263156,4.0,39.16842105263157,72.0,29.194736842105268,135.0,194.02105263157893,6.0,34.81578947368421,22.81578947368421,490.6438596491228
535,9.0,6,1.0,8.166666666666666,1.0,6.533333333333333,0.0,3.5999999999999996,11.0,4.816666666666666,5.0,6.05,3.0,6.75,4.083333333333333,40.0
541,9.0,9,0.0,9.0,0.0,7.2,0.0,5.3999999999999995,8.0,3.2111111111111117,7.0,8.533333333333333,2.0,6.722222222222222,0.05555555555555555,40.12222222222222
544,9.0,30,3.0,36.3,4.0,30.826666666666668,3.0,21.779999999999998,32.0,12.813333333333333,25.0,30.249999999999996,36.0,72.6,11.266666666666667,215.83666666666667
556,9.0,15,7.0,32.266666666666666,6.0,23.52,0.0,9.0,26.0,11.206666666666667,41.0,62.72,2.0,9.633333333333333,2.1333333333333333,150.47999999999996
564,9.0,1,0.0,1.0,0.0,0.8,0.0,0.6,0.0,0.1,0.0,0.3,0.0,0.5,2.0,5.3
568,9.0,25,7.0,40.96,3.0,25.088,2.0,17.496,26.0,10.404000000000002,38.0,47.62799999999999,20.0,40.5,0.72,182.796
571,9.0,33,0.0,33.0,1.0,28.024242424242427,0.0,19.8,20.0,8.512121212121214,12.0,18.40909090909091,37.0,74.24242424242425,0.24242424242424243,182.23030303030305
577,9.0,37,3.0,43.24324324324324,8.0,43.78378378378378,1.0,23.416216216216213,29.0,11.772972972972973,15.0,21.924324324324324,43.0,86.48648648648648,31.135135135135137,261.76216216216216
587,9.0,17,0.0,17.0,4.0,20.75294117647059,3.0,14.11764705882353,16.0,6.405882352941177,12.0,14.841176470588234,15.0,30.11764705882353,8.5,111.73529411764704
589,9.0,63,18.0,104.14285714285714,15.0,77.25714285714287,4.0,42.75238095238095,146.0,69.33492063492064,161.0,238.93333333333334,30.0,68.64285714285714,116.1984126984127,717.2619047619047
590,9.0,22,6.0,35.63636363636363,2.0,20.94545454545455,2.0,15.709090909090909,36.0,15.290909090909091,34.0,42.76363636363636,50.0,117.81818181818181,0.8181818181818182,248.98181818181817
592,9.0,63,0.0,63.0,5.0,58.717460317460315,4.0,42.75238095238095,64.0,25.6015873015873,46.0,56.576190476190476,48.0,97.78571428571429,41.142857142857146,385.5761904761905
593,9.0,52,2.0,56.07692307692308,8.0,55.38461538461539,4.0,36.184615384615384,39.0,15.925,31.0,39.74423076923077,20.0,49.84615384615385,15.384615384615385,268.54615384615386
606,9.0,6,2.0,10.666666666666666,1.0,6.533333333333333,0.0,3.5999999999999996,12.0,5.4,14.0,20.0,5.0,10.083333333333334,0.08333333333333333,56.36666666666667
616,9.0,4,0.0,4.0,1.0,5.0,0.0,2.4,0.0,0.4,3.0,3.675,1.0,3.125,0.5,19.1
618,9.0,52,11.0,76.32692307692308,12.0,63.01538461538462,5.0,37.488461538461536,60.0,24.123076923076923,105.0,142.20576923076922,44.0,88.61538461538461,1.3846153846153846,433.15961538461534
619,9.0,47,1.0,49.02127659574468,7.0,49.63404255319149,2.0,30.651063829787233,43.0,17.23404255319149,39.0,47.208510638297874,45.0,90.04255319148936,4.691489361702128,288.48297872340424
628,9.0,48,8.0,65.33333333333333,8.0,52.266666666666666,2.0,31.25,50.0,20.008333333333336,62.0,75.625,28.0,60.166666666666664,2.6666666666666665,307.31666666666666
633,9.0,16,0.0,16.0,2.0,16.2,1.0,10.8375,13.0,5.2562500000000005,8.0,10.799999999999999,16.0,32.0,2.0,93.09375
636,9.0,32,1.0,34.03125,4.0,32.4,2.0,21.675,34.0,13.6125,21.0,26.334374999999998,21.0,43.890625,0.25,172.19375
647,9.0,17,4.0,25.941176470588236,2.0,16.988235294117647,1.0,11.435294117647059,27.0,11.388235294117647,30.0,38.982352941176465,9.0,19.88235294117647,28.264705882352942,152.88235294117646
655,9.0,67,1.0,69.01492537313433,10.0,70.79402985074627,4.0,45.14328358208955,49.0,20.083582089552237,37.0,48.429850746268656,66.0,132.00746268656715,51.41044776119403,436.88358208955225
665,9.0,3,0.0,3.0,1.0,4.266666666666667,0.0,1.7999999999999998,2.0,0.8333333333333335,2.0,2.5,5.0,10.666666666666666,0.6666666666666666,23.733333333333334
670,9.0,10,0.0,10.0,0.0,8.0,0.0,6.0,4.0,1.9600000000000002,12.0,14.52,11.0,22.05,2.45,64.98
672,9.0,45,5.0,55.55555555555556,15.0,64.0,7.0,36.053333333333335,50.0,20.055555555555557,91.0,123.30666666666667,10.0,33.611111111111114,30.044444444444444,362.6266666666666
676,9.0,17,0.0,17.0,5.0,22.776470588235295,1.0,11.435294117647059,11.0,4.611764705882353,19.0,22.870588235294118,10.0,21.441176470588236,42.470588235294116,142.6058823529412
681,9.0,39,3.0,45.23076923076923,4.0,37.92820512820513,2.0,25.861538461538462,51.0,20.76923076923077,48.0,58.22307692307692,24.0,50.88461538461539,16.615384615384617,255.5128205128205
685,9.0,71,5.0,81.35211267605634,3.0,61.701408450704236,3.0,46.27605633802817,64.0,25.66901408450704,57.0,69.2281690140845,37.0,82.14084507042253,37.528169014084504,403.8957746478873
693,9.0,47,1.0,49.02127659574468,1.0,39.217021276595744,1.0,29.41276595744681,26.0,11.338297872340426,31.0,38.83404255319149,21.0,49.191489361702125,26.595744680851062,243.61063829787236
694,9.0,22,0.0,22.0,3.0,22.72727272727273,2.0,15.709090909090909,22.0,8.8,24.0,28.854545454545455,15.0,31.113636363636363,24.75,153.95454545454547
696,9.0,79,10.0,100.26582278481013,14.0,87.58481012658228,3.0,51.06835443037975,143.0,62.38481012658229,147.0,193.95949367088608,47.0,100.48101265822785,52.41139240506329,648.1556962025318
697,9.0,77,15.0,109.92207792207792,15.0,87.93766233766235,9.0,57.63116883116882,117.0,48.87792207792208,114.0,142.13376623376624,48.0,101.46103896103897,59.84415584415584,607.8077922077922
698,9.0,3,0.0,3.0,1.0,4.266666666666667,0.0,1.7999999999999998,1.0,0.5333333333333333,1.0,1.5999999999999999,4.0,8.166666666666666,0.16666666666666666,19.533333333333335
699,9.0,23,3.0,29.391304347826086,2.0,21.73913043478261,1.0,15.02608695652174,51.0,23.808695652173913,54.0,77.33478260869565,17.0,34.78260869565217,17.043478260869566,219.12608695652176
708,9.0,10,2.0,14.4,1.0,9.68,0.0,6.0,10.0,4.0,17.0,21.87,4.0,9.8,22.05,87.8
712,9.0,63,3.0,69.14285714285714,16.0,79.25079365079365,3.0,41.48571428571428,70.0,28.07777777777778,55.0,66.3047619047619,79.0,160.03174603174602,25.785714285714285,470.07936507936506
714,9.0,7,2.0,11.571428571428571,1.0,7.314285714285714,2.0,6.942857142857142,7.0,2.8000000000000003,9.0,10.97142857142857,3.0,7.142857142857143,1.1428571428571428,47.88571428571429
721,9.0,3,1.0,5.333333333333333,0.0,2.4000000000000004,0.0,1.7999999999999998,5.0,2.1333333333333333,9.0,14.399999999999999,1.0,2.6666666666666665,2.6666666666666665,31.4
729,9.0,16,2.0,20.25,3.0,18.05,2.0,12.15,13.0,5.2562500000000005,33.0,45.01875,2.0,10.125,4.5,115.35
730,9.0,34,2.0,38.11764705882353,4.0,33.976470588235294,0.0,20.4,31.0,12.426470588235295,28.0,33.917647058823526,8.0,25.941176470588236,7.779411764705882,172.55882352941177
731,9.0,19,0.0,19.0,2.0,18.568421052631578,0.0,11.4,19.0,7.6000000000000005,13.0,16.168421052631576,15.0,30.42105263157895,11.605263157894736,114.76315789473684
738,9.0,31,2.0,35.12903225806452,1.0,26.425806451612903,0.0,18.599999999999998,24.0,9.758064516129032,39.0,47.41935483870967,10.0,27.112903225806452,7.112903225806452,171.55806451612904
741,9.0,4,1.0,6.25,0.0,3.2,0.0,2.4,2.0,0.9,5.0,6.075,1.0,3.125,0.125,22.075
748,9.0,35,5.0,45.714285714285715,10.0,46.285714285714285,6.0,28.81714285714286,68.0,30.31142857142857,75.0,103.71428571428571,24.0,49.72857142857143,51.42857142857143,356.0
756,9.0,30,6.0,43.2,8.0,38.50666666666667,1.0,19.22,45.0,18.75,42.0,51.84,12.0,29.4,35.266666666666666,236.18333333333334
758,9.0,17,1.0,19.058823529411764,2.0,16.988235294117647,0.0,10.2,11.0,4.611764705882353,7.0,10.16470588235294,5.0,14.235294117647058,0.11764705882352941,75.37647058823529
759,9.0,54,62.0,249.1851851851852,27.0,97.2,13.0,49.87777777777778,155.0,80.89074074074074,279.0,616.05,24.0,56.333333333333336,70.08333333333333,1219.6203703703702
765,9.0,74,16.0,109.45945945945945,10.0,76.28108108108108,14.0,62.78918918918919,138.0,60.73513513513514,176.0,253.37837837837836,48.0,100.56756756756756,71.68243243243244,734.8932432432432
766,9.0,6,2.0,10.666666666666666,3.0,10.8,0.0,3.5999999999999996,12.0,5.4,11.0,14.45,6.0,12.0,1.3333333333333333,58.25000000000001
769,9.0,8,1.0,10.125,1.0,8.1,0.0,4.8,3.0,1.5125000000000002,6.0,7.35,4.0,9.0,5.0625,45.95
772,9.0,11,0.0,11.0,1.0,10.472727272727274,3.0,10.69090909090909,23.0,10.50909090909091,29.0,43.63636363636364,15.0,30.727272727272727,5.5,122.53636363636363
812,9.0,11,0.0,11.0,0.0,8.8,0.0,6.6,4.0,2.0454545454545454,4.0,6.136363636363636,8.0,16.40909090909091,4.545454545454546,55.53636363636363
815,9.0,39,7.0,54.256410256410255,7.0,43.40512820512821,3.0,27.138461538461538,53.0,21.702564102564104,50.0,60.93076923076923,23.0,49.282051282051285,30.78205128205128,287.4974358974359
824,9.0,46,1.0,48.02173913043478,1.0,38.41739130434783,3.0,31.317391304347826,31.0,12.88913043478261,31.0,38.667391304347824,11.0,35.31521739130435,13.315217391304348,217.94347826086957
837,9.0,18,1.0,20.055555555555557,1.0,16.044444444444448,0.0,10.799999999999999,9.0,4.05,11.0,14.016666666666666,6.0,16.0,0.1111111111111111,81.07777777777778
852,9.0,4,2.0,9.0,0.0,3.2,0.0,2.4,14.0,8.1,5.0,6.075,9.0,21.125,0.5,50.4
854,9.0,43,16.0,80.95348837209302,7.0,46.51162790697674,3.0,29.525581395348837,107.0,52.32558139534885,125.0,196.91162790697675,26.0,55.36046511627907,3.7674418604651163,465.3558139534884
857,9.0,7,0.0,7.0,1.0,7.314285714285714,0.0,4.2,12.0,5.1571428571428575,16.0,22.67142857142857,1.0,4.571428571428571,0.2857142857142857,51.199999999999996
860,9.0,17,1.0,19.058823529411764,0.0,13.600000000000001,0.0,10.2,14.0,5.652941176470589,11.0,13.835294117647058,6.0,15.558823529411764,4.970588235294118,82.87647058823529
864,9.0,14,4.0,23.142857142857142,0.0,11.200000000000001,0.0,8.4,22.0,9.257142857142858,18.0,21.94285714285714,4.0,11.571428571428571,17.285714285714285,102.79999999999998
879,9.0,57,5.0,67.43859649122807,5.0,53.95087719298246,11.0,48.67368421052632,66.0,26.542105263157897,55.0,66.02105263157894,57.0,114.0,12.008771929824562,388.6350877192982
896,9.0,5,0.0,5.0,1.0,5.760000000000001,0.0,3.0,6.0,2.42,6.0,7.26,4.0,8.1,3.6,35.14
910,9.0,81,7.0,95.60493827160494,7.0,76.48395061728395,2.0,51.029629629629625,58.0,23.853086419753087,97.0,117.34814814814814,55.0,114.17283950617283,43.55555555555556,522.0481481481481
913,9.0,9,2.0,13.444444444444445,1.0,8.88888888888889,0.0,5.3999999999999995,9.0,3.6,10.0,12.033333333333333,10.0,20.055555555555557,3.5555555555555554,66.97777777777777
917,9.0,30,4.0,38.53333333333333,5.0,32.66666666666667,1.0,19.22,31.0,12.403333333333334,48.0,60.84,10.0,26.666666666666668,20.416666666666668,210.74666666666667
919,9.0,35,2.0,39.114285714285714,5.0,36.57142857142858,3.0,24.754285714285714,29.0,11.702857142857143,43.0,52.14857142857142,21.0,44.8,41.65714285714286,250.74857142857138
936,9.0,2,0.0,2.0,0.0,1.6,1.0,2.6999999999999997,2.0,0.8,1.0,1.3499999999999999,3.0,6.25,12.25,26.95
940,9.0,13,3.0,19.692307692307693,2.0,13.846153846153847,2.0,10.384615384615383,31.0,14.892307692307694,38.0,60.023076923076914,6.0,13.884615384615385,1.3846153846153846,134.1076923076923
942,9.0,6,2.0,10.666666666666666,1.0,6.533333333333333,1.0,4.8999999999999995,20.0,11.266666666666667,21.0,36.449999999999996,1.0,4.083333333333333,12.0,85.89999999999999
946,9.0,11,0.0,11.0,1.0,10.472727272727274,1.0,7.8545454545454545,8.0,3.281818181818182,9.0,10.90909090909091,5.0,11.636363636363637,1.6363636363636365,56.7909090909091
960,9.0,46,3.0,52.19565217391305,5.0,45.23478260869565,0.0,27.599999999999998,55.0,22.176086956521743,35.0,42.78913043478261,19.0,45.92391304347826,45.92391304347826,281.8434782608696
962,9.0,53,2.0,57.075471698113205,7.0,54.339622641509436,4.0,36.781132075471696,53.0,21.200000000000003,49.0,58.890566037735844,62.0,124.76415094339623,46.22641509433962,399.2773584905661
963,9.0,44,2.0,48.09090909090909,7.0,47.290909090909096,2.0,28.854545454545455,75.0,32.184090909090905,66.0,82.5,39.0,78.2840909090909,49.5,366.7045454545455
964,9.0,9,0.0,9.0,4.0,15.022222222222224,1.0,6.666666666666666,11.0,4.444444444444445,14.0,17.633333333333333,4.0,9.38888888888889,26.88888888888889,89.04444444444444
973,9.0,21,2.0,25.19047619047619,6.0,27.771428571428572,1.0,13.828571428571427,19.0,7.6190476190476195,20.0,24.014285714285716,24.0,48.214285714285715,30.857142857142858,177.4952380952381
976,9.0,38,7.0,53.28947368421053,7.0,42.631578947368425,4.0,27.852631578947367,41.0,16.423684210526314,52.0,63.94736842105263,56.0,116.26315789473684,55.5921052631579,376.0
977,9.0,44,8.0,61.45454545454545,10.0,53.018181818181816,8.0,36.87272727272727,62.0,25.53636363636364,73.0,93.3340909090909,18.0,43.68181818181818,8.284090909090908,322.1818181818182
981,9.0,66,5.0,76.37878787878788,11.0,71.86666666666666,5.0,45.82727272727272,93.0,38.304545454545455,114.0,147.27272727272728,106.0,224.12121212121212,54.734848484848484,658.5060606060606
986,9.0,46,12.0,73.1304347826087,11.0,56.50434782608696,5.0,33.926086956521736,71.0,29.758695652173913,83.0,108.52826086956522,24.0,53.26086956521739,76.69565217391305,431.804347826087
1000,9.0,34,1.0,36.029411764705884,4.0,33.976470588235294,2.0,22.870588235294118,49.0,20.261764705882356,48.0,59.329411764705874,36.0,72.05882352941177,4.25,248.7764705882353
1001,9.0,41,2.0,45.09756097560975,6.0,43.10243902439024,1.0,25.81463414634146,39.0,15.609756097560975,45.0,54.1170731707317,24.0,51.52439024390244,17.609756097560975,252.87560975609756
1008,9.0,6,0.0,6.0,1.0,6.533333333333333,1.0,4.8999999999999995,9.0,3.75,10.0,12.799999999999999,5.0,10.083333333333334,5.333333333333333,49.400000000000006
1010,9.0,9,0.0,9.0,0.0,7.2,0.0,5.3999999999999995,0.0,0.9,1.0,3.333333333333333,0.0,4.5,4.5,34.83333333333333
1014,9.0,17,0.0,17.0,0.0,13.600000000000001,0.0,10.2,16.0,6.405882352941177,33.0,44.11764705882353,1.0,9.529411764705882,0.029411764705882353,100.88235294117646
1017,9.0,50,3.0,56.18,5.0,48.400000000000006,4.0,34.992,38.0,15.488,36.0,44.376,85.0,182.25,0.25,381.93600000000004
1018,9.0,12,1.0,14.083333333333334,0.0,9.600000000000001,0.0,7.199999999999999,5.0,2.408333333333333,12.0,14.399999999999999,1.0,7.041666666666667,2.0416666666666665,56.775
1036,9.0,17,0.0,17.0,1.0,15.247058823529413,0.0,10.2,10.0,4.288235294117647,2.0,6.370588235294117,4.0,12.970588235294118,5.764705882352941,71.84117647058824
1038,9.0,3,0.0,3.0,0.0,2.4000000000000004,0.0,1.7999999999999998,2.0,0.8333333333333335,1.0,1.5999999999999999,5.0,10.666666666666666,10.666666666666666,30.96666666666666
1040,9.0,2,0.0,2.0,0.0,1.6,0.0,1.2,18.0,20.0,10.0,21.599999999999998,12.0,49.0,2.25,97.65
1048,9.0,9,4.0,18.77777777777778,5.0,17.422222222222224,3.0,9.6,18.0,8.1,21.0,30.0,2.0,6.722222222222222,22.22222222222222,112.84444444444446
1049,9.0,12,0.0,12.0,0.0,9.600000000000001,0.0,7.199999999999999,11.0,4.408333333333334,5.0,7.225,5.0,12.041666666666666,2.6666666666666665,55.141666666666666
1054,9.0,13,0.0,13.0,1.0,12.061538461538461,0.0,7.8,14.0,5.607692307692308,1.0,4.523076923076923,11.0,22.153846153846153,9.846153846153847,74.99230769230769
1064,9.0,31,15.0,68.25806451612904,12.0,47.71612903225807,4.0,23.709677419354836,124.0,77.5,127.0,241.58709677419353,10.0,27.112903225806452,50.58064516129032,536.4645161290323
1072,9.0,14,4.0,23.142857142857142,2.0,14.628571428571428,0.0,8.4,10.0,4.114285714285715,14.0,16.8,8.0,17.285714285714285,10.321428571428571,94.69285714285714
1073,9.0,5,0.0,5.0,0.0,4.0,1.0,4.32,1.0,0.7200000000000001,0.0,1.5,4.0,8.1,0.1,23.740000000000002
1076,9.0,6,0.0,6.0,1.0,6.533333333333333,0.0,3.5999999999999996,15.0,7.3500000000000005,13.0,18.049999999999997,4.0,8.333333333333334,3.0,52.86666666666667
1080,9.0,5,1.0,7.2,2.0,7.840000000000001,0.0,3.0,12.0,5.78,6.0,7.26,6.0,12.1,8.1,51.28
1081,9.0,4,0.0,4.0,0.0,3.2,0.0,2.4,11.0,5.625,4.0,4.8,6.0,12.5,0.0,32.525
1082,9.0,30,0.0,30.0,2.0,27.30666666666667,0.0,18.0,16.0,7.053333333333334,5.0,12.25,9.0,25.35,11.266666666666667,131.2266666666667
1086,9.0,11,0.0,11.0,0.0,8.8,0.0,6.6,0.0,1.1,2.0,4.6090909090909085,5.0,11.636363636363637,5.5,49.24545454545455
1087,9.0,17,0.0,17.0,0.0,13.600000000000001,0.0,10.2,3.0,2.3529411764705883,1.0,5.7176470588235295,3.0,11.764705882352942,2.9411764705882355,63.576470588235296
1093,9.0,71,3.0,77.12676056338029,2.0,60.04507042253521,2.0,45.03380281690141,37.0,16.428169014084506,23.0,37.33521126760563,51.0,104.8169014084507,42.84507042253521,383.630985915493
1100,9.0,53,0.0,53.0,10.0,59.90943396226416,6.0,39.40754716981132,67.0,27.169811320754718,39.0,47.90943396226415,41.0,83.35849056603773,68.16037735849056,378.91509433962267
1105,9.0,19,0.0,19.0,3.0,20.378947368421052,0.0,11.4,16.0,6.447368421052632,17.0,20.46315789473684,10.0,22.13157894736842,12.736842105263158,112.55789473684212
1107,9.0,18,6.0,32.0,5.0,23.511111111111113,1.0,12.033333333333333,41.0,19.33888888888889,37.0,50.416666666666664,9.0,20.25,12.25,169.8
1119,9.0,49,5.0,59.51020408163265,6.0,49.38775510204082,8.0,39.78367346938776,41.0,16.53061224489796,70.0,86.7,36.0,73.72448979591837,19.755102040816325,345.39183673469387
1123,9.0,3,0.0,3.0,0.0,2.4000000000000004,0.0,1.7999999999999998,1.0,0.5333333333333333,7.0,10.0,1.0,2.6666666666666665,0.6666666666666666,21.06666666666667
1128,9.0,38,0.0,38.0,0.0,30.400000000000002,1.0,24.01578947368421,18.0,8.25263157894737,19.0,25.65,13.0,34.223684210526315,9.592105263157896,170.1342105263158
1129,9.0,27,0.0,27.0,1.0,23.22962962962963,0.0,16.2,4.0,3.55925925925926,0.0,8.1,8.0,22.685185185185187,1.8518518518518519,102.62592592592593
1132,9.0,20,1.0,22.05,0.0,16.0,0.0,12.0,11.0,4.805,5.0,9.375,3.0,13.225,2.5,79.95499999999998
1133,9.0,45,5.0,55.55555555555556,9.0,51.84,5.0,33.333333333333336,104.0,49.33555555555556,111.0,162.23999999999998,32.0,65.87777777777778,42.71111111111111,460.8933333333334
1135,9.0,5,1.0,7.2,0.0,4.0,0.0,3.0,6.0,2.42,2.0,2.94,3.0,6.4,12.1,38.06
1136,9.0,28,1.0,30.035714285714285,5.0,31.114285714285717,3.0,20.59285714285714,27.0,10.80357142857143,27.0,32.410714285714285,9.0,24.446428571428573,9.446428571428571,158.85000000000002
1143,9.0,10,3.0,16.9,0.0,8.0,1.0,7.26,10.0,4.0,10.0,12.0,5.0,11.25,5.0,64.41
1149,9.0,5,0.0,5.0,0.0,4.0,0.0,3.0,3.0,1.2800000000000002,2.0,2.94,4.0,8.1,4.9,29.22
1157,9.0,39,5.0,49.64102564102564,6.0,41.53846153846154,3.0,27.138461538461538,59.0,24.625641025641027,53.0,65.1076923076923,42.0,84.11538461538461,32.05128205128205,324.2179487179487
1159,9.0,25,0.0,25.0,4.0,26.912000000000003,2.0,17.496,19.0,7.744,11.0,15.552,43.0,92.48,2.88,188.06400000000002
1177,9.0,18,1.0,20.055555555555557,1.0,16.044444444444448,0.0,10.799999999999999,7.0,3.4722222222222223,6.0,9.6,15.0,30.25,2.7777777777777777,93.0
1188,9.0,69,4.0,77.23188405797102,6.0,65.21739130434783,3.0,45.07826086956522,65.0,26.0231884057971,47.0,58.504347826086956,57.0,115.04347826086956,18.847826086956523,405.9463768115942
1198,9.0,33,3.0,39.27272727272727,3.0,31.41818181818182,1.0,21.01818181818182,28.0,11.275757575757575,25.0,30.58181818181818,13.0,32.06060606060606,16.5,182.12727272727273
1205,9.0,62,11.0,85.95161290322581,19.0,84.65806451612904,6.0,44.74838709677419,62.0,24.8,114.0,149.88387096774193,30.0,68.25806451612904,2.064516129032258,460.36451612903227
1206,9.0,36,2.0,40.111111111111114,7.0,41.088888888888896,5.0,28.016666666666666,77.0,35.46944444444445,54.0,67.5,35.0,70.01388888888889,10.88888888888889,293.08888888888896
1213,9.0,65,5.0,75.38461538461539,16.0,80.75076923076924,14.0,57.60923076923077,109.0,46.57846153846154,82.0,99.73384615384614,79.0,159.5076923076923,0.03076923076923077,519.5953846153847
1223,9.0,45,1.0,47.022222222222226,2.0,39.27111111111111,1.0,28.213333333333335,24.0,10.58,22.0,29.926666666666666,30.0,62.5,0.5444444444444444,218.0577777777778
1230,9.0,59,5.0,69.42372881355932,7.0,59.06440677966103,3.0,39.09152542372881,63.0,25.2271186440678,55.0,66.0813559322034,33.0,71.72881355932203,58.38135593220339,388.99830508474577
1232,9.0,1,0.0,1.0,0.0,0.8,0.0,0.6,0.0,0.1,0.0,0.3,1.0,2.0,0.5,5.3
1236,9.0,32,2.0,36.125,1.0,27.225,0.0,19.2,29.0,11.628125,14.0,19.8375,15.0,34.515625,36.0,184.53125
1242,9.0,70,6.0,82.51428571428572,10.0,73.14285714285715,0.0,42.0,133.0,58.870000000000005,93.0,113.86714285714287,56.0,113.4,50.4,534.1942857142857
1243,9.0,6,0.0,6.0,1.0,6.533333333333333,0.0,3.5999999999999996,2.0,1.0666666666666667,2.0,3.1999999999999997,0.0,3.0,6.75,30.15
1252,9.0,17,1.0,19.058823529411764,1.0,15.247058823529413,0.0,10.2,13.0,5.294117647058823,14.0,16.958823529411763,10.0,21.441176470588236,11.764705882352942,99.96470588235293
1254,9.0,60,5.0,70.41666666666667,8.0,61.653333333333336,0.0,36.0,93.0,39.015,59.0,70.805,45.0,91.875,76.8,446.565
1260,9.0,15,0.0,15.0,2.0,15.413333333333334,1.0,10.24,12.0,4.86,9.0,11.52,9.0,19.2,14.7,90.93333333333334
1261,9.0,17,0.0,17.0,0.0,13.600000000000001,1.0,11.435294117647059,16.0,6.405882352941177,17.0,20.4,15.0,30.11764705882353,4.970588235294118,103.92941176470589
1265,9.0,63,1.0,65.01587301587301,3.0,55.31428571428572,2.0,40.238095238095234,72.0,28.92857142857143,22.0,34.404761904761905,43.0,89.17460317460318,31.5,344.57619047619045
1275,9.0,1,0.0,1.0,0.0,0.8,0.0,0.6,0.0,0.1,0.0,0.3,0.0,0.5,0.5,3.8
1276,9.0,2,0.0,2.0,0.0,1.6,0.0,1.2,1.0,0.45,2.0,2.4,2.0,4.0,2.25,13.9
1297,9.0,25,2.0,29.16,1.0,21.632,1.0,16.224,13.0,5.776,7.0,12.288,16.0,33.62,3.38,122.07999999999998
1306,9.0,16,1.0,18.0625,4.0,20.0,2.0,12.15,16.0,6.4,20.0,24.3,16.0,32.0,22.78125,135.69375
1310,9.0,4,0.0,4.0,1.0,5.0,0.0,2.4,1.0,0.625,0.0,1.2,4.0,8.0,0.0,21.225
1313,9.0,9,0.0,9.0,0.0,7.2,0.0,5.3999999999999995,3.0,1.6,1.0,3.333333333333333,5.0,10.88888888888889,3.5555555555555554,40.977777777777774
1314,9.0,6,0.0,6.0,0.0,4.800000000000001,0.0,3.5999999999999996,7.0,2.816666666666667,2.0,3.1999999999999997,4.0,8.333333333333334,6.75,35.5
1315,9.0,17,0.0,17.0,1.0,15.247058823529413,1.0,11.435294117647059,5.0,2.847058823529412,4.0,7.7823529411764705,10.0,21.441176470588236,1.0588235294117647,76.81176470588235
1318,9.0,14,0.0,14.0,1.0,12.85714285714286,0.0,8.4,6.0,2.8571428571428577,4.0,6.942857142857142,10.0,20.571428571428573,0.8928571428571429,66.52142857142857
1332,9.0,51,1.0,53.01960784313726,6.0,50.964705882352945,4.0,35.588235294117645,42.0,16.958823529411767,51.0,61.199999999999996,42.0,84.79411764705883,2.5098039215686274,305.0352941176471
1338,9.0,46,13.0,75.67391304347827,13.0,60.539130434782614,8.0,38.03478260869565,84.0,36.73913043478261,111.0,160.75434782608696,35.0,71.31521739130434,21.043478260869566,464.1000000000001
1341,9.0,62,0.0,62.0,12.0,70.65806451612904,1.0,38.409677419354836,72.0,28.96129032258065,56.0,67.3741935483871,73.0,146.9758064516129,28.072580645161292,442.4516129032258
1348,9.0,53,7.0,67.9245283018868,9.0,58.02264150943396,5.0,38.08301886792452,76.0,31.39811320754717,81.0,101.6377358490566,79.0,164.37735849056602,43.62264150943396,505.066037735849
1349,9.0,3,0.0,3.0,0.0,2.4000000000000004,0.0,1.7999999999999998,1.0,0.5333333333333333,0.0,0.8999999999999999,0.0,1.5,1.5,11.633333333333333
1355,9.0,1,0.0,1.0,0.0,0.8,0.0,0.6,12.0,16.900000000000002,6.0,14.7,5.0,18.0,0.5,52.5
1380,9.0,7,0.0,7.0,2.0,9.257142857142858,0.0,4.2,5.0,2.0571428571428574,5.0,6.171428571428572,8.0,16.071428571428573,2.5714285714285716,47.32857142857143
1389,9.0,1,0.0,1.0,1.0,3.2,0.0,0.6,0.0,0.1,0.0,0.3,0.0,0.5,0.5,6.199999999999999
1395,9.0,12,2.0,16.333333333333332,1.0,11.266666666666667,0.0,7.199999999999999,29.0,14.008333333333335,16.0,19.599999999999998,13.0,26.041666666666668,2.6666666666666665,97.11666666666667
1396,9.0,37,11.0,62.270270270270274,10.0,47.76216216216216,4.0,27.25945945945946,53.0,21.89189189189189,80.0,110.99189189189188,31.0,62.486486486486484,2.6486486486486487,335.31081081081084
1398,9.0,21,0.0,21.0,2.0,20.152380952380952,1.0,13.828571428571427,33.0,13.885714285714286,17.0,20.628571428571426,15.0,30.857142857142858,4.666666666666667,125.01904761904764
1410,9.0,10,0.0,10.0,0.0,8.0,1.0,7.26,15.0,6.25,8.0,9.719999999999999,9.0,18.05,16.2,75.48
1431,9.0,42,1.0,44.023809523809526,3.0,38.57142857142858,1.0,26.414285714285715,47.0,18.85952380952381,34.0,41.25714285714285,60.0,123.85714285714286,16.297619047619047,309.2809523809524
1441,9.0,37,2.0,41.108108108108105,1.0,31.221621621621622,3.0,25.945945945945944,26.0,10.727027027027027,33.0,39.729729729729726,16.0,37.95945945945946,23.83783783783784,210.5297297297297
1445,9.0,9,3.0,16.0,6.0,20.0,0.0,5.3999999999999995,15.0,6.4,19.0,26.133333333333333,5.0,10.88888888888889,6.722222222222222,91.54444444444445
1449,9.0,3,0.0,3.0,0.0,2.4000000000000004,0.0,1.7999999999999998,0.0,0.30000000000000004,0.0,0.8999999999999999,1.0,2.6666666666666665,6.0,17.066666666666666
1452,9.0,36,0.0,36.0,1.0,30.422222222222224,3.0,25.349999999999998,19.0,8.402777777777777,7.0,15.408333333333333,42.0,84.5,0.125,200.20833333333331
1455,9.0,22,0.0,22.0,2.0,20.94545454545455,0.0,13.2,17.0,6.913636363636364,6.0,10.69090909090909,11.0,24.75,5.818181818181818,104.31818181818183
1467,9.0,4,0.0,4.0,0.0,3.2,0.0,2.4,6.0,2.5,6.0,7.5,1.0,3.125,0.125,22.85
1488,9.0,13,0.0,13.0,1.0,12.061538461538461,0.0,7.8,15.0,6.030769230769231,11.0,13.292307692307691,2.0,8.653846153846153,2.4615384615384617,63.3
1494,9.0,13,8.0,33.92307692307692,3.0,15.753846153846155,3.0,11.815384615384616,30.0,14.223076923076924,56.0,109.86923076923077,2.0,8.653846153846153,12.461538461538462,206.7
1513,9.0,3,0.0,3.0,2.0,6.666666666666668,0.0,1.7999999999999998,5.0,2.1333333333333333,3.0,3.5999999999999996,5.0,10.666666666666666,0.16666666666666666,28.033333333333335
1521,9.0,15,2.0,19.266666666666666,5.0,21.333333333333336,1.0,10.24,17.0,6.826666666666667,17.0,20.48,11.0,22.533333333333335,0.5333333333333333,101.21333333333334
1523,9.0,53,3.0,59.16981132075472,4.0,49.04150943396227,4.0,36.781132075471696,72.0,29.4811320754717,62.0,74.85849056603773,43.0,86.94339622641509,16.641509433962263,352.9169811320754
1535,9.0,38,2.0,42.10526315789474,2.0,33.684210526315795,1.0,24.01578947368421,27.0,11.11842105263158,18.0,24.757894736842104,21.0,45.80263157894737,16.11842105263158,197.60263157894738
1536,9.0,78,2.0,82.05128205128206,8.0,75.85641025641026,8.0,56.89230769230769,103.0,42.001282051282054,59.0,72.18846153846154,79.0,158.00641025641025,27.923076923076923,514.9192307692307
1546,9.0,46,1.0,48.02173913043478,8.0,50.71304347826087,1.0,28.813043478260866,45.0,18.002173913043478,42.0,50.504347826086956,35.0,71.31521739130434,14.08695652173913,281.45652173913044
1550,9.0,71,6.0,83.50704225352112,5.0,65.08169014084507,1.0,43.80845070422535,107.0,44.62535211267606,105.0,130.88450704225352,48.0,99.72535211267606,45.070422535211264,512.7028169014085
1551,9.0,78,6.0,90.46153846153847,16.0,90.62564102564103,4.0,51.723076923076924,171.0,79.48846153846154,146.0,192.98461538461538,58.0,118.56410256410257,25.442307692307693,649.2897435897436
1559,9.0,26,0.0,26.0,1.0,22.430769230769233,1.0,16.823076923076922,10.0,4.984615384615385,2.0,9.046153846153846,19.0,38.94230769230769,7.6923076923076925,125.91923076923077
1560,9.0,2,0.0,2.0,1.0,3.6,0.0,1.2,0.0,0.2,0.0,0.6,0.0,1.0,4.0,12.6
1562,9.0,13,2.0,17.307692307692307,2.0,13.846153846153847,2.0,10.384615384615383,8.0,3.3923076923076922,14.0,16.823076923076922,5.0,12.461538461538462,15.384615384615385,89.6
1567,9.0,4,0.0,4.0,0.0,3.2,0.0,2.4,2.0,0.9,2.0,2.6999999999999997,6.0,12.5,0.125,25.825
1572,9.0,36,11.0,61.361111111111114,9.0,45.0,12.0,38.4,56.0,23.511111111111113,116.0,192.53333333333333,15.0,36.125,0.2222222222222222,397.15277777777777
1577,9.0,41,5.0,51.609756097560975,4.0,39.51219512195122,0.0,24.599999999999998,48.0,19.319512195121952,45.0,54.1170731707317,50.0,100.98780487804878,23.609756097560975,313.7560975609756
1600,9.0,60,4.0,68.26666666666667,9.0,63.48,4.0,40.96,65.0,26.04166666666667,50.0,60.49999999999999,31.0,69.00833333333334,88.40833333333333,416.66499999999996
1612,9.0,3,1.0,5.333333333333333,0.0,2.4000000000000004,1.0,3.1999999999999997,5.0,2.1333333333333333,6.0,8.1,0.0,1.5,1.5,24.166666666666664
1619,9.0,16,1.0,18.0625,1.0,14.450000000000001,0.0,9.6,28.0,12.100000000000001,16.0,19.2,13.0,26.28125,21.125,120.81875000000001
1713,9.0,19,1.0,21.05263157894737,3.0,20.378947368421052,1.0,12.631578947368421,53.0,27.284210526315793,44.0,62.66842105263157,9.0,20.63157894736842,53.28947368421053,217.93684210526314
1905,9.0,2,0.0,2.0,0.0,1.6,0.0,1.2,0.0,0.2,4.0,5.3999999999999995,2.0,4.0,0.25,14.649999999999999
1922,9.0,20,0.0,20.0,3.0,21.16,1.0,13.23,11.0,4.805,7.0,10.935,10.0,22.5,28.9,121.53
1924,9.0,10,3.0,16.9,3.0,13.52,0.0,6.0,8.0,3.24,2.0,4.32,3.0,8.45,31.25,83.68
1926,9.0,24,1.0,26.041666666666668,0.0,19.200000000000003,2.0,16.9,22.0,8.816666666666668,20.0,24.2,13.0,28.520833333333332,16.333333333333332,140.01250000000002
1946,9.0,3,1.0,5.333333333333333,0.0,2.4000000000000004,0.0,1.7999999999999998,5.0,2.1333333333333333,6.0,8.1,0.0,1.5,0.16666666666666666,21.433333333333334
2052,9.0,63,0.0,63.0,2.0,53.65079365079365,0.0,37.8,23.0,11.73968253968254,23.0,35.219047619047615,20.0,54.67460317460318,14.0,270.08412698412695
2066,9.0,57,4.0,65.28070175438596,9.0,61.136842105263156,5.0,40.46315789473684,77.0,31.50175438596491,116.0,157.52105263157895,71.0,143.71929824561403,39.37719298245614,539.0
2068,9.0,64,9.0,83.265625,15.0,78.0125,5.0,44.634375,77.0,31.064062500000002,126.0,169.21875,121.0,267.3828125,40.5,714.078125
2132,9.0,3,0.0,3.0,0.0,2.4000000000000004,1.0,3.1999999999999997,0.0,0.30000000000000004,2.0,2.5,0.0,1.5,6.0,18.9
2209,9.0,69,7.0,83.71014492753623,9.0,70.53913043478262,3.0,45.07826086956522,41.0,17.536231884057973,61.0,73.47826086956522,25.0,64.02898550724638,9.391304347826088,363.76231884057967
2213,9.0,3,0.0,3.0,0.0,2.4000000000000004,0.0,1.7999999999999998,0.0,0.30000000000000004,4.0,4.8999999999999995,0.0,1.5,0.6666666666666666,14.566666666666665
2222,9.0,28,0.0,28.0,4.0,29.257142857142856,0.0,16.8,21.0,8.575000000000001,11.0,16.29642857142857,22.0,44.642857142857146,7.875,151.44642857142856
2224,9.0,83,9.0,101.97590361445783,9.0,81.58072289156627,7.0,58.554216867469876,106.0,43.03734939759036,131.0,165.52771084337348,36.0,85.30722891566265,44.55421686746988,580.5373493975903
2225,9.0,55,1.0,57.018181818181816,2.0,47.25818181818182,3.0,36.698181818181816,38.0,15.725454545454546,58.0,69.6490909090909,27.0,61.127272727272725,11.136363636363637,298.6127272727272
2230,9.0,56,4.0,64.28571428571429,6.0,54.91428571428571,3.0,37.29642857142857,58.0,23.20714285714286,40.0,49.371428571428574,40.0,82.28571428571429,42.50892857142857,353.8696428571428
2232,9.0,52,6.0,64.6923076923077,8.0,55.38461538461539,2.0,33.646153846153844,37.0,15.232692307692307,44.0,53.169230769230765,26.0,58.5,28.03846153846154,308.66346153846155
2233,9.0,43,4.0,51.372093023255815,4.0,41.097674418604655,6.0,33.50232558139535,40.0,16.02093023255814,35.0,42.44651162790698,34.0,68.94186046511628,39.116279069767444,292.4976744186047
2237,9.0,19,0.0,19.0,2.0,18.568421052631578,0.0,11.4,24.0,9.73157894736842,14.0,17.194736842105264,11.0,23.68421052631579,7.605263157894737,107.1842105263158
2240,9.0,7,0.0,7.0,0.0,5.6000000000000005,1.0,5.485714285714285,5.0,2.0571428571428574,4.0,5.185714285714285,1.0,4.571428571428571,5.785714285714286,35.68571428571428
2267,9.0,36,17.0,78.02777777777777,14.0,55.55555555555556,13.0,40.016666666666666,83.0,39.33611111111111,109.0,175.20833333333334,22.0,46.72222222222222,125.34722222222223,560.2138888888888
2282,9.0,49,30.0,127.36734693877551,18.0,73.28979591836735,6.0,37.04081632653061,121.0,58.9795918367347,212.0,417.0673469387755,35.0,72.0,11.795918367346939,797.5408163265306
2290,9.0,62,3.0,68.14516129032258,11.0,68.76129032258065,2.0,39.63870967741935,56.0,22.458064516129035,43.0,53.346774193548384,40.0,83.90322580645162,72.78225806451613,409.0354838709677
2294,9.0,21,0.0,21.0,4.0,23.80952380952381,1.0,13.828571428571427,19.0,7.6190476190476195,6.0,10.414285714285715,13.0,27.523809523809526,20.023809523809526,124.21904761904761
2304,9.0,48,0.0,48.0,2.0,41.66666666666667,6.0,36.449999999999996,51.0,20.418750000000003,43.0,51.75625,25.0,55.510416666666664,12.760416666666666,266.5625
2317,9.0,39,10.0,61.56410256410256,12.0,53.353846153846156,3.0,27.138461538461538,115.0,60.810256410256414,94.0,136.06923076923076,27.0,55.84615384615385,16.615384615384617,411.39743589743597
2328,9.0,1,0.0,1.0,0.0,0.8,0.0,0.6,0.0,0.1,0.0,0.3,0.0,0.5,0.0,3.3
2329,9.0,1,0.0,1.0,0.0,0.8,0.0,0.6,0.0,0.1,0.0,0.3,0.0,0.5,2.0,5.3
2337,9.0,6,4.0,16.666666666666668,3.0,10.8,1.0,4.8999999999999995,9.0,3.75,21.0,36.449999999999996,0.0,3.0,18.75,94.31666666666666
2357,9.0,34,18.0,79.52941176470588,9.0,43.50588235294118,8.0,31.129411764705882,65.0,28.826470588235296,100.0,158.43529411764706,5.0,22.36764705882353,25.941176470588236,389.7352941176471
2358,9.0,5,1.0,7.2,1.0,5.760000000000001,2.0,5.88,10.0,4.5,15.0,24.0,5.0,10.0,19.6,76.94
2362,9.0,10,4.0,19.6,5.0,18.0,1.0,7.26,13.0,5.29,19.0,25.229999999999997,3.0,8.45,26.45,110.28
2376,9.0,4,0.0,4.0,0.0,3.2,0.0,2.4,4.0,1.6,5.0,6.075,0.0,2.0,2.0,21.275
2428,9.0,35,0.0,35.0,2.0,31.291428571428572,0.0,21.0,24.0,9.945714285714287,14.0,20.58,22.0,46.41428571428571,4.128571428571429,168.36
2433,9.0,1,0.0,1.0,0.0,0.8,0.0,0.6,2.0,0.9,3.0,4.8,0.0,0.5,0.5,9.1
2434,9.0,60,4.0,68.26666666666667,10.0,65.33333333333334,2.0,38.44,44.0,18.026666666666667,52.0,62.72,40.0,83.33333333333333,1.0083333333333333,337.12833333333333
2441,9.0,47,5.0,57.53191489361702,7.0,49.63404255319149,2.0,30.651063829787233,46.0,18.40212765957447,39.0,47.208510638297874,14.0,39.58510638297872,23.5,266.5127659574468
2443,9.0,65,5.0,75.38461538461539,8.0,65.58769230769231,1.0,40.20923076923077,79.0,31.901538461538465,77.0,93.06461538461538,48.0,98.22307692307692,54.276923076923076,458.6476923076923
2444,9.0,56,7.0,70.875,13.0,68.01428571428572,10.0,46.67142857142857,59.0,23.61607142857143,91.0,115.76249999999999,54.0,108.03571428571429,51.57142857142857,484.5464285714286
2445,9.0,22,3.0,28.40909090909091,4.0,24.581818181818182,0.0,13.2,41.0,18.040909090909093,36.0,45.87272727272727,19.0,38.20454545454545,15.363636363636363,183.6727272727273
2446,9.0,13,1.0,15.076923076923077,1.0,12.061538461538461,1.0,9.046153846153846,4.0,2.223076923076923,9.0,11.16923076923077,6.0,13.884615384615385,2.4615384615384617,65.92307692307693
2455,9.0,41,0.0,41.0,6.0,43.10243902439024,3.0,28.33170731707317,37.0,14.839024390243901,18.0,25.470731707317075,26.0,54.74390243902439,24.695121951219512,232.1829268292683
2463,9.0,17,0.0,17.0,0.0,13.600000000000001,0.0,10.2,11.0,4.611764705882353,10.0,12.864705882352942,17.0,34.0,4.970588235294118,97.24705882352941
2464,9.0,57,7.0,71.85964912280701,6.0,55.70526315789474,3.0,37.89473684210526,106.0,46.612280701754386,100.0,129.7315789473684,43.0,87.71929824561404,25.57894736842105,455.10175438596485
2469,9.0,12,1.0,14.083333333333334,1.0,11.266666666666667,0.0,7.199999999999999,10.0,4.033333333333334,11.0,13.225,7.0,15.041666666666666,2.6666666666666665,67.51666666666667
2477,9.0,37,1.0,39.027027027027025,4.0,36.34594594594595,7.0,31.394594594594594,24.0,10.056756756756757,18.0,24.527027027027028,37.0,74.0,33.78378378378378,249.13513513513513
2481,9.0,35,3.0,41.25714285714286,1.0,29.622857142857146,1.0,22.217142857142857,39.0,15.645714285714286,29.0,35.10857142857142,16.0,37.15714285714286,21.728571428571428,202.73714285714286
2490,9.0,37,0.0,37.0,2.0,32.88648648648648,1.0,23.416216216216213,15.0,7.308108108108108,14.0,21.089189189189188,21.0,45.45945945945946,18.5,185.65945945945947
2502,9.0,34,5.0,44.73529411764706,9.0,43.50588235294118,7.0,29.664705882352937,62.0,27.10588235294118,58.0,74.68235294117646,25.0,51.19117647058823,68.0,338.88529411764705
2504,9.0,15,0.0,15.0,2.0,15.413333333333334,0.0,9.0,13.0,5.226666666666667,8.0,10.58,4.0,12.033333333333333,0.03333333333333333,67.28666666666666
2512,9.0,11,1.0,13.090909090909092,0.0,8.8,0.0,6.6,6.0,2.6272727272727274,7.0,8.836363636363636,6.0,13.136363636363637,1.6363636363636365,54.72727272727273
2515,9.0,1,0.0,1.0,0.0,0.8,0.0,0.6,1.0,0.4,1.0,1.2,1.0,2.0,2.0,8.0
2694,9.0,3,0.0,3.0,2.0,6.666666666666668,0.0,1.7999999999999998,4.0,1.6333333333333333,5.0,6.3999999999999995,1.0,2.6666666666666665,8.166666666666666,30.333333333333336
2767,9.0,18,3.0,24.5,4.0,21.511111111111113,2.0,13.333333333333332,16.0,6.422222222222223,22.0,26.666666666666664,16.0,32.111111111111114,4.0,128.54444444444445
2770,9.0,81,13.0,109.08641975308642,11.0,83.59506172839507,5.0,54.785185185185185,82.0,32.80123456790124,120.0,149.63333333333333,60.0,122.72222222222223,48.89506172839506,601.5185185185185
2771,9.0,2,0.0,2.0,0.0,1.6,0.0,1.2,0.0,0.2,3.0,3.75,0.0,1.0,1.0,10.75
2772,9.0,5,0.0,5.0,1.0,5.760000000000001,0.0,3.0,4.0,1.62,5.0,6.0,5.0,10.0,4.9,36.28
2783,9.0,30,1.0,32.03333333333333,4.0,30.826666666666668,1.0,19.22,33.0,13.230000000000002,40.0,49.0,30.0,60.0,19.266666666666666,223.57666666666665
2787,9.0,6,0.0,6.0,1.0,6.533333333333333,0.0,3.5999999999999996,10.0,4.266666666666667,3.0,4.05,2.0,5.333333333333333,0.08333333333333333,29.866666666666664
2792,9.0,11,3.0,17.818181818181817,5.0,18.61818181818182,2.0,9.218181818181817,31.0,16.03636363636364,37.0,62.836363636363636,4.0,10.227272727272727,11.636363636363637,146.39090909090908
2794,9.0,9,1.0,11.11111111111111,3.0,12.8,0.0,5.3999999999999995,12.0,4.9,13.0,16.133333333333333,4.0,9.38888888888889,3.5555555555555554,63.28888888888889
2799,9.0,63,2.0,67.06349206349206,10.0,67.66984126984127,3.0,41.48571428571428,38.0,16.192063492063493,49.0,59.733333333333334,47.0,96.03174603174604,9.174603174603174,357.35079365079366
2800,9.0,11,0.0,11.0,0.0,8.8,0.0,6.6,4.0,2.0454545454545454,4.0,6.136363636363636,6.0,13.136363636363637,4.545454545454546,52.263636363636365
2802,9.0,17,3.0,23.529411764705884,4.0,20.75294117647059,2.0,12.741176470588234,15.0,6.023529411764706,22.0,26.841176470588234,11.0,23.058823529411764,12.970588235294118,125.91764705882353
2814,9.0,48,3.0,54.1875,3.0,43.35,2.0,31.25,31.0,13.002083333333335,35.0,43.05625,33.0,68.34375,19.260416666666668,272.45
2827,9.0,29,3.0,35.310344827586206,10.0,41.95862068965518,6.0,25.344827586206893,63.0,29.186206896551727,41.0,50.68965517241379,37.0,75.10344827586206,58.0,315.5931034482759
2829,9.0,50,1.0,52.02,6.0,50.176,4.0,34.992,95.0,42.050000000000004,67.0,82.13399999999999,30.0,64.0,34.81,360.18199999999996
2831,9.0,24,0.0,24.0,2.0,22.533333333333335,1.0,15.625,15.0,6.3375,8.0,12.799999999999999,19.0,38.520833333333336,11.020833333333334,130.8375
2835,9.0,7,0.0,7.0,2.0,9.257142857142858,1.0,5.485714285714285,10.0,4.128571428571429,3.0,4.285714285714286,3.0,7.142857142857143,0.6428571428571429,37.94285714285715
2865,9.0,1,0.0,1.0,0.0,0.8,0.0,0.6,0.0,0.1,8.0,24.3,9.0,50.0,0.5,77.3
2871,9.0,41,0.0,41.0,0.0,32.800000000000004,0.0,24.599999999999998,37.0,14.839024390243901,13.0,21.336585365853658,22.0,48.40243902439025,45.3780487804878,228.35609756097563
2890,9.0,74,9.0,93.0945945945946,18.0,91.5027027027027,10.0,57.21081081081081,74.0,29.6,87.0,105.08513513513513,61.0,123.14189189189189,6.081081081081081,505.71621621621625
2894,9.0,56,5.0,66.44642857142857,11.0,64.12857142857143,7.0,42.525,138.0,67.20714285714286,152.0,231.77142857142854,41.0,84.00892857142857,31.080357142857142,587.1678571428571
2896,9.0,45,4.0,53.355555555555554,13.0,59.80444444444445,5.0,33.333333333333336,46.0,18.40222222222222,54.0,65.34,16.0,41.34444444444444,21.511111111111113,293.09111111111116
2900,9.0,76,9.0,95.0657894736842,12.0,81.51578947368421,7.0,54.386842105263156,108.0,44.54736842105263,104.0,127.89473684210526,98.0,199.18421052631578,109.48026315789474,712.075
2903,9.0,69,4.0,77.23188405797102,11.0,74.20289855072464,1.0,42.608695652173914,58.0,23.375362318840583,59.0,71.23478260869565,65.0,130.1159420289855,76.8768115942029,495.6463768115942
2907,9.0,51,5.0,61.490196078431374,3.0,45.74117647058824,6.0,38.2235294117647,75.0,31.129411764705885,58.0,69.88823529411765,23.0,53.68627450980392,7.686274509803922,307.8450980392157
2908,9.0,55,10.0,76.81818181818181,3.0,48.9309090909091,2.0,35.44363636363636,68.0,27.507272727272728,73.0,89.36727272727272,23.0,55.30909090909091,20.081818181818182,353.4581818181818
2913,9.0,28,0.0,28.0,3.0,27.457142857142856,1.0,18.02142857142857,38.0,15.557142857142859,14.0,18.9,37.0,75.44642857142857,1.4464285714285714,184.82857142857145
2920,9.0,12,0.0,12.0,0.0,9.600000000000001,1.0,8.45,7.0,3.0083333333333333,7.0,9.024999999999999,5.0,12.041666666666666,1.0416666666666667,55.166666666666664
2921,9.0,43,1.0,45.02325581395349,1.0,36.018604651162796,1.0,27.013953488372092,21.0,9.525581395348837,19.0,26.81860465116279,29.0,60.27906976744186,18.6046511627907,223.28372093023256
2988,9.0,9,0.0,9.0,0.0,7.2,1.0,6.666666666666666,20.0,9.344444444444445,23.0,34.13333333333333,4.0,9.38888888888889,43.55555555555556,119.28888888888888
2990,9.0,46,4.0,54.34782608695652,3.0,41.75652173913044,2.0,30.05217391304348,26.0,11.269565217391305,60.0,73.27826086956522,3.0,26.097826086956523,12.565217391304348,249.36739130434785
3030,9.0,14,1.0,16.071428571428573,2.0,14.628571428571428,1.0,9.642857142857144,7.0,3.1500000000000004,1.0,4.821428571428572,8.0,17.285714285714285,0.03571428571428571,65.63571428571429
3036,9.0,10,2.0,14.4,2.0,11.520000000000001,0.0,6.0,11.0,4.41,16.0,20.279999999999998,4.0,9.8,0.45,66.86
3044,9.0,19,8.0,38.36842105263158,5.0,24.25263157894737,1.0,12.631578947368421,18.0,7.205263157894738,30.0,37.91052631578947,4.0,13.921052631578947,11.605263157894736,145.89473684210526
3045,9.0,3,2.0,8.333333333333334,0.0,2.4000000000000004,0.0,1.7999999999999998,4.0,1.6333333333333333,6.0,8.1,0.0,1.5,1.5,25.266666666666666
3049,9.0,51,7.0,65.96078431372548,9.0,56.47058823529412,5.0,36.89411764705882,47.0,18.83137254901961,79.0,99.41176470588235,29.0,62.745098039215684,36.48039215686274,376.79411764705884
3054,9.0,4,0.0,4.0,0.0,3.2,0.0,2.4,0.0,0.4,0.0,1.2,1.0,3.125,1.125,15.45
3060,9.0,6,1.0,8.166666666666666,1.0,6.533333333333333,0.0,3.5999999999999996,4.0,1.666666666666667,11.0,14.45,1.0,4.083333333333333,1.3333333333333333,39.833333333333336
3068,9.0,33,1.0,35.03030303030303,8.0,40.75151515151515,4.0,24.89090909090909,32.0,12.803030303030305,40.0,48.445454545454545,24.0,49.22727272727273,49.22727272727273,260.3757575757576
3078,9.0,44,5.0,54.56818181818182,7.0,47.290909090909096,7.0,35.46818181818182,45.0,18.00227272727273,45.0,54.00681818181818,44.0,88.0,29.556818181818183,326.89318181818186
3080,9.0,20,1.0,22.05,0.0,16.0,0.0,12.0,19.0,7.605,6.0,10.139999999999999,7.0,18.225,3.025,89.04500000000002
3126,9.0,40,2.0,44.1,3.0,36.980000000000004,3.0,27.735,29.0,11.902500000000002,25.0,31.6875,14.0,36.45,6.05,194.90500000000003
3127,9.0,46,1.0,48.02173913043478,3.0,41.75652173913044,0.0,27.599999999999998,41.0,16.454347826086956,32.0,39.67826086956522,13.0,37.83695652173913,14.08695652173913,225.43478260869563
3142,9.0,1,1.0,4.0,0.0,0.8,0.0,0.6,3.0,1.6,4.0,7.5,0.0,0.5,0.0,15.0
3155,9.0,23,3.0,29.391304347826086,6.0,29.25217391304348,2.0,16.304347826086957,12.0,5.326086956521739,42.0,55.10869565217391,5.0,17.043478260869566,3.6739130434782608,156.09999999999997
3163,9.0,54,0.0,54.0,5.0,51.57037037037037,3.0,36.099999999999994,33.0,14.016666666666666,23.0,32.93888888888888,32.0,68.48148148148148,11.342592592592593,268.45
3167,9.0,11,1.0,13.090909090909092,2.0,12.290909090909091,0.0,6.6,7.0,2.9454545454545453,4.0,6.136363636363636,2.0,7.681818181818182,6.545454545454546,55.29090909090909
3197,9.0,4,2.0,9.0,2.0,7.2,0.0,2.4,19.0,13.225000000000001,18.0,36.3,10.0,24.5,4.5,97.125
3202,9.0,2,0.0,2.0,0.0,1.6,0.0,1.2,0.0,0.2,2.0,2.4,0.0,1.0,1.0,9.4
3213,9.0,9,1.0,11.11111111111111,1.0,8.88888888888889,1.0,6.666666666666666,15.0,6.4,10.0,12.033333333333333,3.0,8.0,0.05555555555555555,53.15555555555555
3223,9.0,51,4.0,59.31372549019608,9.0,56.47058823529412,1.0,31.811764705882354,51.0,20.400000000000002,38.0,46.59411764705882,55.0,110.15686274509804,30.745098039215687,355.4921568627451
3225,9.0,33,1.0,35.03030303030303,4.0,33.18787878787879,0.0,19.8,21.0,8.836363636363636,31.0,37.236363636363635,15.0,34.90909090909091,29.333333333333332,198.33333333333331
3246,9.0,22,2.0,26.181818181818183,7.0,30.581818181818182,0.0,13.2,28.0,11.363636363636365,40.0,52.418181818181814,17.0,34.56818181818182,0.022727272727272728,168.33636363636364
3350,9.0,16,13.0,52.5625,6.0,24.200000000000003,2.0,12.15,23.0,9.50625,57.0,99.91875,15.0,30.03125,21.125,249.49375
3424,9.0,9,0.0,9.0,1.0,8.88888888888889,0.0,5.3999999999999995,14.0,5.877777777777778,12.0,14.7,8.0,16.055555555555557,1.3888888888888888,61.3111111111111
3425,9.0,8,0.0,8.0,1.0,8.1,0.0,4.8,9.0,3.6125000000000003,13.0,16.537499999999998,4.0,9.0,3.0625,53.1125
3431,9.0,26,2.0,30.153846153846153,3.0,25.876923076923077,2.0,18.092307692307692,60.0,28.446153846153848,34.0,41.53846153846153,29.0,58.17307692307692,29.25,231.53076923076924
3450,9.0,17,1.0,19.058823529411764,4.0,20.75294117647059,1.0,11.435294117647059,11.0,4.611764705882353,17.0,20.4,10.0,21.441176470588236,0.029411764705882353,97.72941176470587
3452,9.0,65,53.0,214.2153846153846,24.0,97.48923076923077,3.0,42.683076923076925,96.0,39.87846153846154,228.0,396.2261538461538,24.0,60.93076923076923,67.96923076923076,919.3923076923076
3453,9.0,19,1.0,21.05263157894737,2.0,18.568421052631578,3.0,15.284210526315789,9.0,4.126315789473685,13.0,16.168421052631576,5.0,15.157894736842104,1.6842105263157894,92.04210526315791
3458,9.0,80,8.0,96.8,13.0,86.49000000000001,10.0,60.75,100.0,40.5,110.0,135.375,47.0,100.80625,61.25625,581.9775000000001
3470,9.0,41,4.0,49.390243902439025,5.0,41.28780487804878,5.0,30.965853658536584,60.0,24.88048780487805,73.0,95.09268292682927,43.0,86.04878048780488,24.695121951219512,352.3609756097561
3487,9.0,59,28.0,128.28813559322035,22.0,88.96271186440678,6.0,42.96610169491525,123.0,56.14237288135594,160.0,243.8694915254237,46.0,93.4322033898305,47.66949152542373,701.3305084745763
3489,9.0,24,5.0,35.041666666666664,2.0,22.533333333333335,2.0,16.9,49.0,22.204166666666666,41.0,52.81249999999999,13.0,28.520833333333332,25.520833333333332,203.53333333333333
3575,9.0,10,8.0,32.4,5.0,18.0,1.0,7.26,21.0,9.61,35.0,60.75,0.0,5.0,6.05,139.07
3582,9.0,21,5.0,32.19047619047619,9.0,34.285714285714285,4.0,17.857142857142858,27.0,10.971428571428572,35.0,44.800000000000004,20.0,40.023809523809526,8.595238095238095,188.72380952380954
3588,9.0,18,1.0,20.055555555555557,1.0,16.044444444444448,1.0,12.033333333333333,24.0,9.8,19.0,22.816666666666666,19.0,38.02777777777778,16.0,134.77777777777777
3632,9.0,49,7.0,64.0,5.0,47.608163265306125,2.0,31.848979591836734,35.0,14.4,37.0,45.28163265306123,32.0,66.94897959183673,34.326530612244895,304.4142857142857
3633,9.0,32,5.0,42.78125,9.0,42.025000000000006,2.0,21.675,69.0,31.878125,54.0,69.33749999999999,30.0,60.0625,72.25,340.009375
3635,9.0,50,1.0,52.02,4.0,46.656000000000006,6.0,37.632,70.0,28.8,49.0,58.806,62.0,125.44,14.44,363.79400000000004
3670,9.0,58,2.0,62.06896551724138,4.0,53.02068965517242,1.0,36.0103448275862,41.0,16.898275862068967,43.0,52.76379310344827,40.0,82.79310344827586,18.24137931034483,321.79655172413794
3680,9.0,51,2.0,55.07843137254902,9.0,56.47058823529412,3.0,34.305882352941175,64.0,25.93137254901961,40.0,48.71176470588235,29.0,62.745098039215684,38.911764705882355,322.15490196078434
3684,9.0,6,0.0,6.0,1.0,6.533333333333333,1.0,4.8999999999999995,10.0,4.266666666666667,7.0,8.45,6.0,12.0,0.3333333333333333,42.483333333333334
3697,9.0,73,7.0,87.67123287671232,6.0,68.3945205479452,4.0,48.73150684931506,73.0,29.200000000000003,93.0,113.24383561643836,55.0,112.21917808219177,90.58219178082192,550.0424657534247
3720,9.0,7,1.0,9.142857142857142,0.0,5.6000000000000005,0.0,4.2,5.0,2.0571428571428574,6.0,7.242857142857142,8.0,16.071428571428573,16.071428571428573,60.385714285714286
3721,9.0,73,5.0,83.34246575342466,24.0,103.1123287671233,13.0,60.78904109589041,146.0,65.7,104.0,128.74931506849313,56.0,113.97945205479452,168.82876712328766,724.5013698630137
3739,9.0,3,1.0,5.333333333333333,2.0,6.666666666666668,0.0,1.7999999999999998,2.0,0.8333333333333335,5.0,6.3999999999999995,4.0,8.166666666666666,4.166666666666667,33.36666666666667
3740,9.0,3,2.0,8.333333333333334,1.0,4.266666666666667,0.0,1.7999999999999998,5.0,2.1333333333333333,7.0,10.0,2.0,4.166666666666667,16.666666666666668,47.366666666666674
3763,9.0,2,0.0,2.0,0.0,1.6,0.0,1.2,1.0,0.45,0.0,0.6,1.0,2.25,0.25,8.35
3774,9.0,1,0.0,1.0,0.0,0.8,0.0,0.6,0.0,0.1,0.0,0.3,1.0,2.0,0.5,5.3
3847,9.0,81,5.0,91.30864197530865,8.0,78.23209876543211,5.0,54.785185185185185,84.0,33.61111111111111,57.0,70.53333333333333,116.0,239.56172839506172,52.24691358024691,620.2790123456789
3853,9.0,22,10.0,46.54545454545455,12.0,42.03636363636364,10.0,27.927272727272726,72.0,40.163636363636364,66.0,105.6,16.0,32.81818181818182,50.20454545454545,345.2954545454545
3890,9.0,4,0.0,4.0,0.0,3.2,0.0,2.4,5.0,2.025,5.0,6.075,2.0,4.5,1.125,23.325
3906,9.0,3,0.0,3.0,1.0,4.266666666666667,0.0,1.7999999999999998,5.0,2.1333333333333333,0.0,0.8999999999999999,2.0,4.166666666666667,1.5,17.766666666666666
3939,9.0,53,0.0,53.0,5.0,50.77735849056604,2.0,34.24528301886792,28.0,12.379245283018868,19.0,29.343396226415095,56.0,112.08490566037736,15.858490566037736,307.68867924528297
3949,9.0,6,0.0,6.0,0.0,4.800000000000001,2.0,6.3999999999999995,8.0,3.2666666666666666,4.0,5.0,2.0,5.333333333333333,4.083333333333333,34.88333333333333
3954,9.0,9,2.0,13.444444444444445,1.0,8.88888888888889,0.0,5.3999999999999995,23.0,11.377777777777778,19.0,26.133333333333333,12.0,24.5,0.5,90.24444444444444
3955,9.0,61,9.0,80.32786885245902,19.0,83.9344262295082,14.0,55.32786885245901,63.0,25.20655737704918,69.0,83.11475409836065,38.0,80.3360655737705,42.49180327868852,450.7393442622951
3958,9.0,19,0.0,19.0,0.0,15.200000000000001,0.0,11.4,7.0,3.5578947368421057,5.0,9.094736842105263,8.0,19.18421052631579,7.605263157894737,85.04210526315791
3961,9.0,11,4.0,20.454545454545453,0.0,8.8,0.0,6.6,21.0,9.30909090909091,14.0,17.045454545454547,5.0,11.636363636363637,3.6818181818181817,77.52727272727273
3965,9.0,43,4.0,51.372093023255815,6.0,44.66976744186047,2.0,28.25581395348837,56.0,22.793023255813953,66.0,82.8906976744186,19.0,44.69767441860465,30.24418604651163,304.9232558139535
3967,9.0,5,0.0,5.0,0.0,4.0,0.0,3.0,2.0,0.9800000000000001,1.0,2.16,7.0,14.4,0.9,30.439999999999998
3969,9.0,39,0.0,39.0,4.0,37.92820512820513,4.0,28.446153846153845,35.0,14.04102564102564,18.0,24.99230769230769,12.0,33.34615384615385,19.5,197.25384615384613
3975,9.0,5,0.0,5.0,2.0,7.840000000000001,1.0,4.32,3.0,1.2800000000000002,8.0,10.139999999999999,3.0,6.4,0.9,35.879999999999995
3983,9.0,15,1.0,17.066666666666666,5.0,21.333333333333336,2.0,11.559999999999999,10.0,4.166666666666667,12.0,14.58,14.0,28.033333333333335,8.533333333333333,105.27333333333334
3990,9.0,32,15.0,69.03125,11.0,46.225,3.0,22.96875,76.0,36.45,89.0,137.259375,24.0,49.0,0.5625,361.49687500000005
4028,9.0,14,5.0,25.785714285714285,3.0,16.514285714285716,1.0,9.642857142857144,24.0,10.314285714285715,29.0,39.621428571428574,17.0,34.32142857142857,1.75,137.95
4167,9.0,54,2.0,58.074074074074076,3.0,48.13333333333333,7.0,41.34444444444444,65.0,26.22407407407408,49.0,58.93888888888888,60.0,120.33333333333333,98.23148148148148,451.2796296296296
4173,9.0,38,0.0,38.0,9.0,46.50526315789474,2.0,25.263157894736842,55.0,22.760526315789477,47.0,57.03947368421052,25.0,52.223684210526315,38.36842105263158,280.16052631578947
4174,9.0,33,2.0,37.121212121212125,3.0,31.41818181818182,2.0,22.272727272727273,58.0,25.093939393939394,34.0,40.809090909090905,36.0,72.13636363636364,0.06060606060606061,228.91212121212124
4177,9.0,57,2.0,61.07017543859649,7.0,57.487719298245615,2.0,36.642105263157895,73.0,29.649122807017548,61.0,73.28421052631579,20.0,52.00877192982456,50.666666666666664,360.8087719298246
4190,9.0,30,0.0,30.0,0.0,24.0,0.0,18.0,18.0,7.68,17.0,22.09,17.0,36.81666666666667,3.75,142.33666666666667
4197,9.0,13,2.0,17.307692307692307,3.0,15.753846153846155,1.0,9.046153846153846,25.0,11.107692307692309,9.0,11.16923076923077,10.0,20.346153846153847,2.4615384615384617,87.1923076923077
4200,9.0,75,0.0,75.0,3.0,64.896,0.0,45.0,51.0,21.168000000000003,15.0,32.4,36.0,82.14,5.226666666666667,325.83066666666673
4204,9.0,68,3.0,74.13235294117646,6.0,64.4235294117647,2.0,43.23529411764706,57.0,22.97794117647059,33.0,45.00441176470588,46.0,95.55882352941177,70.61764705882354,415.95000000000005
4205,9.0,85,4.0,93.18823529411765,10.0,84.94117647058823,4.0,55.91294117647059,71.0,28.63058823529412,61.0,75.23294117647059,68.0,137.7,24.852941176470587,500.4588235294118
4206,9.0,2,0.0,2.0,0.0,1.6,0.0,1.2,0.0,0.2,1.0,1.3499999999999999,1.0,2.25,0.25,8.85
4208,9.0,89,29.0,156.4494382022472,49.0,171.18202247191013,18.0,77.18426966292134,261.0,137.64044943820224,277.0,451.53707865168536,128.0,264.5449438202247,43.50561797752809,1302.0438202247192
4225,9.0,27,6.0,40.333333333333336,10.0,40.56296296296296,3.0,20.0,42.0,17.633333333333336,51.0,67.6,23.0,46.2962962962963,35.851851851851855,268.27777777777777
4228,9.0,77,7.0,91.63636363636364,13.0,84.15584415584416,2.0,48.63116883116883,56.0,22.972727272727273,58.0,71.00649350649351,54.0,111.43506493506493,32.73376623376623,462.57142857142856
4232,9.0,69,3.0,75.1304347826087,10.0,72.35942028985508,8.0,51.55652173913044,101.0,41.8840579710145,68.0,81.60434782608695,67.0,134.02898550724638,25.22463768115942,481.78840579710146
4249,9.0,6,1.0,8.166666666666666,0.0,4.800000000000001,0.0,3.5999999999999996,0.0,0.6000000000000001,2.0,3.1999999999999997,3.0,6.75,2.0833333333333335,29.2
4250,9.0,6,0.0,6.0,2.0,8.533333333333333,0.0,3.5999999999999996,4.0,1.666666666666667,10.0,12.799999999999999,5.0,10.083333333333334,0.0,42.68333333333334
4251,9.0,10,1.0,12.1,2.0,11.520000000000001,0.0,6.0,13.0,5.29,11.0,13.23,7.0,14.45,8.45,71.04
4258,9.0,15,1.0,17.066666666666666,1.0,13.653333333333334,2.0,11.559999999999999,29.0,12.906666666666666,22.0,27.38,14.0,28.033333333333335,1.2,111.8
4259,9.0,3,0.0,3.0,0.0,2.4000000000000004,0.0,1.7999999999999998,5.0,2.1333333333333333,7.0,10.0,1.0,2.6666666666666665,2.6666666666666665,24.66666666666667
4260,9.0,16,0.0,16.0,1.0,14.450000000000001,2.0,12.15,19.0,7.65625,12.0,14.7,19.0,38.28125,0.03125,103.26875
4261,9.0,12,1.0,14.083333333333334,2.0,13.066666666666666,0.0,7.199999999999999,13.0,5.208333333333334,5.0,7.225,8.0,16.666666666666668,3.375,66.825
4262,9.0,44,6.0,56.81818181818182,5.0,43.654545454545456,3.0,30.12272727272727,97.0,45.18409090909091,73.0,93.3340909090909,63.0,130.10227272727272,14.727272727272727,413.94318181818187
4313,9.0,14,1.0,16.071428571428573,0.0,11.200000000000001,0.0,8.4,9.0,3.7785714285714285,26.0,34.285714285714285,7.0,15.75,0.14285714285714285,89.62857142857143
4320,9.0,2,1.0,4.5,0.0,1.6,0.0,1.2,2.0,0.8,4.0,5.3999999999999995,1.0,2.25,1.0,16.75
4321,9.0,63,14.0,94.11111111111111,9.0,65.82857142857144,8.0,48.009523809523806,123.0,54.91428571428571,136.0,188.57619047619048,91.0,188.22222222222223,60.07142857142857,699.7333333333335
4329,9.0,72,15.0,105.125,8.0,71.11111111111111,7.0,52.00833333333333,128.0,55.55555555555556,139.0,185.50416666666663,63.0,126.5625,66.69444444444444,662.5611111111111
4334,9.0,10,1.0,12.1,2.0,11.520000000000001,1.0,7.26,8.0,3.24,4.0,5.88,7.0,14.45,3.2,57.650000000000006
4336,9.0,24,2.0,28.166666666666668,6.0,30.0,2.0,16.9,20.0,8.066666666666668,31.0,37.8125,20.0,40.333333333333336,24.083333333333332,185.3625
4341,9.0,28,6.0,41.285714285714285,1.0,24.02857142857143,0.0,16.8,21.0,8.575000000000001,37.0,45.26785714285714,9.0,24.446428571428573,2.1607142857142856,162.56428571428572
4346,9.0,65,3.0,71.13846153846154,15.0,78.76923076923077,14.0,57.60923076923077,132.0,59.70615384615385,108.0,138.13384615384615,79.0,159.5076923076923,0.6230769230769231,565.4876923076924
4351,9.0,63,6.0,75.57142857142857,5.0,58.717460317460315,3.0,41.48571428571428,57.0,22.85714285714286,70.0,84.23333333333333,35.0,76.22222222222223,6.674603174603175,365.76190476190476
4354,9.0,53,2.0,57.075471698113205,4.0,49.04150943396227,2.0,34.24528301886792,38.0,15.624528301886793,29.0,38.06037735849056,26.0,58.87735849056604,7.933962264150943,260.8584905660377
4359,9.0,1,0.0,1.0,0.0,0.8,0.0,0.6,1.0,0.4,1.0,1.2,2.0,4.5,12.5,21.0
4368,9.0,12,0.0,12.0,1.0,11.266666666666667,0.0,7.199999999999999,6.0,2.7,4.0,6.3999999999999995,8.0,16.666666666666668,13.5,69.73333333333333
4369,9.0,22,0.0,22.0,0.0,17.6,1.0,14.427272727272728,10.0,4.654545454545455,6.0,10.69090909090909,4.0,15.363636363636363,7.363636363636363,92.1
4372,9.0,7,7.0,28.0,0.0,5.6000000000000005,0.0,4.2,10.0,4.128571428571429,23.0,38.57142857142858,6.0,12.071428571428571,3.5,96.07142857142857
4375,9.0,33,3.0,39.27272727272727,6.0,36.872727272727275,0.0,19.8,26.0,10.548484848484849,21.0,26.509090909090908,22.0,45.833333333333336,24.242424242424242,203.0787878787879
4382,9.0,2,0.0,2.0,0.0,1.6,0.0,1.2,1.0,0.45,1.0,1.3499999999999999,0.0,1.0,0.25,7.85
4383,9.0,2,0.0,2.0,0.0,1.6,0.0,1.2,1.0,0.45,1.0,1.3499999999999999,0.0,1.0,1.0,8.6
4387,9.0,2,0.0,2.0,0.0,1.6,0.0,1.2,0.0,0.2,10.0,21.599999999999998,1.0,2.25,0.25,29.099999999999998
4392,9.0,13,1.0,15.076923076923077,3.0,15.753846153846155,1.0,9.046153846153846,10.0,4.06923076923077,32.0,46.73076923076923,7.0,15.384615384615385,1.3846153846153846,107.44615384615386
4424,9.0,3,2.0,8.333333333333334,3.0,9.600000000000001,1.0,3.1999999999999997,2.0,0.8333333333333335,10.0,16.9,3.0,6.0,2.6666666666666665,47.53333333333333
4429,9.0,1,1.0,4.0,1.0,3.2,0.0,0.6,0.0,0.1,0.0,0.3,0.0,0.5,4.5,13.2
4432,9.0,31,5.0,41.806451612903224,5.0,33.44516129032258,2.0,21.07741935483871,37.0,14.916129032258064,24.0,29.274193548387096,34.0,68.14516129032258,45.306451612903224,253.9709677419355
4438,9.0,12,0.0,12.0,1.0,11.266666666666667,1.0,8.45,12.0,4.800000000000001,5.0,7.225,2.0,8.166666666666666,3.375,55.28333333333333
4442,9.0,4,1.0,6.25,0.0,3.2,0.0,2.4,2.0,0.9,3.0,3.675,0.0,2.0,0.0,18.425
4444,9.0,65,2.0,69.06153846153846,8.0,65.58769230769231,2.0,41.43692307692307,97.0,40.37538461538462,67.0,80.41846153846154,42.0,88.06923076923077,18.46923076923077,403.41846153846154
4445,9.0,66,2.0,70.06060606060606,6.0,62.83636363636364,2.0,42.03636363636364,69.0,27.613636363636363,52.0,63.29090909090909,51.0,103.70454545454545,48.484848484848484,418.02727272727276
4447,9.0,61,4.0,69.26229508196721,4.0,55.40983606557377,1.0,37.80983606557377,80.0,32.59180327868852,60.0,72.00491803278689,57.0,114.1311475409836,43.68032786885246,424.89016393442625
4451,9.0,62,0.0,62.0,6.0,59.66451612903226,3.0,40.887096774193544,62.0,24.8,28.0,39.193548387096776,50.0,101.16129032258064,21.806451612903224,349.51290322580644
4452,9.0,68,6.0,80.52941176470588,4.0,60.98823529411765,1.0,42.008823529411764,80.0,32.21176470588235,64.0,76.87058823529412,51.0,104.125,13.595588235294118,410.3294117647059
4454,9.0,70,24.0,126.22857142857143,16.0,84.52571428571429,6.0,49.50857142857143,83.0,33.441428571428574,126.0,164.64,21.0,59.15,43.457142857142856,560.9514285714286
4458,9.0,7,0.0,7.0,0.0,5.6000000000000005,0.0,4.2,5.0,2.0571428571428574,3.0,4.285714285714286,2.0,5.785714285714286,3.5,32.42857142857143
4460,9.0,40,4.0,48.4,8.0,46.080000000000005,1.0,25.215,43.0,17.2225,41.0,49.2075,21.0,46.5125,18.05,250.68750000000006
4463,9.0,31,3.0,37.29032258064516,1.0,26.425806451612903,2.0,21.07741935483871,24.0,9.758064516129032,15.0,20.477419354838712,25.0,50.58064516129032,37.16129032258065,202.7709677419355
4466,9.0,75,6.0,87.48,3.0,64.896,2.0,47.431999999999995,69.0,27.648000000000003,49.0,61.50399999999999,35.0,80.66666666666667,47.04,416.6666666666667
4467,9.0,5,0.0,5.0,1.0,5.760000000000001,0.0,3.0,5.0,2.0,3.0,3.84,3.0,6.4,0.4,26.4
4475,9.0,9,0.0,9.0,0.0,7.2,0.0,5.3999999999999995,3.0,1.6,7.0,8.533333333333333,7.0,14.222222222222221,0.5,46.455555555555556
4476,9.0,4,0.0,4.0,1.0,5.0,0.0,2.4,7.0,3.0250000000000004,4.0,4.8,9.0,21.125,0.125,40.475
4492,9.0,47,4.0,55.340425531914896,8.0,51.48936170212766,4.0,33.204255319148935,72.0,30.129787234042556,66.0,81.50425531914892,51.0,102.17021276595744,63.07446808510638,416.9127659574468
4495,9.0,51,5.0,61.490196078431374,9.0,56.47058823529412,5.0,36.89411764705882,70.0,28.7078431372549,57.0,68.61176470588235,53.0,106.03921568627452,17.294117647058822,375.50784313725495
4501,9.0,3,1.0,5.333333333333333,0.0,2.4000000000000004,0.0,1.7999999999999998,3.0,1.2000000000000002,1.0,1.5999999999999999,0.0,1.5,0.16666666666666666,14.0
4509,9.0,46,16.0,83.56521739130434,13.0,60.539130434782614,2.0,30.05217391304348,86.0,37.87826086956522,156.0,266.11304347826086,26.0,56.34782608695652,3.5217391304347827,538.0173913043478
4510,9.0,60,1.0,62.016666666666666,7.0,59.85333333333333,5.0,42.25,68.0,27.30666666666667,56.0,67.28,148.0,360.53333333333336,14.7,633.94
4511,9.0,7,0.0,7.0,2.0,9.257142857142858,1.0,5.485714285714285,5.0,2.0571428571428574,2.0,3.471428571428571,2.0,5.785714285714286,4.571428571428571,37.628571428571426
4512,9.0,1,2.0,9.0,0.0,0.8,0.0,0.6,1.0,0.4,5.0,10.799999999999999,0.0,0.5,4.5,26.6
4519,9.0,22,1.0,24.045454545454547,1.0,19.236363636363638,0.0,13.2,8.0,4.090909090909091,15.0,18.668181818181818,5.0,16.568181818181817,1.1136363636363635,96.92272727272727
4525,9.0,78,12.0,103.84615384615384,8.0,75.85641025641026,6.0,54.276923076923076,70.0,28.08205128205128,85.0,102.18846153846154,39.0,87.75,77.56410256410257,529.5641025641025
4527,9.0,5,0.0,5.0,0.0,4.0,0.0,3.0,11.0,5.120000000000001,3.0,3.84,1.0,3.6,0.1,24.660000000000004
4532,9.0,52,3.0,58.17307692307692,5.0,49.98461538461539,0.0,31.2,46.0,18.46923076923077,23.0,32.45192307692307,22.0,52.65384615384615,25.009615384615383,267.9423076923077
4533,9.0,19,0.0,19.0,2.0,18.568421052631578,0.0,11.4,10.0,4.426315789473684,7.0,10.673684210526316,7.0,17.789473684210527,12.736842105263158,94.59473684210525
4534,9.0,43,2.0,47.093023255813954,4.0,41.097674418604655,0.0,25.8,44.0,17.60232558139535,49.0,59.051162790697674,18.0,43.26744186046512,14.244186046511627,248.15581395348835
4540,9.0,14,0.0,14.0,2.0,14.628571428571428,4.0,13.885714285714284,7.0,3.1500000000000004,8.0,10.37142857142857,7.0,15.75,0.8928571428571429,72.67857142857142
4544,9.0,43,1.0,45.02325581395349,4.0,41.097674418604655,7.0,34.883720930232556,39.0,15.637209302325582,33.0,40.29767441860465,22.0,49.127906976744185,18.6046511627907,244.67209302325583
4555,9.0,2,0.0,2.0,2.0,6.4,0.0,1.2,6.0,3.2,5.0,7.35,3.0,6.25,1.0,27.4
4572,9.0,3,0.0,3.0,0.0,2.4000000000000004,0.0,1.7999999999999998,0.0,0.30000000000000004,0.0,0.8999999999999999,0.0,1.5,1.5,11.4
4576,9.0,53,22.0,106.13207547169812,14.0,67.75849056603774,2.0,34.24528301886792,98.0,43.02075471698114,140.0,210.8433962264151,10.0,37.443396226415096,13.622641509433961,513.066037735849
4580,9.0,1,0.0,1.0,0.0,0.8,0.0,0.6,0.0,0.1,0.0,0.3,0.0,0.5,0.5,3.8
4581,9.0,47,11.0,71.57446808510639,9.0,53.378723404255325,0.0,28.2,56.0,22.572340425531916,79.0,101.33617021276595,20.0,47.755319148936174,13.787234042553191,338.60425531914893
4585,9.0,4,0.0,4.0,0.0,3.2,0.0,2.4,1.0,0.625,0.0,1.2,2.0,4.5,0.5,16.424999999999997
4589,9.0,36,1.0,38.02777777777778,0.0,28.8,0.0,21.599999999999998,13.0,6.669444444444444,11.0,18.408333333333335,10.0,29.38888888888889,6.722222222222222,149.61666666666667
4593,9.0,15,0.0,15.0,1.0,13.653333333333334,0.0,9.0,12.0,4.86,4.0,7.22,9.0,19.2,9.633333333333333,78.56666666666666
4595,9.0,7,1.0,9.142857142857142,0.0,5.6000000000000005,0.0,4.2,3.0,1.4285714285714288,4.0,5.185714285714285,5.0,10.285714285714286,8.642857142857142,44.48571428571428
4604,9.0,52,9.0,71.5576923076923,9.0,57.246153846153845,3.0,34.90384615384615,102.0,45.60769230769231,98.0,129.8076923076923,20.0,49.84615384615385,22.153846153846153,411.12307692307695
4610,9.0,76,3.0,82.11842105263158,9.0,76.05263157894737,4.0,50.526315789473685,66.0,26.531578947368423,48.0,60.694736842105264,25.0,67.11184210526316,76.73684210526316,439.7723684210527
4638,9.0,18,2.0,22.22222222222222,3.0,19.6,3.0,14.7,12.0,5.0,20.0,24.066666666666666,5.0,14.694444444444445,20.25,120.53333333333333
4643,9.0,44,4.0,52.36363636363637,9.0,51.07272727272728,5.0,32.74090909090909,83.0,36.65681818181818,78.0,101.48181818181817,76.0,163.63636363636363,29.556818181818183,467.5090909090909
4653,9.0,7,1.0,9.142857142857142,1.0,7.314285714285714,0.0,4.2,3.0,1.4285714285714288,9.0,10.97142857142857,11.0,23.142857142857142,0.07142857142857142,56.27142857142856
4658,9.0,4,0.0,4.0,0.0,3.2,0.0,2.4,3.0,1.225,5.0,6.075,0.0,2.0,6.125,25.025
4686,9.0,12,1.0,14.083333333333334,2.0,13.066666666666666,2.0,9.799999999999999,23.0,10.208333333333334,32.0,48.4,13.0,26.041666666666668,10.666666666666666,132.26666666666668
4737,9.0,13,0.0,13.0,1.0,12.061538461538461,2.0,10.384615384615383,16.0,6.469230769230769,12.0,14.423076923076923,5.0,12.461538461538462,24.03846153846154,92.83846153846156
4811,9.0,1,0.0,1.0,0.0,0.8,0.0,0.6,0.0,0.1,0.0,0.3,1.0,2.0,2.0,6.8
4815,9.0,8,1.0,10.125,3.0,12.100000000000001,1.0,6.075,6.0,2.45,16.0,21.599999999999998,1.0,5.0625,9.0,66.4125
4843,9.0,4,1.0,6.25,1.0,5.0,1.0,3.75,16.0,10.0,5.0,6.075,7.0,15.125,10.125,56.325
4872,9.0,6,1.0,8.166666666666666,2.0,8.533333333333333,1.0,4.8999999999999995,5.0,2.016666666666667,15.0,22.05,5.0,10.083333333333334,0.0,55.75
4873,9.0,13,0.0,13.0,1.0,12.061538461538461,0.0,7.8,19.0,7.876923076923077,26.0,35.1,20.0,41.88461538461539,2.4615384615384617,120.18461538461538
4878,9.0,5,0.0,5.0,0.0,4.0,0.0,3.0,9.0,3.9200000000000004,5.0,6.0,2.0,4.9,1.6,28.42
4890,9.0,3,2.0,8.333333333333334,1.0,4.266666666666667,0.0,1.7999999999999998,2.0,0.8333333333333335,5.0,6.3999999999999995,2.0,4.166666666666667,1.5,27.300000000000004
4895,9.0,51,16.0,88.01960784313725,9.0,56.47058823529412,3.0,34.305882352941175,123.0,59.36470588235294,202.0,376.5235294117647,38.0,77.65686274509804,18.980392156862745,711.321568627451
4900,9.0,54,2.0,58.074074074074076,5.0,51.57037037037037,1.0,33.61111111111111,38.0,15.674074074074074,24.0,33.8,50.0,100.14814814814815,6.75,299.6277777777778
4935,9.0,4,0.0,4.0,1.0,5.0,1.0,3.75,9.0,4.2250000000000005,7.0,9.075,3.0,6.125,10.125,42.3
4936,9.0,67,2.0,71.05970149253731,1.0,55.21194029850747,2.0,42.635820895522386,33.0,14.92537313432836,23.0,36.26865671641791,26.0,64.54477611940298,15.791044776119403,300.4373134328358
4937,9.0,1,2.0,9.0,0.0,0.8,0.0,0.6,3.0,1.6,2.0,2.6999999999999997,1.0,2.0,0.5,17.2
4945,9.0,32,2.0,36.125,3.0,30.625,3.0,22.96875,27.0,10.878125,47.0,58.509375,13.0,31.640625,11.390625,202.1375
4951,9.0,13,6.0,27.76923076923077,3.0,15.753846153846155,8.0,20.353846153846153,28.0,12.930769230769233,59.0,119.63076923076923,4.0,11.115384615384615,30.153846153846153,237.7076923076923
4965,9.0,1,1.0,4.0,0.0,0.8,3.0,9.6,1.0,0.4,4.0,7.5,0.0,0.5,50.0,72.8
4969,9.0,52,9.0,71.5576923076923,11.0,61.06153846153847,2.0,33.646153846153844,44.0,17.723076923076924,82.0,103.5923076923077,14.0,41.88461538461539,64.65384615384616,394.11923076923085
4973,9.0,4,1.0,6.25,2.0,7.2,0.0,2.4,14.0,8.1,12.0,19.2,5.0,10.125,2.0,55.275
4977,9.0,14,0.0,14.0,3.0,16.514285714285716,1.0,9.642857142857144,21.0,8.75,7.0,9.45,17.0,34.32142857142857,11.571428571428571,104.25
4995,9.0,1,0.0,1.0,0.0,0.8,0.0,0.6,0.0,0.1,0.0,0.3,0.0,0.5,0.5,3.8
5006,9.0,1,0.0,1.0,0.0,0.8,0.0,0.6,0.0,0.1,0.0,0.3,0.0,0.5,0.0,3.3
5021,9.0,23,2.0,27.17391304347826,3.0,23.51304347826087,3.0,17.63478260869565,36.0,15.134782608695653,56.0,81.40434782608695,6.0,18.282608695652176,0.782608695652174,183.92608695652177
5023,9.0,25,2.0,29.16,3.0,25.088,1.0,16.224,26.0,10.404000000000002,43.0,55.488,17.0,35.28,1.62,173.264
5029,9.0,9,0.0,9.0,1.0,8.88888888888889,0.0,5.3999999999999995,12.0,4.9,6.0,7.5,8.0,16.055555555555557,2.7222222222222223,54.46666666666667
5048,9.0,1,0.0,1.0,0.0,0.8,0.0,0.6,0.0,0.1,2.0,2.6999999999999997,0.0,0.5,8.0,13.7
5065,9.0,1,0.0,1.0,0.0,0.8,0.0,0.6,0.0,0.1,0.0,0.3,0.0,0.5,0.5,3.8
5077,9.0,5,0.0,5.0,0.0,4.0,0.0,3.0,1.0,0.7200000000000001,8.0,10.139999999999999,3.0,6.4,4.9,34.16
5079,9.0,10,1.0,12.1,3.0,13.52,4.0,11.76,12.0,4.84,18.0,23.52,6.0,12.8,18.05,96.58999999999999
5081,9.0,34,5.0,44.73529411764706,3.0,32.21176470588235,1.0,21.61764705882353,25.0,10.238235294117647,40.0,48.31764705882353,11.0,29.779411764705884,0.5294117647058824,187.4294117647059
5084,9.0,20,3.0,26.45,2.0,19.36,0.0,12.0,12.0,5.120000000000001,17.0,20.535,21.0,42.025,1.225,126.715
5091,9.0,5,1.0,7.2,1.0,5.760000000000001,1.0,4.32,6.0,2.42,7.0,8.64,1.0,3.6,12.1,44.040000000000006
5092,9.0,7,0.0,7.0,1.0,7.314285714285714,0.0,4.2,21.0,11.200000000000001,15.0,20.74285714285714,12.0,25.785714285714285,1.1428571428571428,77.38571428571427
5096,9.0,15,1.0,17.066666666666666,4.0,19.253333333333334,0.0,9.0,12.0,4.86,12.0,14.58,16.0,32.03333333333333,9.633333333333333,106.42666666666668
5108,9.0,9,3.0,16.0,3.0,12.8,0.0,5.3999999999999995,10.0,4.011111111111112,26.0,40.833333333333336,3.0,8.0,0.0,87.04444444444445
5113,9.0,35,0.0,35.0,1.0,29.622857142857146,5.0,27.428571428571427,52.0,21.625714285714288,54.0,67.89428571428572,43.0,86.91428571428571,4.628571428571429,273.1142857142857
5114,9.0,72,2.0,76.05555555555556,7.0,69.34444444444445,3.0,46.875,60.0,24.200000000000003,51.0,63.037499999999994,33.0,76.5625,18.77777777777778,374.8527777777778
5132,9.0,33,10.0,56.03030303030303,5.0,35.00606060606061,3.0,23.563636363636363,67.0,30.3030303030303,102.0,165.68181818181816,16.0,36.378787878787875,20.742424242424242,367.7060606060606
5141,9.0,31,4.0,39.516129032258064,1.0,26.425806451612903,8.0,29.438709677419354,51.0,21.690322580645162,48.0,60.39677419354838,12.0,29.822580645161292,9.290322580645162,216.58064516129028
5148,9.0,40,9.0,60.025,11.0,52.02000000000001,3.0,27.735,100.0,49.0,99.0,144.9075,60.0,125.0,6.05,464.7375
5162,9.0,15,1.0,17.066666666666666,2.0,15.413333333333334,0.0,9.0,22.0,9.126666666666667,17.0,20.48,13.0,26.133333333333333,0.5333333333333333,97.75333333333333
5170,9.0,26,5.0,36.96153846153846,7.0,33.50769230769231,9.0,28.269230769230766,38.0,15.753846153846155,59.0,83.3653846153846,19.0,38.94230769230769,20.942307692307693,257.74230769230763
5175,9.0,12,0.0,12.0,0.0,9.600000000000001,0.0,7.199999999999999,3.0,1.875,2.0,4.8999999999999995,4.0,10.666666666666666,5.041666666666667,51.28333333333333
5177,9.0,9,0.0,9.0,0.0,7.2,0.0,5.3999999999999995,5.0,2.177777777777778,5.0,6.533333333333333,6.0,12.5,0.5,43.31111111111111
5192,9.0,31,2.0,35.12903225806452,6.0,35.32903225806452,6.0,26.496774193548386,40.0,16.261290322580646,44.0,54.43548387096774,11.0,28.451612903225808,50.58064516129032,246.68387096774194
5206,9.0,30,8.0,48.13333333333333,8.0,38.50666666666667,3.0,21.779999999999998,50.0,21.333333333333336,79.0,118.81,4.0,19.266666666666666,12.15,279.97999999999996
5215,9.0,1,0.0,1.0,0.0,0.8,0.0,0.6,0.0,0.1,0.0,0.3,0.0,0.5,0.5,3.8
5227,9.0,6,0.0,6.0,0.0,4.800000000000001,0.0,3.5999999999999996,5.0,2.016666666666667,11.0,14.45,1.0,4.083333333333333,6.75,41.7
5237,9.0,79,6.0,91.45569620253164,10.0,80.21265822784811,8.0,57.48607594936709,125.0,52.67848101265824,152.0,202.63670886075948,72.0,144.31012658227849,28.411392405063292,657.1911392405065
5244,9.0,27,1.0,29.037037037037038,2.0,24.91851851851852,2.0,18.68888888888889,26.0,10.403703703703705,20.0,24.54444444444444,22.0,44.46296296296296,0.16666666666666666,152.2222222222222
5245,9.0,49,8.0,66.3061224489796,4.0,45.861224489795916,3.0,33.11020408163265,58.0,23.36530612244898,58.0,70.09591836734694,42.0,84.5,20.663265306122447,343.9020408163265
5248,9.0,29,0.0,29.0,0.0,23.200000000000003,3.0,21.186206896551724,20.0,8.279310344827586,11.0,16.551724137931032,29.0,58.0,23.603448275862068,179.8206896551724
5260,9.0,1,1.0,4.0,1.0,3.2,0.0,0.6,3.0,1.6,12.0,50.699999999999996,0.0,0.5,8.0,68.6
5265,9.0,77,5.0,87.32467532467533,9.0,76.84155844155845,2.0,48.63116883116883,67.0,26.92987012987013,52.0,64.83506493506493,68.0,136.52597402597402,32.73376623376623,473.82207792207794
5268,9.0,33,11.0,58.666666666666664,11.0,46.93333333333334,1.0,21.01818181818182,41.0,16.593939393939394,62.0,82.04545454545455,13.0,32.06060606060606,39.40909090909091,296.72727272727275
5279,9.0,13,2.0,17.307692307692307,10.0,32.55384615384616,2.0,10.384615384615383,22.0,9.423076923076923,30.0,42.669230769230765,4.0,11.115384615384615,8.653846153846153,132.1076923076923
5308,9.0,19,1.0,21.05263157894737,2.0,18.568421052631578,0.0,11.4,25.0,10.189473684210526,9.0,12.378947368421052,15.0,30.42105263157895,0.6578947368421053,104.66842105263159
5384,9.0,15,1.0,17.066666666666666,2.0,15.413333333333334,0.0,9.0,13.0,5.226666666666667,9.0,11.52,6.0,14.7,20.833333333333332,93.76
5450,9.0,31,8.0,49.064516129032256,5.0,33.44516129032258,0.0,18.599999999999998,32.0,12.803225806451614,62.0,83.7,7.0,23.29032258064516,10.903225806451612,231.80645161290323
5467,9.0,32,1.0,34.03125,7.0,38.025,4.0,24.3,63.0,28.203125,24.0,29.4,16.0,36.0,45.5625,235.521875
5473,9.0,62,2.0,66.06451612903226,4.0,56.20645161290324,7.0,46.0741935483871,71.0,28.530645161290323,41.0,51.33387096774194,64.0,128.03225806451613,24.39516129032258,400.63709677419354
5500,9.0,52,14.0,83.76923076923077,2.0,44.861538461538466,1.0,32.411538461538456,104.0,46.800000000000004,69.0,84.4673076923077,60.0,120.61538461538461,52.65384615384615,465.5788461538462
5514,9.0,2,0.0,2.0,0.0,1.6,0.0,1.2,2.0,0.8,2.0,2.4,1.0,2.25,0.25,10.5
5516,9.0,1,0.0,1.0,1.0,3.2,0.0,0.6,2.0,0.9,1.0,1.2,4.0,12.5,18.0,37.4
5525,9.0,48,7.0,63.020833333333336,11.0,58.016666666666666,6.0,36.449999999999996,111.0,52.66875,98.0,133.225,48.0,96.0,45.375,484.75625
5530,9.0,37,2.0,41.108108108108105,1.0,31.221621621621622,0.0,22.2,18.0,8.175675675675675,12.0,19.467567567567567,53.0,109.45945945945945,4.878378378378378,236.51081081081082
5538,9.0,18,1.0,20.055555555555557,0.0,14.4,0.0,10.799999999999999,11.0,4.6722222222222225,9.0,12.15,23.0,46.69444444444444,0.027777777777777776,108.79999999999998
5546,9.0,27,0.0,27.0,2.0,24.91851851851852,1.0,17.42222222222222,30.0,12.033333333333333,34.0,41.34444444444444,7.0,21.40740740740741,9.796296296296296,153.92222222222225
5547,9.0,27,7.0,42.81481481481482,4.0,28.47407407407408,1.0,17.42222222222222,74.0,37.781481481481485,45.0,57.599999999999994,23.0,46.2962962962963,12.518518518518519,242.9074074074074
5554,9.0,6,0.0,6.0,0.0,4.800000000000001,0.0,3.5999999999999996,3.0,1.35,0.0,1.7999999999999998,5.0,10.083333333333334,0.3333333333333333,27.966666666666665
5558,9.0,38,3.0,44.23684210526316,5.0,38.92631578947368,5.0,29.19473684210526,36.0,14.410526315789475,22.0,28.42105263157895,23.0,48.96052631578947,27.842105263157894,231.9921052631579
5562,9.0,1,0.0,1.0,0.0,0.8,0.0,0.6,0.0,0.1,0.0,0.3,0.0,0.5,0.5,3.8
5563,9.0,60,14.0,91.26666666666667,9.0,63.48,2.0,38.44,92.0,38.50666666666667,101.0,129.605,69.0,138.675,73.63333333333334,573.6066666666667
5565,9.0,86,18.0,125.76744186046511,16.0,96.78139534883722,3.0,55.26279069767442,149.0,64.21511627906976,152.0,197.5953488372093,87.0,174.00581395348837,89.3953488372093,803.0232558139536
5566,9.0,1,0.0,1.0,0.0,0.8,0.0,0.6,0.0,0.1,0.0,0.3,0.0,0.5,18.0,21.3
5567,9.0,35,5.0,45.714285714285715,3.0,33.00571428571429,2.0,23.468571428571426,33.0,13.211428571428574,35.0,42.0,25.0,51.42857142857143,13.728571428571428,222.55714285714285
5569,9.0,56,10.0,77.78571428571429,5.0,53.15714285714286,3.0,37.29642857142857,99.0,42.90178571428572,74.0,90.53571428571428,75.0,153.22321428571428,54.32142857142857,509.2214285714286
5570,9.0,32,2.0,36.125,1.0,27.225,0.0,19.2,24.0,9.8,20.0,25.349999999999998,14.0,33.0625,15.015625,165.778125
5584,9.0,73,17.0,110.95890410958904,17.0,88.76712328767124,5.0,50.00547945205479,176.0,84.93287671232878,162.0,226.95205479452054,54.0,110.47260273972603,12.664383561643836,684.7534246575343
5585,9.0,43,0.0,43.0,5.0,42.865116279069774,2.0,28.25581395348837,20.0,9.230232558139535,13.0,21.87906976744186,32.0,65.40697674418605,2.9767441860465116,213.6139534883721
5586,9.0,46,0.0,46.0,2.0,40.06956521739131,2.0,30.05217391304348,41.0,16.454347826086956,25.0,32.87608695652174,19.0,45.92391304347826,0.6956521739130435,212.07173913043474
5587,9.0,87,11.0,110.39080459770115,14.0,93.80229885057472,12.0,67.59310344827587,143.0,60.80459770114943,120.0,147.7551724137931,161.0,353.4712643678161,24.2816091954023,858.0988505747127
5588,9.0,3,0.0,3.0,0.0,2.4000000000000004,0.0,1.7999999999999998,0.0,0.30000000000000004,0.0,0.8999999999999999,0.0,1.5,6.0,15.9
5599,9.0,85,2.0,89.04705882352941,4.0,74.55058823529411,3.0,54.663529411764706,60.0,24.735294117647058,30.0,46.6764705882353,49.0,105.62352941176471,47.64705882352941,442.9435294117647
5608,9.0,3,1.0,5.333333333333333,2.0,6.666666666666668,0.0,1.7999999999999998,3.0,1.2000000000000002,2.0,2.5,3.0,6.0,6.0,29.5
5609,9.0,2,0.0,2.0,0.0,1.6,0.0,1.2,0.0,0.2,4.0,5.3999999999999995,2.0,4.0,0.25,14.649999999999999
5615,9.0,68,14.0,98.88235294117646,3.0,59.305882352941175,0.0,40.8,73.0,29.236764705882354,88.0,107.36470588235294,38.0,82.61764705882354,9.529411764705882,427.73676470588236
5617,9.0,35,0.0,35.0,2.0,31.291428571428572,0.0,21.0,13.0,6.582857142857143,13.0,19.748571428571427,11.0,30.228571428571428,9.657142857142857,153.5085714285714
5618,9.0,42,0.0,42.0,1.0,35.21904761904762,0.0,25.2,29.0,12.002380952380953,13.0,21.607142857142854,31.0,63.44047619047619,19.047619047619047,218.51666666666665
5620,9.0,6,0.0,6.0,0.0,4.800000000000001,0.0,3.5999999999999996,2.0,1.0666666666666667,1.0,2.4499999999999997,2.0,5.333333333333333,0.3333333333333333,23.583333333333332
5626,9.0,9,0.0,9.0,0.0,7.2,1.0,6.666666666666666,7.0,2.8444444444444446,2.0,4.033333333333333,1.0,5.555555555555555,18.0,53.300000000000004
5636,9.0,32,7.0,47.53125,8.0,40.0,2.0,21.675,21.0,8.778125000000001,46.0,57.0375,7.0,23.765625,16.0,214.7875
5638,9.0,36,4.0,44.44444444444444,11.0,49.088888888888896,2.0,24.066666666666666,63.0,27.225,50.0,61.63333333333333,25.0,51.68055555555556,30.680555555555557,288.8194444444444
5640,9.0,4,0.0,4.0,0.0,3.2,0.0,2.4,3.0,1.225,3.0,3.675,6.0,12.5,0.0,27.0
5643,9.0,42,1.0,44.023809523809526,4.0,40.304761904761904,0.0,25.2,32.0,13.038095238095238,17.0,24.864285714285714,18.0,42.857142857142854,6.2976190476190474,196.58571428571426
5646,9.0,74,20.0,119.4054054054054,24.0,103.82702702702703,23.0,76.28918918918919,98.0,39.97837837837838,158.0,218.2054054054054,68.0,136.24324324324326,132.43243243243242,826.381081081081
5648,9.0,88,4.0,96.18181818181819,4.0,76.94545454545455,2.0,55.22727272727273,89.0,35.601136363636364,59.0,73.66704545454546,94.0,188.20454545454547,46.02272727272727,571.85
5662,9.0,3,0.0,3.0,0.0,2.4000000000000004,0.0,1.7999999999999998,4.0,1.6333333333333333,3.0,3.5999999999999996,0.0,1.5,1.5,15.433333333333334
5663,9.0,7,0.0,7.0,0.0,5.6000000000000005,0.0,4.2,0.0,0.7000000000000001,0.0,2.1,2.0,5.785714285714286,1.7857142857142858,27.17142857142857
5670,9.0,49,7.0,64.0,3.0,44.14693877551021,4.0,34.39591836734694,100.0,45.30816326530612,108.0,150.91224489795917,27.0,58.93877551020408,16.3265306122449,414.0285714285714
5673,9.0,12,0.0,12.0,0.0,9.600000000000001,0.0,7.199999999999999,9.0,3.6750000000000003,5.0,7.225,3.0,9.375,1.5,50.575
5684,9.0,11,2.0,15.363636363636363,0.0,8.8,0.0,6.6,12.0,4.8090909090909095,7.0,8.836363636363636,2.0,7.681818181818182,1.6363636363636365,53.72727272727273
5696,9.0,47,13.0,76.59574468085107,11.0,57.25957446808511,7.0,37.225531914893615,58.0,23.45744680851064,105.0,147.4723404255319,7.0,31.02127659574468,0.1702127659574468,373.20212765957444
5697,9.0,55,3.0,61.163636363636364,5.0,52.36363636363637,3.0,36.698181818181816,48.0,19.289090909090913,44.0,53.459999999999994,57.0,114.03636363636363,5.681818181818182,342.69272727272727
5700,9.0,28,0.0,28.0,0.0,22.400000000000002,2.0,19.28571428571429,4.0,3.657142857142857,8.0,13.885714285714284,29.0,58.017857142857146,12.071428571428571,157.31785714285718
5701,9.0,28,5.0,38.892857142857146,0.0,22.400000000000002,0.0,16.8,66.0,31.557142857142857,66.0,94.67142857142856,6.0,20.642857142857142,28.571428571428573,253.53571428571428
5702,9.0,44,3.0,50.20454545454545,2.0,38.472727272727276,3.0,30.12272727272727,47.0,18.82045454545455,31.0,38.35227272727273,27.0,57.28409090909091,13.136363636363637,246.3931818181818
5705,9.0,11,0.0,11.0,0.0,8.8,1.0,7.8545454545454545,9.0,3.6363636363636367,1.0,3.9272727272727272,4.0,10.227272727272727,0.4090909090909091,45.85454545454545
5711,9.0,48,1.0,50.020833333333336,3.0,43.35,1.0,30.0125,36.0,14.700000000000001,29.0,37.05625,50.0,100.04166666666667,31.510416666666668,306.6916666666667
5714,9.0,14,0.0,14.0,0.0,11.200000000000001,0.0,8.4,23.0,9.77857142857143,2.0,5.485714285714285,3.0,10.321428571428571,7.0,66.18571428571428
5715,9.0,5,1.0,7.2,0.0,4.0,0.0,3.0,2.0,0.9800000000000001,5.0,6.0,2.0,4.9,14.4,40.48
5716,9.0,62,4.0,70.25806451612904,6.0,59.66451612903226,1.0,38.409677419354836,70.0,28.10322580645162,53.0,63.99193548387097,70.0,140.51612903225808,33.03225806451613,433.9758064516129
5718,9.0,71,11.0,94.70422535211267,21.0,95.36901408450706,8.0,52.74084507042253,78.0,31.26901408450704,104.0,129.40140845070422,84.0,169.19014084507043,22.08450704225352,594.7591549295776
5719,9.0,87,20.0,131.5977011494253,27.0,119.50344827586207,14.0,70.35172413793103,169.0,75.3287356321839,203.0,290.0,67.0,136.29885057471265,65.79885057471265,888.8793103448277
5722,9.0,4,0.0,4.0,0.0,3.2,0.0,2.4,9.0,4.2250000000000005,4.0,4.8,4.0,8.0,3.125,29.75
5726,9.0,55,7.0,69.89090909090909,5.0,52.36363636363637,2.0,35.44363636363636,67.0,27.061818181818182,45.0,54.54545454545454,51.0,102.14545454545454,6.1454545454545455,347.5963636363636
5729,9.0,27,0.0,27.0,0.0,21.6,0.0,16.2,9.0,4.800000000000001,1.0,8.71111111111111,12.0,28.166666666666668,0.9074074074074074,107.38518518518518
5730,9.0,40,0.0,40.0,2.0,35.28,0.0,24.0,26.0,10.89,15.0,22.6875,28.0,57.8,1.5125,192.17000000000002
5731,9.0,64,4.0,72.25,20.0,88.2,9.0,49.959375,50.0,20.306250000000002,68.0,81.675,48.0,98.0,15.125,425.515625
5735,9.0,13,6.0,27.76923076923077,1.0,12.061538461538461,1.0,9.046153846153846,8.0,3.3923076923076922,27.0,36.92307692307692,5.0,12.461538461538462,6.5,108.15384615384615
5739,9.0,18,3.0,24.5,0.0,14.4,0.0,10.799999999999999,9.0,4.05,11.0,14.016666666666666,3.0,12.25,0.1111111111111111,80.12777777777777
5743,9.0,2,0.0,2.0,0.0,1.6,0.0,1.2,0.0,0.2,0.0,0.6,0.0,1.0,1.0,7.6
5751,9.0,2,1.0,4.5,0.0,1.6,0.0,1.2,3.0,1.25,8.0,15.0,0.0,1.0,6.25,30.8
5758,9.0,10,0.0,10.0,2.0,11.520000000000001,0.0,6.0,8.0,3.24,13.0,15.87,4.0,9.8,4.05,60.480000000000004
5759,9.0,23,7.0,39.130434782608695,5.0,27.269565217391307,1.0,15.02608695652174,31.0,12.678260869565218,41.0,53.426086956521736,27.0,54.34782608695652,3.130434782608696,205.0086956521739
5760,9.0,43,6.0,55.83720930232558,7.0,46.51162790697674,3.0,29.525581395348837,29.0,12.055813953488373,58.0,71.16976744186046,20.0,46.151162790697676,8.476744186046512,269.72790697674424
5762,9.0,46,4.0,54.34782608695652,3.0,41.75652173913044,2.0,30.05217391304348,77.0,32.88913043478261,72.0,90.80869565217391,14.0,39.130434782608695,6.260869565217392,295.245652173913
5766,9.0,10,0.0,10.0,2.0,11.520000000000001,1.0,7.26,8.0,3.24,4.0,5.88,9.0,18.05,18.05,74.0
5777,9.0,1,0.0,1.0,0.0,0.8,0.0,0.6,0.0,0.1,0.0,0.3,0.0,0.5,0.5,3.8
5781,9.0,18,2.0,22.22222222222222,0.0,14.4,0.0,10.799999999999999,14.0,5.688888888888889,14.0,17.066666666666666,23.0,46.69444444444444,0.1111111111111111,116.98333333333333
5782,9.0,58,13.0,86.91379310344827,19.0,81.77931034482759,3.0,38.49310344827587,90.0,37.76551724137931,111.0,147.72931034482758,21.0,53.80172413793103,44.689655172413794,491.17241379310343
5783,9.0,13,2.0,17.307692307692307,4.0,17.784615384615385,2.0,10.384615384615383,27.0,12.307692307692308,34.0,50.97692307692308,9.0,18.615384615384617,1.3846153846153846,128.76153846153846
5785,9.0,41,7.0,56.19512195121951,1.0,34.41951219512195,2.0,27.05853658536585,22.0,9.68048780487805,32.0,38.99268292682927,21.0,46.8780487804878,16.695121951219512,229.91951219512197
5792,9.0,22,1.0,24.045454545454547,2.0,20.94545454545455,2.0,15.709090909090909,20.0,8.01818181818182,23.0,27.613636363636363,29.0,59.11363636363637,20.454545454545453,175.90000000000003
5797,9.0,58,9.0,77.39655172413794,9.0,61.917241379310354,2.0,37.241379310344826,59.0,23.601724137931036,51.0,61.453448275862065,48.0,96.86206896551724,44.689655172413794,403.1620689655172
5799,9.0,9,1.0,11.11111111111111,0.0,7.2,1.0,6.666666666666666,4.0,1.877777777777778,5.0,6.533333333333333,13.0,26.88888888888889,0.5,60.77777777777777
5804,9.0,50,6.0,62.72,6.0,50.176,4.0,34.992,77.0,32.258,89.0,115.926,72.0,148.84,5.76,450.672
5805,9.0,11,0.0,11.0,0.0,8.8,0.0,6.6,4.0,2.0454545454545454,3.0,5.345454545454545,5.0,11.636363636363637,2.227272727272727,47.65454545454545
5806,9.0,48,4.0,56.333333333333336,6.0,48.6,5.0,35.1125,60.0,24.3,56.0,67.6,49.0,98.01041666666667,7.041666666666667,336.9979166666667
5814,9.0,38,2.0,42.10526315789474,5.0,38.92631578947368,2.0,25.263157894736842,61.0,25.792105263157897,57.0,71.25,33.0,66.32894736842105,41.26315789473684,310.92894736842106
5818,9.0,57,20.0,104.01754385964912,14.0,70.75087719298246,6.0,41.77894736842105,56.0,22.401754385964914,102.0,133.05789473684212,44.0,89.48245614035088,56.14035087719298,517.6298245614036
5821,9.0,46,6.0,58.78260869565217,9.0,52.608695652173914,4.0,32.608695652173914,61.0,24.88913043478261,74.0,93.91304347826086,28.0,59.52173913043478,18.27173913043478,340.595652173913
5831,9.0,55,10.0,76.81818181818181,11.0,63.36000000000001,5.0,39.27272727272727,80.0,33.13636363636364,69.0,83.8690909090909,22.0,53.9,108.00909090909092,458.36545454545455
5832,9.0,9,6.0,25.0,2.0,10.755555555555556,1.0,6.666666666666666,24.0,12.100000000000001,29.0,48.13333333333333,1.0,5.555555555555555,18.0,126.21111111111112
5871,9.0,1,1.0,4.0,0.0,0.8,0.0,0.6,1.0,0.4,3.0,4.8,0.0,0.5,0.5,11.6
5873,9.0,18,2.0,22.22222222222222,7.0,27.77777777777778,5.0,17.633333333333333,37.0,16.805555555555554,39.0,54.15,33.0,72.25,20.25,231.08888888888887
5883,9.0,28,6.0,41.285714285714285,3.0,27.457142857142856,3.0,20.59285714285714,48.0,20.62857142857143,59.0,81.09642857142856,21.0,42.875,46.44642857142857,280.3821428571428
6028,9.0,3,0.0,3.0,0.0,2.4000000000000004,0.0,1.7999999999999998,2.0,0.8333333333333335,4.0,4.8999999999999995,3.0,6.0,6.0,24.933333333333334
6049,9.0,6,4.0,16.666666666666668,2.0,8.533333333333333,0.0,3.5999999999999996,6.0,2.4000000000000004,16.0,24.2,7.0,14.083333333333334,10.083333333333334,79.56666666666666
6056,9.0,61,19.0,104.91803278688525,13.0,71.81639344262295,6.0,44.15409836065574,101.0,43.02295081967213,124.0,168.31967213114754,61.0,122.0,9.475409836065573,563.7065573770491
6057,9.0,54,18.0,96.0,24.0,90.13333333333334,9.0,44.1,74.0,30.340740740740742,84.0,105.8,26.0,59.25925925925926,41.56481481481482,467.19814814814816
6069,9.0,10,1.0,12.1,5.0,18.0,1.0,7.26,26.0,12.96,35.0,60.75,11.0,22.05,1.8,134.92000000000002
6071,9.0,29,5.0,39.86206896551724,2.0,26.51034482758621,1.0,18.620689655172413,24.0,9.686206896551724,27.0,32.44137931034483,29.0,58.0,17.655172413793103,202.77586206896552
6078,9.0,8,1.0,10.125,0.0,6.4,1.0,6.075,15.0,6.612500000000001,8.0,9.6,2.0,6.25,1.5625,46.625
6088,9.0,12,0.0,12.0,0.0,9.600000000000001,0.0,7.199999999999999,8.0,3.333333333333334,7.0,9.024999999999999,5.0,12.041666666666666,0.0,53.199999999999996
6089,9.0,39,4.0,47.41025641025641,0.0,31.200000000000003,0.0,23.4,29.0,11.856410256410257,35.0,42.12307692307692,48.0,97.03846153846153,1.0384615384615385,254.06666666666666
6090,9.0,12,3.0,18.75,3.0,15.0,1.0,8.45,16.0,6.533333333333333,9.0,11.025,3.0,9.375,16.666666666666668,85.8
6093,9.0,13,7.0,30.76923076923077,1.0,12.061538461538461,1.0,9.046153846153846,40.0,21.607692307692307,54.0,103.5923076923077,8.0,16.96153846153846,7.538461538461538,201.5769230769231
6122,9.0,43,20.0,92.30232558139535,13.0,58.34418604651163,5.0,32.14883720930233,56.0,22.793023255813953,135.0,221.05116279069767,12.0,35.174418604651166,33.906976744186046,495.72093023255815
6123,9.0,32,15.0,69.03125,7.0,38.025,3.0,22.96875,114.0,66.6125,91.0,141.834375,35.0,70.140625,66.015625,474.62812499999995
6124,9.0,41,2.0,45.09756097560975,8.0,46.84878048780488,2.0,27.05853658536585,41.0,16.400000000000002,56.0,68.84634146341463,22.0,48.40243902439025,29.28048780487805,281.9341463414634
6202,9.0,67,6.0,79.53731343283582,17.0,84.25074626865671,10.0,53.0955223880597,82.0,33.135820895522386,83.0,100.74626865671642,37.0,80.71641791044776,50.17910447761194,481.6611940298507
6205,9.0,54,8.0,71.18518518518519,6.0,53.33333333333334,3.0,36.099999999999994,89.0,37.86851851851852,99.0,130.04999999999998,59.0,118.23148148148148,2.675925925925926,449.44444444444446
6208,9.0,48,3.0,54.1875,2.0,41.66666666666667,2.0,31.25,48.0,19.200000000000003,41.0,49.50625,40.0,80.66666666666667,29.260416666666668,305.7375
6209,9.0,40,7.0,55.225,8.0,46.080000000000005,3.0,27.735,105.0,52.5625,89.0,124.80749999999999,46.0,92.45,28.8,427.66
6214,9.0,22,1.0,24.045454545454547,2.0,20.94545454545455,0.0,13.2,17.0,6.913636363636364,20.0,24.054545454545455,25.0,50.20454545454545,0.20454545454545456,139.56818181818184
6215,9.0,4,0.0,4.0,1.0,5.0,0.0,2.4,1.0,0.625,1.0,1.875,1.0,3.125,0.125,17.15
6244,9.0,37,1.0,39.027027027027025,4.0,36.34594594594595,1.0,23.416216216216213,17.0,7.881081081081081,10.0,17.91081081081081,46.0,93.0945945945946,7.148648648648648,224.82432432432432
6246,9.0,76,10.0,97.3157894736842,9.0,76.05263157894737,2.0,48.03157894736842,164.0,75.78947368421053,160.0,219.85263157894738,128.0,273.7894736842105,102.79605263157895,893.6276315789473
6252,9.0,43,10.0,65.32558139534883,12.0,56.27906976744187,3.0,29.525581395348837,67.0,28.139534883720934,61.0,75.46046511627907,26.0,55.36046511627907,58.616279069767444,368.706976744186
6254,9.0,20,1.0,22.05,1.0,17.64,2.0,14.52,49.0,23.805000000000003,37.0,48.73499999999999,21.0,42.025,13.225,182.0
6262,9.0,35,5.0,45.714285714285715,8.0,42.26285714285714,4.0,26.07428571428571,44.0,17.83142857142857,47.0,57.63428571428572,27.0,54.91428571428571,38.628571428571426,283.06
6272,9.0,76,13.0,104.22368421052632,13.0,83.37894736842105,3.0,49.27105263157895,101.0,41.222368421052636,116.0,145.5157894736842,27.0,69.79605263157895,13.921052631578947,507.32894736842104
6274,9.0,28,0.0,28.0,2.0,25.71428571428572,0.0,16.8,17.0,7.232142857142858,11.0,16.29642857142857,38.0,77.78571428571429,0.07142857142857142,171.9
6279,9.0,23,3.0,29.391304347826086,1.0,20.034782608695654,1.0,15.02608695652174,9.0,4.452173913043478,10.0,14.204347826086957,23.0,46.0,0.08695652173913043,129.19565217391306
6281,9.0,77,7.0,91.63636363636364,17.0,91.80259740259741,8.0,56.298701298701296,124.0,52.46883116883117,100.0,122.06103896103895,106.0,217.46103896103895,1.0974025974025974,632.825974025974
6284,9.0,21,0.0,21.0,0.0,16.8,0.0,12.6,3.0,2.742857142857143,6.0,10.414285714285715,15.0,30.857142857142858,1.1666666666666667,95.58095238095238
6287,9.0,79,21.0,126.58227848101266,20.0,99.25063291139242,12.0,62.893670886075945,178.0,83.60632911392406,139.0,180.47088607594935,63.0,127.62025316455696,95.75316455696202,776.1772151898734
6299,9.0,56,0.0,56.0,6.0,54.91428571428571,2.0,36.04285714285714,41.0,16.801785714285714,32.0,41.48571428571428,39.0,80.58035714285714,11.571428571428571,297.3964285714285
6300,9.0,19,4.0,27.842105263157894,4.0,22.273684210526316,5.0,18.189473684210526,41.0,18.947368421052634,42.0,58.752631578947366,19.0,38.0,5.157894736842105,189.16315789473683
6305,9.0,58,6.0,70.62068965517241,5.0,54.744827586206895,1.0,36.0103448275862,74.0,30.041379310344826,62.0,74.48275862068965,43.0,87.9396551724138,32.077586206896555,385.9172413793103
6308,9.0,37,2.0,41.108108108108105,4.0,36.34594594594595,2.0,24.664864864864864,41.0,16.44324324324324,27.0,33.21081081081081,35.0,70.05405405405405,9.85135135135135,231.6783783783784
6309,9.0,2,1.0,4.5,1.0,3.6,0.0,1.2,2.0,0.8,1.0,1.3499999999999999,2.0,4.0,2.25,17.7
6312,9.0,53,3.0,59.16981132075472,10.0,59.90943396226416,1.0,33.01132075471698,73.0,29.95471698113208,38.0,46.87358490566037,26.0,58.87735849056604,44.91509433962264,332.711320754717
6317,9.0,70,5.0,80.35714285714286,9.0,71.32571428571428,4.0,46.93714285714285,79.0,31.715714285714284,44.0,55.69714285714285,74.0,148.11428571428573,65.82857142857142,499.9757142857143
6328,9.0,19,1.0,21.05263157894737,4.0,22.273684210526316,1.0,12.631578947368421,30.0,12.636842105263158,16.0,19.342105263157894,26.0,53.28947368421053,0.02631578947368421,141.25263157894736
6331,9.0,5,0.0,5.0,0.0,4.0,1.0,4.32,5.0,2.0,5.0,6.0,4.0,8.1,10.0,39.42
6333,9.0,4,1.0,6.25,2.0,7.2,0.0,2.4,1.0,0.625,5.0,6.075,3.0,6.125,2.0,30.675
6402,9.0,2,0.0,2.0,1.0,3.6,0.0,1.2,0.0,0.2,0.0,0.6,0.0,1.0,1.0,9.6
6403,9.0,5,0.0,5.0,0.0,4.0,0.0,3.0,2.0,0.9800000000000001,1.0,2.16,7.0,14.4,12.1,41.64
6404,9.0,4,2.0,9.0,1.0,5.0,0.0,2.4,6.0,2.5,11.0,16.875,1.0,3.125,3.125,42.025
6423,9.0,66,28.0,133.87878787878788,19.0,87.57575757575758,3.0,43.28181818181818,128.0,57.02424242424243,165.0,242.54999999999998,48.0,98.45454545454545,65.52272727272727,728.2878787878788
6424,9.0,7,1.0,9.142857142857142,0.0,5.6000000000000005,2.0,6.942857142857142,15.0,6.914285714285715,12.0,15.47142857142857,10.0,20.642857142857142,4.571428571428571,69.28571428571428
6432,9.0,14,2.0,18.285714285714285,2.0,14.628571428571428,0.0,8.4,22.0,9.257142857142858,19.0,23.335714285714285,9.0,18.892857142857142,7.0,99.8
6434,9.0,1,0.0,1.0,1.0,3.2,0.0,0.6,0.0,0.1,0.0,0.3,0.0,0.5,0.5,6.199999999999999
6439,9.0,2,0.0,2.0,0.0,1.6,0.0,1.2,0.0,0.2,0.0,0.6,0.0,1.0,1.0,7.6
6442,9.0,6,1.0,8.166666666666666,0.0,4.800000000000001,0.0,3.5999999999999996,5.0,2.016666666666667,5.0,6.05,1.0,4.083333333333333,0.3333333333333333,29.049999999999997
6443,9.0,3,0.0,3.0,0.0,2.4000000000000004,0.0,1.7999999999999998,2.0,0.8333333333333335,0.0,0.8999999999999999,3.0,6.0,0.6666666666666666,15.6
6457,9.0,8,0.0,8.0,0.0,6.4,0.0,4.8,3.0,1.5125000000000002,3.0,4.5375,0.0,4.0,1.0,30.25
6483,9.0,2,0.0,2.0,2.0,6.4,0.0,1.2,1.0,0.45,5.0,7.35,0.0,1.0,6.25,24.65
6509,9.0,2,0.0,2.0,0.0,1.6,0.0,1.2,0.0,0.2,1.0,1.3499999999999999,1.0,2.25,9.0,17.6
6518,9.0,71,7.0,85.69014084507042,7.0,68.55211267605634,2.0,45.03380281690141,82.0,32.97042253521127,73.0,87.6169014084507,34.0,77.64084507042253,29.753521126760564,427.2577464788733
6519,9.0,39,5.0,49.64102564102564,12.0,53.353846153846156,2.0,25.861538461538462,39.0,15.600000000000001,69.0,89.72307692307693,32.0,64.62820512820512,13.961538461538462,312.7692307692308
6523,9.0,19,2.0,23.210526315789473,4.0,22.273684210526316,3.0,15.284210526315789,24.0,9.73157894736842,40.0,54.963157894736845,13.0,26.94736842105263,46.421052631578945,198.83157894736843
6524,9.0,30,3.0,36.3,4.0,30.826666666666668,1.0,19.22,28.0,11.213333333333335,37.0,44.88999999999999,11.0,28.016666666666666,6.016666666666667,176.48333333333332
6535,9.0,41,6.0,53.8780487804878,8.0,46.84878048780488,3.0,28.33170731707317,59.0,24.390243902439025,62.0,77.62682926829268,28.0,58.0609756097561,24.695121951219512,313.83170731707315
6555,9.0,17,2.0,21.235294117647058,2.0,16.988235294117647,2.0,12.741176470588234,10.0,4.288235294117647,15.0,18.070588235294117,8.0,18.38235294117647,0.029411764705882353,91.73529411764704
6556,9.0,29,1.0,31.03448275862069,4.0,30.041379310344826,2.0,19.882758620689657,20.0,8.279310344827586,31.0,37.241379310344826,15.0,33.37931034482759,41.39655172413793,201.2551724137931
6569,9.0,59,17.0,97.89830508474576,19.0,82.4949152542373,4.0,40.362711864406776,63.0,25.2271186440678,110.0,145.22542372881355,39.0,81.38983050847457,24.71186440677966,497.3101694915254
6584,9.0,1,0.0,1.0,0.0,0.8,0.0,0.6,1.0,0.4,1.0,1.2,0.0,0.5,2.0,6.5
6585,9.0,96,29.0,162.76041666666666,22.0,116.03333333333333,6.0,65.02499999999999,149.0,62.526041666666664,213.0,298.378125,38.0,93.52083333333333,68.88020833333333,867.1239583333333
6586,9.0,30,1.0,32.03333333333333,1.0,25.626666666666665,0.0,18.0,27.0,10.83,17.0,22.09,18.0,38.4,3.75,150.73
6587,9.0,15,0.0,15.0,0.0,12.0,0.0,9.0,5.0,2.666666666666667,2.0,5.779999999999999,4.0,12.033333333333333,3.3333333333333335,59.81333333333333
6589,9.0,55,1.0,57.018181818181816,1.0,45.61454545454546,0.0,33.0,16.0,9.165454545454546,32.0,41.28545454545455,21.0,52.50909090909091,0.03636363636363636,238.62909090909088
6595,9.0,36,0.0,36.0,2.0,32.088888888888896,0.0,21.599999999999998,20.0,8.711111111111112,8.0,16.133333333333333,8.0,26.88888888888889,2.3472222222222223,143.76944444444445
6597,9.0,12,0.0,12.0,0.0,9.600000000000001,0.0,7.199999999999999,1.0,1.4083333333333334,2.0,4.8999999999999995,2.0,8.166666666666666,6.0,49.275
6602,9.0,91,7.0,105.53846153846153,14.0,96.92307692307693,11.0,68.5978021978022,155.0,66.5010989010989,100.0,120.26703296703296,127.0,261.1208791208791,62.90659340659341,781.854945054945
6603,9.0,7,0.0,7.0,0.0,5.6000000000000005,1.0,5.485714285714285,9.0,3.657142857142857,8.0,9.642857142857144,6.0,12.071428571428571,8.642857142857142,52.099999999999994
6604,9.0,7,3.0,14.285714285714286,3.0,11.42857142857143,1.0,5.485714285714285,10.0,4.128571428571429,12.0,15.47142857142857,2.0,5.785714285714286,10.285714285714286,66.87142857142857
6606,9.0,45,25.0,108.88888888888889,6.0,46.24,4.0,32.01333333333333,67.0,27.875555555555554,124.0,190.40666666666667,12.0,36.1,36.1,477.6244444444445
6607,9.0,3,0.0,3.0,0.0,2.4000000000000004,0.0,1.7999999999999998,1.0,0.5333333333333333,0.0,0.8999999999999999,0.0,1.5,4.166666666666667,14.3
6608,9.0,42,2.0,46.095238095238095,0.0,33.6,1.0,26.414285714285715,7.0,5.716666666666667,15.0,23.20714285714286,11.0,33.44047619047619,18.107142857142858,186.58095238095237
6613,9.0,19,4.0,27.842105263157894,2.0,18.568421052631578,1.0,12.631578947368421,29.0,12.126315789473685,22.0,26.542105263157893,6.0,16.44736842105263,13.921052631578947,128.07894736842104
6619,9.0,26,0.0,26.0,1.0,22.430769230769233,0.0,15.6,21.0,8.496153846153847,24.0,28.846153846153847,4.0,17.307692307692307,2.769230769230769,121.45
6626,9.0,14,1.0,16.071428571428573,2.0,14.628571428571428,0.0,8.4,8.0,3.4571428571428573,9.0,11.335714285714285,15.0,30.035714285714285,0.03571428571428571,83.96428571428571
6627,9.0,1,0.0,1.0,0.0,0.8,0.0,0.6,0.0,0.1,1.0,1.2,0.0,0.5,2.0,6.2
6639,9.0,4,0.0,4.0,0.0,3.2,0.0,2.4,0.0,0.4,0.0,1.2,6.0,12.5,1.125,24.825
6661,9.0,24,2.0,28.166666666666668,0.0,19.200000000000003,2.0,16.9,28.0,11.266666666666667,19.0,23.1125,8.0,21.333333333333332,12.0,131.97916666666669
6665,9.0,68,48.0,197.88235294117646,25.0,101.75294117647059,5.0,47.02058823529412,219.0,121.13088235294117,316.0,650.5411764705882,20.0,56.94117647058823,102.38235294117646,1277.6514705882355
6686,9.0,22,3.0,28.40909090909091,4.0,24.581818181818182,2.0,15.709090909090909,46.0,21.01818181818182,47.0,64.92272727272727,22.0,44.0,14.204545454545455,212.84545454545454
6709,9.0,19,1.0,21.05263157894737,3.0,20.378947368421052,3.0,15.284210526315789,21.0,8.421052631578949,25.0,30.568421052631578,10.0,22.13157894736842,4.447368421052632,122.28421052631579
6719,9.0,20,6.0,33.8,3.0,21.16,0.0,12.0,38.0,16.82,42.0,57.66,19.0,38.025,6.4,185.865
6739,9.0,5,0.0,5.0,0.0,4.0,0.0,3.0,1.0,0.7200000000000001,1.0,2.16,1.0,3.6,2.5,20.98
6744,9.0,8,3.0,15.125,1.0,8.1,2.0,7.5,20.0,9.8,22.0,33.75,2.0,6.25,6.25,86.775
6765,9.0,3,0.0,3.0,0.0,2.4000000000000004,0.0,1.7999999999999998,0.0,0.30000000000000004,0.0,0.8999999999999999,0.0,1.5,1.5,11.4
6792,9.0,6,0.0,6.0,1.0,6.533333333333333,0.0,3.5999999999999996,3.0,1.35,6.0,7.199999999999999,4.0,8.333333333333334,6.75,39.766666666666666
6794,9.0,7,2.0,11.571428571428571,2.0,9.257142857142858,0.0,4.2,9.0,3.657142857142857,7.0,8.4,6.0,12.071428571428571,0.6428571428571429,49.800000000000004
6830,9.0,13,1.0,15.076923076923077,0.0,10.4,1.0,9.046153846153846,11.0,4.430769230769231,7.0,9.23076923076923,11.0,22.153846153846153,0.9615384615384616,71.3
6878,9.0,24,2.0,28.166666666666668,0.0,19.200000000000003,1.0,15.625,45.0,19.837500000000002,45.0,59.512499999999996,16.0,33.333333333333336,1.3333333333333333,177.00833333333335
6879,9.0,16,1.0,18.0625,4.0,20.0,0.0,9.6,9.0,3.90625,18.0,21.675,1.0,9.03125,4.5,86.775
6889,9.0,59,3.0,65.15254237288136,9.0,62.69830508474577,2.0,37.840677966101694,57.0,22.80677966101695,37.0,46.86101694915254,29.0,65.62711864406779,16.406779661016948,317.3932203389831
6896,9.0,62,10.0,83.61290322580645,11.0,68.76129032258065,3.0,40.887096774193544,183.0,96.81451612903226,131.0,180.23709677419353,79.0,160.33064516129033,5.879032258064516,636.5225806451613
6897,9.0,13,2.0,17.307692307692307,2.0,13.846153846153847,1.0,9.046153846153846,34.0,16.992307692307694,20.0,25.130769230769232,11.0,22.153846153846153,1.8846153846153846,106.36153846153846
6900,9.0,14,5.0,25.785714285714285,3.0,16.514285714285716,0.0,8.4,16.0,6.42857142857143,29.0,39.621428571428574,3.0,10.321428571428571,0.5714285714285714,107.64285714285714
6904,9.0,77,2.0,81.05194805194805,6.0,71.57402597402597,5.0,52.394805194805194,42.0,18.39090909090909,35.0,48.87272727272727,102.0,208.05844155844156,50.285714285714285,530.6285714285715
6909,9.0,3,0.0,3.0,0.0,2.4000000000000004,0.0,1.7999999999999998,0.0,0.30000000000000004,0.0,0.8999999999999999,0.0,1.5,2.6666666666666665,12.566666666666666
6911,9.0,35,10.0,57.857142857142854,2.0,31.291428571428572,1.0,22.217142857142857,50.0,20.642857142857142,55.0,69.42857142857142,33.0,66.05714285714286,24.014285714285716,291.50857142857143
6915,9.0,46,4.0,54.34782608695652,0.0,36.800000000000004,1.0,28.813043478260866,16.0,8.356521739130434,13.0,22.702173913043477,30.0,62.78260869565217,0.010869565217391304,213.81304347826088
6925,9.0,15,0.0,15.0,1.0,13.653333333333334,1.0,10.24,11.0,4.506666666666667,16.0,19.22,5.0,13.333333333333334,0.5333333333333333,76.48666666666666
6926,9.0,50,1.0,52.02,3.0,44.944,0.0,30.0,27.0,11.858,23.0,31.973999999999997,54.0,108.16,12.25,291.206
6927,9.0,1,0.0,1.0,0.0,0.8,0.0,0.6,2.0,0.9,0.0,0.3,0.0,0.5,0.0,4.1
6928,9.0,5,0.0,5.0,0.0,4.0,0.0,3.0,4.0,1.62,1.0,2.16,0.0,2.5,2.5,20.78
6929,9.0,2,0.0,2.0,0.0,1.6,0.0,1.2,2.0,0.8,1.0,1.3499999999999999,0.0,1.0,4.0,11.95
6930,9.0,46,1.0,48.02173913043478,6.0,47.02608695652174,3.0,31.317391304347826,30.0,12.556521739130435,28.0,35.713043478260865,47.0,94.01086956521739,5.75,274.39565217391305
6931,9.0,1,0.0,1.0,0.0,0.8,0.0,0.6,1.0,0.4,1.0,1.2,2.0,4.5,0.5,9.0
6941,9.0,36,4.0,44.44444444444444,14.0,55.55555555555556,2.0,24.066666666666666,76.0,34.84444444444445,51.0,63.074999999999996,13.0,33.34722222222222,58.68055555555556,314.01388888888886
6945,9.0,54,8.0,71.18518518518519,23.0,87.83703703703704,6.0,40.0,55.0,22.001851851851853,79.0,98.27222222222223,7.0,34.4537037037037,31.14814814814815,384.89814814814815
6946,9.0,33,0.0,33.0,4.0,33.18787878787879,0.0,19.8,12.0,6.136363636363637,8.0,15.281818181818181,19.0,40.96969696969697,3.409090909090909,151.78484848484848
6947,9.0,30,0.0,30.0,1.0,25.626666666666665,1.0,19.22,10.0,5.333333333333334,5.0,12.25,11.0,28.016666666666666,0.6,121.04666666666665
6948,9.0,29,1.0,31.03448275862069,3.0,28.248275862068965,1.0,18.620689655172413,17.0,7.296551724137932,20.0,24.837931034482757,25.0,50.275862068965516,2.086206896551724,162.4
6958,9.0,83,0.0,83.0,10.0,83.36385542168675,3.0,53.46506024096386,49.0,20.99277108433735,41.0,55.57590361445783,55.0,114.72289156626506,53.2289156626506,464.34939759036143
6963,9.0,10,0.0,10.0,1.0,9.68,0.0,6.0,4.0,1.9600000000000002,2.0,4.32,1.0,6.05,1.8,39.809999999999995
6965,9.0,14,0.0,14.0,1.0,12.85714285714286,0.0,8.4,6.0,2.8571428571428577,7.0,9.45,9.0,18.892857142857142,3.5714285714285716,70.02857142857142
6966,9.0,14,1.0,16.071428571428573,0.0,11.200000000000001,1.0,9.642857142857144,4.0,2.3142857142857145,5.0,7.735714285714285,6.0,14.285714285714286,2.2857142857142856,63.53571428571429
6975,9.0,51,2.0,55.07843137254902,8.0,54.60392156862745,5.0,36.89411764705882,60.0,24.158823529411766,64.0,77.79411764705883,55.0,110.15686274509804,10.676470588235293,369.36274509803917
6978,9.0,27,0.0,27.0,2.0,24.91851851851852,1.0,17.42222222222222,34.0,13.781481481481482,19.0,23.51111111111111,44.0,93.35185185185185,20.166666666666668,220.15185185185183
6982,9.0,68,23.0,121.77941176470588,35.0,124.81176470588235,11.0,55.06764705882353,146.0,67.34705882352942,190.0,293.6647058823529,47.0,97.24264705882354,161.05882352941177,920.9720588235296
6983,9.0,24,2.0,28.166666666666668,4.0,26.133333333333333,2.0,16.9,39.0,16.5375,33.0,40.6125,14.0,30.083333333333332,36.75,195.1833333333333
6985,9.0,14,1.0,16.071428571428573,1.0,12.85714285714286,0.0,8.4,9.0,3.7785714285714285,20.0,24.77142857142857,5.0,12.892857142857142,7.0,85.77142857142857
6996,9.0,22,0.0,22.0,1.0,19.236363636363638,1.0,14.427272727272728,11.0,4.95,6.0,10.69090909090909,4.0,15.363636363636363,10.022727272727273,96.69090909090909
7001,9.0,1,0.0,1.0,0.0,0.8,0.0,0.6,0.0,0.1,1.0,1.2,1.0,2.0,18.0,23.7
7002,9.0,47,0.0,47.0,1.0,39.217021276595744,0.0,28.2,19.0,9.26808510638298,22.0,30.38936170212766,25.0,55.148936170212764,26.595744680851062,235.81914893617022
7004,9.0,17,0.0,17.0,1.0,15.247058823529413,0.0,10.2,6.0,3.111764705882353,8.0,11.029411764705882,2.0,10.617647058823529,4.970588235294118,72.1764705882353
7006,9.0,41,1.0,43.02439024390244,2.0,36.078048780487805,3.0,28.33170731707317,17.0,8.204878048780488,15.0,22.946341463414633,18.0,42.451219512195124,8.890243902439025,189.92682926829264
7012,9.0,1,0.0,1.0,0.0,0.8,0.0,0.6,0.0,0.1,1.0,1.2,0.0,0.5,0.5,4.7
7013,9.0,35,0.0,35.0,3.0,33.00571428571429,2.0,23.468571428571426,8.0,5.282857142857143,20.0,25.928571428571427,10.0,28.928571428571427,0.014285714285714285,151.6285714285714
7015,9.0,19,0.0,19.0,3.0,20.378947368421052,0.0,11.4,16.0,6.447368421052632,10.0,13.278947368421052,3.0,12.736842105263158,7.605263157894737,90.84736842105264
7016,9.0,11,0.0,11.0,3.0,14.254545454545454,0.0,6.6,10.0,4.00909090909091,3.0,5.345454545454545,3.0,8.909090909090908,3.6818181818181817,53.79999999999999
7018,9.0,5,0.0,5.0,1.0,5.760000000000001,0.0,3.0,0.0,0.5,1.0,2.16,3.0,6.4,2.5,25.32
7022,9.0,45,0.0,45.0,6.0,46.24,4.0,32.01333333333333,45.0,18.0,32.0,39.526666666666664,38.0,76.54444444444445,21.511111111111113,278.8355555555556
7028,9.0,19,1.0,21.05263157894737,2.0,18.568421052631578,2.0,13.926315789473684,13.0,5.389473684210526,10.0,13.278947368421052,11.0,23.68421052631579,11.605263157894736,107.50526315789475
7032,9.0,38,3.0,44.23684210526316,2.0,33.684210526315795,2.0,25.263157894736842,29.0,11.813157894736843,24.0,30.347368421052632,9.0,29.06578947368421,42.75,217.1605263157895
7034,9.0,19,0.0,19.0,1.0,16.842105263157897,1.0,12.631578947368421,16.0,6.447368421052632,13.0,16.168421052631576,6.0,16.44736842105263,20.63157894736842,108.16842105263157
7035,9.0,14,0.0,14.0,0.0,11.200000000000001,0.0,8.4,18.0,7.314285714285714,11.0,13.392857142857144,4.0,11.571428571428571,0.32142857142857145,66.2
7040,9.0,15,0.0,15.0,0.0,12.0,2.0,11.559999999999999,6.0,2.94,3.0,6.48,5.0,13.333333333333334,1.2,62.51333333333334
7042,9.0,4,0.0,4.0,1.0,5.0,0.0,2.4,0.0,0.4,4.0,4.8,1.0,3.125,1.125,20.85
7046,9.0,10,1.0,12.1,0.0,8.0,0.0,6.0,10.0,4.0,16.0,20.279999999999998,3.0,8.45,0.45,59.28
7048,9.0,49,0.0,49.0,1.0,40.81632653061225,1.0,30.612244897959183,48.0,19.20204081632653,18.0,27.483673469387757,22.0,51.43877551020408,35.52040816326531,254.0734693877551
7054,9.0,29,4.0,37.55172413793103,2.0,26.51034482758621,2.0,19.882758620689657,44.0,18.375862068965517,57.0,76.51034482758621,18.0,38.08620689655172,19.93103448275862,236.848275862069
7055,9.0,58,5.0,68.43103448275862,7.0,58.275862068965516,1.0,36.0103448275862,76.0,30.958620689655177,45.0,54.87413793103448,54.0,108.13793103448276,45.939655172413794,402.6275862068965
7058,9.0,59,2.0,63.067796610169495,7.0,59.06440677966103,3.0,39.09152542372881,71.0,28.644067796610173,35.0,44.92881355932203,30.0,67.12711864406779,51.559322033898304,353.4830508474576
7062,9.0,42,4.0,50.38095238095238,2.0,36.87619047619048,1.0,26.414285714285715,24.0,10.371428571428572,50.0,60.457142857142856,8.0,29.761904761904763,16.297619047619047,230.5595238095238
7077,9.0,10,0.0,10.0,2.0,11.520000000000001,1.0,7.26,12.0,4.84,2.0,4.32,3.0,8.45,8.45,54.84
7079,9.0,34,5.0,44.73529411764706,8.0,41.50588235294118,4.0,25.48235294117647,61.0,26.544117647058826,72.0,99.14117647058823,20.0,42.88235294117647,25.941176470588236,306.2323529411765
7086,9.0,25,0.0,25.0,3.0,25.088,0.0,15.0,14.0,6.0840000000000005,5.0,10.799999999999999,14.0,30.42,23.12,135.512
7087,9.0,5,0.0,5.0,0.0,4.0,0.0,3.0,1.0,0.7200000000000001,1.0,2.16,2.0,4.9,4.9,24.68
7094,9.0,37,2.0,41.108108108108105,4.0,36.34594594594595,2.0,24.664864864864864,40.0,16.024324324324326,23.0,29.189189189189186,34.0,68.12162162162163,23.83783783783784,239.29189189189188
7108,9.0,38,1.0,40.026315789473685,2.0,33.684210526315795,3.0,26.542105263157893,34.0,13.642105263157896,26.0,32.33684210526315,43.0,86.32894736842105,3.8026315789473686,236.36315789473687
7111,9.0,67,12.0,93.14925373134328,11.0,72.64477611940298,2.0,42.635820895522386,137.0,62.113432835820895,114.0,146.69104477611938,73.0,146.26865671641792,67.35074626865672,630.8537313432836
7117,9.0,55,5.0,65.45454545454545,2.0,47.25818181818182,2.0,35.44363636363636,67.0,27.061818181818182,38.0,47.17636363636363,28.0,62.627272727272725,5.236363636363636,290.2581818181818
7122,9.0,2,0.0,2.0,0.0,1.6,0.0,1.2,1.0,0.45,1.0,1.3499999999999999,0.0,1.0,0.0,7.6
7126,9.0,15,6.0,29.4,2.0,15.413333333333334,0.0,9.0,13.0,5.226666666666667,28.0,36.98,0.0,7.5,1.2,104.72
7127,9.0,3,0.0,3.0,1.0,4.266666666666667,0.0,1.7999999999999998,1.0,0.5333333333333333,1.0,1.5999999999999999,0.0,1.5,10.666666666666666,23.366666666666667
7132,9.0,42,11.0,66.88095238095238,13.0,57.61904761904762,1.0,26.414285714285715,112.0,56.46666666666667,113.0,171.60714285714286,40.0,80.04761904761905,15.428571428571429,474.4642857142857
7134,9.0,38,4.0,46.421052631578945,4.0,37.136842105263156,1.0,24.01578947368421,56.0,23.25263157894737,43.0,51.79736842105263,15.0,36.96052631578947,10.31578947368421,229.9
7136,9.0,62,6.0,74.58064516129032,12.0,70.65806451612904,1.0,38.409677419354836,132.0,60.70322580645161,89.0,110.32741935483871,86.0,176.6451612903226,38.395161290322584,569.7193548387097
7137,9.0,24,1.0,26.041666666666668,4.0,26.133333333333333,0.0,14.399999999999999,20.0,8.066666666666668,23.0,27.6125,11.0,25.520833333333332,8.333333333333334,136.10833333333332
7141,9.0,33,1.0,35.03030303030303,3.0,31.41818181818182,0.0,19.8,13.0,6.412121212121213,19.0,24.581818181818182,17.0,37.878787878787875,10.242424242424242,165.36363636363637
7143,9.0,5,0.0,5.0,0.0,4.0,0.0,3.0,1.0,0.7200000000000001,4.0,4.859999999999999,0.0,2.5,3.6,23.68
7148,9.0,3,0.0,3.0,1.0,4.266666666666667,1.0,3.1999999999999997,3.0,1.2000000000000002,6.0,8.1,11.0,32.666666666666664,2.6666666666666665,55.099999999999994
7150,9.0,2,0.0,2.0,0.0,1.6,0.0,1.2,2.0,0.8,1.0,1.3499999999999999,1.0,2.25,0.25,9.45
7151,9.0,18,3.0,24.5,2.0,17.77777777777778,0.0,10.799999999999999,21.0,8.450000000000001,25.0,30.816666666666666,17.0,34.02777777777778,1.3611111111111112,127.73333333333335
7154,9.0,47,20.0,95.51063829787235,26.0,90.70638297872341,16.0,50.668085106382975,171.0,101.11489361702128,211.0,424.87659574468086,17.0,43.57446808510638,82.38297872340425,888.8340425531914
7162,9.0,5,0.0,5.0,0.0,4.0,0.0,3.0,3.0,1.2800000000000002,1.0,2.16,0.0,2.5,1.6,19.540000000000003
7163,9.0,44,2.0,48.09090909090909,4.0,41.8909090909091,1.0,27.613636363636363,44.0,17.6,49.0,58.970454545454544,16.0,40.90909090909091,13.920454545454545,248.99545454545455
7168,9.0,8,0.0,8.0,0.0,6.4,0.0,4.8,3.0,1.5125000000000002,5.0,6.3374999999999995,3.0,7.5625,1.0,35.6125
7170,9.0,31,0.0,31.0,2.0,28.10322580645162,0.0,18.599999999999998,13.0,6.2451612903225815,20.0,25.170967741935485,12.0,29.822580645161292,4.129032258064516,143.07096774193548
7172,9.0,10,0.0,10.0,0.0,8.0,0.0,6.0,1.0,1.21,2.0,4.32,0.0,5.0,0.8,35.33
7179,9.0,55,1.0,57.018181818181816,7.0,55.912727272727274,2.0,35.44363636363636,31.0,13.447272727272727,45.0,54.54545454545454,49.0,98.32727272727273,9.9,324.5945454545454
7186,9.0,45,2.0,49.08888888888889,1.0,37.61777777777778,2.0,29.453333333333333,47.0,18.80888888888889,42.0,50.459999999999994,22.0,49.87777777777778,17.77777777777778,253.08444444444444
7187,9.0,32,1.0,34.03125,2.0,28.900000000000002,1.0,20.41875,32.0,12.8,24.0,29.4,39.0,78.765625,13.140625,217.45625
7192,9.0,11,0.0,11.0,1.0,10.472727272727274,2.0,9.218181818181817,7.0,2.9454545454545453,7.0,8.836363636363636,0.0,5.5,10.227272727272727,58.2
7200,9.0,52,17.0,91.5576923076923,14.0,67.01538461538462,7.0,40.16538461538462,130.0,63.7,190.0,337.8692307692308,63.0,127.16346153846153,49.84615384615385,777.3173076923077
7202,9.0,1,0.0,1.0,0.0,0.8,0.0,0.6,0.0,0.1,0.0,0.3,0.0,0.5,0.5,3.8
7207,9.0,18,1.0,20.055555555555557,3.0,19.6,1.0,12.033333333333333,13.0,5.338888888888889,34.0,45.06666666666667,15.0,30.25,1.3611111111111112,133.70555555555555
7212,9.0,14,3.0,20.642857142857142,2.0,14.628571428571428,1.0,9.642857142857144,8.0,3.4571428571428573,16.0,19.28571428571429,8.0,17.285714285714285,2.892857142857143,87.83571428571429
7230,9.0,9,4.0,18.77777777777778,4.0,15.022222222222224,4.0,11.266666666666667,8.0,3.2111111111111117,13.0,16.133333333333333,3.0,8.0,9.38888888888889,81.8
7233,9.0,60,8.0,77.06666666666666,21.0,87.48,6.0,43.559999999999995,124.0,56.42666666666667,81.0,99.405,58.0,116.03333333333333,60.208333333333336,540.1800000000001
7235,9.0,38,6.0,50.94736842105263,4.0,37.136842105263156,7.0,31.973684210526315,52.0,21.315789473684212,46.0,55.705263157894734,17.0,39.80263157894737,15.210526315789474,252.0921052631579
7292,9.0,1,0.0,1.0,0.0,0.8,0.0,0.6,0.0,0.1,0.0,0.3,0.0,0.5,0.5,3.8
7301,9.0,5,0.0,5.0,0.0,4.0,0.0,3.0,3.0,1.2800000000000002,2.0,2.94,1.0,3.6,0.4,20.220000000000002
7313,9.0,5,0.0,5.0,1.0,5.760000000000001,0.0,3.0,5.0,2.0,6.0,7.26,4.0,8.1,6.4,37.52
7318,9.0,5,0.0,5.0,0.0,4.0,0.0,3.0,1.0,0.7200000000000001,4.0,4.859999999999999,5.0,10.0,0.9,28.479999999999997
7322,9.0,5,0.0,5.0,0.0,4.0,0.0,3.0,7.0,2.8800000000000003,11.0,15.36,3.0,6.4,40.0,76.64
7356,9.0,5,0.0,5.0,2.0,7.840000000000001,1.0,4.32,7.0,2.8800000000000003,8.0,10.139999999999999,2.0,4.9,0.1,35.18
7360,9.0,5,0.0,5.0,0.0,4.0,0.0,3.0,5.0,2.0,1.0,2.16,2.0,4.9,0.4,21.46
7364,9.0,5,0.0,5.0,0.0,4.0,0.0,3.0,2.0,0.9800000000000001,1.0,2.16,7.0,14.4,0.1,29.64
7365,9.0,5,0.0,5.0,1.0,5.760000000000001,0.0,3.0,2.0,0.9800000000000001,0.0,1.5,3.0,6.4,2.5,25.14
7441,9.0,5,0.0,5.0,0.0,4.0,1.0,4.32,5.0,2.0,1.0,2.16,8.0,16.9,0.1,34.48
7444,9.0,16,4.0,25.0,4.0,20.0,0.0,9.6,35.0,16.25625,34.0,46.875,9.0,19.53125,10.125,147.3875
7460,9.0,2,0.0,2.0,0.0,1.6,0.0,1.2,0.0,0.2,0.0,0.6,0.0,1.0,1.0,7.6
7474,9.0,1,0.0,1.0,2.0,7.2,1.0,2.4,0.0,0.1,0.0,0.3,0.0,0.5,0.5,12.0
7521,9.0,1,0.0,1.0,0.0,0.8,0.0,0.6,0.0,0.1,0.0,0.3,0.0,0.5,0.5,3.8
7538,9.0,1,0.0,1.0,0.0,0.8,0.0,0.6,0.0,0.1,0.0,0.3,0.0,0.5,2.0,5.3
7543,9.0,37,0.0,37.0,0.0,29.6,1.0,23.416216216216213,33.0,13.243243243243242,19.0,25.427027027027027,17.0,39.4054054054054,35.148648648648646,203.2405405405405
7554,9.0,1,0.0,1.0,0.0,0.8,0.0,0.6,0.0,0.1,0.0,0.3,0.0,0.5,0.5,3.8
7555,9.0,1,0.0,1.0,0.0,0.8,0.0,0.6,0.0,0.1,0.0,0.3,0.0,0.5,0.5,3.8
7556,9.0,1,0.0,1.0,0.0,0.8,0.0,0.6,0.0,0.1,0.0,0.3,0.0,0.5,0.5,3.8
7561,9.0,6,2.0,10.666666666666666,8.0,26.133333333333333,0.0,3.5999999999999996,6.0,2.4000000000000004,18.0,28.799999999999997,2.0,5.333333333333333,12.0,88.93333333333332
7574,9.0,5,0.0,5.0,0.0,4.0,0.0,3.0,5.0,2.0,1.0,2.16,5.0,10.0,10.0,36.16
7583,9.0,5,0.0,5.0,1.0,5.760000000000001,1.0,4.32,6.0,2.42,5.0,6.0,4.0,8.1,19.6,51.2
7584,9.0,1,0.0,1.0,0.0,0.8,0.0,0.6,1.0,0.4,1.0,1.2,0.0,0.5,2.0,6.5
7594,9.0,48,4.0,56.333333333333336,7.0,50.41666666666667,3.0,32.512499999999996,62.0,25.208333333333336,43.0,51.75625,42.0,84.375,2.34375,302.9458333333333
7598,9.0,40,26.0,108.9,25.0,84.5,13.0,42.135,147.0,87.42250000000001,204.0,446.52000000000004,35.0,70.3125,72.2,911.99
7599,9.0,43,8.0,60.48837209302326,7.0,46.51162790697674,4.0,30.823255813953487,55.0,22.334883720930236,69.0,87.51627906976744,44.0,88.01162790697674,53.76744186046512,389.45348837209303
7607,9.0,51,66.0,268.4117647058824,26.0,93.00392156862745,12.0,46.694117647058825,145.0,75.32549019607843,264.0,583.6764705882352,15.0,42.705882352941174,18.127450980392158,1127.9450980392157
7611,9.0,23,1.0,25.043478260869566,2.0,21.73913043478261,2.0,16.304347826086957,26.0,10.43913043478261,15.0,18.83478260869565,13.0,28.17391304347826,31.391304347826086,151.92608695652174
7614,9.0,8,7.0,28.125,3.0,12.100000000000001,5.0,12.674999999999999,22.0,11.25,36.0,72.6,8.0,16.0,42.25,195.0
7616,9.0,55,16.0,91.65454545454546,16.0,73.32363636363637,2.0,35.44363636363636,72.0,29.325454545454548,107.0,143.14909090909092,23.0,55.30909090909091,36.08181818181818,464.2872727272727
7617,9.0,10,0.0,10.0,2.0,11.520000000000001,0.0,6.0,7.0,2.89,4.0,5.88,7.0,14.45,4.05,54.790000000000006
7626,9.0,47,10.0,69.12765957446808,4.0,44.27234042553192,1.0,29.41276595744681,49.0,19.608510638297872,59.0,71.71914893617021,13.0,38.297872340425535,3.8404255319148937,276.27872340425535
7660,9.0,5,0.0,5.0,2.0,7.840000000000001,0.0,3.0,6.0,2.42,18.0,31.74,0.0,2.5,16.9,69.4
7707,9.0,3,0.0,3.0,0.0,2.4000000000000004,2.0,5.0,4.0,1.6333333333333333,5.0,6.3999999999999995,2.0,4.166666666666667,0.6666666666666666,23.26666666666667
7715,9.0,75,15.0,108.0,9.0,75.264,3.0,48.672000000000004,112.0,46.62533333333334,99.0,121.104,60.0,121.5,64.02666666666667,585.192
7717,9.0,4,0.0,4.0,1.0,5.0,0.0,2.4,6.0,2.5,2.0,2.6999999999999997,6.0,12.5,1.125,30.225
7720,9.0,42,5.0,52.595238095238095,5.0,42.076190476190476,4.0,30.228571428571428,49.0,19.71666666666667,51.0,61.778571428571425,40.0,80.04761904761905,20.011904761904763,306.4547619047619
7727,9.0,72,9.0,91.125,9.0,72.9,3.0,46.875,132.0,57.800000000000004,82.0,98.81666666666668,59.0,119.17361111111111,42.25,528.9402777777777
7759,9.0,37,0.0,37.0,2.0,32.88648648648648,2.0,24.664864864864864,21.0,9.091891891891892,23.0,29.189189189189186,9.0,28.594594594594593,28.594594594594593,190.0216216216216
7760,9.0,29,16.0,69.82758620689656,11.0,44.13793103448276,2.0,19.882758620689657,68.0,32.4448275862069,92.0,151.45862068965516,6.0,21.120689655172413,28.982758620689655,367.85517241379307
7761,9.0,44,1.0,46.02272727272727,2.0,38.472727272727276,0.0,26.4,26.0,11.136363636363637,12.0,21.38181818181818,20.0,46.54545454545455,11.636363636363637,201.59545454545457
7770,9.0,36,0.0,36.0,0.0,28.8,1.0,22.816666666666666,16.0,7.511111111111112,14.0,20.833333333333332,19.0,42.013888888888886,6.125,164.09999999999997
7771,9.0,73,6.0,85.4931506849315,4.0,64.97534246575343,1.0,45.00821917808219,97.0,39.589041095890416,99.0,121.57808219178082,42.0,90.58219178082192,47.18493150684932,494.4109589041096
7776,9.0,34,1.0,36.029411764705884,1.0,28.82352941176471,0.0,20.4,22.0,9.223529411764707,8.0,15.564705882352941,19.0,41.30882352941177,24.720588235294116,176.0705882352941
7777,9.0,3,0.0,3.0,1.0,4.266666666666667,0.0,1.7999999999999998,1.0,0.5333333333333333,2.0,2.5,2.0,4.166666666666667,13.5,29.766666666666666
7782,9.0,28,1.0,30.035714285714285,0.0,22.400000000000002,0.0,16.8,18.0,7.557142857142857,14.0,18.9,13.0,30.017857142857142,27.160714285714285,152.87142857142857
7792,9.0,43,1.0,45.02325581395349,2.0,37.674418604651166,1.0,27.013953488372092,23.0,10.130232558139536,23.0,30.390697674418604,10.0,32.66279069767442,12.662790697674419,195.5581395348837
7795,9.0,1,0.0,1.0,0.0,0.8,0.0,0.6,0.0,0.1,0.0,0.3,0.0,0.5,0.5,3.8
7796,9.0,1,0.0,1.0,0.0,0.8,0.0,0.6,0.0,0.1,0.0,0.3,0.0,0.5,0.5,3.8
7798,9.0,1,0.0,1.0,0.0,0.8,0.0,0.6,0.0,0.1,1.0,1.2,0.0,0.5,0.5,4.7
7800,9.0,75,7.0,89.65333333333334,10.0,77.06666666666666,5.0,51.199999999999996,82.0,32.86533333333333,71.0,85.264,37.0,83.62666666666667,26.46,446.13599999999997
7803,9.0,73,19.0,115.94520547945206,13.0,81.05205479452056,8.0,53.92602739726028,112.0,46.88356164383562,135.0,177.7972602739726,55.0,112.21917808219177,31.671232876712327,619.4945205479453
7805,9.0,54,6.0,66.66666666666667,17.0,74.68148148148148,5.0,38.67777777777778,52.0,20.80740740740741,50.0,60.08888888888889,35.0,73.3425925925926,57.78703703703704,392.0518518518519
7807,9.0,22,6.0,35.63636363636363,12.0,42.03636363636364,4.0,18.436363636363634,24.0,9.618181818181819,52.0,74.67272727272727,8.0,20.454545454545453,21.84090909090909,222.69545454545457
7812,9.0,48,4.0,56.333333333333336,5.0,46.81666666666667,5.0,35.1125,29.0,12.352083333333333,36.0,44.1,45.0,90.09375,27.09375,311.9020833333333
7817,9.0,4,1.0,6.25,0.0,3.2,0.0,2.4,4.0,1.6,3.0,3.675,0.0,2.0,4.5,23.625
7820,9.0,2,0.0,2.0,0.0,1.6,0.0,1.2,0.0,0.2,0.0,0.6,0.0,1.0,1.0,7.6
7829,9.0,7,1.0,9.142857142857142,0.0,5.6000000000000005,0.0,4.2,4.0,1.7285714285714286,10.0,12.385714285714284,2.0,5.785714285714286,3.5,42.34285714285714
7830,9.0,11,0.0,11.0,0.0,8.8,0.0,6.6,8.0,3.281818181818182,3.0,5.345454545454545,6.0,13.136363636363637,0.4090909090909091,48.57272727272726
7833,9.0,22,1.0,24.045454545454547,4.0,24.581818181818182,2.0,15.709090909090909,22.0,8.8,14.0,17.672727272727272,22.0,44.0,13.090909090909092,147.9
7836,9.0,48,5.0,58.520833333333336,11.0,58.016666666666666,0.0,28.799999999999997,65.0,26.602083333333333,75.0,94.55624999999999,46.0,92.04166666666667,32.666666666666664,391.20416666666665
7839,9.0,29,10.0,52.44827586206897,8.0,37.76551724137931,2.0,19.882758620689657,30.0,12.00344827586207,65.0,91.40689655172413,3.0,17.655172413793103,22.344827586206897,253.50689655172414
7841,9.0,1,0.0,1.0,0.0,0.8,0.0,0.6,0.0,0.1,0.0,0.3,0.0,0.5,0.5,3.8
7852,9.0,16,1.0,18.0625,4.0,20.0,2.0,12.15,20.0,8.1,39.0,56.71875,25.0,52.53125,11.28125,178.84375
7860,9.0,37,5.0,47.67567567567568,3.0,34.5945945945946,6.0,29.983783783783785,70.0,30.943243243243245,71.0,94.57297297297296,28.0,57.0945945945946,7.148648648648648,302.0135135135135
7862,9.0,2,0.0,2.0,0.0,1.6,0.0,1.2,0.0,0.2,0.0,0.6,0.0,1.0,1.0,7.6
7865,9.0,33,1.0,35.03030303030303,2.0,29.696969696969703,3.0,23.563636363636363,31.0,12.412121212121214,31.0,37.236363636363635,50.0,104.37878787878788,8.727272727272727,251.04545454545453
7872,9.0,1,0.0,1.0,0.0,0.8,0.0,0.6,0.0,0.1,0.0,0.3,0.0,0.5,0.5,3.8
7873,9.0,7,0.0,7.0,0.0,5.6000000000000005,0.0,4.2,1.0,0.9142857142857143,1.0,2.7428571428571424,2.0,5.785714285714286,0.6428571428571429,26.885714285714286
7874,9.0,6,0.0,6.0,0.0,4.800000000000001,0.0,3.5999999999999996,2.0,1.0666666666666667,1.0,2.4499999999999997,1.0,4.083333333333333,6.75,28.75
7877,9.0,7,0.0,7.0,0.0,5.6000000000000005,0.0,4.2,0.0,0.7000000000000001,0.0,2.1,4.0,8.642857142857142,0.2857142857142857,28.52857142857143
7882,9.0,9,0.0,9.0,1.0,8.88888888888889,1.0,6.666666666666666,5.0,2.177777777777778,2.0,4.033333333333333,8.0,16.055555555555557,5.555555555555555,52.37777777777778
7886,9.0,15,1.0,17.066666666666666,0.0,12.0,0.0,9.0,8.0,3.526666666666667,7.0,9.68,4.0,12.033333333333333,1.2,64.50666666666666
7891,9.0,1,0.0,1.0,0.0,0.8,0.0,0.6,0.0,0.1,1.0,1.2,2.0,4.5,0.0,8.2
7907,9.0,36,41.0,164.69444444444446,16.0,60.088888888888896,2.0,24.066666666666666,105.0,55.225,167.0,343.4083333333333,5.0,23.34722222222222,64.22222222222223,735.0527777777777
7909,9.0,58,8.0,75.10344827586206,4.0,53.02068965517242,4.0,39.765517241379314,106.0,46.37241379310345,74.0,90.12413793103447,89.0,186.2844827586207,63.758620689655174,554.4293103448276
7915,9.0,62,8.0,79.03225806451613,5.0,57.9225806451613,3.0,40.887096774193544,113.0,49.395161290322584,65.0,78.04354838709676,60.0,120.03225806451613,11.040322580645162,436.3532258064516
7916,9.0,4,0.0,4.0,1.0,5.0,0.0,2.4,1.0,0.625,2.0,2.6999999999999997,0.0,2.0,0.5,17.225
7920,9.0,44,1.0,46.02272727272727,5.0,43.654545454545456,4.0,31.418181818181818,50.0,20.081818181818182,20.0,27.927272727272726,63.0,130.10227272727272,40.90909090909091,340.1159090909091
7921,9.0,15,1.0,17.066666666666666,0.0,12.0,1.0,10.24,11.0,4.506666666666667,7.0,9.68,3.0,10.8,10.8,75.09333333333333
7928,9.0,1,1.0,4.0,0.0,0.8,0.0,0.6,1.0,0.4,1.0,1.2,0.0,0.5,0.5,8.0
7929,9.0,1,0.0,1.0,0.0,0.8,0.0,0.6,0.0,0.1,0.0,0.3,0.0,0.5,8.0,11.3
7932,9.0,47,3.0,53.191489361702125,0.0,37.6,2.0,30.651063829787233,44.0,17.619148936170216,45.0,54.02553191489361,40.0,80.52127659574468,3.8404255319148937,277.44893617021273
7936,9.0,59,6.0,71.61016949152543,5.0,55.53898305084746,3.0,39.09152542372881,55.0,22.027118644067798,49.0,59.30847457627118,15.0,46.40677966101695,39.186440677966104,333.1694915254238
7944,9.0,30,0.0,30.0,0.0,24.0,0.0,18.0,8.0,4.8133333333333335,7.0,13.69,10.0,26.666666666666668,8.066666666666666,125.23666666666666
7949,9.0,74,3.0,80.12162162162163,9.0,74.47567567567567,1.0,45.608108108108105,65.0,26.10945945945946,29.0,43.00945945945946,63.0,126.81756756756756,64.89189189189189,461.03378378378375
7950,9.0,48,3.0,54.1875,3.0,43.35,0.0,28.799999999999997,41.0,16.502083333333335,27.0,35.15625,39.0,78.84375,22.041666666666668,278.88125
7951,9.0,1,0.0,1.0,1.0,3.2,0.0,0.6,0.0,0.1,0.0,0.3,1.0,2.0,0.5,7.699999999999999
7952,9.0,46,22.0,100.52173913043478,20.0,75.75652173913043,4.0,32.608695652173914,67.0,27.758695652173913,100.0,139.01739130434783,46.0,92.0,48.79347826086956,516.4565217391305
7956,9.0,37,2.0,41.108108108108105,1.0,31.221621621621622,1.0,23.416216216216213,58.0,24.39189189189189,36.0,43.20810810810811,21.0,45.45945945945946,1.945945945945946,210.75135135135133
7957,9.0,24,2.0,28.166666666666668,0.0,19.200000000000003,0.0,14.399999999999999,9.0,4.5375000000000005,8.0,12.799999999999999,0.0,12.0,3.0,94.10416666666667
7968,9.0,14,0.0,14.0,1.0,12.85714285714286,0.0,8.4,4.0,2.3142857142857145,8.0,10.37142857142857,11.0,22.321428571428573,0.14285714285714285,70.40714285714286
7971,9.0,15,0.0,15.0,2.0,15.413333333333334,1.0,10.24,15.0,6.0,7.0,9.68,2.0,9.633333333333333,0.3,66.26666666666667
7972,9.0,2,1.0,4.5,0.0,1.6,0.0,1.2,3.0,1.25,3.0,3.75,4.0,9.0,1.0,22.3
7983,9.0,43,10.0,65.32558139534883,9.0,50.306976744186045,0.0,25.8,74.0,31.834883720930232,76.0,98.79767441860464,25.0,53.76744186046512,14.244186046511627,340.0767441860465
7987,9.0,27,0.0,27.0,1.0,23.22962962962963,1.0,17.42222222222222,6.0,4.033333333333334,4.0,10.677777777777779,7.0,21.40740740740741,4.166666666666667,107.93703703703703
7991,9.0,3,0.0,3.0,0.0,2.4000000000000004,0.0,1.7999999999999998,1.0,0.5333333333333333,1.0,1.5999999999999999,1.0,2.6666666666666665,1.5,13.5
7993,9.0,2,0.0,2.0,0.0,1.6,0.0,1.2,2.0,0.8,1.0,1.3499999999999999,1.0,2.25,0.25,9.45
7994,9.0,79,10.0,100.26582278481013,21.0,101.26582278481014,7.0,56.17215189873417,139.0,60.15696202531646,90.0,108.45949367088608,149.0,329.0126582278481,43.60126582278481,798.93417721519
7995,9.0,21,0.0,21.0,4.0,23.80952380952381,2.0,15.114285714285714,33.0,13.885714285714286,7.0,11.200000000000001,21.0,42.0,8.595238095238095,135.60476190476192
7997,9.0,40,7.0,55.225,3.0,36.980000000000004,0.0,24.0,34.0,13.690000000000001,52.0,63.48,39.0,78.0125,13.6125,285.0
7999,9.0,49,19.0,94.36734693877551,17.0,71.11836734693877,8.0,39.78367346938776,67.0,27.461224489795917,111.0,156.73469387755102,7.0,32.0,14.73469387755102,436.2
8007,9.0,17,0.0,17.0,1.0,15.247058823529413,0.0,10.2,9.0,3.976470588235294,10.0,12.864705882352942,6.0,15.558823529411764,2.3823529411764706,77.22941176470589
8008,9.0,29,3.0,35.310344827586206,5.0,31.889655172413793,3.0,21.186206896551724,15.0,6.675862068965518,27.0,32.44137931034483,29.0,58.0,5.586206896551724,191.08965517241379
8009,9.0,12,0.0,12.0,0.0,9.600000000000001,0.0,7.199999999999999,13.0,5.208333333333334,13.0,15.625,1.0,7.041666666666667,0.16666666666666666,56.84166666666666
8014,9.0,29,1.0,31.03448275862069,2.0,26.51034482758621,1.0,18.620689655172413,53.0,23.186206896551724,34.0,41.05862068965517,12.0,28.982758620689655,31.879310344827587,201.27241379310345
8029,9.0,8,0.0,8.0,1.0,8.1,0.0,4.8,5.0,2.1125000000000003,3.0,4.5375,6.0,12.25,0.25,40.050000000000004
8032,9.0,65,2.0,69.06153846153846,2.0,55.24923076923077,2.0,41.43692307692307,81.0,32.793846153846154,54.0,65.35846153846154,43.0,89.72307692307692,56.89230769230769,410.51538461538456
8034,9.0,11,0.0,11.0,0.0,8.8,0.0,6.6,3.0,1.7818181818181817,1.0,3.9272727272727272,3.0,8.909090909090908,0.4090909090909091,41.42727272727272
8041,9.0,63,11.0,86.92063492063492,7.0,62.22222222222222,3.0,41.48571428571428,80.0,32.458730158730155,84.0,102.89999999999999,41.0,85.84126984126983,87.5,499.3285714285714
8049,9.0,15,0.0,15.0,0.0,12.0,0.0,9.0,10.0,4.166666666666667,7.0,9.68,8.0,17.633333333333333,4.8,72.27999999999999
8053,9.0,64,23.0,118.265625,14.0,76.05,4.0,43.35,164.0,81.22500000000001,218.0,372.76875,37.0,79.6953125,26.28125,797.6359375
8057,9.0,43,2.0,47.093023255813954,6.0,44.66976744186047,2.0,28.25581395348837,48.0,19.258139534883725,34.0,41.36511627906977,37.0,74.4186046511628,0.046511627906976744,255.10697674418606
8060,9.0,6,0.0,6.0,0.0,4.800000000000001,0.0,3.5999999999999996,2.0,1.0666666666666667,0.0,1.7999999999999998,2.0,5.333333333333333,1.3333333333333333,23.93333333333333
8061,9.0,37,3.0,43.24324324324324,5.0,38.14054054054054,1.0,23.416216216216213,25.0,10.389189189189189,23.0,29.189189189189186,36.0,72.01351351351352,21.62162162162162,238.01351351351352
8062,9.0,5,0.0,5.0,0.0,4.0,0.0,3.0,1.0,0.7200000000000001,4.0,4.859999999999999,3.0,6.4,1.6,25.58
8063,9.0,13,1.0,15.076923076923077,3.0,15.753846153846155,1.0,9.046153846153846,4.0,2.223076923076923,11.0,13.292307692307691,7.0,15.384615384615385,1.8846153846153846,72.66153846153847
8078,9.0,21,7.0,37.333333333333336,2.0,20.152380952380952,0.0,12.6,32.0,13.376190476190477,50.0,72.0142857142857,8.0,20.023809523809526,1.1666666666666667,176.66666666666666
8081,9.0,19,10.0,44.26315789473684,5.0,24.25263157894737,2.0,13.926315789473684,45.0,21.557894736842105,51.0,77.36842105263158,5.0,15.157894736842104,0.6578947368421053,197.18421052631578
8083,9.0,43,20.0,92.30232558139535,9.0,50.306976744186045,5.0,32.14883720930233,79.0,34.6139534883721,118.0,180.84418604651162,29.0,60.27906976744186,60.27906976744186,510.77441860465115
8084,9.0,94,29.0,160.9468085106383,26.0,122.55319148936172,15.0,75.83617021276595,111.0,44.70744680851064,160.0,205.90212765957446,68.0,139.59574468085106,159.1968085106383,908.7382978723405
8085,9.0,73,4.0,81.21917808219177,5.0,66.67397260273974,4.0,48.73150684931506,64.0,25.71095890410959,67.0,80.54794520547945,43.0,92.16438356164383,8.39041095890411,403.43835616438355
8090,9.0,20,5.0,31.25,6.0,27.04,4.0,17.28,16.0,6.48,30.0,37.5,14.0,28.9,15.625,164.075
8092,9.0,21,5.0,32.19047619047619,12.0,41.48571428571429,2.0,15.114285714285714,83.0,51.50476190476191,101.0,212.62857142857143,17.0,34.38095238095238,14.880952380952381,402.1857142857143
8096,9.0,40,2.0,44.1,9.0,48.02,3.0,27.735,85.0,39.0625,60.0,75.0,25.0,52.8125,66.6125,353.34250000000003
8098,9.0,51,3.0,57.1764705882353,9.0,56.47058823529412,2.0,33.04705882352941,69.0,28.23529411764706,58.0,69.88823529411765,37.0,75.92156862745098,7.147058823529412,327.8862745098039
8100,9.0,4,6.0,25.0,1.0,5.0,0.0,2.4,8.0,3.6,17.0,33.074999999999996,1.0,3.125,12.5,84.69999999999999
8102,9.0,7,0.0,7.0,0.0,5.6000000000000005,0.0,4.2,10.0,4.128571428571429,7.0,8.4,2.0,5.785714285714286,4.571428571428571,39.68571428571428
8108,9.0,15,8.0,35.266666666666666,4.0,19.253333333333334,1.0,10.24,55.0,32.66666666666667,61.0,115.52,8.0,17.633333333333333,9.633333333333333,240.2133333333333
8115,9.0,1,0.0,1.0,0.0,0.8,0.0,0.6,0.0,0.1,0.0,0.3,0.0,0.5,0.5,3.8
8118,9.0,22,4.0,30.727272727272727,4.0,24.581818181818182,2.0,15.709090909090909,33.0,13.75,42.0,55.85454545454545,15.0,31.113636363636363,14.204545454545455,185.94090909090912
8122,9.0,5,2.0,9.8,1.0,5.760000000000001,0.0,3.0,5.0,2.0,8.0,10.139999999999999,1.0,3.6,6.4,40.7
8123,9.0,62,42.0,174.4516129032258,20.0,86.76129032258065,6.0,44.74838709677419,145.0,69.11129032258064,258.0,495.4838709677419,32.0,71.25806451612904,72.78225806451613,1014.5967741935483
8127,9.0,1,0.0,1.0,0.0,0.8,0.0,0.6,0.0,0.1,0.0,0.3,0.0,0.5,0.5,3.8
8147,9.0,44,4.0,52.36363636363637,5.0,43.654545454545456,1.0,27.613636363636363,68.0,28.509090909090908,39.0,46.970454545454544,27.0,57.28409090909091,13.136363636363637,269.53181818181815
8148,9.0,44,5.0,54.56818181818182,6.0,45.45454545454546,1.0,27.613636363636363,53.0,21.38409090909091,56.0,68.18181818181819,29.0,60.55681818181818,7.681818181818182,285.4409090909091
8149,9.0,45,6.0,57.8,8.0,49.93777777777778,2.0,29.453333333333333,82.0,35.842222222222226,68.0,85.12666666666665,22.0,49.87777777777778,27.77777777777778,335.8155555555556
8153,9.0,22,8.0,40.90909090909091,6.0,28.509090909090908,3.0,17.045454545454547,33.0,13.75,53.0,76.70454545454545,5.0,16.568181818181817,40.09090909090909,233.5772727272727
8157,9.0,1,0.0,1.0,0.0,0.8,0.0,0.6,1.0,0.4,0.0,0.3,0.0,0.5,0.5,4.1
8178,9.0,60,17.0,98.81666666666666,23.0,91.85333333333334,5.0,42.25,94.0,39.52666666666667,84.0,103.68,20.0,53.333333333333336,76.8,506.26000000000005
8180,9.0,61,35.0,151.08196721311475,23.0,92.53770491803279,19.0,62.950819672131146,196.0,108.27704918032788,307.0,666.0196721311476,36.0,77.12295081967213,73.97540983606558,1231.9655737704918
8182,9.0,12,1.0,14.083333333333334,0.0,9.600000000000001,1.0,8.45,18.0,7.5,11.0,13.225,6.0,13.5,20.166666666666668,86.52500000000002
8187,9.0,5,1.0,7.2,1.0,5.760000000000001,0.0,3.0,3.0,1.2800000000000002,4.0,4.859999999999999,1.0,3.6,1.6,27.300000000000004
8201,9.0,4,0.0,4.0,0.0,3.2,0.0,2.4,0.0,0.4,1.0,1.875,2.0,4.5,2.0,18.375
8205,9.0,4,1.0,6.25,2.0,7.2,0.0,2.4,1.0,0.625,3.0,3.675,1.0,3.125,0.5,23.775000000000002
8228,9.0,1,0.0,1.0,0.0,0.8,0.0,0.6,0.0,0.1,0.0,0.3,0.0,0.5,0.5,3.8
8250,9.0,4,0.0,4.0,0.0,3.2,0.0,2.4,0.0,0.4,0.0,1.2,1.0,3.125,2.0,16.325
8262,9.0,10,3.0,16.9,0.0,8.0,0.0,6.0,10.0,4.0,19.0,25.229999999999997,6.0,12.8,0.2,73.13
8263,9.0,11,0.0,11.0,1.0,10.472727272727274,0.0,6.6,10.0,4.00909090909091,6.0,7.881818181818182,15.0,30.727272727272727,2.909090909090909,73.6
8266,9.0,46,5.0,56.54347826086956,3.0,41.75652173913044,1.0,28.813043478260866,99.0,45.70652173913044,61.0,74.66739130434783,13.0,37.83695652173913,0.6956521739130435,286.01956521739135
8267,9.0,2,0.0,2.0,0.0,1.6,0.0,1.2,0.0,0.2,0.0,0.6,0.0,1.0,1.0,7.6
8268,9.0,9,2.0,13.444444444444445,0.0,7.2,0.0,5.3999999999999995,8.0,3.2111111111111117,10.0,12.033333333333333,3.0,8.0,1.3888888888888888,50.67777777777778
8317,9.0,7,2.0,11.571428571428571,0.0,5.6000000000000005,0.0,4.2,5.0,2.0571428571428574,9.0,10.97142857142857,0.0,3.5,0.0,37.9
8319,9.0,2,0.0,2.0,0.0,1.6,0.0,1.2,5.0,2.45,2.0,2.4,0.0,1.0,0.0,10.65
8330,9.0,5,1.0,7.2,1.0,5.760000000000001,0.0,3.0,9.0,3.9200000000000004,11.0,15.36,4.0,8.1,40.0,83.34
8353,9.0,2,0.0,2.0,0.0,1.6,0.0,1.2,1.0,0.45,0.0,0.6,0.0,1.0,0.25,7.1
8354,9.0,31,4.0,39.516129032258064,3.0,29.83225806451613,1.0,19.819354838709675,17.0,7.43225806451613,38.0,46.0741935483871,22.0,45.306451612903224,0.016129032258064516,187.99677419354842
8365,9.0,2,0.0,2.0,0.0,1.6,0.0,1.2,0.0,0.2,0.0,0.6,0.0,1.0,1.0,7.6
8375,9.0,25,0.0,25.0,2.0,23.328000000000003,2.0,17.496,16.0,6.724,19.0,23.232,40.0,84.5,16.82,197.1
8378,9.0,80,14.0,110.45,12.0,84.64,6.0,55.47,151.0,66.70125,143.0,186.48375,20.0,62.5,79.80625,646.05125
8406,9.0,17,3.0,23.529411764705884,7.0,27.10588235294118,2.0,12.741176470588234,33.0,14.705882352941178,40.0,57.33529411764706,8.0,18.38235294117647,59.55882352941177,213.35882352941178
8409,9.0,10,0.0,10.0,0.0,8.0,0.0,6.0,1.0,1.21,2.0,4.32,1.0,6.05,0.45,36.03
8433,9.0,30,3.0,36.3,1.0,25.626666666666665,2.0,20.48,21.0,8.67,23.0,28.09,28.0,56.06666666666667,2.0166666666666666,177.25000000000003
8435,9.0,1,0.0,1.0,0.0,0.8,0.0,0.6,0.0,0.1,0.0,0.3,0.0,0.5,0.5,3.8
8448,9.0,1,0.0,1.0,0.0,0.8,0.0,0.6,0.0,0.1,0.0,0.3,0.0,0.5,0.5,3.8
8450,9.0,1,0.0,1.0,0.0,0.8,0.0,0.6,0.0,0.1,0.0,0.3,0.0,0.5,0.5,3.8
8478,9.0,28,1.0,30.035714285714285,1.0,24.02857142857143,1.0,18.02142857142857,48.0,20.62857142857143,23.0,27.86785714285714,7.0,21.875,18.285714285714285,160.74285714285713
8480,9.0,1,0.0,1.0,0.0,0.8,0.0,0.6,0.0,0.1,0.0,0.3,0.0,0.5,0.5,3.8
8484,9.0,1,0.0,1.0,0.0,0.8,0.0,0.6,0.0,0.1,0.0,0.3,0.0,0.5,0.5,3.8
8486,9.0,37,7.0,52.32432432432432,3.0,34.5945945945946,9.0,34.31351351351351,51.0,20.92972972972973,60.0,76.28918918918919,13.0,33.78378378378378,74.0,326.2351351351351
8561,9.0,52,6.0,64.6923076923077,3.0,46.53846153846154,0.0,31.2,52.0,20.8,35.0,43.667307692307695,101.0,225.08653846153845,22.153846153846153,454.1384615384615
8573,9.0,13,3.0,19.692307692307693,4.0,17.784615384615385,1.0,9.046153846153846,28.0,12.930769230769233,18.0,22.176923076923075,5.0,12.461538461538462,2.4615384615384617,96.55384615384617
8576,9.0,55,6.0,67.65454545454546,9.0,59.57818181818182,5.0,39.27272727272727,129.0,61.55636363636364,103.0,136.16727272727272,51.0,102.14545454545454,32.72727272727273,499.1018181818182
8580,9.0,53,8.0,70.20754716981132,12.0,63.773584905660385,8.0,42.12452830188679,118.0,55.171698113207555,85.0,107.79622641509434,151.0,392.60377358490564,29.58490566037736,761.2622641509433
8581,9.0,52,2.0,56.07692307692308,1.0,43.215384615384615,2.0,33.646153846153844,51.0,20.40192307692308,28.0,36.92307692307692,31.0,66.24038461538461,29.08653846153846,285.59038461538466
8582,9.0,3,0.0,3.0,1.0,4.266666666666667,0.0,1.7999999999999998,8.0,4.033333333333334,6.0,8.1,2.0,4.166666666666667,4.166666666666667,29.53333333333334
8585,9.0,5,0.0,5.0,1.0,5.760000000000001,0.0,3.0,3.0,1.2800000000000002,0.0,1.5,1.0,3.6,0.9,21.040000000000003
8588,9.0,5,0.0,5.0,1.0,5.760000000000001,0.0,3.0,4.0,1.62,3.0,3.84,4.0,8.1,25.6,52.92
8597,9.0,8,1.0,10.125,2.0,10.0,3.0,9.075,16.0,7.2,21.0,31.537499999999998,4.0,9.0,4.0,80.9375
8603,9.0,1,0.0,1.0,0.0,0.8,0.0,0.6,0.0,0.1,0.0,0.3,0.0,0.5,0.5,3.8
8618,9.0,2,0.0,2.0,0.0,1.6,0.0,1.2,3.0,1.25,0.0,0.6,2.0,4.0,9.0,19.65
8619,9.0,2,0.0,2.0,0.0,1.6,0.0,1.2,3.0,1.25,2.0,2.4,2.0,4.0,1.0,13.45
8620,9.0,4,0.0,4.0,0.0,3.2,0.0,2.4,2.0,0.9,0.0,1.2,1.0,3.125,12.5,27.325
8621,9.0,4,0.0,4.0,2.0,7.2,0.0,2.4,6.0,2.5,6.0,7.5,2.0,4.5,3.125,31.225
8628,9.0,4,0.0,4.0,1.0,5.0,0.0,2.4,6.0,2.5,10.0,14.7,0.0,2.0,0.5,31.1
8635,9.0,3,0.0,3.0,0.0,2.4000000000000004,0.0,1.7999999999999998,3.0,1.2000000000000002,5.0,6.3999999999999995,0.0,1.5,0.16666666666666666,16.46666666666667
8636,9.0,1,0.0,1.0,0.0,0.8,0.0,0.6,0.0,0.1,0.0,0.3,0.0,0.5,0.5,3.8
8643,9.0,1,0.0,1.0,0.0,0.8,0.0,0.6,1.0,0.4,0.0,0.3,0.0,0.5,0.5,4.1
8645,9.0,31,4.0,39.516129032258064,4.0,31.612903225806452,3.0,22.374193548387094,35.0,14.05161290322581,21.0,26.167741935483868,6.0,22.080645161290324,48.79032258064516,204.59354838709677
8646,9.0,10,0.0,10.0,1.0,9.68,0.0,6.0,7.0,2.89,1.0,3.63,16.0,33.8,1.25,67.25
8652,9.0,13,1.0,15.076923076923077,1.0,12.061538461538461,0.0,7.8,23.0,9.96923076923077,11.0,13.292307692307691,9.0,18.615384615384617,12.461538461538462,89.27692307692308
8654,9.0,2,0.0,2.0,0.0,1.6,0.0,1.2,1.0,0.45,2.0,2.4,0.0,1.0,0.25,8.9
8655,9.0,3,0.0,3.0,0.0,2.4000000000000004,0.0,1.7999999999999998,3.0,1.2000000000000002,0.0,0.8999999999999999,1.0,2.6666666666666665,0.6666666666666666,12.633333333333333
8657,9.0,10,0.0,10.0,0.0,8.0,0.0,6.0,11.0,4.41,10.0,12.0,2.0,7.2,0.2,47.81
8660,9.0,13,0.0,13.0,2.0,13.846153846153847,1.0,9.046153846153846,9.0,3.7230769230769236,3.0,5.907692307692308,7.0,15.384615384615385,1.3846153846153846,62.2923076923077
8662,9.0,4,0.0,4.0,2.0,7.2,0.0,2.4,3.0,1.225,3.0,3.675,4.0,8.0,3.125,29.625
8664,9.0,4,0.0,4.0,0.0,3.2,0.0,2.4,3.0,1.225,3.0,3.675,2.0,4.5,0.0,19.0
8665,9.0,5,0.0,5.0,0.0,4.0,1.0,4.32,7.0,2.8800000000000003,8.0,10.139999999999999,10.0,22.5,6.4,55.239999999999995
8666,9.0,1,0.0,1.0,0.0,0.8,0.0,0.6,0.0,0.1,2.0,2.6999999999999997,0.0,0.5,0.5,6.199999999999999
8667,9.0,1,0.0,1.0,0.0,0.8,0.0,0.6,2.0,0.9,0.0,0.3,3.0,8.0,0.5,12.1
8678,9.0,2,0.0,2.0,0.0,1.6,0.0,1.2,0.0,0.2,2.0,2.4,1.0,2.25,0.0,9.65
8679,9.0,29,24.0,96.86206896551724,18.0,60.93793103448276,0.0,17.4,120.0,76.5551724137931,143.0,306.04137931034484,18.0,38.08620689655172,38.08620689655172,633.9689655172415
8681,9.0,19,4.0,27.842105263157894,9.0,33.01052631578948,3.0,15.284210526315789,35.0,15.347368421052634,42.0,58.752631578947366,5.0,15.157894736842104,53.28947368421053,218.68421052631578
8682,9.0,1,0.0,1.0,0.0,0.8,0.0,0.6,0.0,0.1,0.0,0.3,0.0,0.5,0.0,3.3
8684,9.0,60,4.0,68.26666666666667,9.0,63.48,4.0,40.96,86.0,35.526666666666664,50.0,60.49999999999999,68.0,136.53333333333333,42.00833333333333,447.275
8690,9.0,30,4.0,38.53333333333333,2.0,27.30666666666667,1.0,19.22,19.0,8.003333333333334,35.0,42.25,4.0,19.266666666666666,14.016666666666667,168.59666666666666
8691,9.0,21,3.0,27.428571428571427,0.0,16.8,0.0,12.6,15.0,6.171428571428572,13.0,16.514285714285716,10.0,22.88095238095238,22.88095238095238,125.27619047619048
8696,9.0,20,0.0,20.0,2.0,19.36,0.0,12.0,2.0,2.42,7.0,10.935,8.0,19.6,5.625,89.94
8701,9.0,68,2.0,72.05882352941177,3.0,59.305882352941175,4.0,45.741176470588236,61.0,24.472058823529412,41.0,52.41617647058823,60.0,120.47058823529412,19.125,393.589705882353
8706,9.0,46,9.0,65.76086956521739,8.0,50.71304347826087,2.0,30.05217391304348,56.0,22.617391304347827,46.0,55.199999999999996,47.0,94.01086956521739,62.78260869565217,381.13695652173914
8708,9.0,16,4.0,25.0,3.0,18.05,0.0,9.6,33.0,15.006250000000001,26.0,33.074999999999996,3.0,11.28125,16.53125,128.54375
8710,9.0,44,28.0,117.81818181818181,16.0,65.45454545454545,6.0,34.09090909090909,88.0,39.6,147.0,248.7340909090909,29.0,60.55681818181818,67.375,633.6295454545453
8711,9.0,56,3.0,62.160714285714285,4.0,51.42857142857144,3.0,37.29642857142857,46.0,18.57857142857143,36.0,45.34285714285714,33.0,70.72321428571429,27.008928571428573,312.5392857142857
8717,9.0,25,1.0,27.04,3.0,25.088,1.0,16.224,35.0,14.4,20.0,24.3,9.0,23.12,9.68,139.852
8722,9.0,25,2.0,29.16,2.0,23.328000000000003,1.0,16.224,36.0,14.884,19.0,23.232,31.0,62.72,7.22,176.768
8727,9.0,36,13.0,66.69444444444444,3.0,33.800000000000004,1.0,22.816666666666666,62.0,26.677777777777777,73.0,99.00833333333333,11.0,30.680555555555557,22.22222222222222,301.9
8731,9.0,4,0.0,4.0,3.0,9.8,0.0,2.4,4.0,1.6,6.0,7.5,5.0,10.125,1.125,36.55
8732,9.0,1,0.0,1.0,1.0,3.2,0.0,0.6,1.0,0.4,2.0,2.6999999999999997,1.0,2.0,12.5,22.4
8733,9.0,4,0.0,4.0,3.0,9.8,0.0,2.4,9.0,4.2250000000000005,2.0,2.6999999999999997,3.0,6.125,0.5,29.75
8737,9.0,20,1.0,22.05,3.0,21.16,5.0,18.75,16.0,6.48,49.0,71.415,7.0,18.225,7.225,165.305
8739,9.0,2,0.0,2.0,0.0,1.6,0.0,1.2,2.0,0.8,1.0,1.3499999999999999,1.0,2.25,1.0,10.2
8744,9.0,23,0.0,23.0,5.0,27.269565217391307,1.0,15.02608695652174,23.0,9.200000000000001,15.0,18.83478260869565,13.0,28.17391304347826,4.891304347826087,126.39565217391305
8755,9.0,14,0.0,14.0,0.0,11.200000000000001,0.0,8.4,13.0,5.207142857142857,6.0,8.571428571428571,10.0,20.571428571428573,0.5714285714285714,68.52142857142857
8761,9.0,33,8.0,50.93939393939394,6.0,36.872727272727275,4.0,24.89090909090909,44.0,17.966666666666665,66.0,89.1,16.0,36.378787878787875,23.045454545454547,279.1939393939394
8762,9.0,32,7.0,47.53125,10.0,44.1,3.0,22.96875,46.0,19.0125,74.0,105.33749999999999,8.0,25.0,16.0,279.95
8763,9.0,14,0.0,14.0,0.0,11.200000000000001,1.0,9.642857142857144,12.0,4.828571428571429,13.0,15.62142857142857,3.0,10.321428571428571,14.285714285714286,79.9
8765,9.0,2,0.0,2.0,0.0,1.6,0.0,1.2,0.0,0.2,1.0,1.3499999999999999,0.0,1.0,1.0,8.35
8769,9.0,17,0.0,17.0,4.0,20.75294117647059,1.0,11.435294117647059,24.0,9.888235294117647,19.0,22.870588235294118,23.0,47.05882352941177,32.029411764705884,161.03529411764706
8774,9.0,24,2.0,28.166666666666668,0.0,19.200000000000003,0.0,14.399999999999999,33.0,13.537500000000001,33.0,40.6125,1.0,13.020833333333334,15.1875,144.125
8777,9.0,13,0.0,13.0,1.0,12.061538461538461,0.0,7.8,5.0,2.4923076923076923,6.0,8.330769230769231,8.0,16.96153846153846,5.538461538461538,66.18461538461538
8778,9.0,2,0.0,2.0,0.0,1.6,0.0,1.2,0.0,0.2,0.0,0.6,0.0,1.0,1.0,7.6
8782,9.0,1,0.0,1.0,0.0,0.8,0.0,0.6,2.0,0.9,1.0,1.2,2.0,4.5,0.5,9.5
8787,9.0,53,1.0,55.0188679245283,3.0,47.33584905660378,0.0,31.799999999999997,28.0,12.379245283018868,20.0,30.164150943396226,37.0,76.41509433962264,22.650943396226417,275.76415094339626
8788,9.0,30,1.0,32.03333333333333,0.0,24.0,0.0,18.0,5.0,4.083333333333334,10.0,16.0,19.0,40.016666666666666,5.4,139.53333333333333
8789,9.0,37,2.0,41.108108108108105,0.0,29.6,2.0,24.664864864864864,26.0,10.727027027027027,16.0,22.775675675675675,31.0,62.486486486486484,19.513513513513512,210.87567567567567
8790,9.0,51,0.0,51.0,0.0,40.800000000000004,2.0,33.04705882352941,20.0,9.884313725490196,17.0,27.2,44.0,88.48039215686275,12.009803921568627,262.421568627451
8791,9.0,49,2.0,53.08163265306123,3.0,44.14693877551021,0.0,29.4,42.0,16.900000000000002,24.0,32.6265306122449,52.0,104.09183673469387,21.591836734693878,301.8387755102041
8793,9.0,15,0.0,15.0,1.0,13.653333333333334,0.0,9.0,0.0,1.5,4.0,7.22,1.0,8.533333333333333,4.033333333333333,58.94
8811,9.0,33,5.0,43.75757575757576,1.0,28.024242424242427,0.0,19.8,21.0,8.836363636363636,29.0,34.945454545454545,31.0,62.06060606060606,14.56060606060606,211.98484848484847
8815,9.0,4,0.0,4.0,0.0,3.2,0.0,2.4,0.0,0.4,1.0,1.875,0.0,2.0,0.5,14.375
8817,9.0,19,0.0,19.0,3.0,20.378947368421052,1.0,12.631578947368421,8.0,3.8368421052631585,4.0,8.352631578947367,10.0,22.13157894736842,3.1842105263157894,89.51578947368422
8820,9.0,1,0.0,1.0,0.0,0.8,0.0,0.6,1.0,0.4,1.0,1.2,0.0,0.5,0.5,5.0
8827,9.0,16,0.0,16.0,0.0,12.8,3.0,13.5375,8.0,3.6,4.0,7.5,18.0,36.125,13.78125,103.34375
8828,9.0,32,3.0,38.28125,2.0,28.900000000000002,3.0,22.96875,30.0,12.012500000000001,20.0,25.349999999999998,18.0,39.0625,37.515625,204.090625
8844,9.0,1,0.0,1.0,0.0,0.8,0.0,0.6,0.0,0.1,0.0,0.3,0.0,0.5,0.5,3.8
8867,9.0,51,11.0,75.37254901960785,8.0,54.60392156862745,3.0,34.305882352941175,101.0,45.30196078431373,118.0,168.00588235294117,78.0,163.14705882352942,30.745098039215687,571.4823529411765
8869,9.0,44,1.0,46.02272727272727,1.0,36.81818181818182,1.0,27.613636363636363,52.0,20.94545454545455,33.0,40.425,29.0,60.55681818181818,19.102272727272727,251.4840909090909
8871,9.0,1,0.0,1.0,0.0,0.8,0.0,0.6,0.0,0.1,0.0,0.3,0.0,0.5,0.5,3.8
8872,9.0,35,1.0,37.02857142857143,4.0,34.76571428571429,1.0,22.217142857142857,14.0,6.859999999999999,13.0,19.748571428571427,15.0,35.714285714285715,0.5142857142857142,156.84857142857143
8875,9.0,7,0.0,7.0,1.0,7.314285714285714,0.0,4.2,1.0,0.9142857142857143,5.0,6.171428571428572,4.0,8.642857142857142,1.1428571428571428,35.385714285714286
8878,9.0,25,3.0,31.36,2.0,23.328000000000003,0.0,15.0,44.0,19.044,31.0,37.632,19.0,38.72,23.12,188.204
8882,9.0,41,3.0,47.21951219512195,5.0,41.28780487804878,3.0,28.33170731707317,65.0,27.40487804878049,58.0,71.71463414634147,39.0,78.04878048780488,36.890243902439025,330.89756097560974
8883,9.0,44,4.0,52.36363636363637,3.0,40.163636363636364,1.0,27.613636363636363,53.0,21.38409090909091,33.0,40.425,46.0,92.04545454545455,8.909090909090908,282.9045454545455
8884,9.0,39,1.0,41.02564102564103,1.0,32.820512820512825,2.0,25.861538461538462,31.0,12.564102564102564,33.0,39.87692307692308,46.0,92.62820512820512,2.8846153846153846,247.66153846153847
8890,9.0,9,1.0,11.11111111111111,1.0,8.88888888888889,2.0,8.066666666666666,7.0,2.8444444444444446,9.0,10.799999999999999,1.0,5.555555555555555,8.0,55.266666666666666
8891,9.0,1,0.0,1.0,0.0,0.8,0.0,0.6,0.0,0.1,0.0,0.3,0.0,0.5,0.5,3.8
8895,9.0,14,2.0,18.285714285714285,0.0,11.200000000000001,0.0,8.4,8.0,3.4571428571428573,8.0,10.37142857142857,4.0,11.571428571428571,0.03571428571428571,63.32142857142856
8898,9.0,60,10.0,81.66666666666667,6.0,58.08,3.0,39.690000000000005,136.0,64.02666666666667,101.0,129.605,67.0,134.40833333333333,0.075,507.5516666666667
8899,9.0,13,1.0,15.076923076923077,1.0,12.061538461538461,1.0,9.046153846153846,11.0,4.430769230769231,9.0,11.16923076923077,5.0,12.461538461538462,13.884615384615385,78.13076923076923
8901,9.0,1,0.0,1.0,0.0,0.8,0.0,0.6,0.0,0.1,0.0,0.3,0.0,0.5,0.5,3.8
8903,9.0,32,1.0,34.03125,2.0,28.900000000000002,0.0,19.2,33.0,13.203125,24.0,29.4,37.0,74.390625,2.25,201.375
8917,9.0,2,0.0,2.0,0.0,1.6,0.0,1.2,0.0,0.2,0.0,0.6,0.0,1.0,1.0,7.6
8928,9.0,37,2.0,41.108108108108105,6.0,39.97837837837838,2.0,24.664864864864864,30.0,12.132432432432433,15.0,21.924324324324324,33.0,66.21621621621621,16.554054054054053,222.57837837837837
8935,9.0,61,3.0,67.14754098360656,1.0,50.41311475409836,3.0,40.28852459016394,39.0,16.393442622950822,28.0,38.955737704918036,31.0,69.37704918032787,10.040983606557377,292.61639344262295
8938,9.0,27,5.0,37.925925925925924,6.0,32.26666666666667,2.0,18.68888888888889,35.0,14.23703703703704,43.0,54.44444444444445,4.0,17.796296296296298,11.574074074074074,186.93333333333337
8942,9.0,26,5.0,36.96153846153846,7.0,33.50769230769231,2.0,18.092307692307692,34.0,13.846153846153847,49.0,64.90384615384615,12.0,27.76923076923077,29.25,224.3307692307692
8949,9.0,8,1.0,10.125,0.0,6.4,1.0,6.075,9.0,3.6125000000000003,10.0,12.15,5.0,10.5625,1.5625,50.4875
8954,9.0,49,4.0,57.326530612244895,5.0,47.608163265306125,0.0,29.4,66.0,26.98979591836735,52.0,62.45510204081632,42.0,84.5,28.663265306122447,336.9428571428571
8966,9.0,5,1.0,7.2,0.0,4.0,0.0,3.0,4.0,1.62,7.0,8.64,2.0,4.9,8.1,37.46
8976,9.0,5,0.0,5.0,0.0,4.0,0.0,3.0,5.0,2.0,0.0,1.5,7.0,14.4,14.4,44.3
8980,9.0,8,0.0,8.0,0.0,6.4,0.0,4.8,5.0,2.1125000000000003,3.0,4.5375,6.0,12.25,12.25,50.35
9008,9.0,1,0.0,1.0,0.0,0.8,0.0,0.6,0.0,0.1,0.0,0.3,0.0,0.5,0.5,3.8
9009,9.0,1,0.0,1.0,0.0,0.8,0.0,0.6,0.0,0.1,0.0,0.3,0.0,0.5,0.5,3.8
9012,9.0,1,0.0,1.0,0.0,0.8,0.0,0.6,0.0,0.1,0.0,0.3,0.0,0.5,0.5,3.8
9030,9.0,49,24.0,108.75510204081633,21.0,80.0,4.0,34.39591836734694,80.0,33.96122448979592,155.0,254.79183673469387,8.0,33.1530612244898,20.663265306122447,565.7204081632652
9032,9.0,20,1.0,22.05,3.0,21.16,1.0,13.23,41.0,18.605,20.0,24.0,25.0,50.625,0.9,150.57000000000002
9037,9.0,2,0.0,2.0,1.0,3.6,0.0,1.2,2.0,0.8,0.0,0.6,0.0,1.0,6.25,15.45
9040,9.0,4,0.0,4.0,0.0,3.2,0.0,2.4,0.0,0.4,0.0,1.2,4.0,8.0,6.125,25.325
9087,9.0,6,3.0,13.5,4.0,13.333333333333336,1.0,4.8999999999999995,15.0,7.3500000000000005,18.0,28.799999999999997,1.0,4.083333333333333,8.333333333333334,80.29999999999998
9088,9.0,1,0.0,1.0,2.0,7.2,0.0,0.6,0.0,0.1,1.0,1.2,1.0,2.0,2.0,14.099999999999998
9095,9.0,5,0.0,5.0,0.0,4.0,0.0,3.0,1.0,0.7200000000000001,1.0,2.16,4.0,8.1,1.6,24.580000000000002
9132,9.0,8,1.0,10.125,0.0,6.4,0.0,4.8,7.0,2.8125,10.0,12.15,3.0,7.5625,4.0,47.85
9281,9.0,1,0.0,1.0,1.0,3.2,0.0,0.6,0.0,0.1,1.0,1.2,2.0,4.5,0.5,11.1
9284,9.0,1,0.0,1.0,0.0,0.8,0.0,0.6,0.0,0.1,0.0,0.3,1.0,2.0,0.0,4.8
9300,9.0,8,1.0,10.125,3.0,12.100000000000001,1.0,6.075,10.0,4.05,10.0,12.15,5.0,10.5625,9.0,64.0625
9321,9.0,23,4.0,31.695652173913043,6.0,29.25217391304348,2.0,16.304347826086957,36.0,15.134782608695653,35.0,43.87826086956522,10.0,23.67391304347826,2.630434782608696,162.5695652173913
9322,9.0,1,0.0,1.0,0.0,0.8,0.0,0.6,0.0,0.1,0.0,0.3,0.0,0.5,0.5,3.8
9325,9.0,2,0.0,2.0,0.0,1.6,0.0,1.2,0.0,0.2,0.0,0.6,0.0,1.0,1.0,7.6
9332,9.0,11,0.0,11.0,2.0,12.290909090909091,1.0,7.8545454545454545,19.0,8.181818181818182,14.0,17.045454545454547,8.0,16.40909090909091,7.681818181818182,80.46363636363637
9336,9.0,1,0.0,1.0,0.0,0.8,0.0,0.6,0.0,0.1,0.0,0.3,0.0,0.5,0.5,3.8
9337,9.0,1,0.0,1.0,0.0,0.8,0.0,0.6,0.0,0.1,0.0,0.3,0.0,0.5,0.5,3.8
9338,9.0,1,0.0,1.0,0.0,0.8,0.0,0.6,0.0,0.1,0.0,0.3,0.0,0.5,0.5,3.8
9340,9.0,19,0.0,19.0,0.0,15.200000000000001,0.0,11.4,19.0,7.6000000000000005,23.0,27.852631578947367,7.0,17.789473684210527,12.736842105263158,111.57894736842104
9347,9.0,1,0.0,1.0,0.0,0.8,0.0,0.6,1.0,0.4,1.0,1.2,1.0,2.0,2.0,8.0
9352,9.0,1,0.0,1.0,0.0,0.8,0.0,0.6,0.0,0.1,2.0,2.6999999999999997,2.0,4.5,0.5,10.2
9354,9.0,1,0.0,1.0,0.0,0.8,0.0,0.6,0.0,0.1,0.0,0.3,1.0,2.0,0.5,5.3
9413,9.0,5,0.0,5.0,0.0,4.0,0.0,3.0,10.0,4.5,6.0,7.26,5.0,10.0,0.9,34.66
9489,9.0,13,0.0,13.0,1.0,12.061538461538461,0.0,7.8,8.0,3.3923076923076922,8.0,10.176923076923076,7.0,15.384615384615385,3.8461538461538463,65.66153846153846
9505,9.0,25,4.0,33.64,0.0,20.0,0.0,15.0,19.0,7.744,13.0,17.328,14.0,30.42,15.68,139.812
9507,9.0,11,3.0,17.818181818181817,1.0,10.472727272727274,1.0,7.8545454545454545,14.0,5.6818181818181825,14.0,17.045454545454547,5.0,11.636363636363637,1.6363636363636365,72.14545454545454
9537,9.0,38,6.0,50.94736842105263,7.0,42.631578947368425,0.0,22.8,53.0,21.792105263157897,65.0,83.75526315789473,21.0,45.80263157894737,6.9605263157894735,274.6894736842105
9560,9.0,36,7.0,51.361111111111114,3.0,33.800000000000004,0.0,21.599999999999998,44.0,17.77777777777778,38.0,45.63333333333333,30.0,60.5,28.125,258.7972222222222
9614,9.0,16,0.0,16.0,0.0,12.8,0.0,9.6,11.0,4.55625,11.0,13.66875,2.0,10.125,3.125,69.875
9630,9.0,4,1.0,6.25,2.0,7.2,0.0,2.4,7.0,3.0250000000000004,13.0,21.675,3.0,6.125,21.125,67.8
9643,9.0,33,8.0,50.93939393939394,4.0,33.18787878787879,2.0,22.272727272727273,45.0,18.436363636363637,53.0,67.23636363636363,16.0,36.378787878787875,1.2272727272727273,229.67878787878786
9648,9.0,45,5.0,55.55555555555556,6.0,46.24,6.0,34.68,58.0,23.575555555555557,50.0,60.16666666666666,22.0,49.87777777777778,37.37777777777778,307.47333333333336
9649,9.0,49,9.0,68.65306122448979,8.0,53.04489795918368,5.0,35.70612244897959,112.0,52.900000000000006,80.0,101.88367346938774,56.0,112.5,73.72448979591837,498.41224489795917
9658,9.0,1,0.0,1.0,0.0,0.8,0.0,0.6,0.0,0.1,0.0,0.3,0.0,0.5,0.5,3.8
9659,9.0,11,6.0,26.272727272727273,1.0,10.472727272727274,1.0,7.8545454545454545,17.0,7.127272727272727,17.0,21.38181818181818,6.0,13.136363636363637,3.6818181818181817,89.92727272727274
9660,9.0,1,0.0,1.0,1.0,3.2,0.0,0.6,5.0,3.6,3.0,4.8,1.0,2.0,4.5,19.7
9662,9.0,24,4.0,32.666666666666664,1.0,20.833333333333336,2.0,16.9,28.0,11.266666666666667,20.0,24.2,12.0,27.0,10.083333333333334,142.95000000000002
9666,9.0,19,0.0,19.0,0.0,15.200000000000001,1.0,12.631578947368421,14.0,5.731578947368422,27.0,33.41052631578947,14.0,28.657894736842106,6.7368421052631575,121.36842105263159
9670,9.0,1,0.0,1.0,0.0,0.8,0.0,0.6,0.0,0.1,0.0,0.3,0.0,0.5,0.5,3.8
9672,9.0,7,1.0,9.142857142857142,0.0,5.6000000000000005,0.0,4.2,4.0,1.7285714285714286,5.0,6.171428571428572,0.0,3.5,2.5714285714285716,32.91428571428571
9681,9.0,33,2.0,37.121212121212125,2.0,29.696969696969703,1.0,21.01818181818182,64.0,28.512121212121215,41.0,49.78181818181818,32.0,64.01515151515152,17.515151515151516,247.66060606060603
9682,9.0,20,1.0,22.05,1.0,17.64,0.0,12.0,28.0,11.520000000000001,27.0,33.135,22.0,44.1,12.1,152.545
9685,9.0,20,8.0,39.2,4.0,23.040000000000003,2.0,14.52,41.0,18.605,53.0,79.93499999999999,4.0,14.4,25.6,215.3
9686,9.0,2,1.0,4.5,0.0,1.6,0.0,1.2,1.0,0.45,4.0,5.3999999999999995,0.0,1.0,4.0,18.15
9689,9.0,2,0.0,2.0,0.0,1.6,0.0,1.2,1.0,0.45,0.0,0.6,0.0,1.0,2.25,9.1
9693,9.0,2,0.0,2.0,0.0,1.6,0.0,1.2,0.0,0.2,0.0,0.6,1.0,2.25,2.25,10.1
9694,9.0,1,0.0,1.0,0.0,0.8,0.0,0.6,0.0,0.1,0.0,0.3,0.0,0.5,0.5,3.8
9788,9.0,1,0.0,1.0,0.0,0.8,0.0,0.6,0.0,0.1,0.0,0.3,0.0,0.5,0.5,3.8
9791,9.0,48,1.0,50.020833333333336,4.0,45.06666666666667,0.0,28.799999999999997,42.0,16.875,23.0,31.506249999999998,23.0,52.510416666666664,7.59375,232.37291666666664
9792,9.0,2,0.0,2.0,0.0,1.6,0.0,1.2,3.0,1.25,0.0,0.6,1.0,2.25,4.0,12.899999999999999
9794,9.0,3,0.0,3.0,0.0,2.4000000000000004,0.0,1.7999999999999998,0.0,0.30000000000000004,1.0,1.5999999999999999,2.0,4.166666666666667,2.6666666666666665,15.933333333333332
9795,9.0,1,0.0,1.0,0.0,0.8,0.0,0.6,0.0,0.1,0.0,0.3,2.0,4.5,8.0,15.3
9796,9.0,4,0.0,4.0,0.0,3.2,0.0,2.4,0.0,0.4,0.0,1.2,1.0,3.125,0.5,14.825
9798,9.0,47,4.0,55.340425531914896,3.0,42.5531914893617,0.0,28.2,39.0,15.736170212765959,32.0,39.83617021276596,29.0,61.4468085106383,14.563829787234043,257.67659574468087
9799,9.0,18,0.0,18.0,0.0,14.4,0.0,10.799999999999999,8.0,3.755555555555556,3.0,7.35,27.0,56.25,0.4444444444444444,110.99999999999999
9800,9.0,19,0.0,19.0,1.0,16.842105263157897,0.0,11.4,14.0,5.731578947368422,6.0,9.868421052631577,24.0,48.6578947368421,8.526315789473685,120.02631578947368
9845,9.0,11,1.0,13.090909090909092,0.0,8.8,0.0,6.6,5.0,2.3272727272727276,6.0,7.881818181818182,3.0,8.909090909090908,1.6363636363636365,49.24545454545454
9848,9.0,4,5.0,20.25,1.0,5.0,1.0,3.75,12.0,6.4,14.0,24.3,1.0,3.125,15.125,77.95
9850,9.0,11,3.0,17.818181818181817,5.0,18.61818181818182,1.0,7.8545454545454545,23.0,10.50909090909091,25.0,35.345454545454544,7.0,14.727272727272727,13.136363636363637,118.00909090909092
9852,9.0,1,0.0,1.0,0.0,0.8,0.0,0.6,0.0,0.1,1.0,1.2,0.0,0.5,4.5,8.7
9853,9.0,1,0.0,1.0,0.0,0.8,0.0,0.6,0.0,0.1,0.0,0.3,0.0,0.5,0.5,3.8
9860,9.0,10,2.0,14.4,3.0,13.52,0.0,6.0,13.0,5.29,17.0,21.87,8.0,16.2,2.45,79.73
9861,9.0,9,0.0,9.0,0.0,7.2,0.0,5.3999999999999995,13.0,5.377777777777778,12.0,14.7,8.0,16.055555555555557,0.8888888888888888,58.62222222222222
9864,9.0,1,0.0,1.0,0.0,0.8,0.0,0.6,0.0,0.1,0.0,0.3,0.0,0.5,0.5,3.8
9867,9.0,1,0.0,1.0,1.0,3.2,0.0,0.6,2.0,0.9,2.0,2.6999999999999997,1.0,2.0,8.0,18.4
10050,9.0,41,1.0,43.02439024390244,5.0,41.28780487804878,0.0,24.599999999999998,30.0,12.295121951219514,20.0,27.22682926829268,47.0,94.4390243902439,2.3902439024390243,245.26341463414633
10051,9.0,33,2.0,37.121212121212125,5.0,35.00606060606061,0.0,19.8,48.0,19.881818181818183,23.0,28.509090909090908,7.0,24.242424242424242,11.878787878787879,176.43939393939394
10053,9.0,33,1.0,35.03030303030303,2.0,29.696969696969703,1.0,21.01818181818182,18.0,7.881818181818182,10.0,16.80909090909091,20.0,42.56060606060606,2.1818181818181817,155.1787878787879
10055,9.0,28,1.0,30.035714285714285,1.0,24.02857142857143,0.0,16.8,17.0,7.232142857142858,8.0,13.885714285714284,17.0,36.160714285714285,5.785714285714286,133.92857142857142
10059,9.0,6,0.0,6.0,0.0,4.800000000000001,0.0,3.5999999999999996,4.0,1.666666666666667,1.0,2.4499999999999997,2.0,5.333333333333333,0.75,24.599999999999998
10062,9.0,12,1.0,14.083333333333334,2.0,13.066666666666666,0.0,7.199999999999999,15.0,6.075,10.0,12.1,3.0,9.375,1.0416666666666667,62.94166666666666
10074,9.0,32,7.0,47.53125,2.0,28.900000000000002,3.0,22.96875,26.0,10.512500000000001,50.0,63.037499999999994,11.0,28.890625,17.015625,218.85625
10077,9.0,5,0.0,5.0,0.0,4.0,0.0,3.0,0.0,0.5,0.0,1.5,2.0,4.9,0.1,19.0
10078,9.0,1,0.0,1.0,0.0,0.8,0.0,0.6,0.0,0.1,0.0,0.3,0.0,0.5,0.5,3.8
10080,9.0,10,0.0,10.0,2.0,11.520000000000001,2.0,8.64,10.0,4.0,5.0,6.75,0.0,5.0,12.8,58.71000000000001
10083,9.0,11,0.0,11.0,1.0,10.472727272727274,0.0,6.6,3.0,1.7818181818181817,0.0,3.3,4.0,10.227272727272727,11.636363636363637,55.018181818181816
10085,9.0,12,4.0,21.333333333333332,4.0,17.066666666666666,0.0,7.199999999999999,27.0,12.675,28.0,40.0,16.0,32.666666666666664,16.666666666666668,147.60833333333332
10087,9.0,29,14.0,63.758620689655174,5.0,31.889655172413793,4.0,22.531034482758617,72.0,35.17586206896552,82.0,127.45862068965518,46.0,96.98275862068965,26.224137931034484,404.0206896551724
10088,9.0,7,0.0,7.0,0.0,5.6000000000000005,1.0,5.485714285714285,7.0,2.8000000000000003,7.0,8.4,2.0,5.785714285714286,4.571428571428571,39.64285714285714
10105,9.0,35,11.0,60.457142857142856,5.0,36.57142857142858,1.0,22.217142857142857,62.0,26.882857142857144,77.0,107.52,11.0,30.228571428571428,10.414285714285715,294.2914285714286
10106,9.0,14,0.0,14.0,1.0,12.85714285714286,0.0,8.4,17.0,6.864285714285714,17.0,20.59285714285714,8.0,17.285714285714285,11.571428571428571,91.57142857142857
10117,9.0,24,1.0,26.041666666666668,0.0,19.200000000000003,3.0,18.224999999999998,20.0,8.066666666666668,12.0,16.2,29.0,58.520833333333336,1.3333333333333333,147.5875
10131,9.0,5,0.0,5.0,1.0,5.760000000000001,1.0,4.32,7.0,2.8800000000000003,3.0,3.84,7.0,14.4,4.9,41.1
10133,9.0,23,1.0,25.043478260869566,1.0,20.034782608695654,0.0,13.799999999999999,12.0,5.326086956521739,5.0,10.226086956521739,9.0,22.26086956521739,0.1956521739130435,96.88695652173914
10135,9.0,12,0.0,12.0,0.0,9.600000000000001,0.0,7.199999999999999,7.0,3.0083333333333333,2.0,4.8999999999999995,8.0,16.666666666666668,1.5,54.875
10136,9.0,6,1.0,8.166666666666666,2.0,8.533333333333333,0.0,3.5999999999999996,14.0,6.666666666666668,16.0,24.2,5.0,10.083333333333334,3.0,64.25
10138,9.0,10,2.0,14.4,3.0,13.52,3.0,10.139999999999999,20.0,9.0,9.0,10.83,7.0,14.45,12.8,85.14
10139,9.0,2,0.0,2.0,1.0,3.6,0.0,1.2,1.0,0.45,2.0,2.4,0.0,1.0,0.25,10.9
10141,9.0,4,0.0,4.0,0.0,3.2,0.0,2.4,0.0,0.4,1.0,1.875,1.0,3.125,3.125,18.125
10145,9.0,27,3.0,33.333333333333336,4.0,28.47407407407408,1.0,17.42222222222222,18.0,7.5,22.0,26.677777777777777,6.0,20.166666666666668,22.685185185185187,156.25925925925927
10146,9.0,10,0.0,10.0,0.0,8.0,0.0,6.0,10.0,4.0,5.0,6.75,7.0,14.45,5.0,54.2
10153,9.0,27,1.0,29.037037037037038,1.0,23.22962962962963,0.0,16.2,21.0,8.533333333333333,27.0,32.4,13.0,29.62962962962963,4.166666666666667,143.19629629629628
10156,9.0,37,1.0,39.027027027027025,8.0,43.78378378378378,1.0,23.416216216216213,35.0,14.01081081081081,23.0,29.189189189189186,19.0,42.37837837837838,40.87837837837838,232.68378378378378
10158,9.0,35,7.0,50.4,6.0,38.42285714285715,4.0,26.07428571428571,32.0,12.825714285714287,37.0,44.434285714285714,31.0,62.22857142857143,58.51428571428571,292.9
10159,9.0,26,0.0,26.0,3.0,25.876923076923077,1.0,16.823076923076922,31.0,12.496153846153847,27.0,32.411538461538456,35.0,71.5576923076923,23.557692307692307,208.72307692307692
10160,9.0,1,0.0,1.0,0.0,0.8,0.0,0.6,0.0,0.1,0.0,0.3,0.0,0.5,0.5,3.8
10164,9.0,1,0.0,1.0,0.0,0.8,0.0,0.6,0.0,0.1,0.0,0.3,0.0,0.5,0.5,3.8
10175,9.0,24,2.0,28.166666666666668,2.0,22.533333333333335,1.0,15.625,21.0,8.4375,22.0,26.45,19.0,38.520833333333336,24.083333333333332,163.8166666666667
10188,9.0,23,1.0,25.043478260869566,4.0,25.356521739130436,0.0,13.799999999999999,14.0,5.952173913043478,12.0,15.978260869565217,23.0,46.0,12.521739130434783,144.65217391304347
10190,9.0,7,0.0,7.0,0.0,5.6000000000000005,0.0,4.2,2.0,1.1571428571428573,3.0,4.285714285714286,7.0,14.0,10.285714285714286,46.52857142857143
10191,9.0,15,5.0,26.666666666666668,1.0,13.653333333333334,3.0,12.96,33.0,15.36,55.0,98.0,10.0,20.833333333333332,9.633333333333333,197.10666666666665
10200,9.0,13,0.0,13.0,3.0,15.753846153846155,3.0,11.815384615384616,18.0,7.392307692307693,12.0,14.423076923076923,16.0,32.34615384615385,26.0,120.73076923076923
10201,9.0,12,0.0,12.0,0.0,9.600000000000001,1.0,8.45,4.0,2.1333333333333333,8.0,10.0,11.0,22.041666666666668,6.0,70.22500000000001
10206,9.0,5,1.0,7.2,1.0,5.760000000000001,1.0,4.32,5.0,2.0,1.0,2.16,5.0,10.0,8.1,39.54
10215,9.0,9,1.0,11.11111111111111,1.0,8.88888888888889,0.0,5.3999999999999995,7.0,2.8444444444444446,9.0,10.799999999999999,4.0,9.38888888888889,9.38888888888889,57.82222222222222
10216,9.0,3,0.0,3.0,0.0,2.4000000000000004,0.0,1.7999999999999998,2.0,0.8333333333333335,2.0,2.5,1.0,2.6666666666666665,0.16666666666666666,13.366666666666665
10219,9.0,10,0.0,10.0,5.0,18.0,1.0,7.26,21.0,9.61,11.0,13.23,8.0,16.2,18.05,92.35
10223,9.0,1,0.0,1.0,0.0,0.8,0.0,0.6,0.0,0.1,0.0,0.3,0.0,0.5,0.5,3.8
10224,9.0,2,0.0,2.0,1.0,3.6,0.0,1.2,6.0,3.2,3.0,3.75,1.0,2.25,16.0,32.0
10229,9.0,32,4.0,40.5,7.0,38.025,1.0,20.41875,23.0,9.453125,45.0,55.584375,20.0,42.25,9.765625,215.99687500000002
10232,9.0,13,2.0,17.307692307692307,2.0,13.846153846153847,0.0,7.8,22.0,9.423076923076923,28.0,38.792307692307695,13.0,26.0,24.03846153846154,137.20769230769233
10235,9.0,9,1.0,11.11111111111111,0.0,7.2,0.0,5.3999999999999995,9.0,3.6,3.0,4.8,3.0,8.0,10.88888888888889,51.0
10240,9.0,9,9.0,36.0,5.0,17.422222222222224,2.0,8.066666666666666,20.0,9.344444444444445,25.0,38.53333333333334,6.0,12.5,22.22222222222222,144.0888888888889
10243,9.0,6,3.0,13.5,1.0,6.533333333333333,4.0,10.0,10.0,4.266666666666667,13.0,18.049999999999997,6.0,12.0,33.333333333333336,97.68333333333334
10249,9.0,16,6.0,30.25,7.0,26.450000000000003,1.0,10.8375,31.0,13.80625,37.0,52.668749999999996,15.0,30.03125,40.5,204.54375000000002
10290,9.0,1,0.0,1.0,0.0,0.8,0.0,0.6,1.0,0.4,0.0,0.3,2.0,4.5,0.0,7.6
10291,9.0,4,0.0,4.0,0.0,3.2,0.0,2.4,5.0,2.025,0.0,1.2,5.0,10.125,0.125,23.075
10298,9.0,21,0.0,21.0,1.0,18.43809523809524,0.0,12.6,30.0,12.385714285714286,8.0,12.014285714285714,9.0,21.428571428571427,30.857142857142858,128.72380952380954
10299,9.0,16,6.0,30.25,2.0,16.2,1.0,10.8375,48.0,25.6,48.0,76.8,16.0,32.0,19.53125,211.21875
10303,9.0,18,0.0,18.0,1.0,16.044444444444448,0.0,10.799999999999999,29.0,12.272222222222224,12.0,15.0,17.0,34.02777777777778,7.111111111111111,113.25555555555556
10305,9.0,16,1.0,18.0625,0.0,12.8,1.0,10.8375,16.0,6.4,18.0,21.675,7.0,16.53125,2.53125,88.8375
10318,9.0,11,0.0,11.0,0.0,8.8,1.0,7.8545454545454545,15.0,6.1454545454545455,4.0,6.136363636363636,9.0,18.181818181818183,11.636363636363637,69.75454545454546
10319,9.0,27,3.0,33.333333333333336,4.0,28.47407407407408,1.0,17.42222222222222,18.0,7.5,13.0,17.77777777777778,16.0,34.24074074074074,16.666666666666668,155.4148148148148
10320,9.0,2,0.0,2.0,2.0,6.4,0.0,1.2,1.0,0.45,5.0,7.35,0.0,1.0,4.0,22.4
10326,9.0,35,2.0,39.114285714285714,5.0,36.57142857142858,2.0,23.468571428571426,42.0,16.94,47.0,57.63428571428572,26.0,53.15714285714286,41.65714285714286,268.54285714285714
10333,9.0,21,3.0,27.428571428571427,3.0,21.942857142857143,7.0,22.400000000000002,36.0,15.471428571428573,50.0,72.0142857142857,22.0,44.023809523809526,14.880952380952381,218.16190476190476
10334,9.0,1,0.0,1.0,0.0,0.8,0.0,0.6,0.0,0.1,0.0,0.3,0.0,0.5,0.5,3.8
10339,9.0,13,0.0,13.0,0.0,10.4,0.0,7.8,4.0,2.223076923076923,6.0,8.330769230769231,16.0,32.34615384615385,2.4615384615384617,76.56153846153846
10341,9.0,5,0.0,5.0,0.0,4.0,0.0,3.0,1.0,0.7200000000000001,0.0,1.5,5.0,10.0,1.6,25.82
10344,9.0,17,1.0,19.058823529411764,1.0,15.247058823529413,0.0,10.2,17.0,6.800000000000001,15.0,18.070588235294117,32.0,70.61764705882354,10.617647058823529,150.61176470588236
10345,9.0,23,1.0,25.043478260869566,2.0,21.73913043478261,2.0,16.304347826086957,45.0,20.104347826086958,17.0,20.8695652173913,33.0,68.17391304347827,40.19565217391305,212.4304347826087
10352,9.0,1,0.0,1.0,0.0,0.8,0.0,0.6,0.0,0.1,0.0,0.3,0.0,0.5,0.5,3.8
10355,9.0,21,0.0,21.0,2.0,20.152380952380952,0.0,12.6,11.0,4.876190476190477,13.0,16.514285714285716,17.0,34.38095238095238,4.666666666666667,114.1904761904762
10361,9.0,13,0.0,13.0,0.0,10.4,1.0,9.046153846153846,9.0,3.7230769230769236,3.0,5.907692307692308,3.0,9.846153846153847,4.653846153846154,56.57692307692308
10363,9.0,1,0.0,1.0,0.0,0.8,0.0,0.6,0.0,0.1,0.0,0.3,0.0,0.5,2.0,5.3
10364,9.0,13,5.0,24.923076923076923,3.0,15.753846153846155,2.0,10.384615384615383,20.0,8.376923076923077,30.0,42.669230769230765,11.0,22.153846153846153,16.96153846153846,141.22307692307692
10365,9.0,4,0.0,4.0,0.0,3.2,0.0,2.4,2.0,0.9,3.0,3.675,9.0,21.125,2.0,37.3
10375,9.0,17,2.0,21.235294117647058,0.0,13.600000000000001,3.0,14.11764705882353,10.0,4.288235294117647,14.0,16.958823529411763,16.0,32.029411764705884,7.529411764705882,109.75882352941177
10376,9.0,1,0.0,1.0,0.0,0.8,0.0,0.6,1.0,0.4,2.0,2.6999999999999997,0.0,0.5,0.0,6.0
10380,9.0,2,0.0,2.0,0.0,1.6,0.0,1.2,2.0,0.8,0.0,0.6,1.0,2.25,6.25,14.7
10386,9.0,16,0.0,16.0,0.0,12.8,1.0,10.8375,28.0,12.100000000000001,36.0,50.699999999999996,10.0,21.125,16.53125,140.09375
10388,9.0,17,0.0,17.0,2.0,16.988235294117647,1.0,11.435294117647059,10.0,4.288235294117647,16.0,19.21764705882353,8.0,18.38235294117647,19.88235294117647,107.19411764705882
10390,9.0,29,1.0,31.03448275862069,2.0,26.51034482758621,1.0,18.620689655172413,27.0,10.813793103448276,17.0,21.889655172413793,22.0,44.8448275862069,36.48275862068966,190.19655172413795
10397,9.0,15,1.0,17.066666666666666,0.0,12.0,1.0,10.24,7.0,3.2266666666666666,8.0,10.58,19.0,38.53333333333333,0.8333333333333334,92.47999999999999
10398,9.0,14,1.0,16.071428571428573,0.0,11.200000000000001,1.0,9.642857142857144,18.0,7.314285714285714,14.0,16.8,3.0,10.321428571428571,0.8928571428571429,72.24285714285715
10399,9.0,2,0.0,2.0,0.0,1.6,0.0,1.2,0.0,0.2,0.0,0.6,0.0,1.0,1.0,7.6
10410,9.0,30,1.0,32.03333333333333,6.0,34.56,1.0,19.22,34.0,13.653333333333334,28.0,33.64,17.0,36.81666666666667,0.6,170.52333333333334
10411,9.0,28,1.0,30.035714285714285,2.0,25.71428571428572,1.0,18.02142857142857,23.0,9.289285714285715,16.0,20.74285714285714,16.0,34.57142857142857,5.160714285714286,143.53571428571428
10412,9.0,18,0.0,18.0,0.0,14.4,0.0,10.799999999999999,20.0,8.022222222222224,11.0,14.016666666666666,11.0,23.36111111111111,0.25,88.85
10418,9.0,1,0.0,1.0,0.0,0.8,0.0,0.6,0.0,0.1,0.0,0.3,0.0,0.5,0.5,3.8
10437,9.0,8,0.0,8.0,1.0,8.1,0.0,4.8,2.0,1.25,5.0,6.3374999999999995,2.0,6.25,1.5625,36.3
10438,9.0,22,0.0,22.0,2.0,20.94545454545455,2.0,15.709090909090909,11.0,4.95,4.0,9.218181818181817,31.0,63.84090909090909,6.568181818181818,143.2318181818182
10439,9.0,12,0.0,12.0,1.0,11.266666666666667,2.0,9.799999999999999,8.0,3.333333333333334,10.0,12.1,6.0,13.5,7.041666666666667,69.04166666666667
10440,9.0,21,1.0,23.047619047619047,0.0,16.8,1.0,13.828571428571427,15.0,6.171428571428572,7.0,11.200000000000001,33.0,69.42857142857143,4.666666666666667,145.14285714285714
10441,9.0,4,0.0,4.0,0.0,3.2,0.0,2.4,0.0,0.4,0.0,1.2,1.0,3.125,3.125,17.45
10442,9.0,20,0.0,20.0,0.0,16.0,0.0,12.0,6.0,3.38,8.0,11.76,9.0,21.025,6.4,90.565
10454,9.0,14,2.0,18.285714285714285,4.0,18.514285714285716,3.0,12.385714285714284,18.0,7.314285714285714,30.0,41.48571428571428,11.0,22.321428571428573,26.035714285714285,146.34285714285713
10457,9.0,10,0.0,10.0,2.0,11.520000000000001,0.0,6.0,8.0,3.24,11.0,13.23,3.0,8.45,7.2,59.640000000000015
10465,9.0,9,0.0,9.0,2.0,10.755555555555556,2.0,8.066666666666666,11.0,4.444444444444445,12.0,14.7,9.0,18.0,8.0,72.96666666666667
10473,9.0,28,2.0,32.142857142857146,3.0,27.457142857142856,1.0,18.02142857142857,21.0,8.575000000000001,23.0,27.86785714285714,18.0,37.785714285714285,41.142857142857146,192.99285714285713
10476,9.0,19,0.0,19.0,1.0,16.842105263157897,3.0,15.284210526315789,17.0,6.821052631578948,24.0,29.19473684210526,11.0,23.68421052631579,30.42105263157895,141.24736842105264
10478,9.0,26,4.0,34.61538461538461,9.0,37.69230769230769,4.0,20.769230769230766,49.0,21.634615384615387,71.0,108.5653846153846,17.0,35.55769230769231,64.6923076923077,323.526923076923
10495,9.0,1,0.0,1.0,0.0,0.8,0.0,0.6,1.0,0.4,1.0,1.2,0.0,0.5,0.5,5.0
10505,9.0,11,1.0,13.090909090909092,1.0,10.472727272727274,0.0,6.6,8.0,3.281818181818182,7.0,8.836363636363636,12.0,24.045454545454547,0.18181818181818182,66.50909090909092
10510,9.0,32,5.0,42.78125,3.0,30.625,2.0,21.675,23.0,9.453125,44.0,54.15,7.0,23.765625,8.265625,190.715625
10516,9.0,12,0.0,12.0,0.0,9.600000000000001,0.0,7.199999999999999,8.0,3.333333333333334,5.0,7.225,9.0,18.375,8.166666666666666,65.9
10519,9.0,1,0.0,1.0,0.0,0.8,1.0,2.4,1.0,0.4,2.0,2.6999999999999997,0.0,0.5,4.5,12.3
10524,9.0,12,0.0,12.0,1.0,11.266666666666667,0.0,7.199999999999999,9.0,3.6750000000000003,14.0,16.9,4.0,10.666666666666666,0.6666666666666666,62.37499999999999
10525,9.0,23,3.0,29.391304347826086,4.0,25.356521739130436,1.0,15.02608695652174,59.0,29.234782608695653,54.0,77.33478260869565,14.0,29.76086956521739,13.58695652173913,219.69130434782608
10526,9.0,1,0.0,1.0,0.0,0.8,0.0,0.6,0.0,0.1,0.0,0.3,0.0,0.5,0.5,3.8
10527,9.0,2,0.0,2.0,0.0,1.6,0.0,1.2,0.0,0.2,1.0,1.3499999999999999,0.0,1.0,0.25,7.6
10542,9.0,23,4.0,31.695652173913043,5.0,27.269565217391307,6.0,21.93913043478261,34.0,14.12608695652174,46.0,62.099999999999994,9.0,22.26086956521739,36.54347826086956,215.93478260869563
10558,9.0,27,0.0,27.0,8.0,36.2962962962963,2.0,18.68888888888889,28.0,11.203703703703704,26.0,31.21111111111111,28.0,56.01851851851852,2.6666666666666665,183.08518518518517
10559,9.0,8,4.0,18.0,0.0,6.4,1.0,6.075,10.0,4.05,19.0,27.3375,4.0,9.0,0.0625,70.925
10636,9.0,10,0.0,10.0,1.0,9.68,0.0,6.0,7.0,2.89,5.0,6.75,4.0,9.8,5.0,50.120000000000005
10638,9.0,5,1.0,7.2,1.0,5.760000000000001,0.0,3.0,4.0,1.62,4.0,4.859999999999999,7.0,14.4,0.9,37.74
10641,9.0,5,0.0,5.0,2.0,7.840000000000001,0.0,3.0,7.0,2.8800000000000003,4.0,4.859999999999999,13.0,32.4,0.9,56.879999999999995
10649,9.0,5,1.0,7.2,0.0,4.0,0.0,3.0,8.0,3.38,6.0,7.26,4.0,8.1,0.9,33.839999999999996
10663,9.0,3,0.0,3.0,0.0,2.4000000000000004,0.0,1.7999999999999998,7.0,3.333333333333334,2.0,2.5,2.0,4.166666666666667,0.16666666666666666,17.36666666666667
10733,9.0,4,0.0,4.0,0.0,3.2,0.0,2.4,0.0,0.4,0.0,1.2,0.0,2.0,2.0,15.2
10735,9.0,1,0.0,1.0,0.0,0.8,0.0,0.6,0.0,0.1,0.0,0.3,0.0,0.5,0.5,3.8
10754,9.0,5,0.0,5.0,0.0,4.0,0.0,3.0,1.0,0.7200000000000001,2.0,2.94,5.0,10.0,22.5,48.16
10759,9.0,4,5.0,20.25,2.0,7.2,0.0,2.4,12.0,6.4,14.0,24.3,5.0,10.125,36.125,106.8
10770,9.0,4,2.0,9.0,2.0,7.2,0.0,2.4,3.0,1.225,4.0,4.8,0.0,2.0,40.5,67.125
10776,9.0,4,1.0,6.25,1.0,5.0,1.0,3.75,7.0,3.0250000000000004,12.0,19.2,2.0,4.5,66.125,107.85
10779,9.0,4,0.0,4.0,2.0,7.2,0.0,2.4,5.0,2.025,3.0,3.675,3.0,6.125,40.5,65.925
10811,9.0,2,0.0,2.0,0.0,1.6,0.0,1.2,0.0,0.2,0.0,0.6,0.0,1.0,1.0,7.6
10812,9.0,2,0.0,2.0,0.0,1.6,0.0,1.2,0.0,0.2,0.0,0.6,0.0,1.0,2.25,8.85
10813,9.0,1,0.0,1.0,0.0,0.8,0.0,0.6,0.0,0.1,0.0,0.3,0.0,0.5,0.5,3.8
10831,9.0,1,0.0,1.0,0.0,0.8,0.0,0.6,0.0,0.1,0.0,0.3,0.0,0.5,0.5,3.8
10886,9.0,25,0.0,25.0,0.0,20.0,0.0,15.0,24.0,9.604000000000001,17.0,21.168,12.0,27.38,0.98,119.13199999999999
10892,9.0,1,0.0,1.0,0.0,0.8,0.0,0.6,0.0,0.1,0.0,0.3,0.0,0.5,0.5,3.8
10897,9.0,4,0.0,4.0,0.0,3.2,0.0,2.4,1.0,0.625,2.0,2.6999999999999997,4.0,8.0,0.0,20.924999999999997
10906,9.0,4,0.0,4.0,0.0,3.2,0.0,2.4,0.0,0.4,2.0,2.6999999999999997,3.0,6.125,2.0,20.825
10922,9.0,16,0.0,16.0,2.0,16.2,1.0,10.8375,36.0,16.900000000000002,19.0,22.96875,10.0,21.125,26.28125,130.3125
10926,9.0,21,8.0,40.04761904761905,1.0,18.43809523809524,2.0,15.114285714285714,62.0,32.804761904761904,69.0,115.71428571428571,21.0,42.0,18.666666666666668,282.7857142857143
10936,9.0,2,0.0,2.0,0.0,1.6,0.0,1.2,3.0,1.25,1.0,1.3499999999999999,1.0,2.25,0.25,9.899999999999999
10940,9.0,12,3.0,18.75,4.0,17.066666666666666,2.0,9.799999999999999,14.0,5.633333333333334,26.0,36.099999999999994,3.0,9.375,18.375,115.1
10941,9.0,32,4.0,40.5,9.0,42.025000000000006,0.0,19.2,49.0,20.503125,41.0,49.959375,29.0,58.140625,39.0625,269.390625
10991,9.0,28,4.0,36.57142857142857,8.0,37.02857142857143,5.0,23.335714285714285,46.0,19.55714285714286,41.0,51.01071428571428,12.0,28.571428571428573,31.5,227.57500000000002
11173,9.0,4,0.0,4.0,0.0,3.2,0.0,2.4,1.0,0.625,1.0,1.875,2.0,4.5,10.125,26.725
11215,9.0,5,0.0,5.0,0.0,4.0,0.0,3.0,0.0,0.5,2.0,2.94,5.0,10.0,8.1,33.54
11221,9.0,5,0.0,5.0,2.0,7.840000000000001,0.0,3.0,1.0,0.7200000000000001,3.0,3.84,4.0,8.1,1.6,30.1
11222,9.0,5,0.0,5.0,0.0,4.0,0.0,3.0,4.0,1.62,3.0,3.84,4.0,8.1,0.4,25.96
11223,9.0,5,0.0,5.0,0.0,4.0,0.0,3.0,2.0,0.9800000000000001,3.0,3.84,6.0,12.1,8.1,37.02
11225,9.0,5,0.0,5.0,1.0,5.760000000000001,1.0,4.32,3.0,1.2800000000000002,3.0,3.84,3.0,6.4,2.5,29.1
11234,9.0,1,0.0,1.0,0.0,0.8,0.0,0.6,0.0,0.1,1.0,1.2,0.0,0.5,0.0,4.2
11315,9.0,4,0.0,4.0,0.0,3.2,0.0,2.4,1.0,0.625,5.0,6.075,3.0,6.125,1.125,23.55
11326,9.0,4,0.0,4.0,0.0,3.2,0.0,2.4,0.0,0.4,0.0,1.2,6.0,12.5,3.125,26.825
11327,9.0,4,0.0,4.0,0.0,3.2,0.0,2.4,4.0,1.6,1.0,1.875,8.0,18.0,1.125,32.2
11328,9.0,4,0.0,4.0,0.0,3.2,0.0,2.4,3.0,1.225,1.0,1.875,3.0,6.125,0.125,18.95
11355,9.0,15,1.0,17.066666666666666,0.0,12.0,2.0,11.559999999999999,20.0,8.166666666666668,14.0,16.82,12.0,24.3,2.1333333333333333,92.04666666666668
11356,9.0,22,0.0,22.0,1.0,19.236363636363638,1.0,14.427272727272728,27.0,10.913636363636364,17.0,20.740909090909092,30.0,61.45454545454545,7.363636363636363,156.13636363636363
11405,9.0,18,3.0,24.5,1.0,16.044444444444448,0.0,10.799999999999999,17.0,6.805555555555556,12.0,15.0,18.0,36.0,12.25,121.4
11406,9.0,8,1.0,10.125,0.0,6.4,0.0,4.8,11.0,4.5125,7.0,8.4375,4.0,9.0,1.5625,44.8375
11407,9.0,11,3.0,17.818181818181817,3.0,14.254545454545454,0.0,6.6,12.0,4.8090909090909095,22.0,29.7,2.0,7.681818181818182,8.909090909090908,89.77272727272728
11415,9.0,21,0.0,21.0,1.0,18.43809523809524,1.0,13.828571428571427,19.0,7.6190476190476195,9.0,12.857142857142856,22.0,44.023809523809526,2.880952380952381,120.64761904761906
11438,9.0,8,2.0,12.5,0.0,6.4,1.0,6.075,16.0,7.2,23.0,36.0375,8.0,16.0,5.0625,89.275
11439,9.0,6,1.0,8.166666666666666,2.0,8.533333333333333,0.0,3.5999999999999996,5.0,2.016666666666667,12.0,16.2,3.0,6.75,4.083333333333333,49.35
11445,9.0,1,0.0,1.0,0.0,0.8,0.0,0.6,0.0,0.1,0.0,0.3,0.0,0.5,0.0,3.3
11446,9.0,5,0.0,5.0,0.0,4.0,1.0,4.32,6.0,2.42,4.0,4.859999999999999,3.0,6.4,6.4,33.4
11447,9.0,7,2.0,11.571428571428571,0.0,5.6000000000000005,1.0,5.485714285714285,4.0,1.7285714285714286,7.0,8.4,4.0,8.642857142857142,5.785714285714286,47.214285714285715
11450,9.0,6,0.0,6.0,0.0,4.800000000000001,0.0,3.5999999999999996,3.0,1.35,0.0,1.7999999999999998,2.0,5.333333333333333,0.75,23.633333333333333
11451,9.0,17,0.0,17.0,2.0,16.988235294117647,1.0,11.435294117647059,17.0,6.800000000000001,7.0,10.16470588235294,21.0,42.470588235294116,12.970588235294118,117.82941176470587
11454,9.0,15,0.0,15.0,1.0,13.653333333333334,1.0,10.24,8.0,3.526666666666667,6.0,8.819999999999999,5.0,13.333333333333334,20.833333333333332,85.40666666666667
11456,9.0,11,0.0,11.0,1.0,10.472727272727274,0.0,6.6,15.0,6.1454545454545455,6.0,7.881818181818182,10.0,20.045454545454547,6.545454545454546,68.6909090909091
11457,9.0,2,0.0,2.0,0.0,1.6,0.0,1.2,0.0,0.2,0.0,0.6,0.0,1.0,1.0,7.6
11458,9.0,6,0.0,6.0,0.0,4.800000000000001,0.0,3.5999999999999996,4.0,1.666666666666667,6.0,7.199999999999999,2.0,5.333333333333333,0.75,29.349999999999998
11462,9.0,23,1.0,25.043478260869566,0.0,18.400000000000002,0.0,13.799999999999999,15.0,6.278260869565218,10.0,14.204347826086957,23.0,46.0,10.521739130434783,134.24782608695654
11464,9.0,21,6.0,34.714285714285715,5.0,25.752380952380953,1.0,13.828571428571427,49.0,23.333333333333336,54.0,80.35714285714285,9.0,21.428571428571427,30.857142857142858,230.27142857142854
11539,9.0,1,0.0,1.0,0.0,0.8,0.0,0.6,0.0,0.1,0.0,0.3,0.0,0.5,0.5,3.8
11541,9.0,16,0.0,16.0,0.0,12.8,0.0,9.6,22.0,9.025,7.0,9.91875,14.0,28.125,0.28125,85.75
11561,9.0,22,2.0,26.181818181818183,7.0,30.581818181818182,2.0,15.709090909090909,41.0,18.040909090909093,40.0,52.418181818181814,39.0,84.56818181818181,42.02272727272727,269.52272727272725
11587,9.0,5,1.0,7.2,1.0,5.760000000000001,0.0,3.0,4.0,1.62,7.0,8.64,3.0,6.4,1.6,34.220000000000006
11590,9.0,5,1.0,7.2,0.0,4.0,0.0,3.0,2.0,0.9800000000000001,1.0,2.16,3.0,6.4,12.1,35.84
11592,9.0,5,0.0,5.0,0.0,4.0,0.0,3.0,0.0,0.5,0.0,1.5,2.0,4.9,0.4,19.299999999999997
11594,9.0,5,0.0,5.0,0.0,4.0,0.0,3.0,0.0,0.5,0.0,1.5,5.0,10.0,0.9,24.9
11598,9.0,5,0.0,5.0,0.0,4.0,0.0,3.0,2.0,0.9800000000000001,1.0,2.16,4.0,8.1,2.5,25.740000000000002
11603,9.0,5,4.0,16.2,0.0,4.0,0.0,3.0,9.0,3.9200000000000004,7.0,8.64,1.0,3.6,0.4,39.760000000000005
11604,9.0,5,3.0,12.8,2.0,7.840000000000001,0.0,3.0,3.0,1.2800000000000002,9.0,11.76,0.0,2.5,1.6,40.78
11605,9.0,5,0.0,5.0,1.0,5.760000000000001,0.0,3.0,3.0,1.2800000000000002,2.0,2.94,4.0,8.1,2.5,28.580000000000005
11613,9.0,5,4.0,16.2,3.0,10.240000000000002,0.0,3.0,22.0,14.580000000000002,17.0,29.04,1.0,3.6,62.5,139.16
11616,9.0,5,5.0,20.0,3.0,10.240000000000002,2.0,5.88,14.0,7.220000000000001,15.0,24.0,0.0,2.5,108.9,178.74
11617,9.0,4,0.0,4.0,0.0,3.2,0.0,2.4,0.0,0.4,0.0,1.2,0.0,2.0,2.0,15.2
11621,9.0,5,0.0,5.0,1.0,5.760000000000001,0.0,3.0,16.0,8.82,10.0,13.5,1.0,3.6,67.6,107.28
11626,9.0,5,0.0,5.0,0.0,4.0,0.0,3.0,2.0,0.9800000000000001,1.0,2.16,1.0,3.6,84.1,102.84
11628,9.0,4,0.0,4.0,0.0,3.2,0.0,2.4,0.0,0.4,0.0,1.2,0.0,2.0,2.0,15.2
11630,9.0,7,0.0,7.0,1.0,7.314285714285714,1.0,5.485714285714285,5.0,2.0571428571428574,0.0,2.1,2.0,5.785714285714286,10.285714285714286,40.028571428571425
11637,9.0,6,3.0,13.5,0.0,4.800000000000001,0.0,3.5999999999999996,8.0,3.2666666666666666,9.0,11.25,7.0,14.083333333333334,1.3333333333333333,51.833333333333336
11638,9.0,1,0.0,1.0,0.0,0.8,0.0,0.6,0.0,0.1,0.0,0.3,1.0,2.0,2.0,6.8
11640,9.0,4,0.0,4.0,0.0,3.2,0.0,2.4,4.0,1.6,1.0,1.875,0.0,2.0,2.0,17.075
11645,9.0,1,0.0,1.0,0.0,0.8,0.0,0.6,0.0,0.1,0.0,0.3,0.0,0.5,0.0,3.3
11649,9.0,6,0.0,6.0,1.0,6.533333333333333,0.0,3.5999999999999996,5.0,2.016666666666667,7.0,8.45,6.0,12.0,2.0833333333333335,40.68333333333333
11650,9.0,4,0.0,4.0,1.0,5.0,1.0,3.75,1.0,0.625,2.0,2.6999999999999997,2.0,4.5,0.125,20.7
11651,9.0,9,0.0,9.0,0.0,7.2,1.0,6.666666666666666,11.0,4.444444444444445,3.0,4.8,5.0,10.88888888888889,0.8888888888888888,43.888888888888886
11652,9.0,5,0.0,5.0,0.0,4.0,0.0,3.0,10.0,4.5,12.0,17.34,0.0,2.5,0.4,36.74
11653,9.0,9,0.0,9.0,0.0,7.2,0.0,5.3999999999999995,10.0,4.011111111111112,4.0,5.633333333333334,5.0,10.88888888888889,1.3888888888888888,43.52222222222222
11659,9.0,1,0.0,1.0,0.0,0.8,0.0,0.6,0.0,0.1,0.0,0.3,0.0,0.5,0.5,3.8
11660,9.0,5,0.0,5.0,0.0,4.0,0.0,3.0,2.0,0.9800000000000001,2.0,2.94,2.0,4.9,0.4,21.22
11664,9.0,3,0.0,3.0,0.0,2.4000000000000004,0.0,1.7999999999999998,5.0,2.1333333333333333,11.0,19.599999999999998,3.0,6.0,13.5,48.43333333333333
11666,9.0,5,0.0,5.0,0.0,4.0,1.0,4.32,5.0,2.0,4.0,4.859999999999999,2.0,4.9,0.1,25.18
11667,9.0,4,0.0,4.0,0.0,3.2,0.0,2.4,3.0,1.225,2.0,2.6999999999999997,0.0,2.0,0.125,15.649999999999999
11668,9.0,6,0.0,6.0,0.0,4.800000000000001,2.0,6.3999999999999995,2.0,1.0666666666666667,3.0,4.05,0.0,3.0,0.75,26.066666666666666
11677,9.0,7,0.0,7.0,0.0,5.6000000000000005,0.0,4.2,3.0,1.4285714285714288,4.0,5.185714285714285,9.0,18.285714285714285,2.5714285714285716,44.271428571428565
11680,9.0,8,2.0,12.5,3.0,12.100000000000001,0.0,4.8,12.0,5.0,8.0,9.6,4.0,9.0,16.0,69.0
11682,9.0,7,0.0,7.0,0.0,5.6000000000000005,0.0,4.2,16.0,7.557142857142857,11.0,13.885714285714284,9.0,18.285714285714285,0.6428571428571429,57.17142857142857
11685,9.0,5,0.0,5.0,0.0,4.0,0.0,3.0,3.0,1.2800000000000002,1.0,2.16,1.0,3.6,2.5,21.540000000000003
11687,9.0,1,1.0,4.0,0.0,0.8,0.0,0.6,2.0,0.9,1.0,1.2,0.0,0.5,2.0,10.0
11689,9.0,6,0.0,6.0,1.0,6.533333333333333,0.0,3.5999999999999996,4.0,1.666666666666667,3.0,4.05,10.0,21.333333333333332,1.3333333333333333,44.51666666666667
11693,9.0,4,1.0,6.25,0.0,3.2,0.0,2.4,5.0,2.025,4.0,4.8,1.0,3.125,1.125,22.925
11698,9.0,2,0.0,2.0,0.0,1.6,0.0,1.2,0.0,0.2,0.0,0.6,0.0,1.0,1.0,7.6
11701,9.0,6,0.0,6.0,0.0,4.800000000000001,0.0,3.5999999999999996,8.0,3.2666666666666666,1.0,2.4499999999999997,8.0,16.333333333333332,18.75,55.2
11704,9.0,7,0.0,7.0,0.0,5.6000000000000005,0.0,4.2,4.0,1.7285714285714286,1.0,2.7428571428571424,13.0,28.571428571428573,1.1428571428571428,50.98571428571429
11708,9.0,2,1.0,4.5,0.0,1.6,0.0,1.2,2.0,0.8,4.0,5.3999999999999995,1.0,2.25,1.0,16.75
11709,9.0,5,0.0,5.0,0.0,4.0,0.0,3.0,15.0,8.0,10.0,13.5,3.0,6.4,0.9,40.8
11710,9.0,8,2.0,12.5,2.0,10.0,2.0,7.5,19.0,9.1125,25.0,40.8375,15.0,33.0625,1.5625,114.57499999999999
11711,9.0,7,1.0,9.142857142857142,0.0,5.6000000000000005,0.0,4.2,9.0,3.657142857142857,5.0,6.171428571428572,4.0,8.642857142857142,0.6428571428571429,38.05714285714286
11712,9.0,7,1.0,9.142857142857142,1.0,7.314285714285714,0.0,4.2,10.0,4.128571428571429,5.0,6.171428571428572,10.0,20.642857142857142,8.642857142857142,60.24285714285713
11726,9.0,10,0.0,10.0,0.0,8.0,0.0,6.0,9.0,3.6100000000000003,4.0,5.88,5.0,11.25,0.8,45.54
11730,9.0,4,0.0,4.0,0.0,3.2,0.0,2.4,1.0,0.625,2.0,2.6999999999999997,1.0,3.125,1.125,17.174999999999997
11732,9.0,11,3.0,17.818181818181817,1.0,10.472727272727274,0.0,6.6,11.0,4.4,12.0,14.427272727272728,14.0,28.40909090909091,13.136363636363637,95.26363636363637
11734,9.0,5,0.0,5.0,0.0,4.0,0.0,3.0,8.0,3.38,5.0,6.0,1.0,3.6,4.9,29.880000000000003
11737,9.0,9,1.0,11.11111111111111,1.0,8.88888888888889,0.0,5.3999999999999995,8.0,3.2111111111111117,7.0,8.533333333333333,11.0,22.22222222222222,12.5,71.86666666666667
11738,9.0,9,2.0,13.444444444444445,1.0,8.88888888888889,1.0,6.666666666666666,19.0,8.711111111111112,10.0,12.033333333333333,8.0,16.055555555555557,20.055555555555557,85.85555555555555
11744,9.0,8,0.0,8.0,0.0,6.4,0.0,4.8,6.0,2.45,4.0,5.3999999999999995,4.0,9.0,14.0625,50.1125
11745,9.0,7,1.0,9.142857142857142,0.0,5.6000000000000005,0.0,4.2,3.0,1.4285714285714288,5.0,6.171428571428572,0.0,3.5,12.071428571428571,42.114285714285714
11747,9.0,5,0.0,5.0,1.0,5.760000000000001,0.0,3.0,3.0,1.2800000000000002,0.0,1.5,0.0,2.5,1.6,20.640000000000004
11751,9.0,11,3.0,17.818181818181817,0.0,8.8,2.0,9.218181818181817,22.0,9.9,15.0,18.436363636363634,7.0,14.727272727272727,14.727272727272727,93.62727272727273
11760,9.0,10,4.0,19.6,0.0,8.0,0.0,6.0,18.0,7.840000000000001,12.0,14.52,6.0,12.8,0.05,68.81
11764,9.0,2,2.0,8.0,2.0,6.4,1.0,2.6999999999999997,4.0,1.8,13.0,33.75,1.0,2.25,16.0,70.9
11765,9.0,6,0.0,6.0,1.0,6.533333333333333,2.0,6.3999999999999995,12.0,5.4,11.0,14.45,3.0,6.75,14.083333333333334,59.61666666666667
11769,9.0,7,0.0,7.0,0.0,5.6000000000000005,0.0,4.2,8.0,3.214285714285715,2.0,3.471428571428571,14.0,31.5,0.0,54.98571428571429
11770,9.0,1,0.0,1.0,0.0,0.8,0.0,0.6,0.0,0.1,0.0,0.3,1.0,2.0,0.5,5.3
11771,9.0,5,0.0,5.0,0.0,4.0,0.0,3.0,0.0,0.5,0.0,1.5,2.0,4.9,0.4,19.299999999999997
11773,9.0,4,0.0,4.0,0.0,3.2,0.0,2.4,1.0,0.625,0.0,1.2,1.0,3.125,2.0,16.549999999999997
11774,9.0,6,0.0,6.0,0.0,4.800000000000001,1.0,4.8999999999999995,5.0,2.016666666666667,1.0,2.4499999999999997,9.0,18.75,0.0,38.916666666666664
11775,9.0,10,0.0,10.0,0.0,8.0,0.0,6.0,4.0,1.9600000000000002,4.0,5.88,13.0,26.45,0.45,58.74
11776,9.0,2,0.0,2.0,0.0,1.6,0.0,1.2,1.0,0.45,0.0,0.6,2.0,4.0,0.25,10.1
11777,9.0,4,0.0,4.0,0.0,3.2,0.0,2.4,0.0,0.4,0.0,1.2,2.0,4.5,0.5,16.2
11778,9.0,4,0.0,4.0,0.0,3.2,0.0,2.4,2.0,0.9,0.0,1.2,1.0,3.125,0.125,14.95
11780,9.0,7,0.0,7.0,0.0,5.6000000000000005,0.0,4.2,6.0,2.4142857142857146,6.0,7.242857142857142,1.0,4.571428571428571,0.6428571428571429,31.671428571428567
11793,9.0,5,0.0,5.0,0.0,4.0,0.0,3.0,3.0,1.2800000000000002,0.0,1.5,8.0,16.9,0.4,32.08
11798,9.0,5,1.0,7.2,0.0,4.0,1.0,4.32,9.0,3.9200000000000004,6.0,7.26,2.0,4.9,0.4,32.0
11805,9.0,7,0.0,7.0,0.0,5.6000000000000005,0.0,4.2,1.0,0.9142857142857143,1.0,2.7428571428571424,3.0,7.142857142857143,0.6428571428571429,28.242857142857144
11808,9.0,6,3.0,13.5,1.0,6.533333333333333,4.0,10.0,14.0,6.666666666666668,24.0,45.0,14.0,33.333333333333336,16.333333333333332,131.36666666666667
11817,9.0,12,2.0,16.333333333333332,2.0,13.066666666666666,3.0,11.25,27.0,12.675,23.0,30.624999999999996,12.0,24.0,40.041666666666664,147.99166666666667
11821,9.0,6,13.0,60.166666666666664,3.0,10.8,2.0,6.3999999999999995,24.0,15.0,55.0,186.04999999999998,0.0,3.0,40.333333333333336,321.74999999999994
11826,9.0,4,5.0,20.25,2.0,7.2,2.0,5.3999999999999995,8.0,3.6,20.0,43.199999999999996,3.0,6.125,21.125,106.9
11828,9.0,1,0.0,1.0,0.0,0.8,0.0,0.6,1.0,0.4,1.0,1.2,1.0,2.0,0.5,6.5
11838,9.0,2,1.0,4.5,0.0,1.6,0.0,1.2,2.0,0.8,2.0,2.4,2.0,4.0,1.0,15.5
11840,9.0,3,4.0,16.333333333333332,0.0,2.4000000000000004,0.0,1.7999999999999998,9.0,4.800000000000001,13.0,25.599999999999998,4.0,8.166666666666666,20.166666666666668,79.26666666666667
11841,9.0,4,0.0,4.0,0.0,3.2,0.0,2.4,4.0,1.6,0.0,1.2,3.0,6.125,2.0,20.525
11842,9.0,3,0.0,3.0,0.0,2.4000000000000004,0.0,1.7999999999999998,1.0,0.5333333333333333,7.0,10.0,0.0,1.5,1.5,20.733333333333334
11843,9.0,3,0.0,3.0,0.0,2.4000000000000004,0.0,1.7999999999999998,2.0,0.8333333333333335,1.0,1.5999999999999999,1.0,2.6666666666666665,1.5,13.799999999999999
11844,9.0,5,2.0,9.8,1.0,5.760000000000001,0.0,3.0,5.0,2.0,11.0,15.36,0.0,2.5,3.6,42.02
11845,9.0,3,0.0,3.0,0.0,2.4000000000000004,0.0,1.7999999999999998,2.0,0.8333333333333335,3.0,3.5999999999999996,1.0,2.6666666666666665,0.16666666666666666,14.466666666666665
11847,9.0,2,0.0,2.0,0.0,1.6,0.0,1.2,0.0,0.2,1.0,1.3499999999999999,0.0,1.0,0.25,7.6
11848,9.0,2,1.0,4.5,0.0,1.6,0.0,1.2,0.0,0.2,4.0,5.3999999999999995,1.0,2.25,0.0,15.149999999999999
11850,9.0,2,0.0,2.0,0.0,1.6,0.0,1.2,0.0,0.2,1.0,1.3499999999999999,4.0,9.0,0.25,15.6
11852,9.0,3,5.0,21.333333333333332,3.0,9.600000000000001,1.0,3.1999999999999997,10.0,5.633333333333334,26.0,84.1,0.0,1.5,2.6666666666666665,128.03333333333333
11861,9.0,4,0.0,4.0,0.0,3.2,0.0,2.4,3.0,1.225,1.0,1.875,5.0,10.125,1.125,23.95
11866,9.0,5,0.0,5.0,0.0,4.0,0.0,3.0,6.0,2.42,4.0,4.859999999999999,7.0,14.4,2.5,36.18
11878,9.0,5,1.0,7.2,0.0,4.0,0.0,3.0,7.0,2.8800000000000003,7.0,8.64,5.0,10.0,0.1,35.82
11882,9.0,1,0.0,1.0,0.0,0.8,0.0,0.6,4.0,2.5,2.0,2.6999999999999997,1.0,2.0,0.5,10.1
11885,9.0,5,0.0,5.0,0.0,4.0,0.0,3.0,1.0,0.7200000000000001,3.0,3.84,6.0,12.1,1.6,30.260000000000005
11886,9.0,4,0.0,4.0,0.0,3.2,0.0,2.4,0.0,0.4,0.0,1.2,0.0,2.0,1.125,14.325
11887,9.0,4,0.0,4.0,0.0,3.2,0.0,2.4,4.0,1.6,2.0,2.6999999999999997,1.0,3.125,2.0,19.025
11888,9.0,4,0.0,4.0,0.0,3.2,0.0,2.4,6.0,2.5,4.0,4.8,3.0,6.125,3.125,26.15
11889,9.0,3,0.0,3.0,0.0,2.4000000000000004,0.0,1.7999999999999998,0.0,0.30000000000000004,0.0,0.8999999999999999,0.0,1.5,1.5,11.4
11890,9.0,4,0.0,4.0,0.0,3.2,0.0,2.4,0.0,0.4,1.0,1.875,1.0,3.125,2.0,17.0
11891,9.0,5,0.0,5.0,1.0,5.760000000000001,0.0,3.0,2.0,0.9800000000000001,1.0,2.16,3.0,6.4,0.0,23.300000000000004
11892,9.0,5,0.0,5.0,0.0,4.0,0.0,3.0,1.0,0.7200000000000001,1.0,2.16,1.0,3.6,0.0,18.48
11893,9.0,4,0.0,4.0,0.0,3.2,0.0,2.4,0.0,0.4,0.0,1.2,1.0,3.125,0.0,14.325
11900,9.0,4,0.0,4.0,1.0,5.0,1.0,3.75,7.0,3.0250000000000004,3.0,3.675,8.0,18.0,2.0,39.45
11917,9.0,3,1.0,5.333333333333333,0.0,2.4000000000000004,0.0,1.7999999999999998,7.0,3.333333333333334,4.0,4.8999999999999995,1.0,2.6666666666666665,4.166666666666667,24.6
11922,9.0,3,0.0,3.0,2.0,6.666666666666668,0.0,1.7999999999999998,5.0,2.1333333333333333,9.0,14.399999999999999,1.0,2.6666666666666665,4.166666666666667,34.833333333333336
11932,9.0,2,0.0,2.0,0.0,1.6,0.0,1.2,0.0,0.2,0.0,0.6,0.0,1.0,1.0,7.6
11934,9.0,3,0.0,3.0,0.0,2.4000000000000004,0.0,1.7999999999999998,1.0,0.5333333333333333,2.0,2.5,3.0,6.0,8.166666666666666,24.4
11939,9.0,3,4.0,16.333333333333332,2.0,6.666666666666668,0.0,1.7999999999999998,7.0,3.333333333333334,15.0,32.4,3.0,6.0,13.5,80.03333333333333
11940,9.0,1,0.0,1.0,0.0,0.8,0.0,0.6,0.0,0.1,0.0,0.3,0.0,0.5,0.5,3.8
11943,9.0,4,0.0,4.0,0.0,3.2,0.0,2.4,5.0,2.025,2.0,2.6999999999999997,0.0,2.0,3.125,19.45
11944,9.0,4,1.0,6.25,0.0,3.2,0.0,2.4,2.0,0.9,6.0,7.5,0.0,2.0,0.125,22.375
11945,9.0,3,1.0,5.333333333333333,1.0,4.266666666666667,0.0,1.7999999999999998,4.0,1.6333333333333333,4.0,4.8999999999999995,3.0,6.0,1.5,25.43333333333333
11951,9.0,5,0.0,5.0,1.0,5.760000000000001,0.0,3.0,1.0,0.7200000000000001,1.0,2.16,2.0,4.9,1.6,23.14
11953,9.0,5,0.0,5.0,0.0,4.0,0.0,3.0,6.0,2.42,4.0,4.859999999999999,4.0,8.1,3.6,30.980000000000004
11961,9.0,2,0.0,2.0,0.0,1.6,0.0,1.2,0.0,0.2,0.0,0.6,1.0,2.25,0.25,8.1
11968,9.0,5,0.0,5.0,2.0,7.840000000000001,0.0,3.0,6.0,2.42,3.0,3.84,5.0,10.0,2.5,34.599999999999994
11980,9.0,5,0.0,5.0,2.0,7.840000000000001,0.0,3.0,3.0,1.2800000000000002,2.0,2.94,6.0,12.1,0.1,32.260000000000005
11981,9.0,1,0.0,1.0,0.0,0.8,0.0,0.6,0.0,0.1,0.0,0.3,0.0,0.5,0.5,3.8
11982,9.0,2,0.0,2.0,0.0,1.6,0.0,1.2,2.0,0.8,2.0,2.4,5.0,12.25,9.0,29.25
11986,9.0,3,1.0,5.333333333333333,1.0,4.266666666666667,1.0,3.1999999999999997,3.0,1.2000000000000002,5.0,6.3999999999999995,2.0,4.166666666666667,0.6666666666666666,25.233333333333334
11987,9.0,1,0.0,1.0,0.0,0.8,0.0,0.6,0.0,0.1,1.0,1.2,0.0,0.5,2.0,6.2
12002,9.0,4,3.0,12.25,2.0,7.2,0.0,2.4,7.0,3.0250000000000004,11.0,16.875,2.0,4.5,15.125,61.375
12009,9.0,2,0.0,2.0,0.0,1.6,0.0,1.2,0.0,0.2,0.0,0.6,0.0,1.0,0.0,6.6
12017,9.0,4,4.0,16.0,0.0,3.2,0.0,2.4,14.0,8.1,25.0,63.074999999999996,5.0,10.125,6.125,109.02499999999999
12021,9.0,3,0.0,3.0,0.0,2.4000000000000004,0.0,1.7999999999999998,0.0,0.30000000000000004,3.0,3.5999999999999996,1.0,2.6666666666666665,0.6666666666666666,14.433333333333332
12022,9.0,5,0.0,5.0,1.0,5.760000000000001,0.0,3.0,5.0,2.0,4.0,4.859999999999999,3.0,6.4,2.5,29.520000000000003
12023,9.0,2,0.0,2.0,3.0,10.0,0.0,1.2,4.0,1.8,8.0,15.0,1.0,2.25,1.0,33.25
12024,9.0,4,1.0,6.25,1.0,5.0,0.0,2.4,4.0,1.6,6.0,7.5,2.0,4.5,0.0,27.25
12028,9.0,2,0.0,2.0,0.0,1.6,0.0,1.2,0.0,0.2,0.0,0.6,0.0,1.0,6.25,12.85
12030,9.0,5,1.0,7.2,0.0,4.0,0.0,3.0,5.0,2.0,12.0,17.34,1.0,3.6,4.9,42.04
12032,9.0,5,1.0,7.2,2.0,7.840000000000001,0.0,3.0,2.0,0.9800000000000001,1.0,2.16,3.0,6.4,10.0,37.58
12033,9.0,4,0.0,4.0,1.0,5.0,0.0,2.4,3.0,1.225,2.0,2.6999999999999997,2.0,4.5,12.5,32.325
12036,9.0,5,4.0,16.2,0.0,4.0,1.0,4.32,10.0,4.5,10.0,13.5,3.0,6.4,12.1,61.019999999999996
12039,9.0,3,1.0,5.333333333333333,0.0,2.4000000000000004,0.0,1.7999999999999998,4.0,1.6333333333333333,3.0,3.5999999999999996,0.0,1.5,6.0,22.266666666666666
12043,9.0,2,0.0,2.0,0.0,1.6,0.0,1.2,1.0,0.45,0.0,0.6,0.0,1.0,1.0,7.85
12058,9.0,3,0.0,3.0,0.0,2.4000000000000004,0.0,1.7999999999999998,1.0,0.5333333333333333,1.0,1.5999999999999999,0.0,1.5,2.6666666666666665,13.5
12059,9.0,4,1.0,6.25,0.0,3.2,0.0,2.4,9.0,4.2250000000000005,4.0,4.8,3.0,6.125,8.0,35.0
12060,9.0,4,0.0,4.0,1.0,5.0,0.0,2.4,8.0,3.6,5.0,6.075,3.0,6.125,4.5,31.7
12063,9.0,3,0.0,3.0,0.0,2.4000000000000004,0.0,1.7999999999999998,1.0,0.5333333333333333,1.0,1.5999999999999999,1.0,2.6666666666666665,0.16666666666666666,12.166666666666666
12069,9.0,5,0.0,5.0,0.0,4.0,0.0,3.0,2.0,0.9800000000000001,2.0,2.94,3.0,6.4,2.5,24.82
12071,9.0,4,2.0,9.0,0.0,3.2,0.0,2.4,8.0,3.6,6.0,7.5,1.0,3.125,0.125,28.95
12075,9.0,4,0.0,4.0,0.0,3.2,0.0,2.4,10.0,4.9,2.0,2.6999999999999997,7.0,15.125,3.125,35.45
12081,9.0,4,0.0,4.0,1.0,5.0,0.0,2.4,5.0,2.025,3.0,3.675,4.0,8.0,0.125,25.225
12083,9.0,2,0.0,2.0,0.0,1.6,0.0,1.2,2.0,0.8,0.0,0.6,0.0,1.0,0.25,7.449999999999999
12084,9.0,2,1.0,4.5,0.0,1.6,0.0,1.2,2.0,0.8,2.0,2.4,0.0,1.0,0.0,11.5
12088,9.0,5,1.0,7.2,1.0,5.760000000000001,0.0,3.0,12.0,5.78,4.0,4.859999999999999,6.0,12.1,3.6,42.300000000000004
12090,9.0,4,0.0,4.0,1.0,5.0,0.0,2.4,7.0,3.0250000000000004,7.0,9.075,2.0,4.5,0.125,28.125
12092,9.0,3,1.0,5.333333333333333,0.0,2.4000000000000004,1.0,3.1999999999999997,6.0,2.7,3.0,3.5999999999999996,0.0,1.5,6.0,24.733333333333334
1,10.0,78,9.0,97.03846153846153,17.0,92.56410256410257,7.0,55.57692307692307,57.0,23.365384615384617,81.0,97.2346153846154,34.0,80.41025641025641,13.564102564102564,459.7538461538461
3,10.0,39,1.0,41.02564102564103,3.0,36.18461538461539,5.0,29.784615384615385,17.0,8.04102564102564,29.0,35.56923076923077,30.0,61.03846153846154,0.05128205128205128,211.6948717948718
5,10.0,3,0.0,3.0,1.0,4.266666666666667,0.0,1.7999999999999998,3.0,1.2000000000000002,2.0,2.5,2.0,4.166666666666667,0.0,16.933333333333334
10,10.0,6,9.0,37.5,3.0,10.8,1.0,4.8999999999999995,19.0,10.416666666666668,36.0,88.2,3.0,6.75,21.333333333333332,179.9
13,10.0,64,13.0,92.640625,5.0,59.5125,2.0,40.8375,127.0,57.001562500000006,121.0,160.4296875,18.0,52.53125,57.78125,520.734375
14,10.0,4,1.0,6.25,0.0,3.2,0.0,2.4,7.0,3.0250000000000004,13.0,21.675,2.0,4.5,12.5,53.55
18,10.0,12,8.0,33.333333333333336,3.0,15.0,2.0,9.799999999999999,36.0,19.200000000000003,57.0,119.02499999999999,2.0,8.166666666666666,15.041666666666666,219.56666666666666
22,10.0,37,7.0,52.32432432432432,11.0,49.81621621621622,6.0,29.983783783783785,36.0,14.402702702702705,77.0,105.37297297297296,9.0,28.594594594594593,16.554054054054053,297.0486486486486
24,10.0,4,0.0,4.0,0.0,3.2,0.0,2.4,1.0,0.625,0.0,1.2,1.0,3.125,0.5,15.049999999999999
25,10.0,51,22.0,104.49019607843137,15.0,68.32941176470588,2.0,33.04705882352941,86.0,36.80196078431373,142.0,219.11176470588234,8.0,34.127450980392155,3.9215686274509802,499.82941176470587
47,10.0,14,2.0,18.285714285714285,1.0,12.85714285714286,2.0,10.97142857142857,10.0,4.114285714285715,34.0,49.371428571428574,11.0,22.321428571428573,0.5714285714285714,118.49285714285713
49,10.0,61,4.0,69.26229508196721,6.0,58.87213114754098,0.0,36.6,37.0,15.744262295081967,36.0,46.273770491803276,8.0,39.02459016393443,6.426229508196721,272.2032786885246
59,10.0,4,2.0,9.0,1.0,5.0,0.0,2.4,6.0,2.5,13.0,21.675,1.0,3.125,15.125,58.825
62,10.0,42,3.0,48.214285714285715,5.0,42.076190476190476,0.0,25.2,26.0,11.009523809523811,27.0,34.00714285714286,13.0,36.01190476190476,10.011904761904763,206.53095238095239
63,10.0,26,0.0,26.0,1.0,22.430769230769233,1.0,16.823076923076922,17.0,7.111538461538462,22.0,26.584615384615383,3.0,16.173076923076923,0.07692307692307693,115.19999999999999
64,10.0,12,2.0,16.333333333333332,2.0,13.066666666666666,0.0,7.199999999999999,7.0,3.0083333333333333,8.0,10.0,1.0,7.041666666666667,3.375,60.02499999999999
72,10.0,4,2.0,9.0,2.0,7.2,1.0,3.75,5.0,2.025,10.0,14.7,0.0,2.0,1.125,39.8
82,10.0,1,0.0,1.0,0.0,0.8,0.0,0.6,0.0,0.1,1.0,1.2,0.0,0.5,0.0,4.2
83,10.0,86,29.0,153.77906976744185,23.0,110.52093023255814,13.0,68.37906976744185,82.0,32.818604651162794,193.0,271.5383720930232,39.0,90.84302325581395,20.930232558139537,748.8093023255814
85,10.0,20,2.0,24.2,3.0,21.16,4.0,17.28,46.0,21.78,37.0,48.73499999999999,5.0,15.625,2.025,150.805
87,10.0,9,0.0,9.0,0.0,7.2,0.0,5.3999999999999995,6.0,2.5,15.0,19.2,2.0,6.722222222222222,2.0,52.02222222222222
95,10.0,10,1.0,12.1,1.0,9.68,1.0,7.26,14.0,5.760000000000001,17.0,21.87,2.0,7.2,3.2,67.07000000000001
110,10.0,49,20.0,97.16326530612245,9.0,54.922448979591834,4.0,34.39591836734694,87.0,37.74693877551021,144.0,228.0551020408163,8.0,33.1530612244898,15.520408163265307,500.95714285714286
114,10.0,42,10.0,64.38095238095238,9.0,49.542857142857144,3.0,28.928571428571427,49.0,19.71666666666667,97.0,138.00714285714284,3.0,24.107142857142858,11.44047619047619,336.1238095238095
115,10.0,62,7.0,76.79032258064517,8.0,63.225806451612904,1.0,38.409677419354836,39.0,16.453225806451613,70.0,84.30967741935484,17.0,50.33064516129032,18.580645161290324,348.09999999999997
117,10.0,59,19.0,103.11864406779661,7.0,59.06440677966103,3.0,39.09152542372881,68.0,27.33728813559322,116.0,155.72033898305082,15.0,46.40677966101695,39.186440677966104,469.9254237288136
120,10.0,23,19.0,76.69565217391305,6.0,29.25217391304348,3.0,17.63478260869565,62.0,31.41304347826087,96.0,184.7086956521739,1.0,12.521739130434783,26.630434782608695,378.85652173913047
121,10.0,62,20.0,108.45161290322581,14.0,74.52903225806452,7.0,46.0741935483871,84.0,34.380645161290325,128.0,174.6774193548387,27.0,63.87903225806452,12.266129032258064,514.258064516129
125,10.0,61,6.0,73.59016393442623,9.0,64.26229508196722,4.0,41.557377049180324,55.0,22.059016393442626,75.0,90.9639344262295,20.0,53.778688524590166,33.57377049180328,379.7852459016393
128,10.0,2,0.0,2.0,0.0,1.6,0.0,1.2,1.0,0.45,3.0,3.75,0.0,1.0,2.25,12.25
137,10.0,12,4.0,21.333333333333332,2.0,13.066666666666666,0.0,7.199999999999999,20.0,8.533333333333333,25.0,34.224999999999994,0.0,6.0,8.166666666666666,98.52499999999999
139,10.0,33,17.0,75.75757575757575,8.0,40.75151515151515,8.0,30.563636363636363,82.0,40.07575757575758,133.0,250.5090909090909,8.0,25.46969696969697,30.681818181818183,493.8090909090909
142,10.0,21,6.0,34.714285714285715,5.0,25.752380952380953,3.0,16.457142857142856,16.0,6.519047619047619,40.0,53.15714285714286,3.0,13.714285714285714,4.666666666666667,154.9809523809524
147,10.0,5,2.0,9.8,3.0,10.240000000000002,0.0,3.0,15.0,8.0,20.0,37.5,1.0,3.6,10.0,82.14
148,10.0,67,35.0,155.28358208955223,34.0,121.80298507462687,12.0,55.88955223880597,99.0,41.12835820895523,234.0,405.6761194029851,5.0,38.6865671641791,77.64179104477611,896.1089552238806
149,10.0,7,1.0,9.142857142857142,0.0,5.6000000000000005,0.0,4.2,4.0,1.7285714285714286,7.0,8.4,2.0,5.785714285714286,1.7857142857142858,36.64285714285714
150,10.0,52,7.0,66.9423076923077,10.0,59.13846153846154,0.0,31.2,43.0,17.355769230769234,74.0,91.5923076923077,8.0,34.61538461538461,11.115384615384615,311.9596153846154
151,10.0,28,3.0,34.32142857142857,10.0,41.25714285714286,2.0,19.28571428571429,32.0,12.85714285714286,65.0,92.66785714285714,0.0,14.0,4.017857142857143,218.40714285714287
155,10.0,43,9.0,62.883720930232556,6.0,44.66976744186047,5.0,32.14883720930233,65.0,27.12558139534884,65.0,81.37674418604651,24.0,52.19767441860465,15.918604651162791,316.32093023255817
156,10.0,16,0.0,16.0,3.0,18.05,3.0,13.5375,13.0,5.2562500000000005,13.0,15.768749999999999,6.0,15.125,3.78125,87.51875
157,10.0,8,2.0,12.5,1.0,8.1,1.0,6.075,7.0,2.8125,10.0,12.15,2.0,6.25,5.0625,52.95
160,10.0,4,0.0,4.0,0.0,3.2,0.0,2.4,1.0,0.625,2.0,2.6999999999999997,0.0,2.0,0.5,15.424999999999999
161,10.0,29,6.0,42.241379310344826,6.0,33.793103448275865,2.0,19.882758620689657,45.0,18.882758620689653,70.0,101.38965517241378,13.0,30.413793103448278,34.91379310344828,281.51724137931035
164,10.0,10,1.0,12.1,1.0,9.68,1.0,7.26,10.0,4.0,22.0,30.72,1.0,6.05,1.8,71.61
168,10.0,60,26.0,123.26666666666667,17.0,79.05333333333334,10.0,49.0,85.0,35.04166666666667,152.0,224.72,16.0,48.13333333333333,23.408333333333335,582.6233333333333
172,10.0,53,8.0,70.20754716981132,15.0,69.79622641509434,5.0,38.08301886792452,67.0,27.169811320754718,105.0,141.3056603773585,24.0,55.93396226415094,20.839622641509433,423.33584905660376
174,10.0,72,22.0,122.72222222222223,21.0,96.10000000000001,7.0,52.00833333333333,92.0,37.355555555555554,186.0,277.34999999999997,24.0,64.0,15.340277777777779,664.8763888888889
175,10.0,29,6.0,42.241379310344826,2.0,26.51034482758621,3.0,21.186206896551724,36.0,14.568965517241379,54.0,71.26551724137931,4.0,18.775862068965516,24.896551724137932,219.4448275862069
176,10.0,19,1.0,21.05263157894737,4.0,22.273684210526316,0.0,11.4,6.0,3.289473684210526,10.0,13.278947368421052,5.0,15.157894736842104,7.605263157894737,94.05789473684212
180,10.0,33,5.0,43.75757575757576,11.0,46.93333333333334,3.0,23.563636363636363,62.0,27.34848484848485,51.0,64.14545454545454,20.0,42.56060606060606,40.96969696969697,289.27878787878785
182,10.0,6,2.0,10.666666666666666,1.0,6.533333333333333,0.0,3.5999999999999996,11.0,4.816666666666666,16.0,24.2,1.0,4.083333333333333,3.0,56.9
184,10.0,42,14.0,74.66666666666667,14.0,59.73333333333334,9.0,37.15714285714286,33.0,13.392857142857142,83.0,111.60714285714285,9.0,30.964285714285715,26.297619047619047,353.81904761904764
185,10.0,15,2.0,19.266666666666666,0.0,12.0,0.0,9.0,24.0,10.14,20.0,24.5,6.0,14.7,10.8,100.40666666666667
186,10.0,76,10.0,97.3157894736842,13.0,83.37894736842105,6.0,53.084210526315786,41.0,18.01184210526316,89.0,107.46710526315789,13.0,52.11184210526316,23.68421052631579,435.05394736842106
187,10.0,50,5.0,60.5,13.0,63.504,0.0,30.0,46.0,18.432,69.0,84.96600000000001,13.0,39.69,23.04,320.132
190,10.0,52,22.0,105.3076923076923,18.0,75.38461538461539,6.0,38.815384615384616,53.0,21.20192307692308,118.0,166.7307692307692,22.0,52.65384615384615,13.163461538461538,473.25769230769225
193,10.0,18,21.0,84.5,5.0,23.511111111111113,4.0,16.133333333333333,45.0,22.05,98.0,224.26666666666665,3.0,12.25,34.02777777777778,416.7388888888889
194,10.0,59,37.0,156.20338983050848,34.0,117.27457627118645,16.0,57.20338983050848,112.0,49.561016949152545,208.0,362.48644067796613,24.0,58.38135593220339,76.48305084745763,877.5932203389832
198,10.0,7,4.0,17.285714285714285,3.0,11.42857142857143,3.0,8.571428571428571,16.0,7.557142857142857,34.0,72.04285714285714,3.0,7.142857142857143,8.642857142857142,132.67142857142858
203,10.0,57,21.0,106.73684210526316,16.0,74.79298245614035,4.0,39.16842105263157,69.0,27.85263157894737,110.0,146.78421052631577,28.0,63.37719298245614,14.74561403508772,473.4578947368421
204,10.0,21,4.0,29.761904761904763,0.0,16.8,2.0,15.114285714285714,29.0,11.904761904761905,31.0,38.628571428571426,2.0,12.595238095238095,4.023809523809524,128.82857142857142
206,10.0,1,0.0,1.0,0.0,0.8,0.0,0.6,0.0,0.1,1.0,1.2,0.0,0.5,2.0,6.2
208,10.0,62,52.0,209.61290322580646,23.0,93.22580645161291,10.0,50.16774193548387,167.0,84.58225806451614,315.0,687.7209677419355,19.0,52.91129032258065,55.556451612903224,1233.777419354839
209,10.0,38,10.0,60.63157894736842,9.0,46.50526315789474,2.0,25.263157894736842,43.0,17.26578947368421,97.0,143.8815789473684,7.0,26.644736842105264,15.210526315789474,335.40263157894736
214,10.0,17,5.0,28.470588235294116,0.0,13.600000000000001,2.0,12.741176470588234,23.0,9.411764705882353,51.0,81.6,2.0,10.617647058823529,11.764705882352942,168.20588235294116
224,10.0,4,3.0,12.25,4.0,12.8,1.0,3.75,8.0,3.6,24.0,58.8,4.0,8.0,8.0,107.19999999999999
228,10.0,65,14.0,96.01538461538462,12.0,72.9723076923077,3.0,42.683076923076925,76.0,30.58615384615385,101.0,127.18153846153845,6.0,38.776923076923076,24.99230769230769,433.2076923076923
230,10.0,4,1.0,6.25,2.0,7.2,1.0,3.75,2.0,0.9,10.0,14.7,1.0,3.125,0.125,36.05
231,10.0,25,4.0,33.64,5.0,28.8,3.0,18.816,34.0,13.924000000000001,47.0,62.208,8.0,21.78,2.0,181.168
232,10.0,3,0.0,3.0,0.0,2.4000000000000004,1.0,3.1999999999999997,4.0,1.6333333333333333,3.0,3.5999999999999996,2.0,4.166666666666667,0.6666666666666666,18.666666666666668
234,10.0,15,13.0,52.266666666666666,3.0,17.28,0.0,9.0,27.0,11.76,59.0,109.52,1.0,8.533333333333333,5.633333333333334,213.9933333333333
245,10.0,4,0.0,4.0,1.0,5.0,0.0,2.4,7.0,3.0250000000000004,7.0,9.075,0.0,2.0,0.5,26.0
246,10.0,9,4.0,18.77777777777778,0.0,7.2,1.0,6.666666666666666,11.0,4.444444444444445,12.0,14.7,3.0,8.0,2.7222222222222223,62.51111111111111
247,10.0,24,2.0,28.166666666666668,2.0,22.533333333333335,2.0,16.9,25.0,10.004166666666668,32.0,39.199999999999996,2.0,14.083333333333334,1.0208333333333333,131.90833333333333
248,10.0,8,0.0,8.0,2.0,10.0,0.0,4.8,7.0,2.8125,14.0,18.15,3.0,7.5625,1.5625,52.8875
251,10.0,8,4.0,18.0,2.0,10.0,0.0,4.8,16.0,7.2,25.0,40.8375,8.0,16.0,2.25,99.0875
258,10.0,1,0.0,1.0,0.0,0.8,0.0,0.6,2.0,0.9,3.0,4.8,1.0,2.0,4.5,14.6
262,10.0,40,23.0,99.225,9.0,48.02,10.0,37.5,79.0,35.402499999999996,155.0,285.1875,5.0,25.3125,49.6125,580.26
263,10.0,31,8.0,49.064516129032256,2.0,28.10322580645162,1.0,19.819354838709675,22.0,9.061290322580644,32.0,38.409677419354836,5.0,20.903225806451612,10.080645161290322,175.44193548387096
269,10.0,2,1.0,4.5,1.0,3.6,0.0,1.2,3.0,1.25,3.0,3.75,0.0,1.0,1.0,16.299999999999997
272,10.0,9,6.0,25.0,3.0,12.8,0.0,5.3999999999999995,14.0,5.877777777777778,33.0,58.8,7.0,14.222222222222221,18.0,140.1
274,10.0,60,5.0,70.41666666666667,6.0,58.08,5.0,42.25,67.0,26.881666666666668,74.0,89.77999999999999,48.0,97.2,23.408333333333335,408.01666666666665
281,10.0,74,8.0,90.86486486486487,9.0,74.47567567567567,1.0,45.608108108108105,42.0,18.183783783783785,48.0,60.34054054054054,35.0,80.27702702702703,33.108108108108105,402.8581081081081
282,10.0,6,0.0,6.0,0.0,4.800000000000001,0.0,3.5999999999999996,3.0,1.35,8.0,9.799999999999999,2.0,5.333333333333333,0.3333333333333333,31.21666666666666
285,10.0,10,1.0,12.1,3.0,13.52,0.0,6.0,5.0,2.25,12.0,14.52,0.0,5.0,3.2,56.59
288,10.0,87,35.0,171.08045977011494,29.0,123.73333333333333,5.0,58.37241379310345,110.0,44.6080459770115,202.0,288.00344827586207,26.0,73.38505747126437,56.327586206896555,815.5103448275863
289,10.0,15,2.0,19.266666666666666,4.0,19.253333333333334,1.0,10.24,18.0,7.26,34.0,48.019999999999996,2.0,9.633333333333333,9.633333333333333,123.30666666666664
295,10.0,34,8.0,51.88235294117647,4.0,33.976470588235294,1.0,21.61764705882353,41.0,16.544117647058822,81.0,116.69117647058823,6.0,23.529411764705884,1.7794117647058822,266.0205882352941
298,10.0,47,12.0,74.06382978723404,10.0,55.30212765957447,6.0,35.85957446808511,46.0,18.40212765957447,100.0,137.92978723404255,10.0,34.56382978723404,9.574468085106384,365.6957446808511
299,10.0,67,17.0,105.31343283582089,20.0,90.37611940298508,9.0,51.72537313432836,45.0,18.722388059701494,104.0,130.92985074626867,24.0,61.798507462686565,11.940298507462687,470.8059701492537
302,10.0,47,8.0,64.36170212765957,9.0,53.378723404255325,4.0,33.204255319148935,41.0,16.47659574468085,84.0,109.53829787234044,2.0,25.54255319148936,2.0851063829787235,304.58723404255323
305,10.0,45,20.0,93.88888888888889,16.0,66.1511111111111,1.0,28.213333333333335,46.0,18.40222222222222,115.0,170.66666666666666,16.0,41.34444444444444,12.1,430.76666666666665
314,10.0,26,14.0,61.53846153846154,8.0,35.56923076923077,8.0,26.676923076923075,57.0,26.496153846153845,98.0,177.4153846153846,7.0,20.942307692307693,15.076923076923077,363.7153846153846
328,10.0,24,7.0,40.041666666666664,3.0,24.3,2.0,16.9,34.0,14.016666666666666,53.0,74.1125,3.0,15.1875,28.520833333333332,213.07916666666668
333,10.0,42,17.0,82.88095238095238,13.0,57.61904761904762,4.0,30.228571428571428,77.0,33.71666666666667,118.0,182.85714285714286,13.0,36.01190476190476,38.67857142857143,461.9928571428572
334,10.0,58,13.0,86.91379310344827,13.0,69.53103448275861,3.0,38.49310344827587,55.0,22.015517241379314,116.0,156.6,22.0,55.172413793103445,48.491379310344826,477.2172413793103
350,10.0,4,3.0,12.25,3.0,9.8,0.0,2.4,15.0,9.025,18.0,36.3,2.0,4.5,3.125,77.4
354,10.0,5,2.0,9.8,3.0,10.240000000000002,0.0,3.0,10.0,4.5,31.0,77.75999999999999,3.0,6.4,3.6,115.3
360,10.0,40,10.0,62.5,5.0,40.5,2.0,26.46,32.0,12.96,77.0,102.6675,4.0,24.2,10.5125,279.8
364,10.0,10,3.0,16.9,2.0,11.520000000000001,0.0,6.0,8.0,3.24,24.0,34.68,2.0,7.2,3.2,82.74000000000001
365,10.0,1,0.0,1.0,0.0,0.8,0.0,0.6,0.0,0.1,0.0,0.3,0.0,0.5,0.5,3.8
366,10.0,58,21.0,107.60344827586206,15.0,73.50344827586207,5.0,41.05862068965517,67.0,26.939655172413794,111.0,147.72931034482758,4.0,33.13793103448276,22.42241379310345,452.3948275862069
369,10.0,40,16.0,78.4,7.0,44.18000000000001,2.0,26.46,36.0,14.440000000000001,103.0,153.3675,6.0,26.45,13.6125,356.91
376,10.0,6,1.0,8.166666666666666,0.0,4.800000000000001,1.0,4.8999999999999995,6.0,2.4000000000000004,9.0,11.25,0.0,3.0,0.08333333333333333,34.6
377,10.0,13,4.0,22.23076923076923,1.0,12.061538461538461,0.0,7.8,21.0,8.892307692307693,38.0,60.023076923076914,1.0,7.538461538461538,3.1153846153846154,121.66153846153844
378,10.0,66,16.0,101.87878787878788,18.0,85.52727272727273,7.0,48.445454545454545,141.0,64.92272727272727,189.0,295.5681818181818,15.0,49.70454545454545,17.454545454545453,663.5015151515152
380,10.0,27,16.0,68.48148148148148,4.0,28.47407407407408,2.0,18.68888888888889,25.0,10.014814814814816,67.0,98.17777777777776,1.0,14.518518518518519,44.46296296296296,282.81851851851854
387,10.0,63,26.0,125.73015873015873,28.0,105.15555555555557,9.0,49.371428571428574,106.0,45.334920634920636,183.0,288.1714285714286,9.0,41.142857142857146,8.126984126984127,663.0333333333333
388,10.0,39,11.0,64.1025641025641,9.0,47.261538461538464,0.0,23.4,44.0,17.664102564102564,77.0,103.50769230769231,4.0,23.705128205128204,6.782051282051282,286.4230769230769
393,10.0,26,1.0,28.03846153846154,2.0,24.123076923076923,0.0,15.6,15.0,6.465384615384616,30.0,36.184615384615384,7.0,20.942307692307693,0.3076923076923077,131.6615384615385
405,10.0,24,1.0,26.041666666666668,2.0,22.533333333333335,2.0,16.9,15.0,6.3375,24.0,28.799999999999997,2.0,14.083333333333334,2.0833333333333335,116.77916666666665
406,10.0,59,21.0,108.47457627118644,12.0,68.35254237288136,9.0,47.02372881355932,84.0,34.659322033898306,154.0,230.68983050847456,9.0,39.186440677966104,38.04237288135593,566.4288135593221
408,10.0,9,1.0,11.11111111111111,1.0,8.88888888888889,0.0,5.3999999999999995,11.0,4.444444444444445,12.0,14.7,1.0,5.555555555555555,0.2222222222222222,50.322222222222216
409,10.0,15,5.0,26.666666666666668,5.0,21.333333333333336,1.0,10.24,26.0,11.206666666666667,40.0,60.49999999999999,6.0,14.7,14.7,159.34666666666664
410,10.0,60,30.0,135.0,23.0,91.85333333333334,6.0,43.559999999999995,97.0,41.08166666666667,193.0,320.04499999999996,12.0,43.2,64.53333333333333,739.2733333333333
415,10.0,89,18.0,128.64044943820224,26.0,118.87640449438203,6.0,60.842696629213485,76.0,30.58988764044944,153.0,197.4067415730337,23.0,70.47191011235955,59.60112359550562,666.4292134831461
418,10.0,12,3.0,18.75,1.0,11.266666666666667,0.0,7.199999999999999,19.0,8.008333333333333,27.0,38.025,6.0,13.5,4.166666666666667,100.91666666666667
419,10.0,59,11.0,83.05084745762711,14.0,72.25762711864407,6.0,42.96610169491525,63.0,25.2271186440678,96.0,122.16101694915253,53.0,106.30508474576271,31.533898305084747,483.50169491525423
429,10.0,8,0.0,8.0,0.0,6.4,0.0,4.8,8.0,3.2,4.0,5.3999999999999995,0.0,4.0,1.0,32.8
445,10.0,31,9.0,51.61290322580645,3.0,29.83225806451613,2.0,21.07741935483871,48.0,20.13225806451613,90.0,141.68709677419355,20.0,41.95161290322581,7.806451612903226,314.1
448,10.0,12,0.0,12.0,3.0,15.0,1.0,8.45,18.0,7.5,34.0,52.9,1.0,7.041666666666667,0.6666666666666666,103.55833333333334
451,10.0,12,0.0,12.0,0.0,9.600000000000001,2.0,9.799999999999999,15.0,6.075,36.0,57.599999999999994,1.0,7.041666666666667,1.0416666666666667,103.15833333333333
453,10.0,11,3.0,17.818181818181817,4.0,16.363636363636363,1.0,7.8545454545454545,9.0,3.6363636363636367,21.0,27.927272727272726,2.0,7.681818181818182,20.045454545454547,101.32727272727273
459,10.0,3,1.0,5.333333333333333,4.0,13.066666666666666,0.0,1.7999999999999998,0.0,0.30000000000000004,4.0,4.8999999999999995,0.0,1.5,2.6666666666666665,29.566666666666666
460,10.0,68,7.0,82.72058823529412,13.0,77.18823529411765,3.0,44.47941176470588,50.0,20.476470588235294,90.0,110.13529411764706,29.0,69.18382352941177,33.00735294117647,437.19117647058823
461,10.0,17,3.0,23.529411764705884,2.0,16.988235294117647,0.0,10.2,11.0,4.611764705882353,34.0,45.9,4.0,12.970588235294118,3.5588235294117645,117.75882352941176
464,10.0,2,1.0,4.5,1.0,3.6,1.0,2.6999999999999997,3.0,1.25,3.0,3.75,0.0,1.0,12.25,29.049999999999997
465,10.0,1,0.0,1.0,0.0,0.8,0.0,0.6,0.0,0.1,0.0,0.3,0.0,0.5,0.5,3.8
466,10.0,11,2.0,15.363636363636363,1.0,10.472727272727274,0.0,6.6,6.0,2.6272727272727274,10.0,12.027272727272727,0.0,5.5,0.045454545454545456,52.63636363636364
467,10.0,42,21.0,94.5,12.0,55.542857142857144,2.0,27.657142857142855,64.0,26.752380952380953,103.0,150.17857142857142,10.0,32.19047619047619,18.107142857142858,404.9285714285714
474,10.0,49,32.0,133.89795918367346,29.0,99.33061224489796,10.0,42.62448979591837,97.0,43.502040816326534,186.0,338.11224489795916,21.0,50.0,80.8265306122449,788.2938775510205
479,10.0,23,7.0,39.130434782608695,5.0,27.269565217391307,1.0,15.02608695652174,16.0,6.61304347826087,45.0,60.313043478260866,5.0,17.043478260869566,22.26086956521739,187.65652173913043
480,10.0,17,2.0,21.235294117647058,2.0,16.988235294117647,0.0,10.2,13.0,5.294117647058823,21.0,25.48235294117647,5.0,14.235294117647058,5.764705882352941,99.2
482,10.0,21,1.0,23.047619047619047,2.0,20.152380952380952,1.0,13.828571428571427,10.0,4.576190476190476,10.0,13.728571428571428,7.0,18.666666666666668,14.880952380952381,108.8809523809524
485,10.0,22,10.0,46.54545454545455,3.0,22.72727272727273,2.0,15.709090909090909,40.0,17.472727272727273,84.0,153.21818181818182,16.0,32.81818181818182,0.09090909090909091,288.58181818181816
487,10.0,70,40.0,172.85714285714286,15.0,82.57142857142857,4.0,46.93714285714285,124.0,53.76571428571429,236.0,401.29714285714283,13.0,49.207142857142856,34.00714285714286,840.6428571428572
492,10.0,39,9.0,59.07692307692308,5.0,39.712820512820514,5.0,29.784615384615385,44.0,17.664102564102564,67.0,86.43076923076923,7.0,27.128205128205128,5.653846153846154,265.451282051282
499,10.0,51,23.0,107.37254901960785,11.0,60.29803921568628,4.0,35.588235294117645,64.0,25.93137254901961,135.0,203.50588235294117,23.0,53.68627450980392,3.5392156862745097,489.92156862745105
500,10.0,1,0.0,1.0,0.0,0.8,0.0,0.6,0.0,0.1,0.0,0.3,0.0,0.5,2.0,5.3
501,10.0,24,3.0,30.375,2.0,22.533333333333335,2.0,16.9,11.0,5.104166666666667,29.0,35.1125,16.0,33.333333333333336,0.0,143.35833333333335
508,10.0,49,29.0,124.16326530612245,14.0,64.8,3.0,33.11020408163265,29.0,12.416326530612245,137.0,211.81224489795918,8.0,33.1530612244898,41.795918367346935,521.2510204081633
522,10.0,45,14.0,77.35555555555555,19.0,72.81777777777778,5.0,33.333333333333336,61.0,24.96888888888889,107.0,154.02666666666667,21.0,48.4,33.611111111111114,444.5133333333333
526,10.0,28,16.0,69.14285714285714,4.0,29.257142857142856,4.0,21.94285714285714,25.0,10.032142857142858,52.0,68.57142857142857,14.0,31.5,28.571428571428573,259.0178571428571
536,10.0,23,13.0,56.34782608695652,11.0,40.208695652173915,3.0,17.63478260869565,40.0,17.256521739130434,77.0,130.43478260869566,10.0,23.67391304347826,2.630434782608696,288.1869565217391
543,10.0,21,13.0,55.04761904761905,5.0,25.752380952380953,0.0,12.6,15.0,6.171428571428572,67.0,110.62857142857142,14.0,29.166666666666668,12.595238095238095,251.96190476190475
545,10.0,38,6.0,50.94736842105263,2.0,33.684210526315795,1.0,24.01578947368421,53.0,21.792105263157897,71.0,93.79736842105262,13.0,34.223684210526315,2.223684210526316,260.6842105263158
551,10.0,27,12.0,56.333333333333336,3.0,26.66666666666667,0.0,16.2,33.0,13.333333333333336,80.0,127.2111111111111,3.0,16.666666666666668,18.962962962962962,275.3740740740741
557,10.0,25,2.0,29.16,3.0,25.088,1.0,16.224,50.0,22.5,64.0,95.05199999999999,10.0,24.5,7.22,219.744
561,10.0,13,1.0,15.076923076923077,0.0,10.4,0.0,7.8,12.0,4.807692307692308,15.0,18.092307692307692,1.0,7.538461538461538,0.6153846153846154,64.33076923076923
562,10.0,3,0.0,3.0,0.0,2.4000000000000004,0.0,1.7999999999999998,5.0,2.1333333333333333,8.0,12.1,0.0,1.5,0.16666666666666666,23.1
570,10.0,8,1.0,10.125,1.0,8.1,0.0,4.8,6.0,2.45,8.0,9.6,2.0,6.25,0.0625,41.3875
572,10.0,14,1.0,16.071428571428573,2.0,14.628571428571428,1.0,9.642857142857144,11.0,4.464285714285714,17.0,20.59285714285714,1.0,8.035714285714286,12.892857142857142,86.32857142857144
578,10.0,4,0.0,4.0,0.0,3.2,1.0,3.75,7.0,3.0250000000000004,11.0,16.875,0.0,2.0,0.5,33.35
583,10.0,21,7.0,37.333333333333336,4.0,23.80952380952381,2.0,15.114285714285714,41.0,18.304761904761904,57.0,86.91428571428571,8.0,20.023809523809526,6.095238095238095,207.5952380952381
585,10.0,29,2.0,33.13793103448276,4.0,30.041379310344826,0.0,17.4,20.0,8.279310344827586,39.0,47.83448275862069,15.0,33.37931034482759,2.4827586206896552,172.5551724137931
594,10.0,19,6.0,32.89473684210526,3.0,20.378947368421052,0.0,11.4,27.0,11.136842105263158,35.0,46.0421052631579,11.0,23.68421052631579,0.10526315789473684,145.6421052631579
595,10.0,13,0.0,13.0,1.0,12.061538461538461,0.0,7.8,3.0,1.9692307692307693,4.0,6.669230769230769,3.0,9.846153846153847,4.653846153846154,56.0
597,10.0,23,7.0,39.130434782608695,7.0,31.304347826086957,1.0,15.02608695652174,36.0,15.134782608695653,46.0,62.099999999999994,8.0,20.891304347826086,4.891304347826087,188.47826086956525
601,10.0,1,0.0,1.0,0.0,0.8,0.0,0.6,3.0,1.6,6.0,14.7,0.0,0.5,8.0,27.2
607,10.0,6,5.0,20.166666666666668,1.0,6.533333333333333,1.0,4.8999999999999995,9.0,3.75,20.0,33.8,1.0,4.083333333333333,1.3333333333333333,74.56666666666666
610,10.0,30,11.0,56.03333333333333,9.0,40.56,3.0,21.779999999999998,58.0,25.813333333333333,83.0,127.69,9.0,25.35,9.6,306.8266666666667
614,10.0,1,1.0,4.0,0.0,0.8,0.0,0.6,4.0,2.5,3.0,4.8,0.0,0.5,2.0,15.2
624,10.0,5,0.0,5.0,2.0,7.840000000000001,0.0,3.0,7.0,2.8800000000000003,9.0,11.76,0.0,2.5,6.4,39.379999999999995
627,10.0,4,0.0,4.0,0.0,3.2,1.0,3.75,11.0,5.625,6.0,7.5,0.0,2.0,1.125,27.2
646,10.0,58,28.0,127.51724137931035,21.0,86.08275862068966,4.0,39.765517241379314,144.0,70.35172413793104,193.0,325.8672413793103,12.0,42.241379310344826,82.79310344827586,774.6189655172413
648,10.0,49,21.0,100.0,9.0,54.922448979591834,4.0,34.39591836734694,59.0,23.804081632653062,119.0,172.79999999999998,5.0,29.755102040816325,26.540816326530614,442.21836734693875
650,10.0,36,8.0,53.77777777777778,3.0,33.800000000000004,2.0,24.066666666666666,41.0,16.469444444444445,64.0,83.33333333333333,6.0,24.5,6.722222222222222,242.66944444444442
651,10.0,40,12.0,67.6,12.0,54.08,2.0,26.46,59.0,24.5025,90.0,126.75,6.0,26.45,5.5125,331.35499999999996
652,10.0,37,12.0,64.89189189189189,7.0,41.85945945945946,5.0,28.605405405405406,61.0,25.956756756756757,110.0,175.2081081081081,12.0,32.445945945945944,9.85135135135135,378.8189189189189
654,10.0,54,21.0,104.16666666666667,25.0,92.45925925925927,7.0,41.34444444444444,84.0,35.26666666666667,140.0,209.08888888888887,10.0,37.925925925925924,1.5648148148148149,521.8166666666666
657,10.0,53,12.0,79.71698113207547,17.0,73.9622641509434,3.0,35.50188679245283,75.0,30.91320754716981,104.0,139.52264150943395,7.0,33.9622641509434,13.622641509433961,407.2018867924528
662,10.0,52,4.0,60.30769230769231,7.0,53.55384615384616,1.0,32.411538461538456,18.0,9.423076923076923,36.0,44.67692307692308,7.0,33.47115384615385,33.47115384615385,267.31538461538463
671,10.0,111,94.0,378.60360360360363,72.0,241.36216216216218,33.0,112.08648648648648,286.0,141.9900900900901,502.0,1015.5918918918919,12.0,68.14864864864865,128.65315315315314,2086.436036036036
675,10.0,48,10.0,70.08333333333333,13.0,62.016666666666666,12.0,45.0,77.0,32.552083333333336,88.0,115.6,21.0,49.59375,57.041666666666664,431.8875
678,10.0,17,1.0,19.058823529411764,1.0,15.247058823529413,0.0,10.2,21.0,8.494117647058824,9.0,11.929411764705883,6.0,15.558823529411764,10.617647058823529,91.10588235294117
680,10.0,74,47.0,197.85135135135135,47.0,158.28108108108108,12.0,59.96756756756757,144.0,64.22162162162162,293.0,546.0364864864865,13.0,51.141891891891895,64.89189189189189,1142.3918918918919
682,10.0,17,1.0,19.058823529411764,1.0,15.247058823529413,0.0,10.2,7.0,3.3882352941176475,10.0,12.864705882352942,6.0,15.558823529411764,4.235294117647059,80.55294117647058
684,10.0,143,35.0,221.56643356643357,36.0,179.25034965034968,9.0,96.93986013986014,86.0,36.672027972027976,153.0,183.8097902097902,18.0,90.63286713286713,98.68531468531468,907.5566433566433
686,10.0,101,34.0,180.44554455445544,29.0,133.86138613861385,16.0,81.32079207920792,132.0,53.75148514851485,236.0,337.3336633663366,32.0,87.56930693069307,76.11881188118812,950.4009900990098
687,10.0,11,2.0,15.363636363636363,0.0,8.8,1.0,7.8545454545454545,7.0,2.9454545454545453,17.0,21.38181818181818,0.0,5.5,1.6363636363636365,63.48181818181818
688,10.0,13,3.0,19.692307692307693,4.0,17.784615384615385,1.0,9.046153846153846,18.0,7.392307692307693,29.0,40.707692307692305,2.0,8.653846153846153,11.115384615384615,114.3923076923077
689,10.0,57,16.0,93.49122807017544,15.0,72.7578947368421,3.0,37.89473684210526,58.0,23.201754385964914,127.0,178.18947368421053,5.0,33.719298245614034,38.21052631578947,477.46491228070175
690,10.0,2,1.0,4.5,1.0,3.6,0.0,1.2,6.0,3.2,8.0,15.0,1.0,2.25,1.0,30.75
691,10.0,6,0.0,6.0,0.0,4.800000000000001,0.0,3.5999999999999996,0.0,0.6000000000000001,5.0,6.05,0.0,3.0,0.08333333333333333,24.133333333333333
692,10.0,30,4.0,38.53333333333333,3.0,29.04,3.0,21.779999999999998,19.0,8.003333333333334,34.0,40.96,9.0,25.35,13.066666666666666,176.73333333333332
700,10.0,23,16.0,66.1304347826087,16.0,52.90434782608696,2.0,16.304347826086957,50.0,23.169565217391305,99.0,194.13913043478263,5.0,17.043478260869566,46.0,415.69130434782613
701,10.0,28,22.0,89.28571428571429,11.0,43.457142857142856,1.0,18.02142857142857,53.0,23.43214285714286,76.0,115.88571428571427,9.0,24.446428571428573,27.160714285714285,341.68928571428563
704,10.0,6,3.0,13.5,3.0,10.8,0.0,3.5999999999999996,6.0,2.4000000000000004,7.0,8.45,2.0,5.333333333333333,0.75,44.833333333333336
710,10.0,4,0.0,4.0,1.0,5.0,0.0,2.4,3.0,1.225,2.0,2.6999999999999997,0.0,2.0,2.0,19.325
715,10.0,31,5.0,41.806451612903224,14.0,52.25806451612904,6.0,26.496774193548386,23.0,9.406451612903226,42.0,51.57096774193548,9.0,25.806451612903224,43.61290322580645,250.958064516129
717,10.0,2,1.0,4.5,0.0,1.6,0.0,1.2,6.0,3.2,6.0,9.6,0.0,1.0,1.0,22.1
720,10.0,14,4.0,23.142857142857142,4.0,18.514285714285716,3.0,12.385714285714284,25.0,10.864285714285714,50.0,87.77142857142856,6.0,14.285714285714286,8.035714285714286,174.99999999999997
724,10.0,20,7.0,36.45,7.0,29.160000000000004,5.0,18.75,60.0,32.0,80.0,150.0,7.0,18.225,15.625,300.21000000000004
725,10.0,35,13.0,65.82857142857142,7.0,40.32,2.0,23.468571428571426,27.0,10.982857142857142,62.0,80.64857142857143,2.0,19.557142857142857,4.128571428571429,244.93428571428572
727,10.0,60,25.0,120.41666666666667,20.0,85.33333333333334,3.0,39.690000000000005,82.0,33.60666666666667,143.0,206.04500000000002,41.0,85.00833333333334,44.40833333333333,614.5083333333333
733,10.0,56,28.0,126.0,17.0,76.12857142857143,3.0,37.29642857142857,97.0,41.80178571428572,177.0,290.83392857142854,27.0,61.50892857142857,63.0,696.5696428571429
734,10.0,26,12.0,55.53846153846154,9.0,37.69230769230769,4.0,20.769230769230766,64.0,31.153846153846157,100.0,183.1846153846154,7.0,20.942307692307693,15.076923076923077,364.35769230769233
742,10.0,2,1.0,4.5,1.0,3.6,0.0,1.2,1.0,0.45,1.0,1.3499999999999999,0.0,1.0,0.25,12.349999999999998
745,10.0,1,0.0,1.0,1.0,3.2,0.0,0.6,0.0,0.1,0.0,0.3,0.0,0.5,8.0,13.7
746,10.0,35,17.0,77.25714285714285,10.0,46.285714285714285,5.0,27.428571428571427,47.0,19.211428571428574,123.0,213.97714285714287,24.0,49.72857142857143,21.728571428571428,455.61714285714277
747,10.0,6,2.0,10.666666666666666,0.0,4.800000000000001,0.0,3.5999999999999996,4.0,1.666666666666667,9.0,11.25,0.0,3.0,0.75,35.733333333333334
749,10.0,49,36.0,147.44897959183675,17.0,71.11836734693877,7.0,38.4,90.0,39.43061224489796,168.0,288.3,6.0,30.867346938775512,11.795918367346939,627.361224489796
751,10.0,19,5.0,30.31578947368421,2.0,18.568421052631578,3.0,15.284210526315789,25.0,10.189473684210526,27.0,33.41052631578947,5.0,15.157894736842104,0.6578947368421053,123.58421052631579
755,10.0,44,10.0,66.27272727272727,10.0,53.018181818181816,4.0,31.418181818181818,53.0,21.38409090909091,70.0,88.60909090909091,33.0,67.375,45.10227272727273,373.17954545454546
763,10.0,55,26.0,119.2909090909091,28.0,100.20363636363636,7.0,41.93454545454545,64.0,25.74727272727273,129.0,184.66909090909093,10.0,38.40909090909091,67.23636363636363,577.4909090909091
764,10.0,5,5.0,20.0,2.0,7.840000000000001,0.0,3.0,6.0,2.42,16.0,26.46,0.0,2.5,3.6,65.82
767,10.0,24,9.0,45.375,7.0,32.03333333333333,1.0,15.625,20.0,8.066666666666668,33.0,40.6125,2.0,14.083333333333334,17.520833333333332,173.31666666666666
768,10.0,10,11.0,44.1,4.0,15.680000000000001,4.0,11.76,39.0,24.01,62.0,155.51999999999998,4.0,9.8,22.05,282.92
769,10.0,13,3.0,19.692307692307693,0.0,10.4,1.0,9.046153846153846,5.0,2.4923076923076923,13.0,15.6,8.0,16.96153846153846,2.4615384615384617,76.65384615384616
774,10.0,44,6.0,56.81818181818182,4.0,41.8909090909091,2.0,28.854545454545455,27.0,11.456818181818182,52.0,62.836363636363636,3.0,25.102272727272727,10.227272727272727,237.18636363636364
785,10.0,48,8.0,65.33333333333333,13.0,62.016666666666666,4.0,33.8,52.0,20.833333333333336,115.0,166.05625,16.0,42.666666666666664,15.84375,406.55
801,10.0,22,11.0,49.5,5.0,26.509090909090908,2.0,15.709090909090909,38.0,16.363636363636363,60.0,91.69090909090909,4.0,15.363636363636363,31.113636363636363,246.25
805,10.0,29,0.0,29.0,2.0,26.51034482758621,1.0,18.620689655172413,24.0,9.686206896551724,43.0,53.62758620689655,7.0,22.344827586206897,0.8448275862068966,160.63448275862066
806,10.0,56,51.0,204.44642857142858,32.0,110.62857142857143,8.0,43.88571428571428,177.0,96.94464285714287,300.0,678.9428571428572,40.0,82.28571428571429,92.89285714285714,1310.0267857142858
807,10.0,39,7.0,54.256410256410255,2.0,34.48205128205128,3.0,27.138461538461538,44.0,17.664102564102564,75.0,99.96923076923076,43.0,86.2051282051282,0.46153846153846156,320.17692307692306
808,10.0,4,1.0,6.25,0.0,3.2,0.0,2.4,6.0,2.5,13.0,21.675,2.0,4.5,3.125,43.65
813,10.0,52,23.0,108.17307692307692,35.0,116.44615384615386,6.0,38.815384615384616,71.0,29.09423076923077,152.0,240.09230769230766,8.0,34.61538461538461,22.153846153846153,589.3903846153847
814,10.0,25,0.0,25.0,2.0,23.328000000000003,0.0,15.0,13.0,5.776,22.0,26.508,3.0,15.68,2.88,114.172
822,10.0,17,4.0,25.941176470588236,1.0,15.247058823529413,0.0,10.2,22.0,8.947058823529412,28.0,35.73529411764706,3.0,11.764705882352942,2.3823529411764706,110.21764705882352
825,10.0,81,95.0,382.41975308641975,72.0,231.20000000000002,11.0,62.69629629629629,268.0,150.3716049382716,528.0,1373.6333333333332,27.0,72.0,73.3395061728395,2345.6604938271607
830,10.0,67,28.0,134.70149253731344,33.0,119.40298507462688,12.0,55.88955223880597,148.0,68.99253731343283,279.0,536.0417910447761,14.0,48.96268656716418,30.567164179104477,994.5582089552239
832,10.0,60,9.0,79.35,11.0,67.21333333333334,1.0,37.21,33.0,14.415000000000001,74.0,89.77999999999999,18.0,50.7,27.075,365.7433333333333
840,10.0,22,2.0,26.181818181818183,5.0,26.509090909090908,1.0,14.427272727272728,21.0,8.404545454545454,29.0,35.46818181818182,0.0,11.0,0.022727272727272728,122.01363636363635
841,10.0,41,8.0,58.5609756097561,8.0,46.84878048780488,6.0,32.32682926829268,43.0,17.209756097560977,86.0,118.01707317073169,16.0,39.6219512195122,14.097560975609756,326.6829268292683
842,10.0,42,11.0,66.88095238095238,10.0,51.50476190476191,3.0,28.928571428571427,40.0,16.00952380952381,86.0,117.02857142857141,27.0,56.67857142857143,2.011904761904762,339.04285714285714
843,10.0,12,1.0,14.083333333333334,1.0,11.266666666666667,1.0,8.45,7.0,3.0083333333333333,19.0,24.025,8.0,16.666666666666668,1.5,79.0
850,10.0,38,12.0,65.78947368421052,14.0,56.92631578947369,3.0,26.542105263157893,62.0,26.31578947368421,114.0,182.4,4.0,23.210526315789473,19.0,400.18421052631584
851,10.0,6,9.0,37.5,3.0,10.8,0.0,3.5999999999999996,12.0,5.4,25.0,48.05,1.0,4.083333333333333,2.0833333333333335,111.51666666666665
853,10.0,27,4.0,35.592592592592595,10.0,40.56296296296296,5.0,22.755555555555553,30.0,12.033333333333333,49.0,64.17777777777778,7.0,21.40740740740741,14.518518518518519,211.0481481481482
855,10.0,57,16.0,93.49122807017544,17.0,76.8561403508772,3.0,37.89473684210526,48.0,19.342105263157897,123.0,170.52631578947367,10.0,39.37719298245614,56.14035087719298,493.62807017543855
858,10.0,22,5.0,33.13636363636363,5.0,26.509090909090908,1.0,14.427272727272728,21.0,8.404545454545454,38.0,49.090909090909086,7.0,19.113636363636363,24.75,175.4318181818182
859,10.0,23,9.0,44.52173913043478,4.0,25.356521739130436,5.0,20.452173913043477,34.0,14.12608695652174,76.0,127.8391304347826,4.0,15.847826086956522,1.7608695652173914,249.904347826087
863,10.0,32,7.0,47.53125,5.0,34.225,2.0,21.675,66.0,30.012500000000003,60.0,79.35,19.0,40.640625,1.0,254.434375
876,10.0,25,6.0,38.44,3.0,25.088,3.0,18.816,41.0,17.424000000000003,48.0,63.94799999999999,4.0,16.82,9.68,190.216
883,10.0,95,52.0,227.46315789473684,78.0,252.03368421052633,42.0,118.54105263157894,172.0,75.04105263157895,389.0,739.7557894736841,25.0,75.78947368421052,152.10526315789474,1640.7294736842102
886,10.0,24,3.0,30.375,1.0,20.833333333333336,1.0,15.625,25.0,10.004166666666668,43.0,56.1125,12.0,27.0,0.020833333333333332,159.97083333333333
892,10.0,47,35.0,143.06382978723406,41.0,131.8127659574468,12.0,44.43829787234042,114.0,55.15106382978723,175.0,314.5787234042553,3.0,26.595744680851062,108.52127659574468,824.1617021276595
898,10.0,1,1.0,4.0,0.0,0.8,0.0,0.6,1.0,0.4,4.0,7.5,0.0,0.5,0.0,13.8
911,10.0,14,2.0,18.285714285714285,3.0,16.514285714285716,0.0,8.4,14.0,5.6000000000000005,21.0,26.25,1.0,8.035714285714286,2.892857142857143,85.97857142857143
921,10.0,51,12.0,77.82352941176471,34.0,113.33333333333333,17.0,54.4,73.0,30.14901960784314,130.0,192.71176470588236,3.0,28.58823529411765,37.68627450980392,534.692156862745
922,10.0,9,2.0,13.444444444444445,0.0,7.2,1.0,6.666666666666666,3.0,1.6,8.0,9.633333333333335,5.0,10.88888888888889,3.5555555555555554,52.988888888888894
923,10.0,2,1.0,4.5,0.0,1.6,1.0,2.6999999999999997,5.0,2.45,4.0,5.3999999999999995,0.0,1.0,2.25,19.9
924,10.0,5,4.0,16.2,2.0,7.840000000000001,1.0,4.32,8.0,3.38,14.0,21.66,1.0,3.6,2.5,59.5
925,10.0,4,1.0,6.25,0.0,3.2,0.0,2.4,2.0,0.9,3.0,3.675,1.0,3.125,0.5,20.05
926,10.0,1,0.0,1.0,0.0,0.8,0.0,0.6,0.0,0.1,0.0,0.3,0.0,0.5,0.5,3.8
928,10.0,10,0.0,10.0,0.0,8.0,0.0,6.0,5.0,2.25,6.0,7.68,1.0,6.05,4.05,44.029999999999994
929,10.0,15,4.0,24.066666666666666,7.0,25.813333333333333,0.0,9.0,17.0,6.826666666666667,21.0,25.92,4.0,12.033333333333333,8.533333333333333,112.19333333333333
934,10.0,75,33.0,155.52,15.0,86.4,5.0,51.199999999999996,119.0,50.181333333333335,193.0,287.296,50.0,104.16666666666667,38.50666666666667,773.2706666666667
937,10.0,25,6.0,38.44,4.0,26.912000000000003,2.0,17.496,33.0,13.456000000000001,53.0,73.008,0.0,12.5,18.0,199.812
939,10.0,4,0.0,4.0,0.0,3.2,0.0,2.4,3.0,1.225,9.0,12.674999999999999,2.0,4.5,0.5,28.5
948,10.0,23,2.0,27.17391304347826,4.0,25.356521739130436,0.0,13.799999999999999,14.0,5.952173913043478,23.0,27.599999999999998,5.0,17.043478260869566,0.782608695652174,117.7086956521739
949,10.0,16,7.0,33.0625,2.0,16.2,2.0,12.15,35.0,16.25625,48.0,76.8,3.0,11.28125,7.03125,172.78125
950,10.0,12,2.0,16.333333333333332,1.0,11.266666666666667,1.0,8.45,7.0,3.0083333333333333,9.0,11.025,3.0,9.375,10.666666666666666,70.125
951,10.0,47,16.0,84.44680851063829,19.0,74.14468085106384,7.0,37.225531914893615,90.0,39.93404255319149,158.0,268.24468085106383,17.0,43.57446808510638,16.180851063829788,563.7510638297872
952,10.0,2,0.0,2.0,0.0,1.6,0.0,1.2,4.0,1.8,4.0,5.3999999999999995,4.0,9.0,1.0,22.0
953,10.0,35,22.0,92.82857142857142,30.0,96.57142857142857,20.0,51.857142857142854,56.0,23.66,98.0,151.61999999999998,7.0,25.2,93.72857142857143,535.4657142857143
967,10.0,26,7.0,41.88461538461539,16.0,54.276923076923076,1.0,16.823076923076922,41.0,17.265384615384615,59.0,83.3653846153846,2.0,15.076923076923077,23.557692307692307,252.24999999999994
968,10.0,1,0.0,1.0,1.0,3.2,0.0,0.6,0.0,0.1,4.0,7.5,0.0,0.5,2.0,14.899999999999999
971,10.0,34,8.0,51.88235294117647,11.0,47.64705882352942,0.0,20.4,33.0,13.202941176470588,56.0,71.47058823529412,26.0,52.94117647058823,64.05882352941177,321.60294117647055
982,10.0,84,68.0,275.04761904761904,47.0,163.43809523809523,20.0,77.25714285714285,230.0,117.37619047619049,375.0,752.4321428571428,14.0,57.166666666666664,72.02380952380952,1514.7416666666668
983,10.0,1,0.0,1.0,0.0,0.8,0.0,0.6,0.0,0.1,0.0,0.3,0.0,0.5,0.5,3.8
984,10.0,2,0.0,2.0,0.0,1.6,0.0,1.2,2.0,0.8,10.0,21.599999999999998,0.0,1.0,0.25,28.449999999999996
985,10.0,18,7.0,34.72222222222222,7.0,27.77777777777778,2.0,13.333333333333332,41.0,19.33888888888889,83.0,170.01666666666665,6.0,16.0,12.25,293.43888888888887
988,10.0,68,40.0,171.52941176470588,39.0,134.69411764705885,18.0,65.25882352941176,115.0,49.24852941176471,209.0,338.510294117647,8.0,42.470588235294116,85.76470588235294,887.4764705882353
990,10.0,50,4.0,58.32,17.0,71.824,5.0,36.3,86.0,36.992000000000004,85.0,109.35,16.0,43.56,49.0,405.34600000000006
994,10.0,3,2.0,8.333333333333334,1.0,4.266666666666667,1.0,3.1999999999999997,2.0,0.8333333333333335,10.0,16.9,1.0,2.6666666666666665,8.166666666666666,44.36666666666666
1004,10.0,28,3.0,34.32142857142857,1.0,24.02857142857143,0.0,16.8,16.0,6.914285714285715,31.0,37.29642857142857,20.0,41.142857142857146,0.16071428571428573,160.66428571428568
1006,10.0,19,3.0,25.473684210526315,1.0,16.842105263157897,0.0,11.4,16.0,6.447368421052632,31.0,39.47368421052631,11.0,23.68421052631579,0.0,123.32105263157895
1007,10.0,1,0.0,1.0,0.0,0.8,0.0,0.6,0.0,0.1,0.0,0.3,0.0,0.5,0.5,3.8
1013,10.0,64,13.0,92.640625,17.0,82.0125,6.0,45.9375,44.0,18.225,103.0,130.72968749999998,7.0,39.3828125,18.7578125,427.68593749999997
1015,10.0,2,0.0,2.0,0.0,1.6,0.0,1.2,0.0,0.2,2.0,2.4,0.0,1.0,0.25,8.65
1016,10.0,35,10.0,57.857142857142854,16.0,59.45142857142858,7.0,30.24,53.0,22.125714285714288,137.0,253.57714285714286,4.0,21.728571428571428,53.15714285714286,498.13714285714286
1021,10.0,7,0.0,7.0,0.0,5.6000000000000005,0.0,4.2,8.0,3.214285714285715,11.0,13.885714285714284,1.0,4.571428571428571,0.0,38.47142857142857
1022,10.0,1,0.0,1.0,0.0,0.8,0.0,0.6,0.0,0.1,1.0,1.2,0.0,0.5,0.5,4.7
1024,10.0,7,0.0,7.0,0.0,5.6000000000000005,0.0,4.2,0.0,0.7000000000000001,1.0,2.7428571428571424,0.0,3.5,1.1428571428571428,24.885714285714286
1026,10.0,6,3.0,13.5,2.0,8.533333333333333,1.0,4.8999999999999995,6.0,2.4000000000000004,15.0,22.05,0.0,3.0,6.75,61.133333333333326
1027,10.0,12,2.0,16.333333333333332,0.0,9.600000000000001,2.0,9.799999999999999,15.0,6.075,24.0,32.4,3.0,9.375,2.6666666666666665,86.25000000000001
1033,10.0,52,5.0,62.48076923076923,7.0,53.55384615384616,3.0,34.90384615384615,41.0,16.632692307692306,65.0,78.975,22.0,52.65384615384615,10.471153846153847,309.67115384615386
1034,10.0,2,0.0,2.0,0.0,1.6,0.0,1.2,0.0,0.2,0.0,0.6,0.0,1.0,1.0,7.6
1039,10.0,22,5.0,33.13636363636363,3.0,22.72727272727273,1.0,14.427272727272728,31.0,12.76818181818182,37.0,47.46818181818181,12.0,26.272727272727273,2.272727272727273,159.07272727272726
1043,10.0,22,1.0,24.045454545454547,0.0,17.6,0.0,13.2,25.0,10.040909090909091,25.0,30.12272727272727,24.0,48.09090909090909,20.454545454545453,163.55454545454546
1058,10.0,71,13.0,99.38028169014085,12.0,77.62253521126762,10.0,55.44507042253522,61.0,24.540845070422534,114.0,144.61267605633802,9.0,45.070422535211264,49.690140845070424,496.36197183098596
1059,10.0,6,1.0,8.166666666666666,1.0,6.533333333333333,0.0,3.5999999999999996,11.0,4.816666666666666,14.0,20.0,6.0,12.0,4.083333333333333,59.199999999999996
1066,10.0,31,13.0,62.45161290322581,6.0,35.32903225806452,5.0,25.083870967741934,40.0,16.261290322580646,55.0,71.5741935483871,7.0,23.29032258064516,0.4032258064516129,234.39354838709676
1085,10.0,13,0.0,13.0,2.0,13.846153846153847,0.0,7.8,9.0,3.7230769230769236,6.0,8.330769230769231,2.0,8.653846153846153,12.461538461538462,67.81538461538462
1090,10.0,26,2.0,30.153846153846153,3.0,25.876923076923077,0.0,15.6,38.0,15.753846153846155,53.0,72.01153846153846,5.0,18.48076923076923,6.230769230769231,184.1076923076923
1095,10.0,10,7.0,28.9,2.0,11.520000000000001,0.0,6.0,9.0,3.6100000000000003,19.0,25.229999999999997,7.0,14.45,22.05,111.75999999999999
1096,10.0,1,0.0,1.0,0.0,0.8,0.0,0.6,0.0,0.1,0.0,0.3,0.0,0.5,0.5,3.8
1101,10.0,45,12.0,72.2,13.0,59.80444444444445,7.0,36.053333333333335,45.0,18.0,125.0,192.66666666666666,3.0,25.6,20.544444444444444,424.8688888888889
1102,10.0,56,10.0,77.78571428571429,9.0,60.35714285714286,5.0,39.86785714285714,70.0,28.35,88.0,111.08571428571427,23.0,55.723214285714285,1.2857142857142858,374.4553571428571
1103,10.0,4,0.0,4.0,1.0,5.0,3.0,7.35,2.0,0.9,7.0,9.075,0.0,2.0,0.125,28.45
1104,10.0,5,0.0,5.0,0.0,4.0,0.0,3.0,0.0,0.5,1.0,2.16,1.0,3.6,1.6,19.860000000000003
1108,10.0,31,8.0,49.064516129032256,4.0,31.612903225806452,9.0,30.96774193548387,19.0,8.064516129032258,25.0,30.34838709677419,4.0,19.758064516129032,32.66129032258065,202.4774193548387
1109,10.0,6,0.0,6.0,0.0,4.800000000000001,0.0,3.5999999999999996,3.0,1.35,7.0,8.45,3.0,6.75,0.75,31.7
1112,10.0,4,0.0,4.0,6.0,20.0,1.0,3.75,6.0,2.5,9.0,12.674999999999999,1.0,3.125,0.5,46.55
1116,10.0,143,134.0,536.5664335664336,83.0,285.7398601398601,29.0,124.12867132867132,410.0,213.8524475524476,785.0,1806.6797202797202,51.0,131.5944055944056,183.36013986013987,3281.9216783216784
1118,10.0,14,3.0,20.642857142857142,6.0,22.85714285714286,2.0,10.97142857142857,15.0,6.007142857142857,30.0,41.48571428571428,2.0,9.142857142857142,22.321428571428573,133.42857142857142
1121,10.0,83,34.0,164.9277108433735,48.0,165.40722891566267,33.0,97.2722891566265,123.0,51.1277108433735,245.0,388.8578313253012,15.0,57.855421686746986,92.62650602409639,1018.0746987951807
1122,10.0,56,9.0,75.44642857142857,8.0,58.51428571428571,5.0,39.86785714285714,36.0,15.114285714285714,74.0,90.53571428571428,12.0,41.285714285714285,45.00892857142857,365.77321428571423
1137,10.0,14,2.0,18.285714285714285,5.0,20.62857142857143,2.0,10.97142857142857,20.0,8.257142857142858,30.0,41.48571428571428,5.0,12.892857142857142,5.142857142857143,117.6642857142857
1139,10.0,2,1.0,4.5,1.0,3.6,0.0,1.2,2.0,0.8,4.0,5.3999999999999995,0.0,1.0,1.0,17.5
1140,10.0,30,24.0,97.2,7.0,36.50666666666667,2.0,20.48,67.0,31.363333333333333,131.0,259.21,23.0,46.81666666666667,7.35,498.9266666666667
1144,10.0,63,29.0,134.34920634920636,18.0,83.31428571428572,8.0,48.009523809523806,72.0,28.92857142857143,173.0,265.2190476190476,27.0,64.28571428571429,73.14285714285714,697.2492063492064
1145,10.0,1,1.0,4.0,0.0,0.8,0.0,0.6,2.0,0.9,2.0,2.6999999999999997,0.0,0.5,0.5,10.0
1146,10.0,59,12.0,85.44067796610169,14.0,72.25762711864407,4.0,40.362711864406776,78.0,31.811864406779662,114.0,152.1813559322034,21.0,54.23728813559322,46.40677966101695,482.69830508474575
1148,10.0,49,19.0,94.36734693877551,15.0,66.8734693877551,5.0,35.70612244897959,61.0,24.69387755102041,107.0,148.99591836734695,3.0,27.591836734693878,16.3265306122449,414.5551020408163
1150,10.0,12,5.0,24.083333333333332,2.0,13.066666666666666,4.0,12.799999999999999,21.0,9.075000000000001,33.0,50.625,0.0,6.0,16.666666666666668,132.31666666666666
1153,10.0,3,0.0,3.0,1.0,4.266666666666667,0.0,1.7999999999999998,2.0,0.8333333333333335,8.0,12.1,0.0,1.5,0.0,23.5
1162,10.0,10,0.0,10.0,0.0,8.0,0.0,6.0,6.0,2.5600000000000005,7.0,8.67,2.0,7.2,3.2,45.63000000000001
1165,10.0,72,9.0,91.125,10.0,74.71111111111111,1.0,44.40833333333333,65.0,26.068055555555556,103.0,127.60416666666666,38.0,84.02777777777777,41.173611111111114,489.11805555555554
1172,10.0,2,0.0,2.0,0.0,1.6,0.0,1.2,4.0,1.8,2.0,2.4,0.0,1.0,1.0,11.0
1186,10.0,19,0.0,19.0,0.0,15.200000000000001,1.0,12.631578947368421,7.0,3.5578947368421057,4.0,8.352631578947367,5.0,15.157894736842104,10.526315789473685,84.42631578947369
1187,10.0,29,6.0,42.241379310344826,6.0,33.793103448275865,1.0,18.620689655172413,23.0,9.324137931034484,43.0,53.62758620689655,1.0,15.517241379310345,16.56896551724138,189.6931034482759
1192,10.0,19,0.0,19.0,4.0,22.273684210526316,1.0,12.631578947368421,25.0,10.189473684210526,17.0,20.46315789473684,8.0,19.18421052631579,6.7368421052631575,110.47894736842105
1195,10.0,23,4.0,31.695652173913043,2.0,21.73913043478261,1.0,15.02608695652174,21.0,8.417391304347827,37.0,46.95652173913043,4.0,15.847826086956522,11.5,151.1826086956522
1204,10.0,23,6.0,36.56521739130435,2.0,21.73913043478261,4.0,19.017391304347825,24.0,9.604347826086958,32.0,39.45652173913043,3.0,14.695652173913043,0.5434782608695652,141.62173913043478
1208,10.0,12,3.0,18.75,1.0,11.266666666666667,1.0,8.45,4.0,2.1333333333333333,15.0,18.224999999999998,2.0,8.166666666666666,1.5,68.49166666666667
1214,10.0,58,37.0,155.60344827586206,20.0,83.91724137931035,7.0,43.706896551724135,61.0,24.415517241379312,113.0,151.24655172413793,5.0,34.21551724137931,11.172413793103448,504.2775862068965
1217,10.0,1,0.0,1.0,0.0,0.8,0.0,0.6,11.0,14.4,9.0,30.0,6.0,24.5,0.0,71.3
1218,10.0,51,16.0,88.01960784313725,7.0,52.76862745098039,9.0,42.35294117647059,50.0,20.001960784313727,104.0,141.3235294117647,11.0,37.68627450980392,9.42156862745098,391.57450980392156
1220,10.0,47,8.0,64.36170212765957,10.0,55.30212765957447,1.0,29.41276595744681,69.0,28.629787234042556,77.0,98.14468085106382,28.0,59.840425531914896,1.797872340425532,337.48936170212767
1224,10.0,46,9.0,65.76086956521739,5.0,45.23478260869565,2.0,30.05217391304348,47.0,18.80217391304348,66.0,81.80869565217391,3.0,26.097826086956523,4.793478260869565,272.54999999999995
1226,10.0,16,0.0,16.0,0.0,12.8,1.0,10.8375,16.0,6.4,13.0,15.768749999999999,13.0,26.28125,2.0,90.0875
1227,10.0,1,1.0,4.0,0.0,0.8,0.0,0.6,1.0,0.4,1.0,1.2,0.0,0.5,8.0,15.5
1228,10.0,25,13.0,57.76,5.0,28.8,8.0,26.136,52.0,23.716,103.0,196.608,19.0,38.72,10.58,382.32
1229,10.0,49,13.0,78.44897959183673,11.0,58.77551020408164,5.0,35.70612244897959,35.0,14.4,84.0,108.3,5.0,29.755102040816325,8.581632653061224,333.9673469387755
1233,10.0,56,30.0,132.07142857142858,11.0,64.12857142857143,3.0,37.29642857142857,118.0,54.06428571428572,192.0,329.48571428571427,20.0,51.57142857142857,58.580357142857146,727.1982142857142
1234,10.0,44,5.0,54.56818181818182,5.0,43.654545454545456,1.0,27.613636363636363,19.0,9.020454545454546,31.0,38.35227272727273,16.0,40.90909090909091,21.011363636363637,235.12954545454542
1237,10.0,49,19.0,94.36734693877551,13.0,62.75918367346939,3.0,33.11020408163265,66.0,26.98979591836735,105.0,145.2,10.0,35.52040816326531,32.0,429.94693877551015
1240,10.0,51,16.0,88.01960784313725,19.0,76.86274509803923,6.0,38.2235294117647,66.0,26.841176470588238,87.0,112.02352941176471,40.0,81.18627450980392,88.48039215686275,511.63725490196083
1244,10.0,65,21.0,113.78461538461538,17.0,82.75692307692309,7.0,47.85230769230769,68.0,27.213846153846152,107.0,136.54153846153844,10.0,43.26923076923077,83.2,534.6184615384615
1245,10.0,9,0.0,9.0,1.0,8.88888888888889,0.0,5.3999999999999995,7.0,2.8444444444444446,6.0,7.5,1.0,5.555555555555555,0.8888888888888888,40.077777777777776
1246,10.0,64,8.0,81.0,10.0,68.45,1.0,39.609375,70.0,28.056250000000002,114.0,148.51874999999998,17.0,51.2578125,50.0,466.8921875
1247,10.0,61,27.0,126.95081967213115,11.0,67.98688524590163,5.0,42.84590163934426,119.0,53.114754098360656,172.0,266.9950819672131,29.0,66.39344262295081,51.15573770491803,675.4426229508196
1249,10.0,9,0.0,9.0,0.0,7.2,0.0,5.3999999999999995,11.0,4.444444444444445,8.0,9.633333333333335,2.0,6.722222222222222,0.05555555555555555,42.455555555555556
1250,10.0,75,3.0,81.12,3.0,64.896,2.0,47.431999999999995,66.0,26.508,68.0,81.79599999999999,54.0,110.94,51.626666666666665,464.3186666666667
1253,10.0,62,18.0,103.2258064516129,17.0,80.52903225806452,9.0,48.78387096774194,69.0,27.67903225806452,107.0,138.19838709677418,9.0,40.653225806451616,19.362903225806452,458.4322580645161
1255,10.0,23,2.0,27.17391304347826,1.0,20.034782608695654,0.0,13.799999999999999,17.0,6.956521739130435,19.0,23.008695652173913,3.0,14.695652173913043,15.847826086956522,121.51739130434783
1264,10.0,69,24.0,125.34782608695652,13.0,77.95942028985507,5.0,47.61739130434782,100.0,41.39275362318841,138.0,186.29999999999998,19.0,56.11594202898551,46.3768115942029,581.1101449275361
1267,10.0,4,1.0,6.25,1.0,5.0,0.0,2.4,5.0,2.025,7.0,9.075,4.0,8.0,10.125,42.875
1294,10.0,6,0.0,6.0,0.0,4.800000000000001,0.0,3.5999999999999996,3.0,1.35,0.0,1.7999999999999998,0.0,3.0,4.083333333333333,24.633333333333333
1298,10.0,18,3.0,24.5,2.0,17.77777777777778,4.0,16.133333333333333,18.0,7.2,28.0,35.266666666666666,2.0,11.11111111111111,7.111111111111111,119.10000000000001
1304,10.0,65,34.0,150.7846153846154,28.0,106.44923076923078,16.0,60.56307692307692,136.0,62.15538461538462,203.0,331.4953846153846,24.0,60.93076923076923,45.60769230769231,817.9861538461538
1333,10.0,2,0.0,2.0,0.0,1.6,0.0,1.2,4.0,1.8,2.0,2.4,0.0,1.0,1.0,11.0
1334,10.0,2,0.0,2.0,0.0,1.6,0.0,1.2,2.0,0.8,0.0,0.6,1.0,2.25,2.25,10.7
1336,10.0,48,8.0,65.33333333333333,7.0,50.41666666666667,1.0,30.0125,47.0,18.802083333333336,71.0,88.50625,17.0,44.010416666666664,13.5,310.58125
1339,10.0,35,11.0,60.457142857142856,9.0,44.251428571428576,0.0,21.0,52.0,21.625714285714288,81.0,115.33714285714285,3.0,20.62857142857143,16.514285714285716,299.81428571428575
1342,10.0,30,1.0,32.03333333333333,4.0,30.826666666666668,5.0,24.5,18.0,7.68,35.0,42.25,8.0,24.066666666666666,3.75,165.10666666666665
1350,10.0,5,0.0,5.0,0.0,4.0,0.0,3.0,0.0,0.5,0.0,1.5,7.0,14.4,2.5,30.9
1356,10.0,13,1.0,15.076923076923077,1.0,12.061538461538461,1.0,9.046153846153846,11.0,4.430769230769231,20.0,25.130769230769232,5.0,12.461538461538462,3.8461538461538463,82.05384615384615
1366,10.0,69,35.0,156.7536231884058,19.0,89.78550724637682,12.0,57.052173913043475,90.0,36.63913043478261,169.0,246.2782608695652,16.0,52.35507246376812,33.507246376811594,672.3710144927536
1370,10.0,45,18.0,88.2,15.0,64.0,10.0,40.333333333333336,55.0,22.222222222222225,84.0,110.94,17.0,42.71111111111111,45.51111111111111,413.91777777777776
1371,10.0,29,4.0,37.55172413793103,7.0,35.751724137931035,0.0,17.4,20.0,8.279310344827586,35.0,42.37241379310345,4.0,18.775862068965516,7.603448275862069,167.7344827586207
1373,10.0,5,0.0,5.0,0.0,4.0,0.0,3.0,11.0,5.120000000000001,23.0,47.04,0.0,2.5,0.4,67.06
1377,10.0,4,1.0,6.25,0.0,3.2,1.0,3.75,7.0,3.0250000000000004,4.0,4.8,0.0,2.0,2.0,25.025000000000002
1382,10.0,20,2.0,24.2,1.0,17.64,0.0,12.0,12.0,5.120000000000001,29.0,36.015,2.0,12.1,3.6,110.675
1385,10.0,10,1.0,12.1,3.0,13.52,0.0,6.0,13.0,5.29,14.0,17.28,2.0,7.2,1.25,62.64
1417,10.0,4,2.0,9.0,1.0,5.0,0.0,2.4,6.0,2.5,10.0,14.7,4.0,8.0,0.125,41.724999999999994
1421,10.0,41,34.0,137.1951219512195,15.0,61.19024390243902,6.0,32.32682926829268,113.0,57.8439024390244,194.0,404.0853658536585,13.0,35.5609756097561,35.5609756097561,763.7634146341463
1432,10.0,39,5.0,49.64102564102564,8.0,45.312820512820515,1.0,24.615384615384617,46.0,18.525641025641026,56.0,69.42307692307692,7.0,27.128205128205128,28.32051282051282,262.9666666666667
1440,10.0,59,30.0,134.25423728813558,7.0,59.06440677966103,6.0,42.96610169491525,118.0,53.1,189.0,312.7322033898305,85.0,175.72881355932202,0.5423728813559322,778.3881355932203
1451,10.0,17,5.0,28.470588235294116,3.0,18.823529411764707,0.0,10.2,24.0,9.888235294117647,43.0,63.52941176470588,8.0,18.38235294117647,0.2647058823529412,149.55882352941174
1470,10.0,47,16.0,84.44680851063829,6.0,47.812765957446814,3.0,31.914893617021274,38.0,15.372340425531915,89.0,118.05957446808509,9.0,33.361702127659576,3.074468085106383,334.04255319148933
1472,10.0,76,68.0,272.8421052631579,31.0,120.51578947368421,11.0,59.75526315789473,234.0,126.44736842105263,334.0,663.5526315789474,41.0,90.0592105263158,43.16447368421053,1376.3368421052635
1478,10.0,47,35.0,143.06382978723406,21.0,78.70638297872341,13.0,45.95744680851064,107.0,50.45957446808511,184.0,340.6021276595745,14.0,39.58510638297872,19.670212765957448,718.0446808510638
1481,10.0,66,36.0,157.63636363636363,52.0,168.77575757575758,13.0,56.736363636363635,131.0,58.801515151515154,235.0,411.82272727272726,17.0,52.18939393939394,17.454545454545453,923.4166666666667
1482,10.0,28,1.0,30.035714285714285,1.0,24.02857142857143,0.0,16.8,13.0,6.003571428571429,18.0,22.67142857142857,17.0,36.160714285714285,9.446428571428571,145.14642857142857
1491,10.0,43,15.0,78.23255813953489,6.0,44.66976744186047,2.0,28.25581395348837,69.0,29.172093023255815,91.0,125.27441860465115,10.0,32.66279069767442,37.77906976744186,376.04651162790697
1493,10.0,19,9.0,41.26315789473684,1.0,16.842105263157897,5.0,18.189473684210526,40.0,18.321052631578947,67.0,116.77894736842104,15.0,30.42105263157895,8.526315789473685,250.34210526315792
1504,10.0,18,2.0,22.22222222222222,2.0,17.77777777777778,1.0,12.033333333333333,22.0,8.88888888888889,41.0,58.016666666666666,4.0,13.444444444444445,7.111111111111111,139.49444444444444
1505,10.0,37,9.0,57.189189189189186,11.0,49.81621621621622,2.0,24.664864864864864,83.0,38.91891891891892,91.0,132.84324324324325,15.0,36.54054054054054,13.837837837837839,353.81081081081084
1506,10.0,8,2.0,12.5,1.0,8.1,0.0,4.8,9.0,3.6125000000000003,15.0,19.8375,1.0,5.0625,3.0625,56.975
1510,10.0,4,1.0,6.25,1.0,5.0,0.0,2.4,5.0,2.025,8.0,10.799999999999999,0.0,2.0,0.5,28.975
1511,10.0,4,1.0,6.25,0.0,3.2,0.0,2.4,4.0,1.6,3.0,3.675,3.0,6.125,1.125,24.375
1515,10.0,27,9.0,48.0,9.0,38.400000000000006,2.0,18.68888888888889,71.0,35.57037037037037,78.0,122.49999999999999,17.0,35.851851851851855,1.8518518518518519,300.86296296296297
1518,10.0,13,3.0,19.692307692307693,1.0,12.061538461538461,2.0,10.384615384615383,6.0,2.7769230769230773,20.0,25.130769230769232,4.0,11.115384615384615,4.653846153846154,85.81538461538463
1525,10.0,6,3.0,13.5,1.0,6.533333333333333,0.0,3.5999999999999996,14.0,6.666666666666668,14.0,20.0,2.0,5.333333333333333,0.75,56.38333333333333
1526,10.0,6,2.0,10.666666666666666,0.0,4.800000000000001,0.0,3.5999999999999996,0.0,0.6000000000000001,6.0,7.199999999999999,0.0,3.0,2.0833333333333335,31.95
1531,10.0,1,0.0,1.0,1.0,3.2,0.0,0.6,4.0,2.5,3.0,4.8,0.0,0.5,0.5,13.1
1537,10.0,41,15.0,76.48780487804878,10.0,50.75121951219512,4.0,29.634146341463413,41.0,16.400000000000002,80.0,107.12926829268294,8.0,29.28048780487805,35.5609756097561,345.24390243902445
1538,10.0,4,0.0,4.0,0.0,3.2,0.0,2.4,4.0,1.6,4.0,4.8,2.0,4.5,0.5,21.0
1539,10.0,1,0.0,1.0,0.0,0.8,0.0,0.6,0.0,0.1,0.0,0.3,0.0,0.5,0.5,3.8
1540,10.0,6,0.0,6.0,2.0,8.533333333333333,0.0,3.5999999999999996,8.0,3.2666666666666666,4.0,5.0,8.0,16.333333333333332,8.333333333333334,51.06666666666667
1541,10.0,5,3.0,12.8,2.0,7.840000000000001,0.0,3.0,5.0,2.0,17.0,29.04,1.0,3.6,3.6,61.88
1547,10.0,30,3.0,36.3,7.0,36.50666666666667,2.0,20.48,24.0,9.72,35.0,42.25,5.0,20.416666666666668,16.016666666666666,181.69
1549,10.0,58,14.0,89.37931034482759,16.0,75.53103448275861,2.0,37.241379310344826,86.0,35.751724137931035,140.0,202.77931034482756,11.0,41.043103448275865,31.03448275862069,512.7603448275861
1552,10.0,24,0.0,24.0,2.0,22.533333333333335,1.0,15.625,8.0,4.266666666666667,11.0,15.312499999999998,11.0,25.520833333333332,3.5208333333333335,110.77916666666665
1556,10.0,42,8.0,59.523809523809526,4.0,40.304761904761904,2.0,27.657142857142855,47.0,18.85952380952381,69.0,88.00714285714285,13.0,36.01190476190476,3.0476190476190474,273.41190476190474
1558,10.0,16,0.0,16.0,2.0,16.2,0.0,9.6,5.0,2.75625,9.0,11.71875,3.0,11.28125,9.03125,76.5875
1566,10.0,7,0.0,7.0,0.0,5.6000000000000005,0.0,4.2,9.0,3.657142857142857,5.0,6.171428571428572,4.0,8.642857142857142,1.7857142857142858,37.05714285714286
1568,10.0,20,7.0,36.45,4.0,23.040000000000003,1.0,13.23,48.0,23.12,62.0,100.86,3.0,13.225,12.1,222.025
1570,10.0,47,22.0,101.29787234042553,18.0,71.91489361702128,10.0,41.47659574468085,66.0,27.16808510638298,144.0,232.85744680851062,18.0,44.9468085106383,8.946808510638299,528.608510638298
1571,10.0,14,0.0,14.0,0.0,11.200000000000001,0.0,8.4,3.0,2.0642857142857145,10.0,12.342857142857143,1.0,8.035714285714286,1.75,57.792857142857144
1575,10.0,21,8.0,40.04761904761905,5.0,25.752380952380953,2.0,15.114285714285714,23.0,9.21904761904762,47.0,66.05714285714286,4.0,14.880952380952381,16.095238095238095,187.16666666666669
1576,10.0,49,17.0,88.89795918367346,25.0,89.40408163265306,14.0,48.6,58.0,23.36530612244898,123.0,181.12653061224492,14.0,40.5,24.5,496.3938775510204
1578,10.0,5,2.0,9.8,3.0,10.240000000000002,1.0,4.32,6.0,2.42,16.0,26.46,1.0,3.6,1.6,58.440000000000005
1582,10.0,45,14.0,77.35555555555555,8.0,49.93777777777778,1.0,28.213333333333335,43.0,17.20888888888889,62.0,76.32666666666667,5.0,27.77777777777778,41.34444444444444,318.1644444444444
1618,10.0,30,6.0,43.2,2.0,27.30666666666667,2.0,20.48,12.0,5.88,22.0,27.040000000000003,14.0,32.266666666666666,10.416666666666666,166.59
1619,10.0,11,1.0,13.090909090909092,2.0,12.290909090909091,0.0,6.6,15.0,6.1454545454545455,10.0,12.027272727272727,14.0,28.40909090909091,7.681818181818182,86.24545454545455
1670,10.0,4,4.0,16.0,0.0,3.2,0.0,2.4,16.0,10.0,28.0,76.8,2.0,4.5,2.0,114.89999999999999
1829,10.0,2,3.0,12.5,3.0,10.0,2.0,4.8,6.0,3.2,9.0,18.15,0.0,1.0,16.0,65.65
1909,10.0,4,2.0,9.0,2.0,7.2,0.0,2.4,13.0,7.2250000000000005,10.0,14.7,0.0,2.0,12.5,55.025
1910,10.0,21,1.0,23.047619047619047,0.0,16.8,0.0,12.6,23.0,9.21904761904762,29.0,35.714285714285715,15.0,30.857142857142858,20.023809523809526,148.26190476190476
1911,10.0,26,16.0,67.84615384615384,10.0,39.87692307692308,2.0,18.092307692307692,36.0,14.784615384615385,70.0,106.33846153846153,3.0,16.173076923076923,52.0,315.11153846153843
1912,10.0,28,14.0,63.0,8.0,37.02857142857143,2.0,19.28571428571429,43.0,18.00357142857143,77.0,118.125,12.0,28.571428571428573,27.160714285714285,311.175
1916,10.0,7,3.0,14.285714285714286,3.0,11.42857142857143,0.0,4.2,6.0,2.4142857142857146,10.0,12.385714285714284,2.0,5.785714285714286,4.571428571428571,55.07142857142857
1917,10.0,4,4.0,16.0,2.0,7.2,1.0,3.75,10.0,4.9,15.0,27.075,0.0,2.0,18.0,78.925
1919,10.0,13,4.0,22.23076923076923,2.0,13.846153846153847,0.0,7.8,17.0,6.923076923076923,16.0,19.407692307692308,3.0,9.846153846153847,3.1153846153846154,83.16923076923075
1936,10.0,22,28.0,113.63636363636364,15.0,49.78181818181818,1.0,14.427272727272728,79.0,46.368181818181824,133.0,327.6136363636363,11.0,24.75,56.81818181818182,633.3954545454545
1948,10.0,2,0.0,2.0,0.0,1.6,0.0,1.2,6.0,3.2,9.0,18.15,0.0,1.0,2.25,29.4
2029,10.0,1,0.0,1.0,0.0,0.8,0.0,0.6,1.0,0.4,3.0,4.8,1.0,2.0,0.5,10.1
2051,10.0,68,44.0,184.47058823529412,19.0,89.04705882352943,7.0,49.63235294117647,149.0,69.24852941176471,262.0,480.44117647058823,5.0,39.18382352941177,40.26470588235294,952.2882352941176
2057,10.0,66,14.0,96.96969696969697,12.0,73.74545454545455,7.0,48.445454545454545,59.0,23.674242424242426,127.0,169.31363636363636,13.0,47.28030303030303,50.93939393939394,510.36818181818177
2059,10.0,42,1.0,44.023809523809526,3.0,38.57142857142858,1.0,26.414285714285715,6.0,5.485714285714286,20.0,27.457142857142856,13.0,36.01190476190476,15.428571428571429,193.39285714285714
2070,10.0,21,6.0,34.714285714285715,7.0,29.86666666666667,0.0,12.6,16.0,6.519047619047619,28.0,34.3,0.0,10.5,17.357142857142858,145.85714285714286
2071,10.0,10,2.0,14.4,7.0,23.12,0.0,6.0,24.0,11.56,22.0,30.72,4.0,9.8,16.2,111.80000000000001
2072,10.0,8,5.0,21.125,2.0,10.0,3.0,9.075,27.0,15.3125,47.0,113.4375,3.0,7.5625,4.0,180.5125
2134,10.0,3,3.0,12.0,1.0,4.266666666666667,1.0,3.1999999999999997,7.0,3.333333333333334,13.0,25.599999999999998,0.0,1.5,6.0,55.89999999999999
2155,10.0,24,2.0,28.166666666666668,4.0,26.133333333333333,2.0,16.9,39.0,16.5375,38.0,48.05,3.0,15.1875,12.0,162.97499999999997
2194,10.0,69,40.0,172.18840579710144,25.0,102.4463768115942,8.0,51.55652173913044,105.0,43.878260869565224,242.0,420.52608695652174,59.0,118.72463768115942,82.96376811594203,992.2840579710145
2203,10.0,84,31.0,157.4404761904762,26.0,115.23809523809524,6.0,57.857142857142854,134.0,56.57619047619048,277.0,465.4321428571428,12.0,54.857142857142854,47.148809523809526,954.5500000000001
2204,10.0,18,2.0,22.22222222222222,0.0,14.4,1.0,12.033333333333333,6.0,3.2,17.0,20.416666666666668,7.0,17.36111111111111,18.77777777777778,108.41111111111113
2205,10.0,13,11.0,44.30769230769231,2.0,13.846153846153847,1.0,9.046153846153846,21.0,8.892307692307693,39.0,62.4,1.0,7.538461538461538,4.653846153846154,150.6846153846154
2210,10.0,29,6.0,42.241379310344826,11.0,44.13793103448276,4.0,22.531034482758617,28.0,11.203448275862069,69.0,99.35172413793103,2.0,16.56896551724138,9.120689655172415,245.1551724137931
2211,10.0,18,5.0,29.38888888888889,0.0,14.4,0.0,10.799999999999999,6.0,3.2,22.0,26.666666666666664,3.0,12.25,4.694444444444445,101.39999999999999
2212,10.0,59,22.0,111.20338983050847,20.0,84.62372881355932,6.0,42.96610169491525,88.0,36.62542372881356,164.0,252.8593220338983,10.0,40.347457627118644,11.601694915254237,580.2271186440679
2215,10.0,71,22.0,121.8169014084507,16.0,85.28450704225352,5.0,48.8112676056338,104.0,43.13380281690141,146.0,198.96760563380283,31.0,73.26760563380282,64.90140845070422,636.1830985915493
2217,10.0,1,0.0,1.0,0.0,0.8,0.0,0.6,0.0,0.1,0.0,0.3,0.0,0.5,2.0,5.3
2218,10.0,61,16.0,97.19672131147541,17.0,79.79016393442623,2.0,39.03934426229508,109.0,47.37704918032787,141.0,200.67540983606554,22.0,56.467213114754095,63.47540983606557,584.0213114754098
2221,10.0,58,63.0,252.43103448275863,21.0,86.08275862068966,1.0,36.0103448275862,113.0,50.41551724137931,250.0,490.67586206896544,9.0,38.69827586206897,84.49137931034483,1038.805172413793
2223,10.0,39,9.0,59.07692307692308,8.0,45.312820512820515,0.0,23.4,37.0,14.810256410256413,78.0,105.3,2.0,21.55128205128205,11.538461538461538,280.9897435897436
2226,10.0,16,4.0,25.0,3.0,18.05,2.0,12.15,10.0,4.2250000000000005,26.0,33.074999999999996,2.0,10.125,10.125,112.75
2227,10.0,60,43.0,176.81666666666666,27.0,100.92000000000002,6.0,43.559999999999995,133.0,62.08166666666668,221.0,394.805,15.0,46.875,60.208333333333336,885.2666666666668
2231,10.0,72,46.0,193.38888888888889,19.0,92.01111111111112,8.0,53.33333333333333,118.0,50.13888888888889,224.0,365.06666666666666,12.0,49.0,36.0,838.9388888888889
2236,10.0,75,27.0,138.72,8.0,73.48266666666667,3.0,48.672000000000004,88.0,35.425333333333334,135.0,176.4,39.0,86.64,39.526666666666664,598.8666666666667
2241,10.0,79,15.0,111.84810126582279,11.0,82.02531645569621,6.0,54.87341772151898,69.0,27.72658227848102,125.0,158.0354430379747,12.0,52.41139240506329,45.72784810126582,532.6481012658228
2244,10.0,51,9.0,70.58823529411765,9.0,56.47058823529412,2.0,33.04705882352941,46.0,18.449019607843137,80.0,100.94705882352942,12.0,38.911764705882355,22.58823529411765,341.0019607843137
2266,10.0,15,7.0,32.266666666666666,9.0,30.72,2.0,11.559999999999999,36.0,17.34,75.0,162.0,8.0,17.633333333333333,16.133333333333333,287.6533333333333
2270,10.0,45,5.0,55.55555555555556,2.0,39.27111111111111,0.0,27.0,28.0,11.842222222222222,44.0,52.806666666666665,7.0,30.044444444444444,0.011111111111111112,216.53111111111113
2272,10.0,12,3.0,18.75,1.0,11.266666666666667,2.0,9.799999999999999,13.0,5.208333333333334,26.0,36.099999999999994,2.0,8.166666666666666,0.375,89.66666666666667
2278,10.0,9,5.0,21.77777777777778,7.0,22.755555555555556,0.0,5.3999999999999995,30.0,16.900000000000002,39.0,76.8,3.0,8.0,20.055555555555557,171.68888888888887
2281,10.0,32,6.0,45.125,10.0,44.1,2.0,21.675,35.0,14.028125000000001,78.0,113.4375,7.0,23.765625,2.640625,264.771875
2291,10.0,23,5.0,34.08695652173913,10.0,37.87826086956522,3.0,17.63478260869565,39.0,16.713043478260868,61.0,92.03478260869565,8.0,20.891304347826086,7.043478260869565,226.28260869565216
2292,10.0,38,18.0,82.52631578947368,10.0,48.50526315789474,3.0,26.542105263157893,94.0,45.852631578947374,142.0,255.78947368421052,9.0,29.06578947368421,30.31578947368421,518.5973684210527
2297,10.0,37,12.0,64.89189189189189,11.0,49.81621621621622,5.0,28.605405405405406,42.0,16.86756756756757,72.0,96.33243243243244,7.0,26.16216216216216,32.445945945945944,315.12162162162156
2299,10.0,32,3.0,38.28125,6.0,36.1,3.0,22.96875,22.0,9.1125,38.0,45.9375,5.0,21.390625,9.0,182.79062499999998
2300,10.0,33,4.0,41.484848484848484,5.0,35.00606060606061,3.0,23.563636363636363,25.0,10.193939393939395,47.0,58.18181818181818,24.0,49.22727272727273,26.727272727272727,244.38484848484848
2301,10.0,37,8.0,54.729729729729726,6.0,39.97837837837838,2.0,24.664864864864864,36.0,14.402702702702705,56.0,70.12702702702703,6.0,24.986486486486488,21.62162162162162,250.5108108108108
2303,10.0,32,2.0,36.125,6.0,36.1,1.0,20.41875,16.0,7.2,26.0,31.537499999999998,3.0,19.140625,15.015625,165.5375
2307,10.0,38,16.0,76.73684210526316,9.0,46.50526315789474,0.0,22.8,53.0,21.792105263157897,109.0,170.5973684210526,16.0,38.36842105263158,17.05263157894737,393.85263157894735
2310,10.0,43,25.0,107.53488372093024,14.0,60.44651162790698,4.0,30.823255813953487,70.0,29.695348837209306,100.0,142.66744186046512,17.0,41.86046511627907,52.19767441860465,465.2255813953489
2316,10.0,5,2.0,9.8,2.0,7.840000000000001,0.0,3.0,5.0,2.0,15.0,24.0,2.0,4.9,14.4,65.94
2319,10.0,43,11.0,67.81395348837209,16.0,64.76279069767442,0.0,25.8,39.0,15.637209302325582,74.0,95.5046511627907,21.0,47.627906976744185,21.5,338.646511627907
2321,10.0,45,19.0,91.02222222222223,7.0,48.071111111111115,5.0,33.333333333333336,59.0,24.035555555555558,107.0,154.02666666666667,13.0,37.37777777777778,8.1,395.96666666666675
2322,10.0,7,2.0,11.571428571428571,1.0,7.314285714285714,0.0,4.2,6.0,2.4142857142857146,3.0,4.285714285714286,1.0,4.571428571428571,0.07142857142857142,34.42857142857142
2323,10.0,83,63.0,256.8192771084337,19.0,100.27951807228916,9.0,61.1855421686747,180.0,83.33614457831327,252.0,405.63253012048193,17.0,60.24096385542169,54.36746987951807,1021.8614457831325
2325,10.0,3,1.0,5.333333333333333,1.0,4.266666666666667,0.0,1.7999999999999998,3.0,1.2000000000000002,7.0,10.0,1.0,2.6666666666666665,1.5,26.766666666666666
2333,10.0,22,6.0,35.63636363636363,4.0,24.581818181818182,3.0,17.045454545454547,29.0,11.822727272727274,40.0,52.418181818181814,7.0,19.113636363636363,3.272727272727273,163.8909090909091
2342,10.0,7,6.0,24.142857142857142,3.0,11.42857142857143,3.0,8.571428571428571,15.0,6.914285714285715,31.0,61.88571428571428,1.0,4.571428571428571,0.07142857142857142,117.58571428571426
2346,10.0,8,4.0,18.0,3.0,12.100000000000001,2.0,7.5,6.0,2.45,22.0,33.75,0.0,4.0,3.0625,80.86250000000001
2351,10.0,58,50.0,201.10344827586206,34.0,116.74482758620691,13.0,52.148275862068964,127.0,59.008620689655174,264.0,536.2965517241379,13.0,43.456896551724135,139.04310344827587,1147.801724137931
2359,10.0,18,2.0,22.22222222222222,4.0,21.511111111111113,0.0,10.799999999999999,18.0,7.2,30.0,38.4,5.0,14.694444444444445,5.444444444444445,120.27222222222221
2360,10.0,9,5.0,21.77777777777778,7.0,22.755555555555556,1.0,6.666666666666666,8.0,3.2111111111111117,24.0,36.3,4.0,9.38888888888889,24.5,124.6
2366,10.0,4,6.0,25.0,1.0,5.0,0.0,2.4,7.0,3.0250000000000004,17.0,33.074999999999996,2.0,4.5,8.0,81.0
2367,10.0,6,1.0,8.166666666666666,1.0,6.533333333333333,0.0,3.5999999999999996,8.0,3.2666666666666666,14.0,20.0,3.0,6.75,5.333333333333333,53.65
2368,10.0,7,9.0,36.57142857142857,2.0,9.257142857142858,0.0,4.2,21.0,11.200000000000001,37.0,82.97142857142856,2.0,5.785714285714286,12.071428571428571,162.05714285714285
2377,10.0,13,2.0,17.307692307692307,2.0,13.846153846153847,1.0,9.046153846153846,11.0,4.430769230769231,9.0,11.16923076923077,3.0,9.846153846153847,0.038461538461538464,65.68461538461538
2416,10.0,9,2.0,13.444444444444445,0.0,7.2,0.0,5.3999999999999995,5.0,2.177777777777778,15.0,19.2,1.0,5.555555555555555,0.0,52.977777777777774
2426,10.0,77,30.0,148.6883116883117,26.0,110.22337662337664,9.0,57.63116883116882,104.0,42.54675324675325,193.0,284.02597402597405,25.0,67.55844155844156,49.14935064935065,759.8233766233768
2427,10.0,9,0.0,9.0,2.0,10.755555555555556,0.0,5.3999999999999995,3.0,1.6,8.0,9.633333333333335,6.0,12.5,0.2222222222222222,49.111111111111114
2430,10.0,29,0.0,29.0,2.0,26.51034482758621,0.0,17.4,11.0,5.517241379310345,17.0,21.889655172413793,10.0,26.224137931034484,9.120689655172415,135.66206896551725
2431,10.0,11,2.0,15.363636363636363,2.0,12.290909090909091,0.0,6.6,14.0,5.6818181818181825,8.0,9.845454545454546,1.0,6.545454545454546,2.227272727272727,58.554545454545455
2435,10.0,24,12.0,54.0,14.0,48.13333333333333,0.0,14.399999999999999,27.0,10.8375,64.0,96.8,3.0,15.1875,48.0,287.35833333333335
2447,10.0,72,9.0,91.125,10.0,74.71111111111111,2.0,45.63333333333333,88.0,35.55555555555556,126.0,163.35,29.0,70.84027777777777,47.84027777777778,529.0555555555555
2448,10.0,51,24.0,110.29411764705883,20.0,79.07450980392157,7.0,39.57647058823529,63.0,25.482352941176472,135.0,203.50588235294117,5.0,30.745098039215687,67.53921568627452,556.2176470588236
2450,10.0,67,18.0,107.83582089552239,24.0,98.87761194029851,4.0,45.14328358208955,86.0,34.938805970149254,159.0,228.69850746268656,15.0,50.17910447761194,0.3656716417910448,566.0388059701494
2452,10.0,81,94.0,378.08641975308643,36.0,135.20000000000002,9.0,60.0,256.0,140.20864197530864,445.0,1024.7259259259258,34.0,81.6358024691358,117.55555555555556,1937.4123456790123
2454,10.0,5,9.0,39.2,0.0,4.0,0.0,3.0,17.0,9.68,23.0,47.04,1.0,3.6,16.9,123.41999999999999
2456,10.0,31,10.0,54.225806451612904,9.0,41.29032258064516,2.0,21.07741935483871,51.0,21.690322580645162,82.0,123.57096774193548,7.0,23.29032258064516,23.29032258064516,308.4354838709678
2460,10.0,40,7.0,55.225,2.0,35.28,2.0,26.46,52.0,21.16,80.0,108.0,16.0,39.2,12.0125,297.3375
2461,10.0,54,7.0,68.9074074074074,16.0,72.5925925925926,2.0,34.84444444444444,58.0,23.22962962962963,58.0,69.68888888888888,21.0,52.083333333333336,10.703703703703704,332.04999999999995
2466,10.0,32,8.0,50.0,1.0,27.225,1.0,20.41875,34.0,13.6125,51.0,64.584375,9.0,26.265625,1.5625,203.66875
2472,10.0,47,9.0,66.72340425531915,10.0,55.30212765957447,7.0,37.225531914893615,26.0,11.338297872340426,56.0,67.71702127659574,6.0,29.882978723404257,7.75531914893617,275.9446808510638
2474,10.0,71,41.0,176.67605633802816,23.0,99.56056338028169,9.0,54.08450704225351,104.0,43.13380281690141,222.0,362.74225352112677,20.0,58.316901408450704,47.352112676056336,841.8661971830985
2476,10.0,30,11.0,56.03333333333333,6.0,34.56,3.0,21.779999999999998,52.0,22.413333333333334,91.0,146.41,7.0,22.816666666666666,8.816666666666666,312.83
2479,10.0,33,21.0,88.36363636363636,4.0,33.18787878787879,2.0,22.272727272727273,39.0,15.70909090909091,84.0,124.44545454545454,8.0,25.46969696969697,33.46969696969697,342.9181818181819
2484,10.0,70,18.0,110.62857142857143,17.0,86.50285714285715,9.0,53.494285714285716,101.0,41.77285714285715,144.0,196.26857142857142,26.0,65.82857142857142,31.114285714285714,585.61
2487,10.0,68,58.0,233.47058823529412,32.0,117.64705882352942,8.0,50.96470588235294,164.0,79.15294117647059,305.0,613.8044117647058,6.0,40.26470588235294,51.88235294117647,1187.1867647058823
2489,10.0,18,8.0,37.55555555555556,5.0,23.511111111111113,2.0,13.333333333333332,20.0,8.022222222222224,33.0,43.35,7.0,17.36111111111111,2.7777777777777777,145.91111111111113
2491,10.0,34,10.0,56.94117647058823,8.0,41.50588235294118,6.0,28.23529411764706,27.0,10.944117647058825,71.0,97.27941176470587,26.0,52.94117647058823,16.014705882352942,303.8617647058823
2501,10.0,1,0.0,1.0,0.0,0.8,0.0,0.6,0.0,0.1,1.0,1.2,1.0,2.0,0.5,6.2
2506,10.0,27,2.0,31.14814814814815,1.0,23.22962962962963,1.0,17.42222222222222,18.0,7.5,30.0,36.099999999999994,24.0,48.166666666666664,35.851851851851855,199.4185185185185
2508,10.0,31,22.0,90.61290322580645,12.0,47.71612903225807,8.0,29.438709677419354,77.0,37.6258064516129,109.0,189.6774193548387,8.0,24.532258064516128,68.14516129032258,487.7483870967741
2516,10.0,23,6.0,36.56521739130435,7.0,31.304347826086957,3.0,17.63478260869565,37.0,15.652173913043478,28.0,33.926086956521736,6.0,18.282608695652176,15.847826086956522,169.2130434782609
2517,10.0,3,0.0,3.0,0.0,2.4000000000000004,0.0,1.7999999999999998,1.0,0.5333333333333333,3.0,3.5999999999999996,0.0,1.5,13.5,26.333333333333332
2549,10.0,50,14.0,81.92,11.0,59.536,3.0,33.708,129.0,64.08200000000001,154.0,249.696,24.0,54.76,23.04,566.742
2550,10.0,11,7.0,29.454545454545453,4.0,16.363636363636363,1.0,7.8545454545454545,13.0,5.236363636363637,40.0,70.93636363636364,2.0,7.681818181818182,11.636363636363637,149.16363636363636
2556,10.0,31,5.0,41.806451612903224,3.0,29.83225806451613,0.0,18.599999999999998,18.0,7.7451612903225815,28.0,33.68709677419355,12.0,29.822580645161292,4.129032258064516,165.6225806451613
2696,10.0,3,1.0,5.333333333333333,0.0,2.4000000000000004,0.0,1.7999999999999998,0.0,0.30000000000000004,1.0,1.5999999999999999,1.0,2.6666666666666665,4.166666666666667,18.266666666666666
2700,10.0,3,4.0,16.333333333333332,0.0,2.4000000000000004,0.0,1.7999999999999998,2.0,0.8333333333333335,15.0,32.4,0.0,1.5,4.166666666666667,59.43333333333333
2740,10.0,14,0.0,14.0,0.0,11.200000000000001,2.0,10.97142857142857,9.0,3.7785714285714285,19.0,23.335714285714285,5.0,12.892857142857142,0.5714285714285714,76.75
2743,10.0,78,19.0,120.62820512820512,20.0,98.50256410256411,8.0,56.89230769230769,65.0,26.21666666666667,156.0,210.6,17.0,57.8525641025641,56.64102564102564,627.3333333333334
2753,10.0,51,26.0,116.25490196078431,19.0,76.86274509803923,3.0,34.305882352941175,126.0,61.42941176470588,160.0,261.88823529411764,16.0,44.009803921568626,67.53921568627452,662.2901960784313
2757,10.0,23,26.0,104.3913043478261,18.0,58.469565217391306,11.0,30.156521739130433,72.0,39.23913043478261,172.0,495.97826086956525,2.0,13.58695652173913,29.76086956521739,771.5826086956522
2760,10.0,37,5.0,47.67567567567568,7.0,41.85945945945946,4.0,27.25945945945946,40.0,16.024324324324326,66.0,86.01891891891891,19.0,42.37837837837838,40.87837837837838,302.09459459459464
2762,10.0,4,1.0,6.25,3.0,9.8,0.0,2.4,8.0,3.6,11.0,16.875,1.0,3.125,1.125,43.175
2763,10.0,1,0.0,1.0,0.0,0.8,0.0,0.6,0.0,0.1,1.0,1.2,1.0,2.0,2.0,7.7
2764,10.0,1,0.0,1.0,0.0,0.8,0.0,0.6,2.0,0.9,0.0,0.3,1.0,2.0,0.0,5.6
2765,10.0,36,18.0,81.0,15.0,57.800000000000004,5.0,28.016666666666666,43.0,17.336111111111112,115.0,190.00833333333333,18.0,40.5,10.125,424.7861111111111
2766,10.0,48,2.0,52.083333333333336,7.0,50.41666666666667,2.0,31.25,61.0,24.752083333333335,55.0,66.30625,30.0,63.375,23.010416666666668,311.19375
2768,10.0,2,2.0,8.0,0.0,1.6,0.0,1.2,1.0,0.45,5.0,7.35,0.0,1.0,0.0,19.599999999999998
2769,10.0,26,16.0,67.84615384615384,10.0,39.87692307692308,10.0,29.907692307692308,70.0,35.44615384615385,80.0,129.64615384615382,12.0,27.76923076923077,30.76923076923077,361.26153846153846
2773,10.0,23,3.0,29.391304347826086,3.0,23.51304347826087,0.0,13.799999999999999,9.0,4.452173913043478,22.0,26.413043478260867,5.0,17.043478260869566,8.695652173913043,123.30869565217391
2774,10.0,27,9.0,48.0,2.0,24.91851851851852,3.0,20.0,23.0,9.25925925925926,51.0,67.6,11.0,26.74074074074074,14.518518518518519,211.037037037037
2776,10.0,2,0.0,2.0,0.0,1.6,0.0,1.2,1.0,0.45,0.0,0.6,2.0,4.0,2.25,12.1
2777,10.0,9,0.0,9.0,0.0,7.2,2.0,8.066666666666666,22.0,10.677777777777777,15.0,19.2,5.0,10.88888888888889,2.0,67.03333333333333
2790,10.0,37,18.0,81.75675675675676,9.0,45.75135135135135,3.0,25.945945945945944,49.0,19.98918918918919,80.0,110.99189189189188,1.0,19.513513513513512,43.9054054054054,347.854054054054
2795,10.0,29,5.0,39.86206896551724,9.0,39.834482758620695,1.0,18.620689655172413,38.0,15.479310344827589,67.0,95.33793103448276,2.0,16.56896551724138,41.39655172413793,267.1
2805,10.0,26,15.0,64.65384615384616,9.0,37.69230769230769,1.0,16.823076923076922,36.0,14.784615384615385,54.0,73.84615384615384,8.0,22.23076923076923,12.01923076923077,242.05
2807,10.0,38,16.0,76.73684210526316,10.0,48.50526315789474,5.0,29.19473684210526,92.0,44.47368421052632,153.0,288.0078947368421,5.0,24.32894736842105,2.223684210526316,513.471052631579
2817,10.0,20,7.0,36.45,2.0,19.36,0.0,12.0,18.0,7.220000000000001,31.0,39.015,4.0,14.4,8.1,136.545
2824,10.0,60,21.0,109.35,20.0,85.33333333333334,5.0,42.25,82.0,33.60666666666667,114.0,151.38,27.0,63.075,70.53333333333333,555.5283333333333
2832,10.0,56,16.0,92.57142857142857,18.0,78.22857142857144,2.0,36.04285714285714,94.0,40.17857142857143,124.0,173.57142857142856,28.0,63.0,30.035714285714285,513.6285714285715
2836,10.0,1,0.0,1.0,0.0,0.8,0.0,0.6,1.0,0.4,1.0,1.2,0.0,0.5,12.5,17.0
2840,10.0,40,9.0,60.025,5.0,40.5,1.0,25.215,40.0,16.0,76.0,100.91999999999999,7.0,27.6125,3.2,273.47249999999997
2843,10.0,69,40.0,172.18840579710144,10.0,72.35942028985508,6.0,48.91304347826087,135.0,60.31304347826088,230.0,388.7,10.0,45.22463768115942,34.5,822.1985507246376
2855,10.0,4,2.0,9.0,2.0,7.2,0.0,2.4,6.0,2.5,11.0,16.875,1.0,3.125,0.5,41.599999999999994
2858,10.0,75,64.0,257.61333333333334,43.0,148.52266666666668,21.0,73.728,208.0,106.78533333333333,327.0,646.4159999999999,36.0,82.14,100.86,1416.0653333333335
2862,10.0,33,14.0,66.93939393939394,10.0,44.82424242424243,1.0,21.01818181818182,51.0,21.381818181818183,74.0,104.08181818181818,16.0,36.378787878787875,0.24242424242424243,294.8666666666667
2863,10.0,16,0.0,16.0,4.0,20.0,2.0,12.15,29.0,12.65625,15.0,18.01875,6.0,15.125,13.78125,107.73125
2864,10.0,41,7.0,56.19512195121951,16.0,63.39512195121952,2.0,27.05853658536585,48.0,19.319512195121952,62.0,77.62682926829268,14.0,36.890243902439025,18.548780487804876,299.03414634146344
2872,10.0,20,7.0,36.45,1.0,17.64,1.0,13.23,15.0,6.125,31.0,39.015,2.0,12.1,7.225,131.785
2873,10.0,32,21.0,87.78125,10.0,44.1,4.0,24.3,76.0,36.45,92.0,144.15,5.0,21.390625,11.390625,369.5625
2875,10.0,8,1.0,10.125,3.0,12.100000000000001,0.0,4.8,14.0,6.050000000000001,26.0,43.35,2.0,6.25,0.0625,82.73750000000001
2876,10.0,2,0.0,2.0,0.0,1.6,1.0,2.6999999999999997,0.0,0.2,1.0,1.3499999999999999,0.0,1.0,2.25,11.1
2879,10.0,3,1.0,5.333333333333333,1.0,4.266666666666667,0.0,1.7999999999999998,3.0,1.2000000000000002,8.0,12.1,1.0,2.6666666666666665,0.6666666666666666,28.03333333333333
2895,10.0,31,8.0,49.064516129032256,3.0,29.83225806451613,2.0,21.07741935483871,29.0,11.612903225806452,56.0,73.2483870967742,2.0,17.56451612903226,13.564516129032258,215.96451612903223
2897,10.0,2,0.0,2.0,0.0,1.6,0.0,1.2,0.0,0.2,0.0,0.6,0.0,1.0,1.0,7.6
2901,10.0,8,0.0,8.0,2.0,10.0,0.0,4.8,12.0,5.0,19.0,27.3375,4.0,9.0,1.0,65.1375
2902,10.0,36,12.0,64.0,10.0,47.022222222222226,3.0,25.349999999999998,54.0,22.5,76.0,104.53333333333333,6.0,24.5,29.38888888888889,317.2944444444445
2904,10.0,14,4.0,23.142857142857142,3.0,16.514285714285716,4.0,13.885714285714284,18.0,7.314285714285714,36.0,53.57142857142858,12.0,24.142857142857142,11.571428571428571,150.14285714285717
2910,10.0,1,0.0,1.0,0.0,0.8,0.0,0.6,0.0,0.1,0.0,0.3,0.0,0.5,0.5,3.8
2911,10.0,25,17.0,70.56,10.0,39.2,7.0,24.576,52.0,23.716,85.0,145.2,3.0,15.68,16.82,335.752
2915,10.0,58,21.0,107.60344827586206,22.0,88.27586206896552,7.0,43.706896551724135,103.0,44.69137931034483,143.0,208.9706896551724,18.0,49.793103448275865,20.698275862068964,563.7396551724138
2916,10.0,48,5.0,58.520833333333336,16.0,68.26666666666667,4.0,33.8,58.0,23.408333333333335,90.0,119.02499999999999,14.0,40.041666666666664,9.375,352.4375
2917,10.0,48,13.0,77.52083333333333,17.0,70.41666666666667,14.0,48.05,39.0,15.76875,86.0,112.225,4.0,28.166666666666668,19.260416666666668,371.4083333333334
2923,10.0,12,7.0,30.083333333333332,5.0,19.266666666666666,0.0,7.199999999999999,20.0,8.533333333333333,47.0,87.02499999999999,2.0,8.166666666666666,0.375,160.64999999999998
2958,10.0,18,9.0,40.5,2.0,17.77777777777778,1.0,12.033333333333333,28.0,11.755555555555556,44.0,64.06666666666666,12.0,25.0,0.4444444444444444,171.57777777777778
2969,10.0,5,1.0,7.2,0.0,4.0,0.0,3.0,9.0,3.9200000000000004,9.0,11.76,1.0,3.6,1.6,35.080000000000005
2980,10.0,4,1.0,6.25,1.0,5.0,0.0,2.4,3.0,1.225,7.0,9.075,1.0,3.125,2.0,29.075
3000,10.0,14,2.0,18.285714285714285,2.0,14.628571428571428,1.0,9.642857142857144,6.0,2.8571428571428577,12.0,14.485714285714284,1.0,8.035714285714286,12.892857142857142,80.82857142857142
3031,10.0,21,4.0,29.761904761904763,4.0,23.80952380952381,3.0,16.457142857142856,27.0,10.971428571428572,56.0,84.69999999999999,7.0,18.666666666666668,20.023809523809526,204.39047619047616
3032,10.0,4,2.0,9.0,0.0,3.2,0.0,2.4,5.0,2.025,5.0,6.075,1.0,3.125,3.125,28.95
3037,10.0,46,21.0,97.58695652173913,5.0,45.23478260869565,2.0,30.05217391304348,67.0,27.758695652173913,107.0,152.6673913043478,11.0,35.31521739130435,0.532608695652174,389.1478260869565
3041,10.0,5,5.0,20.0,2.0,7.840000000000001,0.0,3.0,10.0,4.5,20.0,37.5,3.0,6.4,4.9,84.14000000000001
3042,10.0,36,16.0,75.11111111111111,8.0,43.022222222222226,5.0,28.016666666666666,73.0,33.00277777777778,70.0,93.63333333333333,4.0,22.22222222222222,13.347222222222221,308.35555555555555
3043,10.0,20,2.0,24.2,5.0,25.0,0.0,12.0,23.0,9.245000000000001,34.0,43.74,13.0,27.225,0.0,141.41
3052,10.0,79,49.0,207.39240506329114,26.0,111.64556962025318,8.0,57.48607594936709,220.0,113.16582278481013,294.0,528.3379746835443,23.0,65.84810126582279,162.0253164556962,1245.9012658227848
3053,10.0,43,17.0,83.72093023255815,18.0,69.2279069767442,7.0,34.883720930232556,69.0,29.172093023255815,81.0,107.27441860465116,8.0,30.24418604651163,74.4186046511628,428.9418604651163
3057,10.0,5,4.0,16.2,1.0,5.760000000000001,1.0,4.32,8.0,3.38,16.0,26.46,0.0,2.5,0.9,59.52
3058,10.0,5,2.0,9.8,1.0,5.760000000000001,0.0,3.0,6.0,2.42,9.0,11.76,3.0,6.4,0.1,39.24
3062,10.0,28,1.0,30.035714285714285,4.0,29.257142857142856,0.0,16.8,37.0,15.089285714285715,28.0,33.6,12.0,28.571428571428573,19.446428571428573,172.8
3065,10.0,2,0.0,2.0,0.0,1.6,0.0,1.2,0.0,0.2,0.0,0.6,1.0,2.25,0.0,7.85
3070,10.0,2,0.0,2.0,0.0,1.6,0.0,1.2,2.0,0.8,4.0,5.3999999999999995,0.0,1.0,0.25,12.25
3071,10.0,29,8.0,47.206896551724135,7.0,35.751724137931035,2.0,19.882758620689657,27.0,10.813793103448276,51.0,66.20689655172413,3.0,17.655172413793103,12.568965517241379,210.0862068965517
3076,10.0,26,5.0,36.96153846153846,5.0,29.56923076923077,4.0,20.769230769230766,19.0,7.788461538461539,30.0,36.184615384615384,5.0,18.48076923076923,5.5576923076923075,155.31153846153848
3077,10.0,12,7.0,30.083333333333332,7.0,24.066666666666666,4.0,12.799999999999999,26.0,12.033333333333333,43.0,75.625,0.0,6.0,10.666666666666666,171.275
3079,10.0,33,38.0,152.75757575757575,22.0,73.33333333333334,8.0,30.563636363636363,64.0,28.512121212121215,123.0,221.23636363636365,5.0,21.87878787878788,92.18181818181819,620.4636363636364
3083,10.0,47,17.0,87.14893617021276,17.0,69.71914893617021,4.0,33.204255319148935,46.0,18.40212765957447,100.0,137.92978723404255,14.0,39.58510638297872,4.25531914893617,390.2446808510638
3125,10.0,21,10.0,45.76190476190476,5.0,25.752380952380953,3.0,16.457142857142856,41.0,18.304761904761904,60.0,93.72857142857143,1.0,11.523809523809524,20.023809523809526,231.55238095238093
3129,10.0,65,34.0,150.7846153846154,15.0,78.76923076923077,9.0,50.54769230769231,115.0,49.84615384615385,173.0,261.43384615384616,30.0,69.42307692307692,40.99230769230769,701.7969230769231
3134,10.0,29,13.0,60.827586206896555,14.0,51.00689655172414,3.0,21.186206896551724,60.0,27.313793103448276,98.0,166.85172413793103,3.0,17.655172413793103,6.896551724137931,351.73793103448276
3137,10.0,40,25.0,105.625,19.0,69.62,2.0,26.46,67.0,28.622500000000002,124.0,201.72,16.0,39.2,66.6125,537.86
3138,10.0,23,10.0,47.34782608695652,2.0,21.73913043478261,1.0,15.02608695652174,13.0,5.6347826086956525,28.0,33.926086956521736,2.0,13.58695652173913,8.695652173913043,145.9565217391304
3145,10.0,26,8.0,44.46153846153846,9.0,37.69230769230769,3.0,19.407692307692308,27.0,10.803846153846154,46.0,59.815384615384616,30.0,60.30769230769231,16.173076923076923,248.66153846153847
3178,10.0,21,19.0,76.19047619047619,7.0,29.86666666666667,0.0,12.6,42.0,18.900000000000002,88.0,169.72857142857143,6.0,17.357142857142858,21.428571428571427,346.07142857142856
3194,10.0,4,3.0,12.25,3.0,9.8,2.0,5.3999999999999995,6.0,2.5,13.0,21.675,0.0,2.0,12.5,66.125
3198,10.0,3,1.0,5.333333333333333,3.0,9.600000000000001,0.0,1.7999999999999998,3.0,1.2000000000000002,7.0,10.0,0.0,1.5,4.166666666666667,33.6
3205,10.0,3,2.0,8.333333333333334,1.0,4.266666666666667,1.0,3.1999999999999997,0.0,0.30000000000000004,4.0,4.8999999999999995,1.0,2.6666666666666665,10.666666666666666,34.333333333333336
3215,10.0,26,23.0,92.34615384615384,18.0,59.56923076923078,8.0,26.676923076923075,44.0,18.846153846153847,117.0,235.95,10.0,24.923076923076923,46.17307692307692,504.4846153846154
3216,10.0,97,45.0,207.8762886597938,30.0,133.02268041237116,11.0,72.14845360824742,212.0,98.4340206185567,369.0,671.6164948453608,10.0,59.01546391752577,74.22680412371135,1316.340206185567
3217,10.0,24,12.0,54.0,1.0,20.833333333333336,2.0,16.9,49.0,22.204166666666666,93.0,171.11249999999998,5.0,17.520833333333332,7.520833333333333,310.09166666666664
3219,10.0,20,0.0,20.0,2.0,19.36,1.0,13.23,12.0,5.120000000000001,19.0,22.814999999999998,17.0,34.225,3.025,117.775
3220,10.0,54,12.0,80.66666666666667,4.0,49.83703703703704,2.0,34.84444444444444,55.0,22.001851851851853,104.0,138.6888888888889,7.0,34.4537037037037,17.12037037037037,377.61296296296297
3221,10.0,2,0.0,2.0,0.0,1.6,0.0,1.2,0.0,0.2,1.0,1.3499999999999999,1.0,2.25,0.25,8.85
3227,10.0,4,3.0,12.25,0.0,3.2,1.0,3.75,2.0,0.9,17.0,33.074999999999996,2.0,4.5,6.125,63.8
3228,10.0,4,3.0,12.25,1.0,5.0,0.0,2.4,4.0,1.6,10.0,14.7,4.0,8.0,4.5,48.45
3229,10.0,62,40.0,167.80645161290323,23.0,93.22580645161291,10.0,50.16774193548387,148.0,71.12903225806451,246.0,459.01935483870966,8.0,39.516129032258064,23.516129032258064,904.3806451612903
3230,10.0,5,3.0,12.8,4.0,12.96,1.0,4.32,10.0,4.5,13.0,19.439999999999998,2.0,4.9,3.6,62.519999999999996
3231,10.0,17,4.0,25.941176470588236,3.0,18.823529411764707,0.0,10.2,13.0,5.294117647058823,36.0,49.57058823529412,2.0,10.617647058823529,7.529411764705882,127.97647058823532
3234,10.0,29,6.0,42.241379310344826,7.0,35.751724137931035,1.0,18.620689655172413,46.0,19.396551724137932,68.0,97.33448275862068,9.0,24.896551724137932,3.8793103448275863,242.1206896551724
3237,10.0,8,4.0,18.0,5.0,16.900000000000002,0.0,4.8,13.0,5.5125,30.0,54.15,5.0,10.5625,9.0,118.92500000000001
3239,10.0,37,13.0,67.56756756756756,11.0,49.81621621621622,5.0,28.605405405405406,50.0,20.45675675675676,100.0,152.18108108108106,7.0,26.16216216216216,9.85135135135135,354.64054054054054
3245,10.0,3,3.0,12.0,0.0,2.4000000000000004,0.0,1.7999999999999998,12.0,7.5,17.0,40.0,0.0,1.5,0.6666666666666666,65.86666666666667
3274,10.0,22,8.0,40.90909090909091,6.0,28.509090909090908,2.0,15.709090909090909,19.0,7.640909090909091,36.0,45.87272727272727,1.0,12.022727272727273,7.363636363636363,158.02727272727273
3275,10.0,8,1.0,10.125,2.0,10.0,1.0,6.075,8.0,3.2,10.0,12.15,2.0,6.25,0.5625,48.3625
3276,10.0,19,11.0,47.36842105263158,7.0,28.463157894736845,2.0,13.926315789473684,25.0,10.189473684210526,54.0,84.14210526315789,4.0,13.921052631578947,4.447368421052632,202.45789473684212
3277,10.0,14,1.0,16.071428571428573,3.0,16.514285714285716,2.0,10.97142857142857,9.0,3.7785714285714285,19.0,23.335714285714285,1.0,8.035714285714286,9.142857142857142,87.85000000000001
3354,10.0,2,0.0,2.0,0.0,1.6,1.0,2.6999999999999997,5.0,2.45,4.0,5.3999999999999995,0.0,1.0,2.25,17.4
3374,10.0,8,1.0,10.125,5.0,16.900000000000002,1.0,6.075,10.0,4.05,29.0,51.3375,4.0,9.0,1.0,98.4875
3377,10.0,13,3.0,19.692307692307693,2.0,13.846153846153847,1.0,9.046153846153846,17.0,6.923076923076923,26.0,35.1,2.0,8.653846153846153,3.8461538461538463,97.1076923076923
3403,10.0,22,2.0,26.181818181818183,4.0,24.581818181818182,2.0,15.709090909090909,18.0,7.272727272727273,30.0,36.87272727272727,19.0,38.20454545454545,17.818181818181817,166.64090909090908
3407,10.0,4,4.0,16.0,1.0,5.0,1.0,3.75,2.0,0.9,11.0,16.875,2.0,4.5,10.125,57.15
3409,10.0,35,26.0,106.31428571428572,28.0,90.72000000000001,9.0,33.18857142857143,50.0,20.642857142857142,90.0,133.92857142857142,5.0,22.857142857142858,98.41428571428571,506.06571428571425
3420,10.0,10,5.0,22.5,1.0,9.68,2.0,8.64,8.0,3.24,27.0,41.07,1.0,6.05,11.25,102.42999999999999
3441,10.0,47,16.0,84.44680851063829,13.0,61.27659574468086,6.0,35.85957446808511,45.0,18.008510638297874,100.0,137.92978723404255,12.0,37.03191489361702,29.882978723404257,404.43617021276594
3449,10.0,74,49.0,204.44594594594594,45.0,153.0918918918919,12.0,59.96756756756757,117.0,49.29864864864865,243.0,407.3878378378378,39.0,86.27702702702703,86.27702702702703,1046.745945945946
3456,10.0,106,94.0,377.35849056603774,57.0,200.52075471698114,22.0,92.73962264150943,242.0,114.24905660377358,508.0,1066.9698113207546,17.0,71.36320754716981,147.77830188679246,2070.979245283019
3461,10.0,65,22.0,116.44615384615385,24.0,97.48923076923077,10.0,51.92307692307692,114.0,49.293846153846154,186.0,290.77384615384614,22.0,58.223076923076924,42.12307692307692,706.2723076923078
3466,10.0,27,4.0,35.592592592592595,4.0,28.47407407407408,3.0,20.0,36.0,14.700000000000001,47.0,60.84444444444444,9.0,24.0,24.0,207.61111111111111
3473,10.0,3,1.0,5.333333333333333,1.0,4.266666666666667,0.0,1.7999999999999998,6.0,2.7,10.0,16.9,0.0,1.5,8.166666666666666,40.666666666666664
3475,10.0,1,0.0,1.0,0.0,0.8,0.0,0.6,0.0,0.1,0.0,0.3,0.0,0.5,0.5,3.8
3476,10.0,6,11.0,48.166666666666664,8.0,26.133333333333333,1.0,4.8999999999999995,10.0,4.266666666666667,37.0,92.45,0.0,3.0,16.333333333333332,195.25000000000003
3480,10.0,4,4.0,16.0,5.0,16.2,1.0,3.75,12.0,6.4,18.0,36.3,0.0,2.0,6.125,86.775
3481,10.0,47,63.0,257.4468085106383,22.0,81.03829787234042,9.0,40.03404255319149,176.0,105.8063829787234,316.0,841.0787234042554,16.0,42.223404255319146,47.755319148936174,1415.3829787234042
3578,10.0,1,1.0,4.0,2.0,7.2,0.0,0.6,0.0,0.1,2.0,2.6999999999999997,0.0,0.5,0.5,15.599999999999998
3579,10.0,2,2.0,8.0,0.0,1.6,2.0,4.8,2.0,0.8,10.0,21.599999999999998,0.0,1.0,6.25,44.05
3583,10.0,8,11.0,45.125,3.0,12.100000000000001,0.0,4.8,21.0,10.512500000000001,39.0,82.83749999999999,1.0,5.0625,16.0,176.4375
3587,10.0,78,5.0,88.32051282051282,12.0,83.07692307692308,3.0,50.46923076923077,62.0,25.128205128205128,90.0,108.55384615384615,23.0,65.39102564102564,31.41025641025641,452.35
3590,10.0,24,10.0,48.166666666666664,1.0,20.833333333333336,3.0,18.224999999999998,42.0,18.150000000000002,78.0,130.04999999999998,7.0,20.020833333333332,9.1875,264.6333333333333
3627,10.0,60,28.0,129.06666666666666,30.0,108.0,12.0,51.84,97.0,41.08166666666667,242.0,456.02,9.0,39.675,58.8,884.4833333333331
3631,10.0,63,15.0,96.57142857142857,16.0,79.25079365079365,15.0,57.942857142857136,83.0,33.834920634920636,139.0,194.30476190476188,11.0,43.46031746031746,47.05555555555556,552.4206349206349
3657,10.0,45,28.0,118.42222222222222,9.0,51.84,4.0,32.01333333333333,62.0,25.442222222222224,135.0,216.0,15.0,40.0,46.94444444444444,530.6622222222222
3677,10.0,3,0.0,3.0,1.0,4.266666666666667,1.0,3.1999999999999997,2.0,0.8333333333333335,5.0,6.3999999999999995,0.0,1.5,1.5,20.7
3679,10.0,12,6.0,27.0,4.0,17.066666666666666,3.0,11.25,8.0,3.333333333333334,25.0,34.224999999999994,3.0,9.375,16.666666666666668,118.91666666666667
3688,10.0,5,1.0,7.2,1.0,5.760000000000001,4.0,9.719999999999999,13.0,6.48,13.0,19.439999999999998,1.0,3.6,10.0,62.199999999999996
3699,10.0,31,18.0,77.45161290322581,19.0,64.51612903225806,2.0,21.07741935483871,50.0,21.16451612903226,74.0,106.69354838709677,9.0,25.806451612903224,20.903225806451612,337.6129032258064
3701,10.0,16,5.0,27.5625,1.0,14.450000000000001,1.0,10.8375,25.0,10.506250000000001,36.0,50.699999999999996,10.0,21.125,13.78125,148.9625
3722,10.0,46,5.0,56.54347826086956,10.0,54.539130434782614,2.0,30.05217391304348,29.0,12.228260869565219,62.0,76.0695652173913,7.0,30.532608695652176,10.445652173913043,270.4108695652174
3729,10.0,3,3.0,12.0,1.0,4.266666666666667,0.0,1.7999999999999998,1.0,0.5333333333333333,7.0,10.0,1.0,2.6666666666666665,8.166666666666666,39.43333333333334
3733,10.0,3,0.0,3.0,2.0,6.666666666666668,0.0,1.7999999999999998,1.0,0.5333333333333333,7.0,10.0,1.0,2.6666666666666665,6.0,30.666666666666668
3742,10.0,10,5.0,22.5,3.0,13.52,2.0,8.64,20.0,9.0,42.0,81.11999999999999,2.0,7.2,11.25,153.22999999999996
3746,10.0,27,16.0,68.48148148148148,8.0,36.2962962962963,2.0,18.68888888888889,41.0,17.125925925925927,101.0,182.04444444444442,5.0,18.962962962962962,35.851851851851855,377.45185185185187
3767,10.0,1,0.0,1.0,0.0,0.8,0.0,0.6,1.0,0.4,4.0,7.5,0.0,0.5,0.0,10.8
3780,10.0,36,31.0,124.69444444444444,27.0,88.2,12.0,38.4,85.0,40.66944444444445,148.0,282.1333333333333,16.0,37.55555555555556,86.68055555555556,698.3333333333333
3781,10.0,18,6.0,32.0,6.0,25.6,0.0,10.799999999999999,53.0,28.005555555555556,70.0,129.06666666666666,5.0,14.694444444444445,0.25,240.41666666666669
3823,10.0,19,7.0,35.578947368421055,12.0,40.463157894736845,6.0,19.736842105263154,30.0,12.636842105263158,57.0,91.2,8.0,19.18421052631579,19.18421052631579,237.9842105263158
3846,10.0,58,16.0,94.41379310344827,16.0,75.53103448275861,10.0,47.83448275862069,107.0,46.939655172413794,123.0,169.45344827586206,16.0,47.206896551724135,24.21551724137931,505.59482758620686
3849,10.0,28,19.0,78.89285714285714,8.0,37.02857142857143,7.0,26.25,54.0,24.014285714285716,90.0,149.18571428571428,13.0,30.017857142857142,14.0,359.38928571428573
3850,10.0,47,46.0,184.0212765957447,24.0,85.80425531914894,4.0,33.204255319148935,142.0,76.00212765957447,229.0,486.22978723404253,14.0,39.58510638297872,43.57446808510638,948.4212765957446
3851,10.0,3,0.0,3.0,1.0,4.266666666666667,0.0,1.7999999999999998,3.0,1.2000000000000002,2.0,2.5,1.0,2.6666666666666665,1.5,16.93333333333333
3863,10.0,9,10.0,40.111111111111114,8.0,25.688888888888894,1.0,6.666666666666666,11.0,4.444444444444445,38.0,73.63333333333334,2.0,6.722222222222222,20.055555555555557,177.32222222222225
3894,10.0,4,7.0,30.25,3.0,9.8,0.0,2.4,9.0,4.2250000000000005,16.0,30.0,2.0,4.5,15.125,96.3
3897,10.0,65,40.0,169.6153846153846,22.0,93.15692307692308,2.0,41.43692307692307,83.0,33.69846153846154,193.0,307.21846153846155,49.0,99.96923076923076,55.57692307692308,800.6723076923076
3903,10.0,4,0.0,4.0,0.0,3.2,0.0,2.4,13.0,7.2250000000000005,11.0,16.875,1.0,3.125,0.5,37.325
3927,10.0,3,0.0,3.0,3.0,9.600000000000001,0.0,1.7999999999999998,4.0,1.6333333333333333,2.0,2.5,1.0,2.6666666666666665,4.166666666666667,25.36666666666667
3936,10.0,57,21.0,106.73684210526316,15.0,72.7578947368421,11.0,48.67368421052632,55.0,22.00701754385965,110.0,146.78421052631577,3.0,31.57894736842105,41.76315789473684,470.3017543859649
3950,10.0,70,42.0,179.2,26.0,105.32571428571428,0.0,42.0,95.0,38.892857142857146,196.0,303.23999999999995,12.0,48.02857142857143,54.06428571428572,770.7514285714285
3952,10.0,12,4.0,21.333333333333332,5.0,19.266666666666666,0.0,7.199999999999999,16.0,6.533333333333333,34.0,52.9,11.0,22.041666666666668,28.166666666666668,157.44166666666663
3956,10.0,9,1.0,11.11111111111111,2.0,10.755555555555556,0.0,5.3999999999999995,12.0,4.9,9.0,10.799999999999999,2.0,6.722222222222222,0.5,50.18888888888888
3959,10.0,2,0.0,2.0,0.0,1.6,1.0,2.6999999999999997,3.0,1.25,6.0,9.6,1.0,2.25,1.0,20.4
3962,10.0,6,1.0,8.166666666666666,0.0,4.800000000000001,0.0,3.5999999999999996,6.0,2.4000000000000004,10.0,12.799999999999999,1.0,4.083333333333333,4.083333333333333,39.93333333333334
3963,10.0,12,0.0,12.0,0.0,9.600000000000001,0.0,7.199999999999999,5.0,2.408333333333333,10.0,12.1,4.0,10.666666666666666,2.0416666666666665,56.016666666666666
3971,10.0,54,25.0,115.57407407407408,17.0,74.68148148148148,6.0,40.0,101.0,44.49074074074074,175.0,291.3388888888889,19.0,49.342592592592595,62.25925925925926,677.687037037037
3973,10.0,9,3.0,16.0,3.0,12.8,0.0,5.3999999999999995,10.0,4.011111111111112,32.0,56.03333333333333,0.0,4.5,4.5,103.24444444444444
3984,10.0,19,7.0,35.578947368421055,4.0,22.273684210526316,3.0,15.284210526315789,19.0,7.6000000000000005,57.0,91.2,4.0,13.921052631578947,12.736842105263158,198.59473684210528
3986,10.0,49,22.0,102.87755102040816,26.0,91.83673469387756,11.0,44.08163265306123,116.0,55.56122448979592,152.0,247.35306122448978,16.0,43.11224489795919,80.8265306122449,665.6489795918368
3988,10.0,63,43.0,178.34920634920636,21.0,89.60000000000001,6.0,45.34285714285714,170.0,86.17301587301587,250.0,466.51904761904757,17.0,50.79365079365079,96.03174603174604,1012.8095238095239
4072,10.0,44,2.0,48.09090909090909,16.0,65.45454545454545,8.0,36.87272727272727,73.0,31.111363636363638,79.0,103.15227272727272,45.0,90.01136363636364,43.68181818181818,418.375
4075,10.0,2,0.0,2.0,0.0,1.6,0.0,1.2,5.0,2.45,2.0,2.4,2.0,4.0,4.0,17.65
4076,10.0,22,8.0,40.90909090909091,8.0,32.72727272727273,0.0,13.2,30.0,12.290909090909091,38.0,49.090909090909086,1.0,12.022727272727273,1.4545454545454546,161.69545454545457
4106,10.0,43,35.0,141.48837209302326,25.0,86.02790697674419,10.0,39.1953488372093,182.0,117.73255813953489,254.0,615.4116279069767,6.0,27.91860465116279,43.26744186046512,1071.0418604651163
4165,10.0,51,45.0,180.7058823529412,43.0,138.60392156862744,9.0,42.35294117647059,150.0,79.21764705882353,222.0,438.40588235294115,17.0,45.333333333333336,41.42156862745098,966.0411764705882
4166,10.0,47,9.0,66.72340425531915,13.0,61.27659574468086,2.0,30.651063829787233,60.0,24.359574468085107,76.0,96.56808510638298,14.0,39.58510638297872,16.180851063829788,335.3446808510638
4176,10.0,4,1.0,6.25,1.0,5.0,0.0,2.4,8.0,3.6,2.0,2.6999999999999997,1.0,3.125,10.125,33.2
4183,10.0,35,6.0,48.02857142857143,3.0,33.00571428571429,3.0,24.754285714285714,22.0,9.282857142857143,25.0,30.857142857142858,7.0,25.2,16.514285714285716,187.6428571428571
4184,10.0,76,54.0,222.3684210526316,27.0,111.67368421052632,11.0,59.75526315789473,214.0,110.65789473684211,288.0,523.0105263157894,54.0,111.1842105263158,99.53289473684211,1238.1828947368422
4188,10.0,34,16.0,73.52941176470588,9.0,43.50588235294118,2.0,22.870588235294118,50.0,20.75294117647059,84.0,122.85882352941175,13.0,32.48529411764706,21.235294117647058,337.23823529411766
4189,10.0,50,7.0,64.98,13.0,63.504,0.0,30.0,35.0,14.450000000000001,58.0,69.984,10.0,36.0,24.01,302.928
4192,10.0,54,13.0,83.12962962962963,21.0,83.33333333333334,9.0,44.1,65.0,26.22407407407408,136.0,200.55555555555554,26.0,59.25925925925926,57.78703703703704,554.3888888888889
4195,10.0,75,10.0,96.33333333333333,17.0,90.28266666666667,6.0,52.488,39.0,17.328,74.0,88.80399999999999,42.0,91.26,64.02666666666667,500.5226666666666
4196,10.0,27,8.0,45.370370370370374,1.0,23.22962962962963,1.0,17.42222222222222,36.0,14.700000000000001,46.0,59.21111111111111,8.0,22.685185185185187,15.574074074074074,198.1925925925926
4202,10.0,23,10.0,47.34782608695652,8.0,33.426086956521736,2.0,16.304347826086957,38.0,16.178260869565218,57.0,83.4782608695652,2.0,13.58695652173913,34.78260869565217,245.10434782608695
4214,10.0,24,5.0,35.041666666666664,0.0,19.200000000000003,2.0,16.9,29.0,11.704166666666667,45.0,59.512499999999996,7.0,20.020833333333332,0.3333333333333333,162.7125
4216,10.0,24,0.0,24.0,1.0,20.833333333333336,0.0,14.399999999999999,25.0,10.004166666666668,21.0,25.3125,5.0,17.520833333333332,0.3333333333333333,112.40416666666665
4217,10.0,7,3.0,14.285714285714286,0.0,5.6000000000000005,1.0,5.485714285714285,5.0,2.0571428571428574,13.0,17.142857142857142,2.0,5.785714285714286,1.7857142857142858,52.14285714285714
4218,10.0,55,2.0,59.07272727272727,4.0,50.63272727272727,1.0,34.21090909090909,45.0,18.181818181818183,45.0,54.54545454545454,27.0,61.127272727272725,10.50909090909091,288.28
4219,10.0,28,17.0,72.32142857142857,4.0,29.257142857142856,2.0,19.28571428571429,42.0,17.5,62.0,86.78571428571428,7.0,21.875,7.142857142857143,254.16785714285712
4221,10.0,28,3.0,34.32142857142857,2.0,25.71428571428572,0.0,16.8,16.0,6.914285714285715,29.0,34.81071428571428,11.0,27.160714285714285,4.571428571428571,150.29285714285714
4222,10.0,2,0.0,2.0,0.0,1.6,1.0,2.6999999999999997,2.0,0.8,2.0,2.4,3.0,6.25,0.25,16.0
4224,10.0,40,14.0,72.9,7.0,44.18000000000001,5.0,30.375,37.0,14.8225,72.0,94.08,7.0,27.6125,21.0125,304.9825
4226,10.0,91,67.0,274.3296703296703,40.0,150.86593406593406,14.0,72.6923076923077,187.0,84.92747252747253,459.0,997.2527472527472,27.0,76.50549450549451,79.12087912087912,1735.6945054945054
4227,10.0,87,30.0,157.3448275862069,26.0,117.416091954023,11.0,66.23448275862069,110.0,44.6080459770115,230.0,346.5137931034482,33.0,82.75862068965517,74.6896551724138,889.5655172413793
4229,10.0,31,6.0,44.16129032258065,1.0,26.425806451612903,1.0,19.819354838709675,38.0,15.358064516129033,48.0,60.39677419354838,7.0,23.29032258064516,2.3225806451612905,191.77419354838707
4237,10.0,57,32.0,138.96491228070175,17.0,76.8561403508772,3.0,37.89473684210526,117.0,53.11578947368421,208.0,369.60526315789474,28.0,63.37719298245614,32.64035087719298,772.4543859649123
4241,10.0,4,0.0,4.0,0.0,3.2,0.0,2.4,0.0,0.4,0.0,1.2,0.0,2.0,2.0,15.2
4244,10.0,5,0.0,5.0,0.0,4.0,0.0,3.0,2.0,0.9800000000000001,3.0,3.84,2.0,4.9,0.1,21.82
4250,10.0,14,4.0,23.142857142857142,1.0,12.85714285714286,0.0,8.4,20.0,8.257142857142858,32.0,45.34285714285714,4.0,11.571428571428571,14.285714285714286,123.85714285714286
4253,10.0,3,0.0,3.0,0.0,2.4000000000000004,0.0,1.7999999999999998,7.0,3.333333333333334,4.0,4.8999999999999995,0.0,1.5,0.6666666666666666,17.6
4254,10.0,20,11.0,48.05,6.0,27.04,1.0,13.23,35.0,15.125,75.0,135.375,0.0,10.0,9.025,257.84499999999997
4255,10.0,3,0.0,3.0,0.0,2.4000000000000004,0.0,1.7999999999999998,2.0,0.8333333333333335,2.0,2.5,0.0,1.5,6.0,18.03333333333333
4263,10.0,20,4.0,28.8,4.0,23.040000000000003,4.0,17.28,28.0,11.520000000000001,39.0,52.215,1.0,11.025,15.625,159.50500000000002
4264,10.0,41,8.0,58.5609756097561,8.0,46.84878048780488,4.0,29.634146341463413,44.0,17.621951219512194,66.0,83.77317073170731,16.0,39.6219512195122,16.695121951219512,292.7560975609756
4265,10.0,14,3.0,20.642857142857142,9.0,30.228571428571428,1.0,9.642857142857144,30.0,13.82857142857143,27.0,36.02142857142857,0.0,7.0,2.2857142857142856,119.65
4266,10.0,16,11.0,45.5625,4.0,20.0,0.0,9.6,30.0,13.225000000000001,50.0,81.675,5.0,13.78125,0.5,184.34375
4267,10.0,59,16.0,95.33898305084746,4.0,53.81694915254238,2.0,37.840677966101694,96.0,40.72033898305085,149.0,219.9864406779661,19.0,51.559322033898304,13.559322033898304,512.8220338983051
4268,10.0,7,1.0,9.142857142857142,0.0,5.6000000000000005,1.0,5.485714285714285,4.0,1.7285714285714286,13.0,17.142857142857142,3.0,7.142857142857143,0.2857142857142857,46.528571428571425
4271,10.0,6,4.0,16.666666666666668,3.0,10.8,0.0,3.5999999999999996,4.0,1.666666666666667,14.0,20.0,3.0,6.75,10.083333333333334,69.56666666666666
4281,10.0,45,9.0,64.8,4.0,42.684444444444445,1.0,28.213333333333335,47.0,18.80888888888889,83.0,109.22666666666667,11.0,34.84444444444444,15.21111111111111,313.7888888888889
4282,10.0,32,16.0,72.0,13.0,50.625,2.0,21.675,83.0,41.328125,134.0,258.3375,6.0,22.5625,14.0625,480.590625
4284,10.0,7,0.0,7.0,3.0,11.42857142857143,1.0,5.485714285714285,7.0,2.8000000000000003,12.0,15.47142857142857,0.0,3.5,0.2857142857142857,45.97142857142857
4288,10.0,26,10.0,49.84615384615385,8.0,35.56923076923077,5.0,22.176923076923075,35.0,14.311538461538461,52.0,70.2,10.0,24.923076923076923,13.0,230.0269230769231
4289,10.0,3,0.0,3.0,0.0,2.4000000000000004,1.0,3.1999999999999997,5.0,2.1333333333333333,3.0,3.5999999999999996,2.0,4.166666666666667,0.16666666666666666,18.666666666666668
4298,10.0,2,0.0,2.0,0.0,1.6,0.0,1.2,5.0,2.45,0.0,0.6,0.0,1.0,4.0,12.85
4303,10.0,42,12.0,69.42857142857143,4.0,40.304761904761904,5.0,31.557142857142857,32.0,13.038095238095238,50.0,60.457142857142856,11.0,33.44047619047619,20.011904761904763,268.23809523809524
4304,10.0,33,7.0,48.484848484848484,6.0,36.872727272727275,0.0,19.8,55.0,23.46666666666667,64.0,85.53636363636363,11.0,29.333333333333332,21.87878787878788,265.3727272727273
4307,10.0,29,10.0,52.44827586206897,3.0,28.248275862068965,5.0,23.917241379310344,26.0,10.431034482758621,49.0,62.93793103448276,2.0,16.56896551724138,33.37931034482759,227.93103448275863
4308,10.0,11,3.0,17.818181818181817,2.0,12.290909090909091,0.0,6.6,2.0,1.5363636363636364,10.0,12.027272727272727,0.0,5.5,6.545454545454546,62.31818181818183
4309,10.0,27,15.0,65.33333333333333,8.0,36.2962962962963,1.0,17.42222222222222,88.0,48.98148148148149,144.0,324.9,28.0,56.01851851851852,6.0,554.9518518518518
4311,10.0,15,2.0,19.266666666666666,4.0,19.253333333333334,0.0,9.0,16.0,6.406666666666666,23.0,28.88,12.0,24.3,12.033333333333333,119.13999999999999
4312,10.0,32,24.0,98.0,15.0,55.225,9.0,31.518749999999997,74.0,35.112500000000004,153.0,320.859375,3.0,19.140625,6.25,566.10625
4323,10.0,65,7.0,79.75384615384615,19.0,86.84307692307692,3.0,42.683076923076925,96.0,39.87846153846154,68.0,81.64153846153845,31.0,70.8923076923077,29.56923076923077,431.2615384615385
4326,10.0,4,0.0,4.0,0.0,3.2,0.0,2.4,1.0,0.625,0.0,1.2,0.0,2.0,0.5,13.924999999999999
4327,10.0,48,10.0,70.08333333333333,5.0,46.81666666666667,3.0,32.512499999999996,70.0,29.008333333333333,100.0,136.89999999999998,23.0,52.510416666666664,0.84375,368.675
4331,10.0,15,5.0,26.666666666666668,3.0,17.28,1.0,10.24,15.0,6.0,41.0,62.72,6.0,14.7,28.033333333333335,165.64
4332,10.0,4,0.0,4.0,0.0,3.2,0.0,2.4,4.0,1.6,1.0,1.875,3.0,6.125,1.125,20.325
4333,10.0,5,5.0,20.0,3.0,10.240000000000002,0.0,3.0,9.0,3.9200000000000004,20.0,37.5,4.0,8.1,16.9,99.66
4335,10.0,6,3.0,13.5,0.0,4.800000000000001,0.0,3.5999999999999996,4.0,1.666666666666667,6.0,7.199999999999999,1.0,4.083333333333333,3.0,37.85
4337,10.0,70,22.0,120.91428571428571,18.0,88.50285714285715,1.0,43.20857142857143,216.0,116.85142857142858,250.0,438.85714285714283,33.0,75.77857142857142,54.06428571428572,938.1771428571428
4342,10.0,93,52.0,226.0752688172043,48.0,171.0193548387097,38.0,110.71612903225807,204.0,94.8483870967742,399.0,780.8516129032258,34.0,86.71505376344086,159.05376344086022,1629.279569892473
4343,10.0,12,0.0,12.0,0.0,9.600000000000001,0.0,7.199999999999999,7.0,3.0083333333333333,11.0,13.225,3.0,9.375,1.0416666666666667,55.449999999999996
4345,10.0,43,8.0,60.48837209302326,8.0,48.39069767441861,5.0,32.14883720930233,37.0,14.88372093023256,50.0,60.34186046511628,4.0,25.686046511627907,0.0,241.9395348837209
4353,10.0,2,0.0,2.0,0.0,1.6,0.0,1.2,1.0,0.45,2.0,2.4,2.0,4.0,1.0,12.65
4355,10.0,15,1.0,17.066666666666666,2.0,15.413333333333334,0.0,9.0,6.0,2.94,6.0,8.819999999999999,4.0,12.033333333333333,1.6333333333333333,66.90666666666668
4357,10.0,23,5.0,34.08695652173913,3.0,23.51304347826087,1.0,15.02608695652174,17.0,6.956521739130435,49.0,67.61739130434782,5.0,17.043478260869566,0.782608695652174,165.02608695652174
4362,10.0,64,22.0,115.5625,7.0,63.0125,5.0,44.634375,72.0,28.900000000000002,135.0,185.6296875,29.0,67.5703125,47.53125,552.840625
4367,10.0,27,6.0,40.333333333333336,4.0,28.47407407407408,0.0,16.2,21.0,8.533333333333333,37.0,45.511111111111106,4.0,17.796296296296298,24.0,180.84814814814814
4372,10.0,3,1.0,5.333333333333333,1.0,4.266666666666667,0.0,1.7999999999999998,6.0,2.7,4.0,4.8999999999999995,0.0,1.5,0.0,20.499999999999996
4373,10.0,15,3.0,21.6,2.0,15.413333333333334,2.0,11.559999999999999,14.0,5.606666666666667,20.0,24.5,0.0,7.5,6.533333333333333,92.71333333333334
4377,10.0,5,3.0,12.8,1.0,5.760000000000001,0.0,3.0,8.0,3.38,15.0,24.0,0.0,2.5,0.4,51.839999999999996
4379,10.0,13,12.0,48.07692307692308,8.0,27.138461538461538,3.0,11.815384615384616,42.0,23.26923076923077,53.0,100.52307692307693,5.0,12.461538461538462,39.38461538461539,262.6692307692308
4380,10.0,17,2.0,21.235294117647058,8.0,29.411764705882355,2.0,12.741176470588234,21.0,8.494117647058824,45.0,67.83529411764705,0.0,8.5,0.47058823529411764,148.68823529411765
4384,10.0,89,73.0,294.87640449438203,45.0,161.40224719101127,14.0,71.52134831460674,172.0,76.54044943820224,322.0,569.3966292134832,17.0,63.12359550561798,145.62359550561797,1382.4842696629212
4388,10.0,6,0.0,6.0,2.0,8.533333333333333,0.0,3.5999999999999996,10.0,4.266666666666667,17.0,26.45,9.0,18.75,3.0,70.6
4389,10.0,85,36.0,172.24705882352941,18.0,99.84941176470589,10.0,63.705882352941174,140.0,59.55882352941177,266.0,434.8270588235294,20.0,64.8529411764706,36.71176470588235,931.7529411764707
4395,10.0,11,6.0,26.272727272727273,4.0,16.363636363636363,1.0,7.8545454545454545,25.0,11.781818181818181,33.0,52.8,9.0,18.181818181818183,7.681818181818182,140.93636363636364
4396,10.0,10,1.0,12.1,0.0,8.0,1.0,7.26,6.0,2.5600000000000005,12.0,14.52,7.0,14.45,28.8,87.69
4397,10.0,4,2.0,9.0,0.0,3.2,1.0,3.75,8.0,3.6,9.0,12.674999999999999,0.0,2.0,6.125,40.35
4398,10.0,3,1.0,5.333333333333333,1.0,4.266666666666667,1.0,3.1999999999999997,1.0,0.5333333333333333,12.0,22.5,2.0,4.166666666666667,1.5,41.49999999999999
4400,10.0,44,22.0,99.0,12.0,57.018181818181816,1.0,27.613636363636363,71.0,30.056818181818183,137.0,223.37045454545455,7.0,29.556818181818183,27.28409090909091,493.90000000000003
4401,10.0,20,0.0,20.0,0.0,16.0,0.0,12.0,2.0,2.42,0.0,6.0,9.0,21.025,0.1,77.54499999999999
4402,10.0,54,16.0,90.74074074074075,6.0,53.33333333333334,2.0,34.84444444444444,79.0,32.757407407407406,104.0,138.6888888888889,12.0,40.333333333333336,25.037037037037038,415.7351851851852
4405,10.0,4,0.0,4.0,0.0,3.2,0.0,2.4,3.0,1.225,4.0,4.8,0.0,2.0,0.0,17.625
4412,10.0,32,0.0,32.0,6.0,36.1,1.0,20.41875,20.0,8.450000000000001,35.0,42.084375,10.0,27.5625,10.5625,177.178125
4413,10.0,22,3.0,28.40909090909091,1.0,19.236363636363638,0.0,13.2,6.0,3.5636363636363635,27.0,32.74090909090909,3.0,14.204545454545455,4.454545454545454,115.80909090909091
4416,10.0,2,0.0,2.0,0.0,1.6,0.0,1.2,2.0,0.8,4.0,5.3999999999999995,0.0,1.0,0.0,12.0
4419,10.0,4,0.0,4.0,0.0,3.2,0.0,2.4,4.0,1.6,2.0,2.6999999999999997,1.0,3.125,2.0,19.025
4421,10.0,10,1.0,12.1,2.0,11.520000000000001,2.0,8.64,15.0,6.25,21.0,28.83,1.0,6.05,1.25,74.64
4422,10.0,72,20.0,117.55555555555556,6.0,67.60000000000001,4.0,48.13333333333333,130.0,56.67222222222222,142.0,190.81666666666666,23.0,62.673611111111114,17.36111111111111,560.8125
4425,10.0,32,26.0,105.125,12.0,48.400000000000006,8.0,30.0,104.0,57.800000000000004,140.0,277.34999999999997,9.0,26.265625,12.25,557.190625
4433,10.0,1,4.0,25.0,1.0,3.2,0.0,0.6,2.0,0.9,9.0,30.0,1.0,2.0,2.0,63.7
4436,10.0,44,5.0,54.56818181818182,3.0,40.163636363636364,0.0,26.4,16.0,8.181818181818182,24.0,31.527272727272727,11.0,34.375,10.920454545454545,206.13636363636363
4440,10.0,34,8.0,51.88235294117647,5.0,35.78823529411765,0.0,20.4,28.0,11.305882352941177,55.0,69.89117647058823,13.0,32.48529411764706,3.3088235294117645,225.06176470588235
4443,10.0,15,3.0,21.6,3.0,17.28,2.0,11.559999999999999,14.0,5.606666666666667,24.0,30.42,4.0,12.033333333333333,7.5,106.0
4446,10.0,47,28.0,119.68085106382979,9.0,53.378723404255325,0.0,28.2,122.0,60.76808510638298,218.0,448.2446808510638,9.0,33.361702127659576,49.191489361702125,792.8255319148935
4448,10.0,72,26.0,133.38888888888889,23.0,100.27777777777779,4.0,48.13333333333333,147.0,66.6125,194.0,294.81666666666666,29.0,70.84027777777777,55.00694444444444,769.076388888889
4449,10.0,20,2.0,24.2,1.0,17.64,1.0,13.23,15.0,6.125,22.0,26.46,2.0,12.1,7.225,106.97999999999999
4450,10.0,10,9.0,36.1,4.0,15.680000000000001,1.0,7.26,32.0,17.64,43.0,84.27,3.0,8.45,9.8,179.2
4453,10.0,73,18.0,113.43835616438356,16.0,86.8054794520548,4.0,48.73150684931506,79.0,31.649315068493152,171.0,244.66849315068492,34.0,78.41780821917808,24.65753424657534,628.368493150685
4455,10.0,75,37.0,167.25333333333333,16.0,88.33066666666667,6.0,52.488,123.0,52.272000000000006,159.0,219.024,37.0,83.62666666666667,70.72666666666667,733.7213333333333
4456,10.0,28,15.0,66.03571428571429,7.0,35.0,3.0,20.59285714285714,49.0,21.175,75.0,113.66785714285714,3.0,17.160714285714285,34.57142857142857,308.2035714285714
4459,10.0,62,15.0,95.62903225806451,9.0,65.04516129032258,2.0,39.63870967741935,57.0,22.840322580645164,84.0,103.14193548387097,3.0,34.07258064516129,14.225806451612904,374.5935483870968
4465,10.0,57,42.0,171.94736842105263,18.0,78.94736842105264,4.0,39.16842105263157,135.0,64.67368421052632,226.0,421.5210526315789,10.0,39.37719298245614,40.56140350877193,856.19649122807
4468,10.0,52,14.0,83.76923076923077,19.0,77.55384615384617,6.0,38.815384615384616,65.0,26.325000000000003,103.0,138.60576923076923,13.0,40.625,11.778846153846153,417.4730769230769
4470,10.0,45,11.0,69.68888888888888,11.0,55.75111111111111,3.0,30.72,34.0,13.86888888888889,70.0,88.16666666666667,13.0,37.37777777777778,33.611111111111114,329.18444444444447
4471,10.0,40,5.0,50.625,5.0,40.5,0.0,24.0,24.0,10.240000000000002,57.0,70.5675,15.0,37.8125,7.2,240.945
4473,10.0,27,11.0,53.48148148148148,6.0,32.26666666666667,2.0,18.68888888888889,46.0,19.73703703703704,74.0,113.34444444444445,4.0,17.796296296296298,6.685185185185185,262.0
4477,10.0,29,3.0,35.310344827586206,3.0,28.248275862068965,0.0,17.4,17.0,7.296551724137932,23.0,27.972413793103446,12.0,28.982758620689655,5.586206896551724,150.7965517241379
4484,10.0,11,4.0,20.454545454545453,1.0,10.472727272727274,0.0,6.6,12.0,4.8090909090909095,31.0,48.10909090909091,2.0,7.681818181818182,2.227272727272727,100.35454545454547
4485,10.0,51,16.0,88.01960784313725,13.0,64.25098039215686,6.0,38.2235294117647,32.0,13.507843137254904,85.0,108.8,9.0,35.294117647058826,37.68627450980392,385.78235294117644
4487,10.0,51,48.0,192.1764705882353,26.0,93.00392156862745,12.0,46.694117647058825,249.0,176.47058823529414,352.0,955.3470588235293,5.0,30.745098039215687,2.8333333333333335,1497.2705882352939
4488,10.0,67,39.0,167.70149253731344,13.0,76.4179104477612,8.0,50.37313432835821,150.0,70.2820895522388,272.0,514.5716417910447,7.0,40.865671641791046,37.61940298507463,957.8313432835821
4489,10.0,81,14.0,111.41975308641975,18.0,96.80000000000001,10.0,61.34074074074074,82.0,32.80123456790124,158.0,211.55925925925928,17.0,59.28395061728395,73.3395061728395,646.5444444444445
4490,10.0,54,7.0,68.9074074074074,8.0,56.94814814814816,2.0,34.84444444444444,57.0,22.816666666666666,69.0,84.05,8.0,35.592592592592595,36.75,339.9092592592593
4491,10.0,65,31.0,141.7846153846154,14.0,76.8123076923077,1.0,40.20923076923077,121.0,53.22461538461539,154.0,221.3584615384615,13.0,46.8,7.392307692307693,587.5815384615383
4499,10.0,51,21.0,101.6470588235294,12.0,62.25882352941177,5.0,36.89411764705882,65.0,26.384313725490195,140.0,214.59411764705882,15.0,42.705882352941174,8.245098039215685,492.72941176470584
4500,10.0,49,12.0,75.93877551020408,13.0,62.75918367346939,1.0,30.612244897959183,50.0,20.00204081632653,90.0,118.29183673469387,16.0,43.11224489795919,11.112244897959183,361.8285714285714
4502,10.0,28,1.0,30.035714285714285,0.0,22.400000000000002,0.0,16.8,13.0,6.003571428571429,19.0,23.66785714285714,12.0,28.571428571428573,2.5714285714285716,130.05
4508,10.0,20,4.0,28.8,3.0,21.16,1.0,13.23,18.0,7.220000000000001,27.0,33.135,4.0,14.4,10.0,127.945
4513,10.0,59,21.0,108.47457627118644,15.0,74.25084745762712,3.0,39.09152542372881,81.0,33.220338983050844,116.0,155.72033898305082,19.0,51.559322033898304,10.38135593220339,472.6983050847457
4515,10.0,16,2.0,20.25,0.0,12.8,0.0,9.6,17.0,6.80625,23.0,28.51875,5.0,13.78125,2.53125,94.2875
4518,10.0,20,5.0,31.25,3.0,21.16,1.0,13.23,22.0,8.82,30.0,37.5,5.0,15.625,1.6,129.185
4521,10.0,4,1.0,6.25,1.0,5.0,0.0,2.4,7.0,3.0250000000000004,7.0,9.075,0.0,2.0,0.5,28.25
4526,10.0,6,2.0,10.666666666666666,0.0,4.800000000000001,1.0,4.8999999999999995,4.0,1.666666666666667,7.0,8.45,3.0,6.75,5.333333333333333,42.56666666666667
4528,10.0,56,5.0,66.44642857142857,14.0,70.0,2.0,36.04285714285714,21.0,10.5875,44.0,53.57142857142858,9.0,37.723214285714285,13.580357142857142,287.95178571428573
4529,10.0,47,29.0,122.8936170212766,30.0,100.91914893617022,9.0,40.03404255319149,80.0,34.317021276595746,146.0,237.75957446808508,7.0,31.02127659574468,63.07446808510638,630.0191489361702
4531,10.0,35,8.0,52.82857142857143,4.0,34.76571428571429,1.0,22.217142857142857,44.0,17.83142857142857,59.0,75.73714285714286,15.0,35.714285714285715,10.414285714285715,249.50857142857143
4539,10.0,55,9.0,74.47272727272727,13.0,67.25818181818182,3.0,36.698181818181816,52.0,20.816363636363636,106.0,141.38727272727272,9.0,37.236363636363635,5.236363636363636,383.10545454545456
4541,10.0,75,5.0,85.33333333333333,5.0,68.26666666666667,5.0,51.199999999999996,88.0,35.425333333333334,116.0,145.924,44.0,94.40666666666667,29.04,509.59599999999995
4543,10.0,45,21.0,96.8,23.0,82.20444444444445,4.0,32.01333333333333,112.0,54.77555555555556,145.0,240.66666666666663,17.0,42.71111111111111,36.1,585.271111111111
4546,10.0,77,8.0,93.83116883116882,3.0,66.4935064935065,4.0,51.12467532467532,35.0,16.290909090909093,62.0,75.27662337662338,12.0,51.435064935064936,1.4610389610389611,355.91298701298706
4548,10.0,1,0.0,1.0,1.0,3.2,0.0,0.6,3.0,1.6,8.0,24.3,0.0,0.5,2.0,33.2
4550,10.0,3,2.0,8.333333333333334,1.0,4.266666666666667,1.0,3.1999999999999997,11.0,6.533333333333333,11.0,19.599999999999998,1.0,2.6666666666666665,2.6666666666666665,47.266666666666666
4552,10.0,7,1.0,9.142857142857142,3.0,11.42857142857143,0.0,4.2,10.0,4.128571428571429,8.0,9.642857142857144,8.0,16.071428571428573,1.1428571428571428,55.75714285714286
4556,10.0,35,7.0,50.4,1.0,29.622857142857146,1.0,22.217142857142857,27.0,10.982857142857142,43.0,52.14857142857142,7.0,25.2,4.628571428571429,195.2
4558,10.0,1,0.0,1.0,0.0,0.8,0.0,0.6,1.0,0.4,0.0,0.3,1.0,2.0,0.0,5.1
4559,10.0,1,0.0,1.0,0.0,0.8,0.0,0.6,1.0,0.4,0.0,0.3,0.0,0.5,0.0,3.5999999999999996
4561,10.0,87,64.0,262.08045977011494,40.0,148.31264367816092,6.0,59.64827586206896,202.0,96.00114942528737,306.0,532.5827586206897,36.0,86.94827586206897,86.94827586206897,1272.5218390804598
4562,10.0,9,4.0,18.77777777777778,4.0,15.022222222222224,0.0,5.3999999999999995,13.0,5.377777777777778,15.0,19.2,2.0,6.722222222222222,3.5555555555555554,74.05555555555557
4568,10.0,56,52.0,208.28571428571428,20.0,82.51428571428572,8.0,43.88571428571428,206.0,122.57857142857142,284.0,619.2857142857142,24.0,57.142857142857146,139.50892857142858,1273.2017857142857
4569,10.0,48,28.0,120.33333333333333,16.0,68.26666666666667,4.0,33.8,90.0,39.675000000000004,138.0,216.225,16.0,42.666666666666664,42.666666666666664,563.6333333333332
4570,10.0,16,9.0,39.0625,10.0,33.800000000000004,1.0,10.8375,32.0,14.4,57.0,99.91875,6.0,15.125,9.03125,222.175
4571,10.0,16,7.0,33.0625,3.0,18.05,0.0,9.6,25.0,10.506250000000001,45.0,69.76875,7.0,16.53125,30.03125,187.55
4575,10.0,22,7.0,38.22727272727273,7.0,30.581818181818182,1.0,14.427272727272728,22.0,8.8,44.0,59.4,7.0,19.113636363636363,14.204545454545455,184.75454545454548
4577,10.0,23,13.0,56.34782608695652,7.0,31.304347826086957,5.0,20.452173913043477,34.0,14.12608695652174,76.0,127.8391304347826,6.0,18.282608695652176,36.54347826086956,304.89565217391305
4578,10.0,68,28.0,135.52941176470588,7.0,66.17647058823529,0.0,40.8,142.0,64.8529411764706,152.0,213.52941176470588,16.0,51.88235294117647,49.44117647058823,622.2117647058824
4579,10.0,1,0.0,1.0,0.0,0.8,0.0,0.6,0.0,0.1,0.0,0.3,0.0,0.5,0.5,3.8
4582,10.0,36,8.0,53.77777777777778,8.0,43.022222222222226,5.0,28.016666666666666,22.0,9.344444444444445,45.0,54.675,5.0,23.34722222222222,15.125,227.30833333333334
4583,10.0,61,17.0,99.73770491803279,14.0,73.77049180327869,3.0,40.28852459016394,33.0,14.485245901639345,112.0,147.19180327868852,6.0,36.795081967213115,27.57377049180328,439.84262295081965
4584,10.0,40,16.0,78.4,12.0,54.08,4.0,29.04,74.0,32.49,127.0,209.1675,14.0,36.45,18.05,457.6775
4586,10.0,41,6.0,53.8780487804878,7.0,44.956097560975614,3.0,28.33170731707317,42.0,16.802439024390246,51.0,61.93170731707317,18.0,42.451219512195124,8.890243902439025,257.24146341463415
4591,10.0,32,5.0,42.78125,3.0,30.625,3.0,22.96875,54.0,23.1125,89.0,137.259375,8.0,25.0,11.390625,293.1375
4592,10.0,25,30.0,121.0,13.0,46.208,1.0,16.224,31.0,12.544,95.0,172.79999999999998,5.0,18.0,25.92,412.69599999999997
4596,10.0,28,4.0,36.57142857142857,1.0,24.02857142857143,1.0,18.02142857142857,22.0,8.928571428571429,30.0,36.04285714285714,4.0,18.285714285714285,5.160714285714286,147.03928571428568
4598,10.0,42,20.0,91.52380952380952,20.0,73.21904761904761,6.0,32.91428571428571,52.0,21.038095238095238,120.0,187.45714285714286,7.0,28.583333333333332,29.761904761904763,464.497619047619
4600,10.0,13,0.0,13.0,0.0,10.4,0.0,7.8,8.0,3.3923076923076922,16.0,19.407692307692308,5.0,12.461538461538462,2.4615384615384617,68.92307692307693
4601,10.0,68,14.0,98.88235294117646,12.0,75.29411764705883,0.0,40.8,64.0,25.623529411764707,90.0,110.13529411764706,9.0,43.595588235294116,54.38235294117647,448.7132352941177
4602,10.0,72,31.0,147.34722222222223,23.0,100.27777777777779,4.0,48.13333333333333,91.0,36.901388888888896,193.0,292.60416666666663,26.0,66.69444444444444,122.84027777777777,814.7986111111111
4605,10.0,39,16.0,77.56410256410257,12.0,53.353846153846156,3.0,27.138461538461538,44.0,17.664102564102564,90.0,128.0076923076923,6.0,25.96153846153846,6.782051282051282,336.4717948717948
4607,10.0,15,2.0,19.266666666666666,1.0,13.653333333333334,2.0,11.559999999999999,9.0,3.84,22.0,27.38,1.0,8.533333333333333,7.5,91.73333333333333
4608,10.0,19,5.0,30.31578947368421,1.0,16.842105263157897,0.0,11.4,20.0,8.005263157894737,41.0,56.8421052631579,9.0,20.63157894736842,3.789473684210526,147.82631578947368
4609,10.0,2,0.0,2.0,0.0,1.6,0.0,1.2,3.0,1.25,2.0,2.4,0.0,1.0,1.0,10.45
4620,10.0,1,0.0,1.0,0.0,0.8,0.0,0.6,1.0,0.4,2.0,2.6999999999999997,0.0,0.5,2.0,8.0
4621,10.0,2,1.0,4.5,3.0,10.0,1.0,2.6999999999999997,4.0,1.8,6.0,9.6,0.0,1.0,9.0,38.6
4622,10.0,2,1.0,4.5,0.0,1.6,0.0,1.2,1.0,0.45,4.0,5.3999999999999995,0.0,1.0,2.25,16.4
4631,10.0,39,3.0,45.23076923076923,3.0,36.18461538461539,0.0,23.4,26.0,10.833333333333334,41.0,49.23076923076923,7.0,27.128205128205128,7.384615384615385,199.39230769230772
4632,10.0,1,0.0,1.0,0.0,0.8,0.0,0.6,0.0,0.1,0.0,0.3,0.0,0.5,0.5,3.8
4633,10.0,1,0.0,1.0,0.0,0.8,0.0,0.6,0.0,0.1,0.0,0.3,0.0,0.5,2.0,5.3
4634,10.0,43,13.0,72.93023255813954,17.0,66.97674418604652,18.0,51.92093023255814,52.0,20.98837209302326,89.0,121.56279069767442,5.0,26.790697674418606,41.86046511627907,403.0302325581396
4635,10.0,38,38.0,152.0,16.0,61.389473684210536,4.0,27.852631578947367,101.0,50.84473684210527,211.0,489.4815789473684,4.0,23.210526315789473,50.578947368421055,855.357894736842
4636,10.0,1,0.0,1.0,0.0,0.8,0.0,0.6,0.0,0.1,0.0,0.3,0.0,0.5,0.5,3.8
4644,10.0,5,6.0,24.2,7.0,23.040000000000003,0.0,3.0,12.0,5.78,23.0,47.04,2.0,4.9,25.6,133.56
4651,10.0,68,2.0,72.05882352941177,4.0,60.98823529411765,1.0,42.008823529411764,55.0,22.248529411764707,82.0,99.26470588235294,11.0,45.88970588235294,17.654411764705884,360.11323529411766
4652,10.0,35,2.0,39.114285714285714,4.0,34.76571428571429,1.0,22.217142857142857,19.0,8.331428571428573,31.0,37.33714285714286,6.0,24.014285714285716,0.014285714285714285,165.7942857142857
4654,10.0,51,23.0,107.37254901960785,22.0,83.5921568627451,5.0,36.89411764705882,83.0,35.207843137254905,118.0,168.00588235294117,18.0,46.6764705882353,10.676470588235293,488.42549019607844
4670,10.0,47,14.0,79.17021276595744,9.0,53.378723404255325,4.0,33.204255319148935,81.0,34.85957446808511,108.0,153.35106382978722,8.0,32.180851063829785,23.5,409.64468085106375
4677,10.0,20,3.0,26.45,2.0,19.36,0.0,12.0,16.0,6.48,18.0,21.66,5.0,15.625,6.4,107.97500000000001
4679,10.0,29,4.0,37.55172413793103,4.0,30.041379310344826,4.0,22.531034482758617,51.0,22.06896551724138,36.0,43.706896551724135,7.0,22.344827586206897,24.896551724137932,203.1413793103448
4706,10.0,9,5.0,21.77777777777778,1.0,8.88888888888889,1.0,6.666666666666666,15.0,6.4,26.0,40.833333333333336,2.0,6.722222222222222,5.555555555555555,96.84444444444445
4708,10.0,2,1.0,4.5,0.0,1.6,0.0,1.2,3.0,1.25,8.0,15.0,0.0,1.0,0.25,24.8
4709,10.0,1,0.0,1.0,0.0,0.8,0.0,0.6,0.0,0.1,8.0,24.3,0.0,0.5,0.5,27.8
4715,10.0,17,3.0,23.529411764705884,2.0,16.988235294117647,0.0,10.2,15.0,6.023529411764706,17.0,20.4,2.0,10.617647058823529,6.617647058823529,94.37647058823529
4742,10.0,8,1.0,10.125,2.0,10.0,1.0,6.075,15.0,6.612500000000001,12.0,15.0,1.0,5.0625,2.25,55.125
4756,10.0,2,0.0,2.0,1.0,3.6,0.0,1.2,8.0,5.0,4.0,5.3999999999999995,0.0,1.0,1.0,19.2
4830,10.0,4,1.0,6.25,1.0,5.0,0.0,2.4,2.0,0.9,7.0,9.075,2.0,4.5,4.5,32.625
4834,10.0,3,1.0,5.333333333333333,0.0,2.4000000000000004,0.0,1.7999999999999998,3.0,1.2000000000000002,10.0,16.9,0.0,1.5,1.5,30.633333333333333
4838,10.0,4,0.0,4.0,3.0,9.8,1.0,3.75,9.0,4.2250000000000005,11.0,16.875,4.0,8.0,0.0,46.650000000000006
4850,10.0,55,30.0,131.36363636363637,10.0,61.45454545454545,6.0,40.592727272727274,144.0,72.00181818181818,237.0,465.0763636363636,5.0,32.72727272727273,22.727272727272727,825.9436363636364
4859,10.0,37,6.0,49.972972972972975,6.0,39.97837837837838,3.0,25.945945945945944,41.0,16.44324324324324,58.0,73.17567567567566,4.0,22.716216216216218,2.6486486486486487,230.88108108108108
4860,10.0,5,0.0,5.0,0.0,4.0,0.0,3.0,9.0,3.9200000000000004,14.0,21.66,0.0,2.5,2.5,42.58
4863,10.0,3,0.0,3.0,2.0,6.666666666666668,0.0,1.7999999999999998,2.0,0.8333333333333335,6.0,8.1,1.0,2.6666666666666665,8.166666666666666,31.233333333333334
4868,10.0,3,0.0,3.0,0.0,2.4000000000000004,0.0,1.7999999999999998,9.0,4.800000000000001,4.0,4.8999999999999995,1.0,2.6666666666666665,1.5,21.066666666666666
4870,10.0,4,3.0,12.25,6.0,20.0,1.0,3.75,3.0,1.225,14.0,24.3,4.0,8.0,2.0,71.525
4871,10.0,4,1.0,6.25,1.0,5.0,0.0,2.4,8.0,3.6,6.0,7.5,4.0,8.0,18.0,50.75
4877,10.0,34,26.0,105.88235294117646,6.0,37.64705882352941,1.0,21.61764705882353,39.0,15.673529411764708,80.0,114.67058823529412,13.0,32.48529411764706,35.30882352941177,363.2852941176471
4880,10.0,28,7.0,43.75,3.0,27.457142857142856,6.0,24.77142857142857,28.0,11.200000000000001,59.0,81.09642857142856,7.0,21.875,17.160714285714285,227.31071428571425
4892,10.0,30,3.0,36.3,6.0,34.56,1.0,19.22,22.0,9.013333333333334,20.0,24.999999999999996,3.0,18.15,0.8166666666666667,143.06
4893,10.0,22,13.0,55.68181818181818,5.0,26.509090909090908,1.0,14.427272727272728,57.0,28.36818181818182,109.0,234.01363636363635,4.0,15.363636363636363,15.363636363636363,389.72727272727275
4926,10.0,8,0.0,8.0,2.0,10.0,0.0,4.8,7.0,2.8125,5.0,6.3374999999999995,0.0,4.0,5.0625,41.0125
4941,10.0,65,5.0,75.38461538461539,6.0,62.043076923076924,4.0,43.94769230769231,39.0,16.64,58.0,69.82615384615384,30.0,69.42307692307692,16.276923076923076,353.54153846153844
4946,10.0,22,3.0,28.40909090909091,1.0,19.236363636363638,1.0,14.427272727272728,22.0,8.8,19.0,22.922727272727272,5.0,16.568181818181817,4.454545454545454,114.81818181818181
4949,10.0,3,4.0,16.333333333333332,1.0,4.266666666666667,1.0,3.1999999999999997,9.0,4.800000000000001,20.0,52.9,3.0,6.0,0.6666666666666666,88.16666666666667
4954,10.0,4,7.0,30.25,7.0,24.200000000000003,2.0,5.3999999999999995,3.0,1.225,25.0,63.074999999999996,0.0,2.0,18.0,144.15
4960,10.0,43,31.0,127.34883720930233,34.0,110.30697674418604,10.0,39.1953488372093,143.0,80.45581395348837,189.0,375.51627906976745,10.0,32.66279069767442,58.616279069767444,824.1023255813952
4963,10.0,7,4.0,17.285714285714285,3.0,11.42857142857143,2.0,6.942857142857142,7.0,2.8000000000000003,14.0,18.9,2.0,5.785714285714286,44.642857142857146,107.78571428571428
4964,10.0,3,5.0,21.333333333333332,1.0,4.266666666666667,1.0,3.1999999999999997,8.0,4.033333333333334,27.0,90.0,0.0,1.5,16.666666666666668,141.0
4967,10.0,66,33.0,148.5,19.0,87.57575757575758,2.0,42.03636363636364,90.0,36.872727272727275,210.0,346.25454545454545,28.0,66.93939393939394,49.70454545454545,777.8833333333334
4968,10.0,35,6.0,48.02857142857143,3.0,33.00571428571429,0.0,21.0,70.0,31.5,55.0,69.42857142857142,11.0,30.228571428571428,14.628571428571428,247.82
4970,10.0,43,1.0,45.02325581395349,2.0,37.674418604651166,2.0,28.25581395348837,11.0,6.78139534883721,24.0,31.318604651162786,2.0,23.546511627906977,0.5697674418604651,173.16976744186047
4978,10.0,27,15.0,65.33333333333333,14.0,49.80740740740741,6.0,24.2,52.0,23.114814814814817,87.0,144.39999999999998,3.0,16.666666666666668,18.962962962962962,342.4851851851852
4985,10.0,70,28.0,137.2,27.0,107.53142857142858,5.0,48.214285714285715,72.0,28.805714285714288,187.0,283.0671428571428,21.0,59.15,28.35,692.3185714285714
4994,10.0,58,15.0,91.87931034482759,11.0,65.66896551724139,1.0,36.0103448275862,54.0,21.627586206896552,99.0,127.4948275862069,27.0,62.28448275862069,2.4913793103448274,407.4568965517241
4996,10.0,1,0.0,1.0,0.0,0.8,0.0,0.6,0.0,0.1,0.0,0.3,0.0,0.5,0.5,3.8
4997,10.0,1,0.0,1.0,0.0,0.8,0.0,0.6,0.0,0.1,0.0,0.3,0.0,0.5,0.5,3.8
5003,10.0,3,0.0,3.0,1.0,4.266666666666667,0.0,1.7999999999999998,4.0,1.6333333333333333,0.0,0.8999999999999999,0.0,1.5,4.166666666666667,17.266666666666666
5009,10.0,3,3.0,12.0,2.0,6.666666666666668,0.0,1.7999999999999998,1.0,0.5333333333333333,6.0,8.1,1.0,2.6666666666666665,4.166666666666667,35.93333333333334
5025,10.0,78,47.0,200.32051282051282,37.0,135.64102564102564,12.0,62.3076923076923,178.0,84.02051282051282,267.0,457.78846153846155,16.0,56.64102564102564,100.16025641025641,1096.8794871794871
5030,10.0,15,23.0,96.26666666666667,8.0,28.213333333333335,1.0,10.24,26.0,11.206666666666667,73.0,154.88,2.0,9.633333333333333,50.7,361.14
5037,10.0,4,1.0,6.25,1.0,5.0,0.0,2.4,5.0,2.025,10.0,14.7,1.0,3.125,4.5,38.0
5069,10.0,75,53.0,218.45333333333335,52.0,172.0426666666667,23.0,76.83200000000001,182.0,88.06533333333334,344.0,702.244,17.0,56.42666666666667,45.92666666666667,1359.990666666667
5070,10.0,33,17.0,75.75757575757575,8.0,40.75151515151515,2.0,22.272727272727273,84.0,41.481818181818184,148.0,297.8272727272727,12.0,30.681818181818183,2.1818181818181817,510.95454545454544
5071,10.0,52,49.0,196.17307692307693,25.0,91.21538461538462,17.0,54.934615384615384,121.0,57.55576923076923,237.0,481.8519230769231,15.0,43.16346153846154,8.086538461538462,932.9807692307693
5072,10.0,21,10.0,45.76190476190476,8.0,32.038095238095245,2.0,15.114285714285714,60.0,31.242857142857147,93.0,185.65714285714287,3.0,13.714285714285714,0.023809523809523808,323.552380952381
5073,10.0,4,2.0,9.0,2.0,7.2,1.0,3.75,7.0,3.0250000000000004,25.0,63.074999999999996,1.0,3.125,2.0,91.175
5074,10.0,5,4.0,16.2,2.0,7.840000000000001,0.0,3.0,10.0,4.5,13.0,19.439999999999998,0.0,2.5,3.6,57.08
5075,10.0,61,26.0,124.08196721311475,31.0,111.0032786885246,7.0,45.48196721311475,85.0,34.94426229508197,211.0,363.855737704918,15.0,47.34426229508197,18.885245901639344,745.5967213114754
5080,10.0,1,0.0,1.0,0.0,0.8,0.0,0.6,1.0,0.4,3.0,4.8,0.0,0.5,2.0,10.1
5082,10.0,50,5.0,60.5,9.0,55.696000000000005,6.0,37.632,70.0,28.8,75.0,93.75,16.0,43.56,0.36,320.29800000000006
5083,10.0,5,7.0,28.8,4.0,12.96,1.0,4.32,6.0,2.42,18.0,31.74,0.0,2.5,28.9,111.64000000000001
5101,10.0,45,20.0,93.88888888888889,18.0,70.56,7.0,36.053333333333335,76.0,32.535555555555554,121.0,183.70666666666668,15.0,40.0,0.5444444444444444,457.2888888888889
5109,10.0,17,10.0,42.88235294117647,9.0,31.811764705882354,3.0,14.11764705882353,31.0,13.55294117647059,60.0,104.62941176470588,8.0,18.38235294117647,6.617647058823529,231.99411764705883
5111,10.0,8,2.0,12.5,0.0,6.4,0.0,4.8,5.0,2.1125000000000003,10.0,12.15,1.0,5.0625,2.25,45.275
5112,10.0,14,2.0,18.285714285714285,2.0,14.628571428571428,1.0,9.642857142857144,33.0,15.778571428571428,26.0,34.285714285714285,7.0,15.75,0.32142857142857145,108.69285714285714
5116,10.0,1,0.0,1.0,0.0,0.8,0.0,0.6,1.0,0.4,0.0,0.3,0.0,0.5,0.5,4.1
5119,10.0,1,0.0,1.0,0.0,0.8,0.0,0.6,3.0,1.6,3.0,4.8,0.0,0.5,0.5,9.8
5122,10.0,1,1.0,4.0,1.0,3.2,0.0,0.6,0.0,0.1,3.0,4.8,1.0,2.0,2.0,16.7
5124,10.0,83,46.0,200.49397590361446,32.0,127.4698795180723,12.0,65.24096385542168,101.0,40.790361445783134,252.0,405.63253012048193,23.0,67.6867469879518,92.62650602409639,999.9409638554216
5129,10.0,3,3.0,12.0,1.0,4.266666666666667,0.0,1.7999999999999998,5.0,2.1333333333333333,17.0,40.0,2.0,4.166666666666667,0.6666666666666666,65.03333333333335
5133,10.0,40,23.0,99.225,12.0,54.08,4.0,29.04,79.0,35.402499999999996,136.0,232.32,9.0,30.0125,21.0125,501.0925
5134,10.0,28,20.0,82.28571428571429,12.0,45.71428571428572,7.0,26.25,56.0,25.200000000000003,142.0,309.6428571428571,4.0,18.285714285714285,17.160714285714285,524.5392857142857
5136,10.0,44,18.0,87.36363636363636,19.0,72.16363636363637,4.0,31.418181818181818,66.0,27.5,119.0,181.15227272727273,8.0,30.727272727272727,18.181818181818183,448.50681818181823
5138,10.0,6,7.0,28.166666666666668,5.0,16.133333333333336,3.0,8.1,19.0,10.416666666666668,30.0,64.8,0.0,3.0,6.75,137.36666666666667
5147,10.0,7,7.0,28.0,4.0,13.82857142857143,1.0,5.485714285714285,19.0,9.657142857142858,31.0,61.88571428571428,3.0,7.142857142857143,8.642857142857142,134.64285714285714
5150,10.0,10,1.0,12.1,4.0,15.680000000000001,0.0,6.0,8.0,3.24,16.0,20.279999999999998,9.0,18.05,1.25,76.6
5151,10.0,13,2.0,17.307692307692307,1.0,12.061538461538461,0.0,7.8,15.0,6.030769230769231,30.0,42.669230769230765,7.0,15.384615384615385,1.3846153846153846,102.63846153846154
5153,10.0,31,6.0,44.16129032258065,9.0,41.29032258064516,2.0,21.07741935483871,60.0,26.712903225806453,82.0,123.57096774193548,12.0,29.822580645161292,12.64516129032258,299.2806451612903
5155,10.0,1,0.0,1.0,0.0,0.8,0.0,0.6,0.0,0.1,2.0,2.6999999999999997,0.0,0.5,0.5,6.199999999999999
5161,10.0,15,12.0,48.6,6.0,23.52,2.0,11.559999999999999,34.0,16.006666666666668,66.0,131.22,4.0,12.033333333333333,24.3,267.24
5174,10.0,2,1.0,4.5,0.0,1.6,0.0,1.2,3.0,1.25,1.0,1.3499999999999999,0.0,1.0,4.0,14.9
5183,10.0,3,2.0,8.333333333333334,1.0,4.266666666666667,0.0,1.7999999999999998,7.0,3.333333333333334,6.0,8.1,0.0,1.5,2.6666666666666665,30.000000000000004
5190,10.0,2,2.0,8.0,1.0,3.6,3.0,7.5,2.0,0.8,6.0,9.6,0.0,1.0,12.25,42.75
5193,10.0,41,19.0,87.8048780487805,21.0,75.00487804878048,5.0,30.965853658536584,75.0,32.81951219512195,87.0,119.88292682926829,4.0,24.695121951219512,30.48780487804878,401.6609756097561
5195,10.0,48,9.0,67.6875,5.0,46.81666666666667,4.0,33.8,45.0,18.01875,69.0,85.55624999999999,35.0,71.76041666666667,20.166666666666668,343.80625000000003
5199,10.0,17,4.0,25.941176470588236,3.0,18.823529411764707,0.0,10.2,21.0,8.494117647058824,38.0,53.38235294117647,3.0,11.764705882352942,5.764705882352941,134.37058823529412
5203,10.0,25,13.0,57.76,7.0,32.768,2.0,17.496,38.0,15.876,85.0,145.2,20.0,40.5,21.78,331.38
5207,10.0,6,8.0,32.666666666666664,3.0,10.8,7.0,16.9,27.0,18.150000000000002,55.0,186.04999999999998,5.0,10.083333333333334,10.083333333333334,284.7333333333333
5208,10.0,7,3.0,14.285714285714286,1.0,7.314285714285714,0.0,4.2,7.0,2.8000000000000003,22.0,36.04285714285714,0.0,3.5,2.5714285714285716,70.71428571428571
5217,10.0,38,24.0,101.15789473684211,7.0,42.631578947368425,3.0,26.542105263157893,56.0,23.25263157894737,127.0,214.93421052631578,11.0,31.592105263157894,29.06578947368421,469.1763157894737
5221,10.0,21,9.0,42.857142857142854,8.0,32.038095238095245,2.0,15.114285714285714,30.0,12.385714285714286,57.0,86.91428571428571,9.0,21.428571428571427,18.666666666666668,229.40476190476187
5222,10.0,49,1.0,51.02040816326531,3.0,44.14693877551021,6.0,37.04081632653061,46.0,18.418367346938776,49.0,58.8,21.0,50.0,5.877551020408164,265.3040816326531
5223,10.0,76,35.0,162.1184210526316,41.0,144.09473684210528,6.0,53.084210526315786,86.0,34.53157894736842,179.0,256.67763157894734,26.0,68.44736842105263,41.05921052631579,760.0131578947368
5233,10.0,4,1.0,6.25,3.0,9.8,1.0,3.75,7.0,3.0250000000000004,9.0,12.674999999999999,1.0,3.125,8.0,46.625
5235,10.0,37,29.0,117.72972972972973,16.0,60.73513513513514,5.0,28.605405405405406,70.0,30.943243243243245,115.0,187.3297297297297,6.0,24.986486486486488,39.4054054054054,489.7351351351352
5243,10.0,43,15.0,78.23255813953489,6.0,44.66976744186047,4.0,30.823255813953487,64.0,26.62558139534884,95.0,132.86511627906978,12.0,35.174418604651166,7.267441860465116,355.65813953488373
5249,10.0,59,44.0,179.8135593220339,35.0,119.81016949152543,3.0,39.09152542372881,128.0,59.26949152542374,246.0,473.00847457627117,3.0,32.57627118644068,33.63559322033898,937.2050847457626
5254,10.0,4,10.0,49.0,9.0,33.800000000000004,3.0,7.35,11.0,5.625,29.0,81.675,2.0,4.5,32.0,213.95
5261,10.0,57,43.0,175.43859649122808,25.0,94.3719298245614,7.0,43.11578947368421,108.0,47.76315789473685,264.0,542.3210526315789,24.0,57.55263157894737,64.87719298245614,1025.4403508771932
5276,10.0,88,51.0,219.5568181818182,23.0,112.0090909090909,14.0,70.93636363636364,183.0,83.45568181818182,312.0,545.4545454545455,18.0,63.84090909090909,91.64204545454545,1186.8954545454544
5281,10.0,12,3.0,18.75,1.0,11.266666666666667,0.0,7.199999999999999,40.0,22.533333333333335,48.0,90.0,5.0,12.041666666666666,0.041666666666666664,161.83333333333331
5289,10.0,1,0.0,1.0,0.0,0.8,0.0,0.6,0.0,0.1,2.0,2.6999999999999997,1.0,2.0,12.5,19.7
5293,10.0,35,17.0,77.25714285714285,13.0,52.66285714285714,8.0,31.697142857142858,79.0,37.13142857142857,109.0,177.73714285714286,3.0,20.62857142857143,10.414285714285715,407.5285714285714
5298,10.0,9,3.0,16.0,1.0,8.88888888888889,0.0,5.3999999999999995,19.0,8.711111111111112,24.0,36.3,0.0,4.5,9.38888888888889,89.18888888888888
5387,10.0,57,23.0,112.28070175438596,8.0,59.298245614035096,3.0,37.89473684210526,73.0,29.649122807017548,156.0,238.78421052631577,27.0,61.89473684210526,44.219298245614034,584.0210526315789
5441,10.0,31,13.0,62.45161290322581,16.0,57.006451612903234,3.0,22.374193548387094,32.0,12.803225806451614,78.0,114.9774193548387,6.0,22.080645161290324,35.62903225806452,327.3225806451613
5457,10.0,26,30.0,120.61538461538461,10.0,39.87692307692308,4.0,20.769230769230766,54.0,24.615384615384617,124.0,259.6153846153846,2.0,15.076923076923077,27.76923076923077,508.33846153846156
5458,10.0,32,40.0,162.0,18.0,62.5,6.0,27.075,94.0,49.612500000000004,162.0,352.8375,2.0,18.0625,102.515625,774.603125
5459,10.0,21,3.0,27.428571428571427,1.0,18.43809523809524,0.0,12.6,17.0,6.876190476190477,30.0,37.15714285714286,4.0,14.880952380952381,3.4285714285714284,120.80952380952381
5461,10.0,32,13.0,63.28125,2.0,28.900000000000002,2.0,21.675,49.0,20.503125,91.0,141.834375,7.0,23.765625,5.640625,305.6
5463,10.0,3,0.0,3.0,0.0,2.4000000000000004,0.0,1.7999999999999998,4.0,1.6333333333333333,1.0,1.5999999999999999,2.0,4.166666666666667,2.6666666666666665,17.26666666666667
5499,10.0,11,3.0,17.818181818181817,3.0,14.254545454545454,1.0,7.8545454545454545,7.0,2.9454545454545453,14.0,17.045454545454547,1.0,6.545454545454546,5.5,71.96363636363635
5501,10.0,18,1.0,20.055555555555557,1.0,16.044444444444448,1.0,12.033333333333333,12.0,5.0,9.0,12.15,12.0,25.0,0.1111111111111111,90.39444444444446
5505,10.0,43,4.0,51.372093023255815,4.0,41.097674418604655,1.0,27.013953488372092,55.0,22.334883720930236,68.0,85.96046511627907,5.0,26.790697674418606,4.1976744186046515,258.7674418604651
5510,10.0,3,2.0,8.333333333333334,0.0,2.4000000000000004,0.0,1.7999999999999998,6.0,2.7,11.0,19.599999999999998,0.0,1.5,0.6666666666666666,36.99999999999999
5511,10.0,47,38.0,153.72340425531914,25.0,88.23829787234042,16.0,50.668085106382975,86.0,37.636170212765954,173.0,308.93617021276594,6.0,29.882978723404257,49.191489361702125,718.2765957446808
5512,10.0,8,2.0,12.5,0.0,6.4,1.0,6.075,7.0,2.8125,10.0,12.15,0.0,4.0,0.0625,44.0
5513,10.0,4,0.0,4.0,0.0,3.2,0.0,2.4,7.0,3.0250000000000004,4.0,4.8,0.0,2.0,0.0,19.425
5516,10.0,1,0.0,1.0,1.0,3.2,0.0,0.6,4.0,2.5,0.0,0.3,1.0,2.0,4.5,14.1
5519,10.0,9,8.0,32.111111111111114,1.0,8.88888888888889,2.0,8.066666666666666,19.0,8.711111111111112,48.0,108.3,0.0,4.5,0.0,170.57777777777778
5520,10.0,15,15.0,60.0,2.0,15.413333333333334,5.0,16.0,42.0,21.66,81.0,184.32,5.0,13.333333333333334,40.833333333333336,351.55999999999995
5522,10.0,43,4.0,51.372093023255815,3.0,39.36744186046512,5.0,32.14883720930233,25.0,10.753488372093024,51.0,61.646511627906975,23.0,50.651162790697676,11.174418604651162,257.1139534883721
5523,10.0,22,10.0,46.54545454545455,6.0,28.509090909090908,2.0,15.709090909090909,33.0,13.75,46.0,63.054545454545455,10.0,23.272727272727273,11.0,201.8409090909091
5526,10.0,1,0.0,1.0,0.0,0.8,0.0,0.6,1.0,0.4,4.0,7.5,1.0,2.0,2.0,14.3
5531,10.0,3,0.0,3.0,0.0,2.4000000000000004,1.0,3.1999999999999997,1.0,0.5333333333333333,6.0,8.1,1.0,2.6666666666666665,2.6666666666666665,22.56666666666667
5534,10.0,15,0.0,15.0,1.0,13.653333333333334,0.0,9.0,7.0,3.2266666666666666,6.0,8.819999999999999,2.0,9.633333333333333,0.03333333333333333,59.36666666666667
5537,10.0,21,0.0,21.0,0.0,16.8,0.0,12.6,10.0,4.576190476190476,11.0,14.628571428571426,4.0,14.880952380952381,5.357142857142857,89.84285714285714
5544,10.0,78,26.0,138.66666666666666,36.0,133.2923076923077,8.0,56.89230769230769,109.0,44.83205128205128,214.0,327.9384615384615,11.0,50.77564102564103,61.56410256410256,813.9615384615385
5548,10.0,35,4.0,43.457142857142856,1.0,29.622857142857146,0.0,21.0,30.0,12.071428571428571,40.0,48.214285714285715,10.0,28.928571428571427,9.657142857142857,192.95142857142855
5549,10.0,40,24.0,102.4,16.0,62.720000000000006,4.0,29.04,48.0,19.36,121.0,194.4075,6.0,26.45,48.05,482.4275
5551,10.0,6,4.0,16.666666666666668,1.0,6.533333333333333,0.0,3.5999999999999996,6.0,2.4000000000000004,21.0,36.449999999999996,1.0,4.083333333333333,6.75,76.48333333333333
5552,10.0,3,0.0,3.0,0.0,2.4000000000000004,0.0,1.7999999999999998,0.0,0.30000000000000004,1.0,1.5999999999999999,3.0,6.0,0.6666666666666666,15.766666666666666
5553,10.0,32,4.0,40.5,4.0,32.4,0.0,19.2,19.0,8.128125,27.0,32.634375,5.0,21.390625,3.0625,157.315625
5555,10.0,8,1.0,10.125,0.0,6.4,0.0,4.8,2.0,1.25,5.0,6.3374999999999995,0.0,4.0,3.0625,35.974999999999994
5571,10.0,11,0.0,11.0,1.0,10.472727272727274,0.0,6.6,15.0,6.1454545454545455,17.0,21.38181818181818,8.0,16.40909090909091,30.727272727272727,102.73636363636365
5572,10.0,49,34.0,140.59183673469389,16.0,68.9795918367347,6.0,37.04081632653061,94.0,41.73265306122449,174.0,304.4632653061224,21.0,50.0,77.23469387755102,720.0428571428572
5574,10.0,25,2.0,29.16,4.0,26.912000000000003,0.0,15.0,21.0,8.464,43.0,55.488,11.0,25.92,19.22,180.16400000000002
5577,10.0,12,8.0,33.333333333333336,1.0,11.266666666666667,1.0,8.45,26.0,12.033333333333333,25.0,34.224999999999994,5.0,12.041666666666666,9.375,120.725
5580,10.0,83,26.0,143.14457831325302,22.0,106.26506024096386,2.0,52.2289156626506,110.0,44.87831325301205,154.0,203.02048192771085,13.0,55.51807228915663,53.2289156626506,658.2843373493976
5582,10.0,27,10.0,50.7037037037037,3.0,26.66666666666667,2.0,18.68888888888889,52.0,23.114814814814817,78.0,122.49999999999999,9.0,24.0,0.16666666666666666,265.8407407407408
5583,10.0,24,5.0,35.041666666666664,3.0,24.3,2.0,16.9,21.0,8.4375,34.0,42.05,10.0,24.083333333333332,2.5208333333333335,153.33333333333334
5591,10.0,68,27.0,132.72058823529412,29.0,110.69411764705883,9.0,52.31470588235294,92.0,37.64705882352941,148.0,205.83529411764707,23.0,60.88970588235294,16.24264705882353,616.3441176470589
5595,10.0,18,9.0,40.5,10.0,34.84444444444445,1.0,12.033333333333333,41.0,19.33888888888889,46.0,68.26666666666667,3.0,12.25,26.694444444444443,213.9277777777778
5596,10.0,10,4.0,19.6,1.0,9.68,1.0,7.26,30.0,16.0,23.0,32.67,7.0,14.45,7.2,106.86000000000001
5598,10.0,74,35.0,160.55405405405406,24.0,103.82702702702703,4.0,49.32972972972973,115.0,48.27162162162162,200.0,304.3621621621621,5.0,42.16891891891892,54.729729729729726,763.2432432432432
5600,10.0,13,6.0,27.76923076923077,0.0,10.4,0.0,7.8,18.0,7.392307692307693,28.0,38.792307692307695,7.0,15.384615384615385,0.34615384615384615,107.88461538461539
5601,10.0,38,55.0,227.60526315789474,28.0,91.70526315789475,6.0,30.568421052631578,155.0,98.02368421052631,239.0,605.7552631578948,5.0,24.32894736842105,11.06578947368421,1089.0526315789473
5602,10.0,7,5.0,20.571428571428573,3.0,11.42857142857143,1.0,5.485714285714285,28.0,17.5,30.0,58.67142857142857,3.0,7.142857142857143,4.571428571428571,125.37142857142857
5606,10.0,24,3.0,30.375,0.0,19.200000000000003,2.0,16.9,22.0,8.816666666666668,19.0,23.1125,18.0,36.75,12.0,147.15416666666664
5607,10.0,52,8.0,69.23076923076923,24.0,88.86153846153847,5.0,37.488461538461536,58.0,23.26923076923077,88.0,113.07692307692307,9.0,35.77884615384615,26.0,393.70576923076925
5612,10.0,7,4.0,17.285714285714285,10.0,33.02857142857143,1.0,5.485714285714285,13.0,5.714285714285715,28.0,52.5,3.0,7.142857142857143,20.642857142857142,141.8
5613,10.0,33,1.0,35.03030303030303,3.0,31.41818181818182,1.0,21.01818181818182,20.0,8.512121212121214,24.0,29.536363636363635,14.0,33.46969696969697,9.469696969696969,168.45454545454547
5614,10.0,31,11.0,56.903225806451616,6.0,35.32903225806452,3.0,22.374193548387094,76.0,36.93225806451613,103.0,173.76774193548388,9.0,25.806451612903224,0.25806451612903225,351.37096774193554
5616,10.0,8,0.0,8.0,0.0,6.4,0.0,4.8,6.0,2.45,7.0,8.4375,4.0,9.0,6.25,45.3375
5621,10.0,8,1.0,10.125,1.0,8.1,2.0,7.5,11.0,4.5125,23.0,36.0375,1.0,5.0625,2.25,73.5875
5622,10.0,46,14.0,78.26086956521739,18.0,71.23478260869565,3.0,31.317391304347826,26.0,11.269565217391305,114.0,166.9565217391304,9.0,32.880434782608695,57.92391304347826,449.8434782608695
5633,10.0,42,21.0,94.5,12.0,55.542857142857144,0.0,25.2,66.0,27.771428571428572,90.0,124.45714285714284,16.0,40.04761904761905,33.44047619047619,400.9595238095238
5634,10.0,43,4.0,51.372093023255815,2.0,37.674418604651166,0.0,25.8,38.0,15.258139534883723,25.0,32.26046511627907,26.0,55.36046511627907,1.9651162790697674,219.69069767441863
5635,10.0,12,4.0,21.333333333333332,5.0,19.266666666666666,0.0,7.199999999999999,10.0,4.033333333333334,21.0,27.224999999999998,2.0,8.166666666666666,8.166666666666666,95.39166666666667
5641,10.0,59,16.0,95.33898305084746,13.0,70.29152542372881,5.0,41.65423728813559,80.0,32.74745762711864,146.0,213.6864406779661,24.0,58.38135593220339,2.4491525423728815,514.5491525423729
5644,10.0,47,5.0,57.53191489361702,4.0,44.27234042553192,0.0,28.2,35.0,14.306382978723406,47.0,56.4,11.0,35.787234042553195,14.563829787234043,251.0617021276596
5647,10.0,1,0.0,1.0,0.0,0.8,0.0,0.6,5.0,3.6,2.0,2.6999999999999997,0.0,0.5,0.0,9.2
5650,10.0,26,14.0,61.53846153846154,6.0,31.50769230769231,1.0,16.823076923076922,37.0,15.265384615384617,83.0,137.08846153846153,5.0,18.48076923076923,23.557692307692307,304.26153846153846
5652,10.0,1,0.0,1.0,0.0,0.8,0.0,0.6,0.0,0.1,0.0,0.3,0.0,0.5,0.0,3.3
5653,10.0,8,0.0,8.0,1.0,8.1,0.0,4.8,8.0,3.2,6.0,7.35,2.0,6.25,5.0625,42.7625
5654,10.0,21,3.0,27.428571428571427,3.0,21.942857142857143,1.0,13.828571428571427,18.0,7.242857142857144,16.0,19.557142857142857,16.0,32.595238095238095,12.595238095238095,135.1904761904762
5655,10.0,29,21.0,86.20689655172414,11.0,44.13793103448276,11.0,33.103448275862064,82.0,42.48620689655173,122.0,235.87241379310345,8.0,23.603448275862068,48.43103448275862,513.8413793103449
5656,10.0,27,8.0,45.370370370370374,11.0,42.785185185185185,9.0,28.799999999999997,31.0,12.45925925925926,70.0,104.54444444444444,2.0,15.574074074074074,4.166666666666667,253.70000000000002
5657,10.0,24,11.0,51.041666666666664,2.0,22.533333333333335,3.0,18.224999999999998,33.0,13.537500000000001,54.0,76.05,9.0,22.6875,4.6875,208.7625
5661,10.0,2,0.0,2.0,0.0,1.6,0.0,1.2,0.0,0.2,1.0,1.3499999999999999,2.0,4.0,4.0,14.35
5664,10.0,56,10.0,77.78571428571429,12.0,66.05714285714286,4.0,38.57142857142858,40.0,16.45714285714286,73.0,89.14821428571427,24.0,57.142857142857146,34.32142857142857,379.4839285714286
5668,10.0,8,2.0,12.5,0.0,6.4,1.0,6.075,10.0,4.05,13.0,16.537499999999998,10.0,20.25,2.25,68.0625
5669,10.0,45,5.0,55.55555555555556,9.0,51.84,3.0,30.72,48.0,19.22,82.0,107.52666666666666,12.0,36.1,30.044444444444444,331.00666666666666
5674,10.0,3,0.0,3.0,1.0,4.266666666666667,0.0,1.7999999999999998,2.0,0.8333333333333335,3.0,3.5999999999999996,2.0,4.166666666666667,0.16666666666666666,17.833333333333336
5676,10.0,14,2.0,18.285714285714285,2.0,14.628571428571428,0.0,8.4,10.0,4.114285714285715,17.0,20.59285714285714,4.0,11.571428571428571,6.035714285714286,83.62857142857143
5677,10.0,25,3.0,31.36,0.0,20.0,0.0,15.0,14.0,6.0840000000000005,25.0,30.0,2.0,14.58,1.62,118.644
5679,10.0,40,4.0,48.4,3.0,36.980000000000004,1.0,25.215,21.0,9.3025,36.0,43.32,22.0,48.05,12.8,224.0675
5681,10.0,55,10.0,76.81818181818181,12.0,65.29454545454546,12.0,48.970909090909096,46.0,18.547272727272727,60.0,72.13636363636364,8.0,36.08181818181818,27.5,345.3490909090909
5682,10.0,28,2.0,32.142857142857146,6.0,33.02857142857143,1.0,18.02142857142857,24.0,9.657142857142858,24.0,28.971428571428568,4.0,18.285714285714285,10.285714285714286,150.39285714285714
5683,10.0,16,8.0,36.0,1.0,14.450000000000001,4.0,15.0,33.0,15.006250000000001,46.0,72.075,6.0,15.125,11.28125,178.9375
5686,10.0,34,26.0,105.88235294117646,14.0,54.21176470588236,8.0,31.129411764705882,108.0,59.305882352941175,157.0,321.8911764705882,6.0,23.529411764705884,18.014705882352942,613.9647058823529
5687,10.0,27,2.0,31.14814814814815,1.0,23.22962962962963,1.0,17.42222222222222,15.0,6.533333333333333,28.0,33.61111111111111,8.0,22.685185185185187,2.240740740740741,136.87037037037035
5688,10.0,33,3.0,39.27272727272727,4.0,33.18787878787879,2.0,22.272727272727273,16.0,7.275757575757575,31.0,37.236363636363635,3.0,19.636363636363637,0.3787878787878788,159.26060606060605
5692,10.0,51,10.0,72.96078431372548,6.0,50.964705882352945,1.0,31.811764705882354,35.0,14.501960784313727,72.0,88.99411764705881,9.0,35.294117647058826,18.127450980392158,312.65490196078434
5693,10.0,4,0.0,4.0,0.0,3.2,0.0,2.4,1.0,0.625,2.0,2.6999999999999997,1.0,3.125,1.125,17.174999999999997
5699,10.0,4,0.0,4.0,0.0,3.2,0.0,2.4,5.0,2.025,3.0,3.675,2.0,4.5,4.5,24.3
5703,10.0,59,14.0,90.32203389830508,15.0,74.25084745762712,4.0,40.362711864406776,82.0,33.69661016949153,134.0,189.40169491525424,10.0,40.347457627118644,30.508474576271187,498.8898305084746
5704,10.0,68,19.0,111.30882352941177,10.0,71.5764705882353,2.0,43.23529411764706,67.0,26.801470588235293,120.0,155.92941176470586,20.0,56.94117647058823,17.654411764705884,483.44705882352946
5706,10.0,62,13.0,90.7258064516129,17.0,80.52903225806452,4.0,42.15483870967742,62.0,24.8,102.0,130.14193548387095,42.0,87.2258064516129,3.556451612903226,459.133870967742
5708,10.0,2,0.0,2.0,0.0,1.6,0.0,1.2,1.0,0.45,1.0,1.3499999999999999,2.0,4.0,1.0,11.6
5709,10.0,61,16.0,97.19672131147541,13.0,71.81639344262295,3.0,40.28852459016394,41.0,17.055737704918034,87.0,107.72459016393442,35.0,75.54098360655738,42.49180327868852,452.11475409836066
5710,10.0,35,4.0,43.457142857142856,6.0,38.42285714285715,3.0,24.754285714285714,50.0,20.642857142857142,38.0,45.67714285714286,22.0,46.41428571428571,8.228571428571428,227.59714285714284
5712,10.0,68,10.0,89.47058823529412,3.0,59.305882352941175,1.0,42.008823529411764,82.0,33.088235294117645,97.0,120.11029411764706,35.0,78.00735294117646,4.235294117647059,426.2264705882353
5713,10.0,75,13.0,103.25333333333333,11.0,78.89066666666668,0.0,45.0,111.0,46.128,137.0,179.77599999999998,24.0,65.34,32.666666666666664,551.0546666666667
5720,10.0,33,8.0,50.93939393939394,6.0,36.872727272727275,3.0,23.563636363636363,22.0,9.166666666666668,42.0,51.13636363636364,17.0,37.878787878787875,7.333333333333333,216.8909090909091
5721,10.0,67,21.0,115.58208955223881,22.0,94.57910447761195,4.0,45.14328358208955,75.0,30.095522388059706,130.0,173.77164179104474,29.0,68.77611940298507,21.761194029850746,549.7089552238806
5723,10.0,1,0.0,1.0,0.0,0.8,0.0,0.6,1.0,0.4,1.0,1.2,0.0,0.5,0.5,5.0
5724,10.0,7,1.0,9.142857142857142,3.0,11.42857142857143,0.0,4.2,15.0,6.914285714285715,13.0,17.142857142857142,1.0,4.571428571428571,0.0,53.4
5725,10.0,55,9.0,74.47272727272727,9.0,59.57818181818182,4.0,37.97454545454545,66.0,26.62,85.0,106.9090909090909,20.0,51.13636363636363,0.5818181818181818,357.27272727272725
5727,10.0,46,12.0,73.1304347826087,11.0,56.50434782608696,7.0,36.63913043478261,51.0,20.45434782608696,87.0,115.36304347826086,8.0,31.695652173913043,3.5217391304347827,337.308695652174
5728,10.0,62,11.0,85.95161290322581,5.0,57.9225806451613,0.0,37.199999999999996,70.0,28.10322580645162,102.0,130.14193548387095,21.0,55.556451612903224,0.3951612903225806,395.27096774193546
5732,10.0,2,0.0,2.0,0.0,1.6,0.0,1.2,0.0,0.2,1.0,1.3499999999999999,0.0,1.0,1.0,8.35
5734,10.0,8,1.0,10.125,1.0,8.1,0.0,4.8,2.0,1.25,6.0,7.35,2.0,6.25,5.0625,42.9375
5737,10.0,12,1.0,14.083333333333334,0.0,9.600000000000001,0.0,7.199999999999999,5.0,2.408333333333333,5.0,7.225,13.0,26.041666666666668,2.6666666666666665,69.22500000000001
5740,10.0,62,21.0,111.11290322580645,17.0,80.52903225806452,4.0,42.15483870967742,77.0,31.162903225806453,149.0,215.4241935483871,11.0,42.975806451612904,9.32258064516129,532.6822580645162
5741,10.0,6,2.0,10.666666666666666,1.0,6.533333333333333,0.0,3.5999999999999996,5.0,2.016666666666667,6.0,7.199999999999999,1.0,4.083333333333333,1.3333333333333333,35.43333333333333
5742,10.0,25,14.0,60.84,1.0,21.632,0.0,15.0,33.0,13.456000000000001,64.0,95.05199999999999,12.0,27.38,5.78,239.14000000000001
5748,10.0,91,88.0,352.0989010989011,31.0,130.84835164835167,16.0,75.4879120879121,236.0,117.50439560439561,465.0,1019.1296703296703,46.0,103.12637362637362,126.94505494505495,1925.140659340659
5749,10.0,66,30.0,139.63636363636363,22.0,93.86666666666667,6.0,47.127272727272725,148.0,69.38787878787879,174.0,261.8181818181818,19.0,54.734848484848484,80.37121212121212,746.9424242424242
5750,10.0,36,23.0,96.69444444444444,14.0,55.55555555555556,2.0,24.066666666666666,43.0,17.336111111111112,110.0,177.63333333333333,6.0,24.5,25.680555555555557,421.46666666666664
5751,10.0,4,3.0,12.25,0.0,3.2,2.0,5.3999999999999995,12.0,6.4,15.0,27.075,2.0,4.5,2.0,60.825
5753,10.0,6,0.0,6.0,2.0,8.533333333333333,0.0,3.5999999999999996,6.0,2.4000000000000004,4.0,5.0,2.0,5.333333333333333,6.75,37.61666666666666
5754,10.0,7,2.0,11.571428571428571,2.0,9.257142857142858,0.0,4.2,17.0,8.22857142857143,14.0,18.9,12.0,25.785714285714285,1.1428571428571428,79.08571428571429
5755,10.0,4,2.0,9.0,0.0,3.2,0.0,2.4,7.0,3.0250000000000004,24.0,58.8,1.0,3.125,0.5,80.05
5756,10.0,31,24.0,97.58064516129032,21.0,69.78064516129032,13.0,37.47096774193548,70.0,32.906451612903226,184.0,447.3387096774194,22.0,45.306451612903224,23.29032258064516,753.674193548387
5761,10.0,21,11.0,48.76190476190476,4.0,23.80952380952381,3.0,16.457142857142856,23.0,9.21904761904762,76.0,134.4142857142857,2.0,12.595238095238095,9.523809523809524,254.78095238095236
5764,10.0,1,0.0,1.0,1.0,3.2,0.0,0.6,0.0,0.1,2.0,2.6999999999999997,0.0,0.5,0.5,8.6
5767,10.0,3,0.0,3.0,0.0,2.4000000000000004,0.0,1.7999999999999998,4.0,1.6333333333333333,0.0,0.8999999999999999,3.0,6.0,13.5,29.233333333333334
5768,10.0,78,58.0,237.12820512820514,64.0,206.81025641025641,25.0,81.60769230769232,172.0,80.12820512820514,308.0,573.0615384615385,4.0,43.1025641025641,26.256410256410255,1248.0948717948718
5770,10.0,18,1.0,20.055555555555557,3.0,19.6,1.0,12.033333333333333,18.0,7.2,40.0,56.06666666666666,8.0,18.77777777777778,11.11111111111111,144.84444444444443
5775,10.0,43,3.0,49.2093023255814,11.0,54.25116279069768,2.0,28.25581395348837,31.0,12.734883720930235,56.0,68.37906976744185,4.0,25.686046511627907,5.627906976744186,244.14418604651163
5780,10.0,32,4.0,40.5,2.0,28.900000000000002,0.0,19.2,21.0,8.778125000000001,69.0,95.63437499999999,5.0,21.390625,1.5625,215.965625
5790,10.0,3,1.0,5.333333333333333,0.0,2.4000000000000004,0.0,1.7999999999999998,1.0,0.5333333333333333,3.0,3.5999999999999996,1.0,2.6666666666666665,0.16666666666666666,16.5
5793,10.0,58,35.0,149.1206896551724,25.0,95.02068965517242,4.0,39.765517241379314,104.0,45.248275862068965,245.0,474.8741379310345,7.0,36.422413793103445,29.0,869.451724137931
5794,10.0,69,41.0,175.36231884057972,35.0,125.40289855072466,15.0,61.35652173913043,149.0,68.87536231884057,279.0,526.5391304347826,29.0,69.59420289855072,32.528985507246375,1059.659420289855
5795,10.0,4,0.0,4.0,0.0,3.2,0.0,2.4,5.0,2.025,7.0,9.075,0.0,2.0,0.125,22.825
5807,10.0,31,9.0,51.61290322580645,7.0,37.26451612903226,2.0,21.07741935483871,32.0,12.803225806451614,67.0,92.94193548387096,14.0,32.66129032258065,17.56451612903226,265.9258064516129
5808,10.0,1,0.0,1.0,0.0,0.8,0.0,0.6,4.0,2.5,2.0,2.6999999999999997,0.0,0.5,0.5,8.6
5809,10.0,21,4.0,29.761904761904763,6.0,27.771428571428572,0.0,12.6,32.0,13.376190476190477,25.0,30.228571428571428,4.0,14.880952380952381,3.4285714285714284,132.04761904761904
5811,10.0,76,23.0,128.96052631578948,15.0,87.16842105263159,3.0,49.27105263157895,116.0,48.50526315789474,164.0,227.3684210526316,7.0,45.32236842105263,32.23684210526316,618.832894736842
5812,10.0,19,4.0,27.842105263157894,7.0,28.463157894736845,1.0,12.631578947368421,7.0,3.5578947368421057,25.0,30.568421052631578,13.0,26.94736842105263,0.9473684210526315,130.95789473684212
5820,10.0,69,29.0,139.18840579710144,23.0,98.13333333333334,2.0,43.83478260869565,122.0,52.87101449275363,165.0,238.0695652173913,19.0,56.11594202898551,61.333333333333336,689.5463768115942
5826,10.0,44,14.0,76.45454545454545,14.0,61.163636363636364,7.0,35.46818181818182,91.0,41.42045454545455,132.0,211.2,12.0,35.63636363636363,16.40909090909091,477.7522727272727
5829,10.0,13,1.0,15.076923076923077,1.0,12.061538461538461,0.0,7.8,12.0,4.807692307692308,18.0,22.176923076923075,9.0,18.615384615384617,34.61538461538461,115.15384615384615
5868,10.0,74,21.0,121.95945945945945,24.0,103.82702702702703,11.0,58.581081081081074,122.0,51.913513513513514,192.0,286.84864864864863,14.0,52.32432432432432,18.97972972972973,694.4337837837837
5886,10.0,44,60.0,245.8181818181818,15.0,63.29090909090909,4.0,31.418181818181818,71.0,30.056818181818183,188.0,366.98181818181814,11.0,34.375,74.55681818181819,846.4977272727274
5892,10.0,27,17.0,71.70370370370371,8.0,36.2962962962963,3.0,20.0,44.0,18.67037037037037,94.0,162.67777777777778,1.0,14.518518518518519,37.5,361.3666666666667
5895,10.0,77,36.0,165.83116883116884,28.0,114.54545454545456,12.0,61.72207792207792,111.0,45.90129870129871,186.0,269.4896103896104,16.0,56.16233766233766,121.87662337662337,835.5285714285714
5915,10.0,3,2.0,8.333333333333334,0.0,2.4000000000000004,0.0,1.7999999999999998,1.0,0.5333333333333333,8.0,12.1,1.0,2.6666666666666665,4.166666666666667,32.0
5944,10.0,2,0.0,2.0,1.0,3.6,0.0,1.2,4.0,1.8,0.0,0.6,1.0,2.25,2.25,13.7
5951,10.0,23,1.0,25.043478260869566,2.0,21.73913043478261,0.0,13.799999999999999,21.0,8.417391304347827,23.0,27.599999999999998,9.0,22.26086956521739,5.565217391304348,124.42608695652173
5990,10.0,20,3.0,26.45,8.0,31.360000000000003,5.0,18.75,16.0,6.48,32.0,40.559999999999995,1.0,11.025,18.225,152.85
5992,10.0,1,0.0,1.0,0.0,0.8,0.0,0.6,0.0,0.1,0.0,0.3,0.0,0.5,0.5,3.8
5993,10.0,1,0.0,1.0,0.0,0.8,0.0,0.6,0.0,0.1,0.0,0.3,0.0,0.5,0.5,3.8
5995,10.0,1,0.0,1.0,0.0,0.8,0.0,0.6,0.0,0.1,0.0,0.3,0.0,0.5,0.5,3.8
6019,10.0,2,0.0,2.0,0.0,1.6,0.0,1.2,4.0,1.8,2.0,2.4,0.0,1.0,2.25,12.25
6027,10.0,6,6.0,24.0,6.0,19.200000000000003,2.0,6.3999999999999995,13.0,6.016666666666667,34.0,80.0,0.0,3.0,3.0,141.61666666666667
6031,10.0,20,0.0,20.0,2.0,19.36,3.0,15.87,8.0,3.9200000000000004,16.0,19.439999999999998,2.0,12.1,3.025,93.715
6033,10.0,39,20.0,89.25641025641026,12.0,53.353846153846156,5.0,29.784615384615385,60.0,25.130769230769232,104.0,157.3,7.0,27.128205128205128,21.55128205128205,403.50512820512824
6037,10.0,5,2.0,9.8,0.0,4.0,0.0,3.0,4.0,1.62,2.0,2.94,1.0,3.6,3.6,28.560000000000006
6038,10.0,36,9.0,56.25,8.0,43.022222222222226,1.0,22.816666666666666,32.0,12.844444444444447,59.0,75.20833333333333,14.0,34.72222222222222,19.01388888888889,263.8777777777778
6039,10.0,42,48.0,192.85714285714286,20.0,73.21904761904761,3.0,28.928571428571427,110.0,55.00952380952381,214.0,468.11428571428564,14.0,37.333333333333336,80.04761904761905,935.5095238095238
6041,10.0,33,5.0,43.75757575757576,1.0,28.024242424242427,1.0,21.01818181818182,10.0,5.6030303030303035,46.0,56.736363636363635,9.0,26.727272727272727,14.56060606060606,196.4272727272727
6044,10.0,63,20.0,109.34920634920636,26.0,100.584126984127,4.0,42.75238095238095,91.0,37.644444444444446,164.0,245.37619047619046,10.0,42.29365079365079,19.055555555555557,597.0555555555555
6050,10.0,6,3.0,13.5,14.0,53.33333333333334,4.0,10.0,23.0,14.016666666666666,28.0,57.8,2.0,5.333333333333333,40.333333333333336,194.3166666666667
6058,10.0,14,12.0,48.285714285714285,4.0,18.514285714285716,1.0,9.642857142857144,23.0,9.77857142857143,59.0,114.19285714285715,7.0,15.75,0.32142857142857145,216.4857142857143
6062,10.0,73,36.0,162.75342465753425,38.0,135.0246575342466,15.0,63.649315068493145,116.0,48.93287671232877,227.0,369.86301369863014,23.0,63.12328767123287,55.47945205479452,898.8260273972603
6066,10.0,43,18.0,86.53488372093024,12.0,56.27906976744187,5.0,32.14883720930233,61.0,25.153488372093022,137.0,226.04651162790697,12.0,35.174418604651166,15.918604651162791,477.2558139534884
6067,10.0,85,19.0,127.24705882352941,31.0,126.64470588235295,10.0,63.705882352941174,79.0,31.642352941176473,141.0,180.26823529411763,15.0,58.8235294117647,55.34705882352941,643.6788235294118
6080,10.0,78,43.0,187.7051282051282,42.0,147.6923076923077,18.0,70.8923076923077,106.0,43.40512820512821,245.0,401.26538461538456,20.0,61.56410256410256,38.006410256410255,950.5307692307691
6082,10.0,44,35.0,141.8409090909091,12.0,57.018181818181816,2.0,28.854545454545455,82.0,36.081818181818186,205.0,422.73409090909087,18.0,43.68181818181818,49.5,779.7113636363636
6083,10.0,45,1.0,47.022222222222226,10.0,53.777777777777786,2.0,29.453333333333333,66.0,27.380000000000003,63.0,77.75999999999999,27.0,57.6,41.34444444444444,334.3377777777778
6085,10.0,1,0.0,1.0,0.0,0.8,0.0,0.6,2.0,0.9,1.0,1.2,1.0,2.0,0.5,7.0
6087,10.0,42,3.0,48.214285714285715,6.0,43.885714285714286,1.0,26.414285714285715,61.0,25.259523809523813,62.0,77.25714285714285,30.0,61.714285714285715,7.440476190476191,290.1857142857143
6091,10.0,1,1.0,4.0,0.0,0.8,0.0,0.6,5.0,3.6,3.0,4.8,0.0,0.5,0.5,14.8
6092,10.0,2,0.0,2.0,0.0,1.6,1.0,2.6999999999999997,1.0,0.45,2.0,2.4,0.0,1.0,1.0,11.15
6138,10.0,34,18.0,79.52941176470588,7.0,39.55294117647059,4.0,25.48235294117647,61.0,26.544117647058826,106.0,172.94117647058823,8.0,25.941176470588236,10.720588235294118,380.7117647058824
6141,10.0,71,48.0,199.45070422535213,18.0,89.25070422535212,7.0,51.41408450704225,183.0,90.86760563380282,348.0,741.8070422535211,16.0,53.30281690140845,32.563380281690144,1258.656338028169
6142,10.0,6,1.0,8.166666666666666,0.0,4.800000000000001,0.0,3.5999999999999996,12.0,5.4,9.0,11.25,0.0,3.0,5.333333333333333,41.550000000000004
6145,10.0,46,32.0,132.2608695652174,18.0,71.23478260869565,11.0,42.37826086956522,140.0,75.20869565217392,227.0,486.05869565217387,14.0,39.130434782608695,6.793478260869565,853.0652173913044
6146,10.0,33,5.0,43.75757575757576,8.0,40.75151515151515,2.0,22.272727272727273,34.0,13.603030303030303,44.0,53.9,6.0,23.045454545454547,3.409090909090909,200.73939393939392
6187,10.0,36,30.0,121.0,15.0,57.800000000000004,3.0,25.349999999999998,73.0,33.00277777777778,148.0,282.1333333333333,15.0,36.125,48.34722222222222,603.7583333333332
6194,10.0,3,3.0,12.0,0.0,2.4000000000000004,0.0,1.7999999999999998,3.0,1.2000000000000002,7.0,10.0,1.0,2.6666666666666665,4.166666666666667,34.233333333333334
6197,10.0,63,22.0,114.68253968253968,9.0,65.82857142857144,1.0,39.009523809523806,112.0,48.611111111111114,144.0,204.04285714285712,11.0,43.46031746031746,2.5714285714285716,518.2063492063492
6199,10.0,77,31.0,151.4805194805195,23.0,103.8961038961039,3.0,49.870129870129865,114.0,47.37792207792208,213.0,327.6623376623376,58.0,118.34415584415585,13.14935064935065,811.7805194805194
6204,10.0,11,1.0,13.090909090909092,1.0,10.472727272727274,0.0,6.6,15.0,6.1454545454545455,8.0,9.845454545454546,4.0,10.227272727272727,7.681818181818182,64.06363636363636
6210,10.0,1,0.0,1.0,0.0,0.8,0.0,0.6,0.0,0.1,0.0,0.3,1.0,2.0,4.5,9.3
6213,10.0,31,25.0,101.16129032258064,11.0,45.5225806451613,4.0,23.709677419354836,67.0,30.980645161290326,118.0,214.8483870967742,2.0,17.56451612903226,45.306451612903224,479.0935483870968
6216,10.0,52,24.0,111.07692307692308,29.0,100.93846153846154,21.0,61.488461538461536,96.0,42.12307692307692,202.0,372.2076923076923,16.0,44.46153846153846,76.16346153846153,808.4596153846153
6217,10.0,45,25.0,108.88888888888889,18.0,70.56,9.0,38.879999999999995,110.0,53.38888888888889,153.0,261.36,5.0,27.77777777777778,16.044444444444444,576.9000000000001
6219,10.0,68,40.0,171.52941176470588,64.0,204.98823529411766,15.0,60.785294117647055,142.0,64.8529411764706,272.0,510.0,9.0,43.595588235294116,38.11764705882353,1093.8691176470586
6225,10.0,3,2.0,8.333333333333334,0.0,2.4000000000000004,0.0,1.7999999999999998,1.0,0.5333333333333333,6.0,8.1,0.0,1.5,2.6666666666666665,25.333333333333336
6227,10.0,14,5.0,25.785714285714285,2.0,14.628571428571428,2.0,10.97142857142857,11.0,4.464285714285714,30.0,41.48571428571428,1.0,8.035714285714286,0.03571428571428571,105.40714285714286
6230,10.0,53,34.0,142.81132075471697,20.0,80.43773584905661,4.0,36.781132075471696,160.0,85.60188679245283,190.0,334.2396226415094,14.0,42.34905660377358,39.85849056603774,762.0792452830187
6233,10.0,10,2.0,14.4,2.0,11.520000000000001,0.0,6.0,11.0,4.41,14.0,17.28,5.0,11.25,4.05,68.91
6234,10.0,44,28.0,117.81818181818181,25.0,86.56363636363636,4.0,31.418181818181818,141.0,77.78409090909092,216.0,460.9090909090909,8.0,30.727272727272727,62.22727272727273,867.4477272727272
6235,10.0,3,2.0,8.333333333333334,1.0,4.266666666666667,0.0,1.7999999999999998,8.0,4.033333333333334,12.0,22.5,1.0,2.6666666666666665,4.166666666666667,47.766666666666666
6237,10.0,14,23.0,97.78571428571429,12.0,38.62857142857143,4.0,13.885714285714284,67.0,46.86428571428572,83.0,201.62142857142857,10.0,20.571428571428573,24.142857142857142,443.5
6251,10.0,14,4.0,23.142857142857142,2.0,14.628571428571428,5.0,15.47142857142857,16.0,6.42857142857143,34.0,49.371428571428574,2.0,9.142857142857142,3.5714285714285716,121.75714285714285
6256,10.0,8,3.0,15.125,3.0,12.100000000000001,0.0,4.8,15.0,6.612500000000001,21.0,31.537499999999998,1.0,5.0625,0.0,75.2375
6257,10.0,2,0.0,2.0,1.0,3.6,0.0,1.2,1.0,0.45,2.0,2.4,2.0,4.0,6.25,19.9
6258,10.0,18,3.0,24.5,4.0,21.511111111111113,5.0,17.633333333333333,16.0,6.422222222222223,30.0,38.4,7.0,17.36111111111111,14.694444444444445,140.52222222222224
6263,10.0,77,13.0,105.1948051948052,19.0,95.75064935064935,5.0,52.394805194805194,71.0,28.446753246753246,125.0,158.9766233766234,57.0,116.59740259740259,68.8896103896104,626.2506493506494
6266,10.0,21,25.0,100.76190476190476,8.0,32.038095238095245,2.0,15.114285714285714,38.0,16.576190476190476,78.0,140.0142857142857,6.0,17.357142857142858,42.0,363.8619047619047
6273,10.0,16,14.0,56.25,7.0,26.450000000000003,0.0,9.6,22.0,9.025,52.0,86.7,2.0,10.125,26.28125,224.43125
6280,10.0,72,36.0,162.0,22.0,98.17777777777779,9.0,54.675,194.0,98.27222222222223,234.0,390.15,16.0,53.77777777777778,91.84027777777777,948.8930555555557
6285,10.0,8,0.0,8.0,1.0,8.1,1.0,6.075,12.0,5.0,13.0,16.537499999999998,3.0,7.5625,2.25,53.525
6289,10.0,75,45.0,192.0,33.0,124.41600000000001,12.0,60.552,193.0,95.76533333333333,266.0,465.124,9.0,47.04,52.806666666666665,1037.704
6291,10.0,47,8.0,64.36170212765957,6.0,47.812765957446814,0.0,28.2,73.0,30.63829787234043,73.0,91.91489361702128,33.0,68.08510638297872,13.03191489361702,344.0446808510638
6297,10.0,14,4.0,23.142857142857142,5.0,20.62857142857143,2.0,10.97142857142857,36.0,17.857142857142858,35.0,51.449999999999996,13.0,26.035714285714285,14.285714285714286,164.37142857142854
6303,10.0,6,1.0,8.166666666666666,0.0,4.800000000000001,0.0,3.5999999999999996,10.0,4.266666666666667,16.0,24.2,2.0,5.333333333333333,4.083333333333333,54.45
6304,10.0,70,27.0,134.4142857142857,35.0,126.0,7.0,50.82,96.0,39.36571428571429,137.0,183.6385714285714,11.0,46.864285714285714,40.17857142857143,621.2814285714286
6306,10.0,45,20.0,93.88888888888889,17.0,68.33777777777777,5.0,33.333333333333336,67.0,27.875555555555554,129.0,201.83999999999997,6.0,28.9,69.34444444444445,523.52
6307,10.0,2,2.0,8.0,0.0,1.6,0.0,1.2,11.0,8.450000000000001,8.0,15.0,0.0,1.0,16.0,51.25
6311,10.0,74,28.0,140.59459459459458,21.0,97.56756756756756,2.0,46.83243243243243,100.0,40.91351351351352,181.0,263.61486486486484,19.0,58.439189189189186,22.72972972972973,670.6918918918917
6320,10.0,44,16.0,81.81818181818181,3.0,40.163636363636364,0.0,26.4,98.0,45.82727272727273,124.0,192.43636363636364,5.0,27.28409090909091,1.6363636363636365,415.5659090909091
6323,10.0,4,0.0,4.0,1.0,5.0,0.0,2.4,0.0,0.4,2.0,2.6999999999999997,1.0,3.125,0.125,17.75
6327,10.0,16,1.0,18.0625,2.0,16.2,2.0,12.15,21.0,8.55625,15.0,18.01875,5.0,13.78125,21.125,107.89375
6336,10.0,20,1.0,22.05,2.0,19.36,0.0,12.0,21.0,8.405,13.0,16.335,8.0,19.6,15.625,113.375
6422,10.0,36,7.0,51.361111111111114,3.0,33.800000000000004,2.0,24.066666666666666,41.0,16.469444444444445,61.0,78.40833333333332,15.0,36.125,18.0,258.23055555555555
6425,10.0,35,1.0,37.02857142857143,2.0,31.291428571428572,2.0,23.468571428571426,13.0,6.582857142857143,20.0,25.928571428571427,6.0,24.014285714285716,5.714285714285714,154.02857142857144
6426,10.0,31,4.0,39.516129032258064,9.0,41.29032258064516,2.0,21.07741935483871,16.0,7.125806451612904,40.0,48.78387096774194,8.0,24.532258064516128,0.5806451612903226,182.90645161290325
6431,10.0,68,49.0,201.30882352941177,35.0,124.81176470588235,19.0,66.78529411764706,173.0,85.41323529411765,356.0,793.1294117647059,35.0,78.00735294117646,53.125,1402.580882352941
6435,10.0,26,6.0,39.38461538461539,6.0,31.50769230769231,1.0,16.823076923076922,32.0,12.938461538461539,53.0,72.01153846153846,15.0,32.32692307692308,6.9423076923076925,211.93461538461537
6436,10.0,19,6.0,32.89473684210526,4.0,22.273684210526316,2.0,13.926315789473684,24.0,9.73157894736842,51.0,77.36842105263158,5.0,15.157894736842104,3.1842105263157894,174.53684210526313
6437,10.0,4,4.0,16.0,1.0,5.0,0.0,2.4,3.0,1.225,11.0,16.875,4.0,8.0,0.5,50.0
6441,10.0,8,5.0,21.125,0.0,6.4,0.0,4.8,8.0,3.2,27.0,45.9375,0.0,4.0,0.25,85.7125
6444,10.0,43,24.0,104.3953488372093,15.0,62.58604651162791,2.0,28.25581395348837,106.0,51.63023255813954,151.0,262.57674418604654,5.0,26.790697674418606,18.6046511627907,554.839534883721
6454,10.0,3,0.0,3.0,1.0,4.266666666666667,0.0,1.7999999999999998,1.0,0.5333333333333333,4.0,4.8999999999999995,1.0,2.6666666666666665,4.166666666666667,21.333333333333336
6458,10.0,14,1.0,16.071428571428573,3.0,16.514285714285716,2.0,10.97142857142857,9.0,3.7785714285714285,18.0,21.94285714285714,2.0,9.142857142857142,11.571428571428571,89.99285714285713
6476,10.0,62,17.0,100.66129032258064,19.0,84.65806451612904,6.0,44.74838709677419,87.0,35.80806451612903,171.0,262.68870967741935,10.0,41.806451612903224,46.58064516129032,616.9516129032257
6479,10.0,47,20.0,95.51063829787235,26.0,90.70638297872341,1.0,29.41276595744681,75.0,31.66808510638298,130.0,199.97234042553188,3.0,26.595744680851062,14.563829787234043,488.4297872340426
6480,10.0,22,3.0,28.40909090909091,3.0,22.72727272727273,1.0,14.427272727272728,29.0,11.822727272727274,32.0,39.76363636363636,16.0,32.81818181818182,15.363636363636363,165.3318181818182
6487,10.0,47,13.0,76.59574468085107,8.0,51.48936170212766,3.0,31.914893617021274,66.0,27.16808510638298,98.0,134.20212765957447,9.0,33.361702127659576,10.22340425531915,364.9553191489362
6489,10.0,55,17.0,94.25454545454545,21.0,84.01454545454546,6.0,40.592727272727274,59.0,23.62909090909091,128.0,182.66727272727272,26.0,59.64545454545455,9.309090909090909,494.1127272727272
6490,10.0,51,38.0,155.31372549019608,22.0,83.5921568627451,7.0,39.57647058823529,125.0,60.73725490196079,206.0,388.5235294117647,15.0,42.705882352941174,21.65686274509804,792.1058823529412
6495,10.0,30,7.0,45.63333333333333,3.0,29.04,1.0,19.22,64.0,29.453333333333337,46.0,57.76,43.0,88.81666666666666,9.6,279.5233333333333
6496,10.0,76,77.0,308.0131578947368,39.0,139.21052631578948,9.0,57.03947368421052,227.0,120.80131578947369,466.0,1159.5947368421052,29.0,72.53289473684211,58.13157894736842,1915.3236842105262
6498,10.0,1,0.0,1.0,0.0,0.8,0.0,0.6,0.0,0.1,0.0,0.3,0.0,0.5,0.5,3.8
6499,10.0,13,0.0,13.0,0.0,10.4,0.0,7.8,3.0,1.9692307692307693,3.0,5.907692307692308,0.0,6.5,0.34615384615384615,45.92307692307692
6501,10.0,3,4.0,16.333333333333332,2.0,6.666666666666668,0.0,1.7999999999999998,9.0,4.800000000000001,25.0,78.39999999999999,0.0,1.5,0.16666666666666666,109.66666666666667
6502,10.0,48,40.0,161.33333333333334,12.0,60.0,12.0,45.0,75.0,31.51875,198.0,378.22499999999997,8.0,32.666666666666664,15.84375,724.5875
6503,10.0,1,0.0,1.0,0.0,0.8,0.0,0.6,1.0,0.4,0.0,0.3,0.0,0.5,0.5,4.1
6504,10.0,1,0.0,1.0,0.0,0.8,0.0,0.6,0.0,0.1,0.0,0.3,0.0,0.5,0.5,3.8
6506,10.0,3,2.0,8.333333333333334,0.0,2.4000000000000004,1.0,3.1999999999999997,2.0,0.8333333333333335,6.0,8.1,1.0,2.6666666666666665,16.666666666666668,42.2
6507,10.0,19,3.0,25.473684210526315,0.0,15.200000000000001,1.0,12.631578947368421,15.0,6.08421052631579,18.0,21.61578947368421,4.0,13.921052631578947,0.02631578947368421,94.95263157894738
6508,10.0,7,2.0,11.571428571428571,1.0,7.314285714285714,0.0,4.2,2.0,1.1571428571428573,7.0,8.4,0.0,3.5,8.642857142857142,44.78571428571429
6510,10.0,1,0.0,1.0,0.0,0.8,0.0,0.6,0.0,0.1,0.0,0.3,0.0,0.5,0.5,3.8
6512,10.0,11,10.0,40.09090909090909,3.0,14.254545454545454,1.0,7.8545454545454545,8.0,3.281818181818182,30.0,45.845454545454544,6.0,13.136363636363637,6.545454545454546,131.0090909090909
6513,10.0,24,13.0,57.041666666666664,13.0,45.63333333333333,5.0,21.025,66.0,33.75,101.0,195.31249999999997,4.0,16.333333333333332,28.520833333333332,397.61666666666656
6514,10.0,90,34.0,170.84444444444443,46.0,164.4088888888889,11.0,68.00666666666666,99.0,39.69,201.0,282.27,43.0,98.27222222222223,92.45,915.9422222222223
6521,10.0,17,4.0,25.941176470588236,2.0,16.988235294117647,1.0,11.435294117647059,16.0,6.405882352941177,27.0,34.16470588235294,3.0,11.764705882352942,16.941176470588236,123.64117647058823
6525,10.0,3,0.0,3.0,0.0,2.4000000000000004,0.0,1.7999999999999998,1.0,0.5333333333333333,2.0,2.5,1.0,2.6666666666666665,2.6666666666666665,15.566666666666666
6526,10.0,2,0.0,2.0,1.0,3.6,0.0,1.2,1.0,0.45,0.0,0.6,2.0,4.0,1.0,12.85
6527,10.0,2,0.0,2.0,1.0,3.6,0.0,1.2,1.0,0.45,4.0,5.3999999999999995,1.0,2.25,2.25,17.15
6531,10.0,19,0.0,19.0,2.0,18.568421052631578,0.0,11.4,7.0,3.5578947368421057,6.0,9.868421052631577,4.0,13.921052631578947,1.2894736842105263,77.60526315789473
6532,10.0,78,35.0,163.7051282051282,28.0,115.24102564102564,7.0,55.57692307692307,134.0,57.62051282051282,250.0,413.7846153846154,6.0,45.23076923076923,37.02564102564103,888.1846153846154
6533,10.0,60,16.0,96.26666666666667,11.0,67.21333333333334,0.0,36.0,126.0,57.660000000000004,126.0,172.98,30.0,67.5,31.008333333333333,528.6283333333333
6534,10.0,1,0.0,1.0,0.0,0.8,0.0,0.6,0.0,0.1,0.0,0.3,0.0,0.5,0.5,3.8
6537,10.0,1,0.0,1.0,0.0,0.8,0.0,0.6,0.0,0.1,2.0,2.6999999999999997,2.0,4.5,0.5,10.2
6538,10.0,55,29.0,128.29090909090908,20.0,81.81818181818181,33.0,84.48,76.0,31.201818181818183,159.0,249.79636363636362,23.0,55.30909090909091,14.545454545454545,645.441818181818
6539,10.0,3,0.0,3.0,0.0,2.4000000000000004,0.0,1.7999999999999998,1.0,0.5333333333333333,1.0,1.5999999999999999,1.0,2.6666666666666665,0.6666666666666666,12.666666666666666
6541,10.0,1,0.0,1.0,0.0,0.8,0.0,0.6,0.0,0.1,0.0,0.3,0.0,0.5,0.0,3.3
6548,10.0,42,9.0,61.92857142857143,3.0,38.57142857142858,1.0,26.414285714285715,65.0,27.25952380952381,65.0,81.77857142857142,24.0,51.857142857142854,4.761904761904762,292.57142857142856
6549,10.0,4,3.0,12.25,0.0,3.2,0.0,2.4,18.0,12.100000000000001,9.0,12.674999999999999,0.0,2.0,0.5,45.125
6550,10.0,6,6.0,24.0,4.0,13.333333333333336,0.0,3.5999999999999996,16.0,8.066666666666668,31.0,68.44999999999999,2.0,5.333333333333333,14.083333333333334,136.86666666666665
6551,10.0,69,67.0,268.05797101449275,30.0,113.63478260869566,12.0,57.052173913043475,151.0,70.14492753623189,345.0,745.1999999999999,11.0,46.3768115942029,116.8768115942029,1417.3434782608697
6553,10.0,16,4.0,25.0,9.0,31.25,0.0,9.6,33.0,15.006250000000001,37.0,52.668749999999996,3.0,11.28125,15.125,159.93124999999998
6557,10.0,50,1.0,52.02,0.0,40.0,2.0,32.448,38.0,15.488,43.0,51.894,37.0,75.69,10.89,278.43
6558,10.0,2,0.0,2.0,0.0,1.6,0.0,1.2,1.0,0.45,2.0,2.4,0.0,1.0,1.0,9.65
6559,10.0,14,3.0,20.642857142857142,0.0,11.200000000000001,0.0,8.4,11.0,4.464285714285714,25.0,32.59285714285714,2.0,9.142857142857142,0.0,86.44285714285714
6561,10.0,15,5.0,26.666666666666668,3.0,17.28,0.0,9.0,24.0,10.14,50.0,84.5,0.0,7.5,10.8,165.88666666666668
6562,10.0,53,7.0,67.9245283018868,3.0,47.33584905660378,0.0,31.799999999999997,77.0,31.886792452830193,105.0,141.3056603773585,20.0,50.27358490566038,11.556603773584905,382.0830188679245
6563,10.0,20,1.0,22.05,2.0,19.36,0.0,12.0,32.0,13.52,23.0,27.735,14.0,28.9,12.1,135.665
6568,10.0,47,12.0,74.06382978723404,7.0,49.63404255319149,4.0,33.204255319148935,54.0,21.70425531914894,86.0,112.90851063829787,50.0,100.09574468085107,8.340425531914894,399.9510638297872
6580,10.0,6,3.0,13.5,3.0,10.8,0.0,3.5999999999999996,8.0,3.2666666666666666,14.0,20.0,2.0,5.333333333333333,8.333333333333334,64.83333333333333
6588,10.0,29,1.0,31.03448275862069,6.0,33.793103448275865,0.0,17.4,20.0,8.279310344827586,42.0,52.148275862068964,6.0,21.120689655172413,3.8793103448275863,167.6551724137931
6590,10.0,44,2.0,48.09090909090909,4.0,41.8909090909091,0.0,26.4,18.0,8.736363636363636,16.0,24.545454545454543,11.0,34.375,3.6818181818181817,187.72045454545457
6591,10.0,97,100.0,400.0927835051546,59.0,200.70927835051546,22.0,87.59381443298969,307.0,168.2639175257732,522.0,1185.0340206185567,20.0,70.5618556701031,249.48453608247422,2361.740206185567
6592,10.0,23,2.0,27.17391304347826,2.0,21.73913043478261,0.0,13.799999999999999,16.0,6.61304347826087,13.0,16.904347826086955,6.0,18.282608695652176,3.130434782608696,107.64347826086959
6593,10.0,75,30.0,147.0,22.0,100.36266666666667,3.0,48.672000000000004,95.0,38.53333333333333,170.0,240.1,10.0,48.166666666666664,38.50666666666667,661.3413333333333
6596,10.0,6,0.0,6.0,0.0,4.800000000000001,0.0,3.5999999999999996,6.0,2.4000000000000004,4.0,5.0,3.0,6.75,0.75,29.3
6598,10.0,65,25.0,124.61538461538461,10.0,69.23076923076923,2.0,41.43692307692307,151.0,71.77846153846154,232.0,407.11846153846153,13.0,46.8,1.5076923076923077,762.4876923076923
6611,10.0,43,23.0,101.30232558139535,10.0,52.26046511627907,3.0,29.525581395348837,80.0,35.18372093023256,112.0,167.61627906976742,6.0,27.91860465116279,33.906976744186046,447.7139534883721
6612,10.0,67,28.0,134.70149253731344,20.0,90.37611940298508,5.0,46.42388059701492,69.0,27.605970149253736,167.0,245.17611940298505,39.0,83.85074626865672,93.61194029850746,721.7462686567164
6614,10.0,41,22.0,96.8048780487805,12.0,54.80975609756098,2.0,27.05853658536585,53.0,21.55121951219512,133.0,221.53170731707317,13.0,35.5609756097561,22.548780487804876,479.8658536585366
6615,10.0,8,7.0,28.125,0.0,6.4,1.0,6.075,13.0,5.5125,34.0,66.14999999999999,0.0,4.0,5.0625,121.32499999999999
6620,10.0,34,3.0,40.26470588235294,1.0,28.82352941176471,1.0,21.61764705882353,19.0,8.261764705882355,33.0,39.608823529411765,8.0,25.941176470588236,4.764705882352941,169.28235294117647
6621,10.0,65,31.0,141.7846153846154,20.0,88.92307692307693,6.0,46.53230769230769,98.0,40.87538461538462,199.0,321.67384615384617,44.0,91.3923076923077,9.96923076923077,741.1507692307692
6622,10.0,54,15.0,88.16666666666667,4.0,49.83703703703704,6.0,40.0,93.0,40.01666666666667,99.0,130.04999999999998,32.0,68.48148148148148,9.481481481481481,426.0333333333333
6623,10.0,7,0.0,7.0,1.0,7.314285714285714,0.0,4.2,7.0,2.8000000000000003,5.0,6.171428571428572,4.0,8.642857142857142,7.142857142857143,43.27142857142857
6625,10.0,1,0.0,1.0,0.0,0.8,0.0,0.6,0.0,0.1,0.0,0.3,0.0,0.5,0.0,3.3
6628,10.0,4,1.0,6.25,0.0,3.2,0.0,2.4,5.0,2.025,8.0,10.799999999999999,1.0,3.125,0.0,27.799999999999997
6629,10.0,28,2.0,32.142857142857146,1.0,24.02857142857143,0.0,16.8,14.0,6.300000000000001,25.0,30.096428571428568,14.0,31.5,1.4464285714285714,142.31428571428572
6630,10.0,5,3.0,12.8,1.0,5.760000000000001,0.0,3.0,4.0,1.62,8.0,10.139999999999999,2.0,4.9,0.4,38.62
6631,10.0,6,2.0,10.666666666666666,0.0,4.800000000000001,0.0,3.5999999999999996,9.0,3.75,11.0,14.45,5.0,10.083333333333334,0.08333333333333333,47.43333333333334
6633,10.0,4,0.0,4.0,0.0,3.2,0.0,2.4,2.0,0.9,3.0,3.675,0.0,2.0,0.5,16.675
6635,10.0,55,16.0,91.65454545454546,17.0,75.40363636363637,0.0,33.0,106.0,47.12909090909091,156.0,242.84181818181818,20.0,51.13636363636363,7.6454545454545455,548.810909090909
6636,10.0,1,0.0,1.0,0.0,0.8,0.0,0.6,0.0,0.1,0.0,0.3,0.0,0.5,0.0,3.3
6643,10.0,34,2.0,38.11764705882353,5.0,35.78823529411765,2.0,22.870588235294118,20.0,8.576470588235294,19.0,24.78529411764706,8.0,25.941176470588236,9.941176470588236,166.02058823529413
6650,10.0,27,0.0,27.0,2.0,24.91851851851852,0.0,16.2,19.0,7.837037037037037,30.0,36.099999999999994,3.0,16.666666666666668,0.07407407407407407,128.7962962962963
6651,10.0,41,0.0,41.0,2.0,36.078048780487805,3.0,28.33170731707317,30.0,12.295121951219514,16.0,23.773170731707317,59.0,121.95121951219512,1.2195121951219512,264.6487804878049
6655,10.0,20,3.0,26.45,3.0,21.16,1.0,13.23,17.0,6.845000000000001,31.0,39.015,4.0,14.4,1.6,122.7
6656,10.0,73,18.0,113.43835616438356,21.0,96.83287671232877,6.0,51.295890410958904,60.0,24.231506849315068,144.0,193.51643835616437,15.0,53.04109589041096,98.63013698630137,630.986301369863
6666,10.0,50,12.0,76.88,18.0,73.98400000000001,9.0,41.772,84.0,35.912,162.0,269.664,5.0,30.25,49.0,577.462
6668,10.0,4,1.0,6.25,0.0,3.2,0.0,2.4,10.0,4.9,8.0,10.799999999999999,3.0,6.125,0.5,34.175
6669,10.0,40,17.0,81.225,13.0,56.18,2.0,26.46,56.0,23.040000000000003,84.0,115.32,5.0,25.3125,49.6125,377.15000000000003
6677,10.0,24,8.0,42.666666666666664,6.0,30.0,0.0,14.399999999999999,21.0,8.4375,53.0,74.1125,6.0,18.75,15.1875,203.55416666666667
6685,10.0,3,0.0,3.0,3.0,9.600000000000001,0.0,1.7999999999999998,5.0,2.1333333333333333,4.0,4.8999999999999995,0.0,1.5,2.6666666666666665,25.6
6690,10.0,1,0.0,1.0,0.0,0.8,0.0,0.6,0.0,0.1,0.0,0.3,1.0,2.0,0.0,4.8
6699,10.0,1,0.0,1.0,0.0,0.8,0.0,0.6,0.0,0.1,3.0,4.8,0.0,0.5,0.0,7.8
6703,10.0,34,2.0,38.11764705882353,6.0,37.64705882352941,3.0,24.158823529411766,61.0,26.544117647058826,59.0,76.31470588235294,17.0,38.25,21.235294117647058,262.2676470588235
6717,10.0,5,0.0,5.0,0.0,4.0,0.0,3.0,4.0,1.62,3.0,3.84,0.0,2.5,14.4,34.36
6720,10.0,40,7.0,55.225,11.0,52.02000000000001,2.0,26.46,48.0,19.36,67.0,85.8675,12.0,33.8,3.6125,276.345
6726,10.0,2,1.0,4.5,1.0,3.6,0.0,1.2,3.0,1.25,5.0,7.35,2.0,4.0,2.25,24.15
6751,10.0,2,0.0,2.0,0.0,1.6,0.0,1.2,1.0,0.45,1.0,1.3499999999999999,0.0,1.0,0.0,7.6
6756,10.0,59,10.0,80.69491525423729,6.0,57.288135593220346,1.0,36.610169491525426,45.0,18.332203389830507,70.0,84.61525423728814,8.0,38.04237288135593,8.677966101694915,324.2610169491526
6760,10.0,6,0.0,6.0,0.0,4.800000000000001,0.0,3.5999999999999996,5.0,2.016666666666667,10.0,12.799999999999999,8.0,16.333333333333332,0.75,46.3
6764,10.0,53,40.0,163.18867924528303,23.0,87.18490566037735,5.0,38.08301886792452,115.0,53.25283018867924,193.0,342.54339622641504,11.0,38.64150943396226,30.650943396226417,753.5452830188678
6766,10.0,3,0.0,3.0,0.0,2.4000000000000004,0.0,1.7999999999999998,0.0,0.30000000000000004,0.0,0.8999999999999999,0.0,1.5,1.5,11.4
6772,10.0,61,2.0,65.06557377049181,1.0,50.41311475409836,3.0,40.28852459016394,65.0,26.026229508196725,40.0,50.168852459016385,29.0,66.39344262295081,63.47540983606557,361.83114754098364
6784,10.0,57,7.0,71.85964912280701,8.0,59.298245614035096,6.0,41.77894736842105,92.0,38.949122807017545,109.0,145.03157894736842,44.0,89.48245614035088,66.39473684210526,512.7947368421053
6811,10.0,40,5.0,50.625,7.0,44.18000000000001,5.0,30.375,60.0,25.0,85.0,117.1875,7.0,27.6125,6.05,301.03000000000003
6813,10.0,35,16.0,74.31428571428572,18.0,64.20571428571428,11.0,36.27428571428571,41.0,16.502857142857145,81.0,115.33714285714285,3.0,20.62857142857143,64.12857142857143,391.3914285714286
6820,10.0,27,4.0,35.592592592592595,4.0,28.47407407407408,0.0,16.2,17.0,7.170370370370371,42.0,52.9,5.0,18.962962962962962,13.5,172.8
6835,10.0,6,1.0,8.166666666666666,0.0,4.800000000000001,0.0,3.5999999999999996,10.0,4.266666666666667,10.0,12.799999999999999,1.0,4.083333333333333,0.75,38.46666666666667
6839,10.0,55,14.0,86.56363636363636,8.0,57.73090909090909,1.0,34.21090909090909,66.0,26.62,110.0,148.5,9.0,37.236363636363635,10.50909090909091,401.3709090909091
6841,10.0,51,52.0,208.01960784313727,13.0,64.25098039215686,2.0,33.04705882352941,93.0,40.65882352941176,233.0,474.4470588235294,10.0,36.48039215686274,34.127450980392155,891.0313725490197
6844,10.0,47,21.0,98.38297872340425,15.0,65.42978723404256,1.0,29.41276595744681,53.0,21.27659574468085,94.0,126.89999999999999,14.0,39.58510638297872,42.223404255319146,423.2106382978724
6850,10.0,48,19.0,93.52083333333333,17.0,70.41666666666667,8.0,39.199999999999996,82.0,35.208333333333336,175.0,310.80625,6.0,30.375,6.0,585.5270833333333
6851,10.0,18,2.0,22.22222222222222,3.0,19.6,0.0,10.799999999999999,7.0,3.4722222222222223,9.0,12.15,4.0,13.444444444444445,13.444444444444445,95.13333333333333
6860,10.0,31,6.0,44.16129032258065,6.0,35.32903225806452,8.0,29.438709677419354,24.0,9.758064516129032,66.0,91.05483870967741,9.0,25.806451612903224,20.903225806451612,256.4516129032258
6868,10.0,3,1.0,5.333333333333333,1.0,4.266666666666667,1.0,3.1999999999999997,11.0,6.533333333333333,22.0,62.5,1.0,2.6666666666666665,2.6666666666666665,87.16666666666667
6885,10.0,35,17.0,77.25714285714285,7.0,40.32,1.0,22.217142857142857,41.0,16.502857142857145,87.0,127.57714285714286,9.0,27.65714285714286,11.2,322.7314285714286
6888,10.0,85,13.0,112.98823529411764,17.0,97.92000000000002,9.0,62.37176470588235,141.0,60.089411764705886,181.0,249.72705882352938,43.0,96.37647058823529,35.78823529411765,715.2611764705881
6890,10.0,19,5.0,30.31578947368421,10.0,35.410526315789475,3.0,15.284210526315789,11.0,4.736842105263158,24.0,29.19473684210526,1.0,10.526315789473685,7.605263157894737,133.07368421052632
6891,10.0,43,5.0,53.58139534883721,4.0,41.097674418604655,3.0,29.525581395348837,29.0,12.055813953488373,50.0,60.34186046511628,7.0,29.069767441860463,13.44186046511628,239.1139534883721
6892,10.0,27,2.0,31.14814814814815,2.0,24.91851851851852,1.0,17.42222222222222,20.0,8.181481481481482,18.0,22.5,9.0,24.0,4.166666666666667,132.33703703703705
6893,10.0,10,2.0,14.4,3.0,13.52,1.0,7.26,13.0,5.29,20.0,27.0,9.0,18.05,8.45,93.97
6899,10.0,9,2.0,13.444444444444445,0.0,7.2,0.0,5.3999999999999995,13.0,5.377777777777778,9.0,10.799999999999999,8.0,16.055555555555557,4.5,62.77777777777778
6901,10.0,69,24.0,125.34782608695652,13.0,77.95942028985507,4.0,46.33913043478261,98.0,40.41884057971015,133.0,177.40869565217392,32.0,73.92028985507247,9.391304347826088,550.7855072463769
6902,10.0,29,6.0,42.241379310344826,2.0,26.51034482758621,0.0,17.4,32.0,12.831034482758623,29.0,34.8,27.0,54.06896551724138,30.413793103448278,218.26551724137934
6903,10.0,13,7.0,30.76923076923077,2.0,13.846153846153847,2.0,10.384615384615383,11.0,4.430769230769231,25.0,33.323076923076925,2.0,8.653846153846153,9.846153846153847,111.25384615384615
6906,10.0,37,3.0,43.24324324324324,1.0,31.221621621621622,1.0,23.416216216216213,56.0,23.375675675675677,43.0,51.89189189189189,2.0,20.554054054054053,9.135135135135135,202.83783783783784
6907,10.0,37,6.0,49.972972972972975,0.0,29.6,2.0,24.664864864864864,27.0,11.07027027027027,36.0,43.20810810810811,9.0,28.594594594594593,31.135135135135137,218.24594594594592
6913,10.0,39,1.0,41.02564102564103,0.0,31.200000000000003,0.0,23.4,20.0,8.925641025641026,24.0,30.53076923076923,5.0,24.82051282051282,7.384615384615385,167.28717948717951
6917,10.0,56,4.0,64.28571428571429,2.0,48.05714285714286,1.0,34.81071428571428,55.0,22.001785714285717,51.0,61.33392857142857,40.0,82.28571428571429,3.2232142857142856,315.9982142857143
6920,10.0,53,16.0,89.83018867924528,11.0,61.82641509433962,0.0,31.799999999999997,49.0,19.630188679245283,99.0,130.77735849056603,8.0,35.10377358490566,28.537735849056602,397.5056603773585
6921,10.0,24,2.0,28.166666666666668,0.0,19.200000000000003,0.0,14.399999999999999,7.0,4.004166666666666,8.0,12.799999999999999,14.0,30.083333333333332,4.6875,113.34166666666667
6932,10.0,51,6.0,63.705882352941174,6.0,50.964705882352945,1.0,31.811764705882354,44.0,17.696078431372552,45.0,54.21176470588235,20.0,49.42156862745098,14.911764705882353,282.72352941176473
6933,10.0,24,12.0,54.0,5.0,28.03333333333333,4.0,19.599999999999998,59.0,28.70416666666667,105.0,208.0125,6.0,18.75,12.0,369.1
6935,10.0,9,2.0,13.444444444444445,1.0,8.88888888888889,0.0,5.3999999999999995,10.0,4.011111111111112,21.0,30.0,2.0,6.722222222222222,4.5,72.96666666666667
6936,10.0,72,10.0,93.38888888888889,14.0,82.17777777777779,1.0,44.40833333333333,55.0,22.40138888888889,81.0,97.5375,30.0,72.25,32.111111111111114,444.275
6937,10.0,10,1.0,12.1,1.0,9.68,0.0,6.0,13.0,5.29,12.0,14.52,3.0,8.45,5.0,61.040000000000006
6938,10.0,46,7.0,61.06521739130435,5.0,45.23478260869565,0.0,27.599999999999998,43.0,17.219565217391303,35.0,42.78913043478261,11.0,35.31521739130435,6.260869565217392,235.48478260869567
6939,10.0,7,0.0,7.0,0.0,5.6000000000000005,0.0,4.2,2.0,1.1571428571428573,4.0,5.185714285714285,0.0,3.5,5.785714285714286,32.42857142857143
6940,10.0,5,1.0,7.2,3.0,10.240000000000002,2.0,5.88,13.0,6.48,11.0,15.36,0.0,2.5,1.6,49.26
6942,10.0,3,1.0,5.333333333333333,1.0,4.266666666666667,1.0,3.1999999999999997,7.0,3.333333333333334,5.0,6.3999999999999995,1.0,2.6666666666666665,1.5,26.7
6943,10.0,11,4.0,20.454545454545453,2.0,12.290909090909091,0.0,6.6,14.0,5.6818181818181825,20.0,26.209090909090907,1.0,6.545454545454546,13.136363636363637,90.91818181818182
6949,10.0,43,3.0,49.2093023255814,1.0,36.018604651162796,0.0,25.8,18.0,8.653488372093024,31.0,38.2046511627907,43.0,86.0,16.790697674418606,260.6767441860465
6951,10.0,23,1.0,25.043478260869566,5.0,27.269565217391307,1.0,15.02608695652174,13.0,5.6347826086956525,18.0,21.926086956521736,8.0,20.891304347826086,5.565217391304348,121.35652173913044
6952,10.0,49,0.0,49.0,2.0,42.465306122448986,0.0,29.4,14.0,8.1,27.0,35.36326530612245,7.0,32.0,35.52040816326531,231.84897959183675
6954,10.0,5,1.0,7.2,0.0,4.0,0.0,3.0,3.0,1.2800000000000002,6.0,7.26,1.0,3.6,0.1,26.440000000000005
6955,10.0,2,0.0,2.0,1.0,3.6,0.0,1.2,5.0,2.45,4.0,5.3999999999999995,1.0,2.25,4.0,20.9
6956,10.0,44,22.0,99.0,12.0,57.018181818181816,2.0,28.854545454545455,66.0,27.5,112.0,165.92727272727274,15.0,39.55681818181818,35.63636363636363,453.49318181818177
6959,10.0,1,0.0,1.0,0.0,0.8,0.0,0.6,4.0,2.5,2.0,2.6999999999999997,0.0,0.5,12.5,20.6
6960,10.0,22,0.0,22.0,1.0,19.236363636363638,1.0,14.427272727272728,6.0,3.5636363636363635,13.0,16.704545454545453,1.0,12.022727272727273,5.113636363636363,93.06818181818183
6962,10.0,1,0.0,1.0,0.0,0.8,0.0,0.6,0.0,0.1,2.0,2.6999999999999997,0.0,0.5,0.0,5.699999999999999
6967,10.0,4,0.0,4.0,0.0,3.2,0.0,2.4,4.0,1.6,2.0,2.6999999999999997,0.0,2.0,0.0,15.899999999999999
6968,10.0,24,15.0,63.375,6.0,30.0,3.0,18.224999999999998,38.0,16.016666666666666,87.0,154.0125,5.0,17.520833333333332,8.333333333333334,307.4833333333333
6970,10.0,42,32.0,130.38095238095238,20.0,73.21904761904761,4.0,30.228571428571428,102.0,49.371428571428574,162.0,297.25714285714287,0.0,21.0,1.7142857142857142,603.1714285714285
6971,10.0,41,35.0,140.8780487804878,12.0,54.80975609756098,7.0,33.71707317073171,89.0,41.21951219512195,173.0,335.09268292682924,2.0,22.548780487804876,5.902439024390244,634.1682926829268
6972,10.0,30,5.0,40.833333333333336,6.0,34.56,3.0,21.779999999999998,42.0,17.28,58.0,77.44,0.0,15.0,0.15,207.04333333333335
6974,10.0,4,0.0,4.0,0.0,3.2,0.0,2.4,4.0,1.6,10.0,14.7,0.0,2.0,0.5,28.4
6976,10.0,37,13.0,67.56756756756756,17.0,63.04864864864865,1.0,23.416216216216213,68.0,29.7972972972973,119.0,197.3189189189189,9.0,28.594594594594593,3.4594594594594597,413.2027027027027
6977,10.0,32,5.0,42.78125,1.0,27.225,1.0,20.41875,29.0,11.628125,46.0,57.0375,10.0,27.5625,4.0,190.653125
6980,10.0,2,0.0,2.0,1.0,3.6,1.0,2.6999999999999997,0.0,0.2,0.0,0.6,0.0,1.0,2.25,12.349999999999998
6986,10.0,72,17.0,110.01388888888889,24.0,102.4,6.0,50.699999999999996,76.0,30.422222222222224,162.0,228.15,21.0,60.0625,70.84027777777777,652.588888888889
6987,10.0,61,48.0,194.7704918032787,35.0,120.8655737704918,7.0,45.48196721311475,190.0,103.28032786885247,316.0,698.9950819672132,22.0,56.467213114754095,130.13114754098362,1349.9918032786886
6988,10.0,43,13.0,72.93023255813954,12.0,56.27906976744187,2.0,28.25581395348837,55.0,22.334883720930236,105.0,152.8186046511628,19.0,44.69767441860465,80.1046511627907,457.42093023255813
6989,10.0,3,1.0,5.333333333333333,0.0,2.4000000000000004,0.0,1.7999999999999998,2.0,0.8333333333333335,4.0,4.8999999999999995,1.0,2.6666666666666665,8.166666666666666,26.1
6990,10.0,71,27.0,135.26760563380282,15.0,83.33521126760564,10.0,55.44507042253522,136.0,60.35070422535212,195.0,298.969014084507,59.0,119.01408450704226,94.7605633802817,847.1422535211268
6991,10.0,4,0.0,4.0,3.0,9.8,0.0,2.4,3.0,1.225,2.0,2.6999999999999997,1.0,3.125,8.0,31.25
6992,10.0,4,2.0,9.0,1.0,5.0,0.0,2.4,9.0,4.2250000000000005,17.0,33.074999999999996,1.0,3.125,2.0,58.824999999999996
6997,10.0,8,1.0,10.125,0.0,6.4,0.0,4.8,4.0,1.8,8.0,9.6,1.0,5.0625,0.25,38.0375
7000,10.0,12,1.0,14.083333333333334,1.0,11.266666666666667,1.0,8.45,9.0,3.6750000000000003,6.0,8.1,2.0,8.166666666666666,10.666666666666666,64.40833333333333
7005,10.0,46,12.0,73.1304347826087,8.0,50.71304347826087,0.0,27.599999999999998,83.0,36.176086956521736,100.0,139.01739130434783,9.0,32.880434782608695,16.532608695652176,376.05
7007,10.0,33,8.0,50.93939393939394,5.0,35.00606060606061,5.0,26.254545454545454,62.0,27.34848484848485,83.0,122.32727272727271,7.0,24.242424242424242,11.878787878787879,297.9969696969697
7008,10.0,7,0.0,7.0,0.0,5.6000000000000005,1.0,5.485714285714285,3.0,1.4285714285714288,6.0,7.242857142857142,1.0,4.571428571428571,4.571428571428571,35.89999999999999
7011,10.0,3,1.0,5.333333333333333,0.0,2.4000000000000004,0.0,1.7999999999999998,3.0,1.2000000000000002,5.0,6.3999999999999995,0.0,1.5,8.166666666666666,26.799999999999997
7020,10.0,24,2.0,28.166666666666668,4.0,26.133333333333333,1.0,15.625,13.0,5.704166666666667,16.0,20.0,6.0,18.75,5.333333333333333,119.71249999999999
7021,10.0,50,14.0,81.92,14.0,65.536,3.0,33.708,98.0,43.808,95.0,126.14999999999999,26.0,57.76,51.84,460.722
7025,10.0,46,14.0,78.26086956521739,11.0,56.50434782608696,6.0,35.2695652173913,49.0,19.619565217391305,121.0,181.88478260869564,7.0,30.532608695652176,22.01086956521739,424.08260869565214
7026,10.0,47,27.0,116.51063829787235,23.0,83.40425531914894,4.0,33.204255319148935,74.0,31.151063829787233,139.0,220.82553191489362,21.0,49.191489361702125,73.2872340425532,607.5744680851064
7029,10.0,13,2.0,17.307692307692307,1.0,12.061538461538461,0.0,7.8,5.0,2.4923076923076923,13.0,15.6,1.0,7.538461538461538,0.34615384615384615,63.146153846153844
7030,10.0,65,16.0,100.93846153846154,7.0,63.80307692307693,2.0,41.43692307692307,46.0,18.955384615384617,92.0,113.76461538461538,2.0,34.53076923076923,42.12307692307692,415.55230769230775
7031,10.0,33,2.0,37.121212121212125,2.0,29.696969696969703,0.0,19.8,16.0,7.275757575757575,17.0,22.727272727272723,5.0,21.87878787878788,11.878787878787879,150.37878787878788
7033,10.0,80,21.0,127.5125,26.0,112.36,10.0,60.75,123.0,51.51125,158.0,212.415,16.0,57.6,152.1,774.2487500000001
7036,10.0,4,0.0,4.0,0.0,3.2,0.0,2.4,0.0,0.4,2.0,2.6999999999999997,0.0,2.0,3.125,17.825
7037,10.0,34,0.0,34.0,1.0,28.82352941176471,0.0,20.4,6.0,4.705882352941177,8.0,15.564705882352941,3.0,20.13235294117647,21.235294117647058,144.86176470588236
7039,10.0,41,14.0,73.78048780487805,7.0,44.956097560975614,3.0,28.33170731707317,53.0,21.55121951219512,99.0,143.41463414634146,14.0,36.890243902439025,22.548780487804876,371.47317073170734
7043,10.0,14,1.0,16.071428571428573,0.0,11.200000000000001,0.0,8.4,13.0,5.207142857142857,14.0,16.8,6.0,14.285714285714286,0.0,71.96428571428572
7045,10.0,8,10.0,40.5,1.0,8.1,2.0,7.5,17.0,7.8125,26.0,43.35,1.0,5.0625,12.25,124.575
7049,10.0,81,47.0,202.2716049382716,31.0,123.89135802469137,8.0,58.67407407407407,160.0,71.70493827160495,232.0,362.84814814814814,29.0,74.69135802469135,93.38888888888889,987.4703703703703
7050,10.0,82,49.0,209.28048780487805,19.0,99.5219512195122,6.0,56.66341463414634,119.0,49.269512195121955,224.0,342.57073170731707,10.0,51.609756097560975,92.25,901.1658536585365
7051,10.0,60,14.0,91.26666666666667,7.0,59.85333333333333,0.0,36.0,61.0,24.40166666666667,101.0,129.605,15.0,46.875,42.00833333333333,430.01
7053,10.0,35,12.0,63.114285714285714,5.0,36.57142857142858,0.0,21.0,58.0,24.711428571428574,58.0,74.13428571428571,5.0,22.857142857142858,18.514285714285716,260.90285714285716
7056,10.0,79,48.0,204.16455696202533,20.0,99.25063291139242,6.0,54.87341772151898,181.0,85.56962025316456,313.0,583.5341772151899,66.0,133.06962025316454,76.58227848101266,1237.0443037974685
7057,10.0,10,3.0,16.9,2.0,11.520000000000001,0.0,6.0,11.0,4.41,19.0,25.229999999999997,4.0,9.8,6.05,79.91
7059,10.0,83,24.0,137.93975903614458,33.0,129.69638554216868,10.0,62.52289156626505,68.0,27.471084337349396,137.0,174.93975903614455,22.0,66.41566265060241,101.80722891566265,700.7927710843373
7060,10.0,26,1.0,28.03846153846154,5.0,29.56923076923077,2.0,18.092307692307692,13.0,5.8500000000000005,14.0,18.46153846153846,10.0,24.923076923076923,10.173076923076923,135.1076923076923
7061,10.0,68,21.0,116.48529411764706,14.0,79.10588235294118,4.0,45.741176470588236,114.0,48.71176470588236,158.0,225.33529411764707,16.0,51.88235294117647,40.26470588235294,607.5264705882353
7073,10.0,78,35.0,163.7051282051282,27.0,113.07692307692308,4.0,51.723076923076924,135.0,58.165384615384625,199.0,295.11153846153843,26.0,69.33333333333333,60.31410256410256,811.4294871794872
7074,10.0,18,6.0,32.0,6.0,25.6,1.0,12.033333333333333,30.0,12.8,55.0,88.81666666666666,2.0,11.11111111111111,25.0,207.36111111111111
7076,10.0,63,17.0,101.58730158730158,10.0,67.66984126984127,1.0,39.009523809523806,87.0,35.714285714285715,133.0,182.93333333333334,10.0,42.29365079365079,20.642857142857142,489.85079365079366
7078,10.0,51,30.0,128.64705882352942,15.0,68.32941176470588,5.0,36.89411764705882,116.0,54.6843137254902,175.0,300.4470588235294,7.0,32.98039215686274,45.333333333333336,667.3156862745099
7080,10.0,1,0.0,1.0,0.0,0.8,0.0,0.6,0.0,0.1,0.0,0.3,0.0,0.5,0.5,3.8
7081,10.0,39,0.0,39.0,3.0,36.18461538461539,2.0,25.861538461538462,25.0,10.502564102564103,20.0,26.77692307692308,8.0,28.32051282051282,16.615384615384617,183.26153846153846
7082,10.0,1,0.0,1.0,0.0,0.8,0.0,0.6,0.0,0.1,0.0,0.3,0.0,0.5,0.5,3.8
7083,10.0,1,0.0,1.0,0.0,0.8,0.0,0.6,0.0,0.1,0.0,0.3,0.0,0.5,0.5,3.8
7084,10.0,83,5.0,93.3012048192771,11.0,85.16626506024096,2.0,52.2289156626506,80.0,32.01084337349398,69.0,83.50843373493976,44.0,97.16265060240964,43.524096385542165,486.9024096385543
7085,10.0,69,35.0,156.7536231884058,11.0,74.20289855072464,7.0,50.22608695652174,107.0,44.89275362318841,176.0,260.9782608695652,32.0,73.92028985507247,26.963768115942027,687.9376811594202
7088,10.0,61,4.0,69.26229508196721,6.0,58.87213114754098,0.0,36.6,44.0,18.07377049180328,62.0,74.40491803278688,50.0,100.99180327868852,33.57377049180328,391.7786885245901
7090,10.0,23,5.0,34.08695652173913,8.0,33.426086956521736,5.0,20.452173913043477,27.0,10.869565217391305,34.0,42.37826086956522,13.0,28.17391304347826,33.06521739130435,202.45217391304348
7095,10.0,1,0.0,1.0,0.0,0.8,0.0,0.6,0.0,0.1,1.0,1.2,0.0,0.5,0.5,4.7
7096,10.0,26,2.0,30.153846153846153,4.0,27.692307692307693,0.0,15.6,28.0,11.215384615384616,22.0,26.584615384615383,16.0,33.92307692307692,4.326923076923077,149.49615384615382
7097,10.0,87,62.0,255.183908045977,21.0,107.2551724137931,12.0,67.59310344827587,111.0,45.06206896551725,272.0,444.4172413793103,35.0,85.54022988505747,92.69540229885058,1097.7471264367816
7098,10.0,72,31.0,147.34722222222223,31.0,117.8777777777778,8.0,53.33333333333333,81.0,32.5125,163.0,230.10416666666666,8.0,44.44444444444444,75.11111111111111,700.7305555555555
7102,10.0,32,10.0,55.125,13.0,50.625,4.0,24.3,56.0,24.200000000000003,72.0,101.39999999999999,2.0,18.0625,37.515625,311.228125
7103,10.0,3,0.0,3.0,0.0,2.4000000000000004,0.0,1.7999999999999998,5.0,2.1333333333333333,3.0,3.5999999999999996,1.0,2.6666666666666665,0.0,15.6
7104,10.0,33,5.0,43.75757575757576,5.0,35.00606060606061,0.0,19.8,28.0,11.275757575757575,34.0,40.809090909090905,19.0,40.96969696969697,4.378787878787879,195.9969696969697
7105,10.0,47,16.0,84.44680851063829,8.0,51.48936170212766,6.0,35.85957446808511,93.0,41.70212765957447,127.0,193.25106382978723,18.0,44.9468085106383,13.03191489361702,464.727659574468
7106,10.0,4,4.0,16.0,1.0,5.0,0.0,2.4,14.0,8.1,16.0,30.0,0.0,2.0,8.0,71.5
7110,10.0,59,17.0,97.89830508474576,12.0,68.35254237288136,3.0,39.09152542372881,71.0,28.644067796610173,92.0,115.9372881355932,10.0,40.347457627118644,46.40677966101695,436.67796610169484
7114,10.0,52,18.0,94.23076923076923,7.0,53.55384615384616,2.0,33.646153846153844,82.0,34.53076923076923,105.0,142.20576923076922,18.0,47.11538461538461,16.96153846153846,422.24423076923074
7116,10.0,86,46.0,202.6046511627907,24.0,112.55813953488374,8.0,61.646511627906975,150.0,64.76279069767442,268.0,437.1488372093023,16.0,60.48837209302326,41.02325581395349,980.232558139535
7118,10.0,85,78.0,312.5764705882353,17.0,97.92000000000002,13.0,67.79294117647058,175.0,79.52941176470588,385.0,779.6470588235294,51.0,108.8,45.55294117647059,1491.8188235294117
7119,10.0,1,0.0,1.0,0.0,0.8,0.0,0.6,0.0,0.1,0.0,0.3,0.0,0.5,0.5,3.8
7123,10.0,34,15.0,70.61764705882354,12.0,49.78823529411765,2.0,22.870588235294118,61.0,26.544117647058826,90.0,135.6705882352941,7.0,24.720588235294116,28.470588235294116,358.68235294117653
7124,10.0,30,11.0,56.03333333333333,13.0,49.30666666666667,1.0,19.22,63.0,28.830000000000002,91.0,146.41,5.0,20.416666666666668,35.266666666666666,355.48333333333335
7131,10.0,59,13.0,87.86440677966101,20.0,84.62372881355932,8.0,45.650847457627115,103.0,44.48135593220339,170.0,266.64915254237286,32.0,70.17796610169492,18.720338983050848,618.1677966101695
7133,10.0,1,0.0,1.0,1.0,3.2,0.0,0.6,2.0,0.9,1.0,1.2,1.0,2.0,0.5,9.4
7138,10.0,44,5.0,54.56818181818182,1.0,36.81818181818182,0.0,26.4,32.0,13.127272727272729,47.0,56.461363636363636,31.0,63.92045454545455,10.920454545454545,262.2159090909091
7140,10.0,13,7.0,30.76923076923077,4.0,17.784615384615385,1.0,9.046153846153846,9.0,3.7230769230769236,25.0,33.323076923076925,4.0,11.115384615384615,0.038461538461538464,105.8
7145,10.0,32,6.0,45.125,3.0,30.625,2.0,21.675,46.0,19.0125,51.0,64.584375,4.0,20.25,9.0,210.271875
7146,10.0,70,12.0,96.05714285714286,8.0,69.53142857142858,0.0,42.0,113.0,47.84142857142857,124.0,161.29714285714286,10.0,45.714285714285715,20.82857142857143,483.27000000000004
7153,10.0,52,41.0,166.32692307692307,24.0,88.86153846153847,10.0,44.35384615384615,105.0,47.40192307692308,215.0,411.2826923076923,44.0,88.61538461538461,63.08653846153846,909.928846153846
7159,10.0,38,4.0,46.421052631578945,1.0,32.02105263157895,1.0,24.01578947368421,17.0,7.960526315789474,34.0,40.92631578947368,10.0,30.31578947368421,1.894736842105263,183.55526315789473
7164,10.0,55,5.0,65.45454545454545,2.0,47.25818181818182,0.0,33.0,48.0,19.289090909090913,55.0,66.0,32.0,68.80909090909091,3.2818181818181817,303.0927272727273
7165,10.0,45,13.0,74.75555555555556,5.0,44.44444444444445,1.0,28.213333333333335,36.0,14.580000000000002,88.0,117.92666666666666,19.0,45.51111111111111,17.77777777777778,343.2088888888889
7167,10.0,54,2.0,58.074074074074076,0.0,43.2,0.0,32.4,30.0,13.066666666666666,52.0,62.42222222222222,11.0,39.120370370370374,1.3333333333333333,249.61666666666667
7169,10.0,49,14.0,81.0,4.0,45.861224489795916,2.0,31.848979591836734,50.0,20.00204081632653,124.0,183.23877551020408,32.0,66.94897959183673,2.6122448979591835,431.51224489795914
7171,10.0,30,4.0,38.53333333333333,2.0,27.30666666666667,0.0,18.0,32.0,12.813333333333333,38.0,46.239999999999995,5.0,20.416666666666668,4.816666666666666,168.12666666666664
7173,10.0,55,8.0,72.16363636363636,5.0,52.36363636363637,1.0,34.21090909090909,53.0,21.207272727272727,126.0,178.69636363636363,15.0,44.54545454545455,0.9090909090909091,404.09636363636366
7174,10.0,19,2.0,23.210526315789473,4.0,22.273684210526316,1.0,12.631578947368421,4.0,2.7842105263157895,21.0,25.263157894736842,1.0,10.526315789473685,9.5,106.18947368421054
7177,10.0,63,22.0,114.68253968253968,16.0,79.25079365079365,3.0,41.48571428571428,51.0,20.62857142857143,124.0,166.5190476190476,16.0,49.53174603174603,61.46031746031746,533.5587301587301
7178,10.0,1,0.0,1.0,0.0,0.8,0.0,0.6,0.0,0.1,2.0,2.6999999999999997,0.0,0.5,2.0,7.699999999999999
7180,10.0,2,0.0,2.0,0.0,1.6,0.0,1.2,1.0,0.45,2.0,2.4,1.0,2.25,0.0,9.9
7182,10.0,30,3.0,36.3,6.0,34.56,4.0,23.119999999999997,54.0,23.52,67.0,94.08999999999999,24.0,48.6,40.016666666666666,300.20666666666665
7183,10.0,10,10.0,40.0,6.0,20.480000000000004,1.0,7.26,24.0,11.56,46.0,94.08,3.0,8.45,26.45,208.27999999999997
7184,10.0,23,2.0,27.17391304347826,4.0,25.356521739130436,1.0,15.02608695652174,43.0,18.93913043478261,52.0,73.3695652173913,6.0,18.282608695652176,0.34782608695652173,178.49565217391304
7188,10.0,17,3.0,23.529411764705884,2.0,16.988235294117647,0.0,10.2,3.0,2.3529411764705883,21.0,25.48235294117647,2.0,10.617647058823529,11.764705882352942,100.93529411764705
7190,10.0,62,14.0,93.16129032258064,7.0,61.432258064516134,2.0,39.63870967741935,92.0,38.251612903225805,126.0,171.0193548387097,9.0,40.653225806451616,0.5161290322580645,444.67258064516125
7196,10.0,34,24.0,98.94117647058823,11.0,47.64705882352942,2.0,22.870588235294118,47.0,19.29705882352941,103.0,165.60882352941175,4.0,21.235294117647058,39.76470588235294,415.36470588235295
7199,10.0,68,22.0,119.11764705882354,11.0,73.4235294117647,3.0,44.47941176470588,45.0,18.777941176470588,120.0,155.92941176470586,18.0,54.38235294117647,20.654411764705884,486.7647058823529
7201,10.0,80,75.0,300.3125,29.0,118.81,9.0,59.4075,243.0,130.41125,350.0,693.375,9.0,49.50625,117.30625,1469.1287499999999
7203,10.0,21,11.0,48.76190476190476,2.0,20.152380952380952,4.0,17.857142857142858,35.0,14.933333333333335,48.0,68.01428571428572,3.0,13.714285714285714,9.523809523809524,192.95714285714286
7204,10.0,38,8.0,55.68421052631579,11.0,50.54736842105263,3.0,26.542105263157893,56.0,23.25263157894737,95.0,139.65,11.0,31.592105263157894,17.05263157894737,344.32105263157894
7205,10.0,4,0.0,4.0,0.0,3.2,0.0,2.4,2.0,0.9,4.0,4.8,0.0,2.0,0.125,17.425
7206,10.0,1,0.0,1.0,0.0,0.8,0.0,0.6,0.0,0.1,0.0,0.3,0.0,0.5,0.5,3.8
7211,10.0,10,1.0,12.1,0.0,8.0,0.0,6.0,16.0,6.76,11.0,13.23,2.0,7.2,2.45,55.74000000000001
7213,10.0,42,13.0,72.02380952380952,8.0,47.61904761904762,6.0,32.91428571428571,53.0,21.48809523809524,133.0,218.74999999999997,9.0,30.964285714285715,18.107142857142858,441.8666666666666
7215,10.0,74,30.0,146.16216216216216,20.0,95.52432432432433,5.0,50.6027027027027,154.0,70.24864864864865,234.0,384.5837837837838,49.0,102.22297297297297,28.5472972972973,877.8918918918919
7216,10.0,12,0.0,12.0,0.0,9.600000000000001,0.0,7.199999999999999,8.0,3.333333333333334,11.0,13.225,5.0,12.041666666666666,10.666666666666666,68.06666666666666
7217,10.0,53,62.0,249.52830188679246,16.0,71.86415094339623,7.0,40.75471698113208,209.0,129.51698113207547,269.0,586.8905660377359,15.0,43.62264150943396,108.00943396226415,1230.1867924528303
7220,10.0,71,18.0,111.56338028169014,12.0,77.62253521126762,7.0,51.41408450704225,77.0,30.850704225352118,110.0,138.42676056338027,25.0,64.90140845070422,64.90140845070422,539.6802816901409
7223,10.0,27,12.0,56.333333333333336,11.0,42.785185185185185,2.0,18.68888888888889,48.0,20.833333333333336,84.0,136.89999999999998,3.0,16.666666666666668,12.518518518518519,304.72592592592594
7224,10.0,6,8.0,32.666666666666664,2.0,8.533333333333333,1.0,4.8999999999999995,8.0,3.2666666666666666,28.0,57.8,2.0,5.333333333333333,4.083333333333333,116.58333333333331
7225,10.0,7,5.0,20.571428571428573,0.0,5.6000000000000005,0.0,4.2,11.0,4.628571428571429,29.0,55.54285714285714,0.0,3.5,0.07142857142857142,94.11428571428571
7226,10.0,2,0.0,2.0,0.0,1.6,0.0,1.2,0.0,0.2,0.0,0.6,1.0,2.25,0.25,8.1
7232,10.0,63,18.0,104.14285714285714,21.0,89.60000000000001,11.0,52.15238095238095,79.0,32.006349206349206,124.0,166.5190476190476,29.0,67.17460317460318,60.07142857142857,571.6666666666667
7236,10.0,70,21.0,118.3,30.0,114.28571428571429,10.0,54.857142857142854,109.0,45.77285714285715,178.0,263.5885714285714,40.0,86.42857142857143,77.25714285714285,760.49
7237,10.0,2,0.0,2.0,0.0,1.6,0.0,1.2,2.0,0.8,0.0,0.6,1.0,2.25,0.25,8.7
7238,10.0,55,35.0,147.27272727272728,20.0,81.81818181818181,11.0,47.52,122.0,56.96181818181819,256.0,527.5690909090908,7.0,34.945454545454545,5.681818181818182,901.7690909090909
7239,10.0,58,29.0,130.5,18.0,79.66896551724139,2.0,37.241379310344826,92.0,38.793103448275865,146.0,215.2551724137931,16.0,47.206896551724135,62.28448275862069,610.95
7255,10.0,5,9.0,39.2,1.0,5.760000000000001,0.0,3.0,12.0,5.78,19.0,34.56,0.0,2.5,14.4,105.20000000000002
7259,10.0,5,4.0,16.2,1.0,5.760000000000001,1.0,4.32,6.0,2.42,19.0,34.56,0.0,2.5,16.9,82.66
7290,10.0,5,0.0,5.0,0.0,4.0,1.0,4.32,5.0,2.0,4.0,4.859999999999999,0.0,2.5,0.1,22.78
7291,10.0,11,0.0,11.0,1.0,10.472727272727274,0.0,6.6,6.0,2.6272727272727274,14.0,17.045454545454547,3.0,8.909090909090908,0.7272727272727273,57.38181818181818
7304,10.0,2,0.0,2.0,0.0,1.6,0.0,1.2,0.0,0.2,0.0,0.6,1.0,2.25,1.0,8.85
7314,10.0,5,3.0,12.8,2.0,7.840000000000001,0.0,3.0,13.0,6.48,30.0,73.5,0.0,2.5,4.9,111.02000000000001
7320,10.0,5,0.0,5.0,0.0,4.0,0.0,3.0,4.0,1.62,2.0,2.94,1.0,3.6,0.0,20.160000000000004
7325,10.0,5,2.0,9.8,1.0,5.760000000000001,0.0,3.0,1.0,0.7200000000000001,5.0,6.0,0.0,2.5,1.6,29.380000000000003
7327,10.0,5,0.0,5.0,0.0,4.0,0.0,3.0,3.0,1.2800000000000002,5.0,6.0,0.0,2.5,0.4,22.18
7328,10.0,5,10.0,45.0,4.0,12.96,0.0,3.0,17.0,9.68,31.0,77.75999999999999,2.0,4.9,36.1,189.39999999999998
7329,10.0,5,6.0,24.2,1.0,5.760000000000001,0.0,3.0,11.0,5.120000000000001,19.0,34.56,3.0,6.4,22.5,101.54
7331,10.0,5,3.0,12.8,1.0,5.760000000000001,3.0,7.68,4.0,1.62,13.0,19.439999999999998,1.0,3.6,4.9,55.8
7358,10.0,5,4.0,16.2,1.0,5.760000000000001,0.0,3.0,6.0,2.42,10.0,13.5,0.0,2.5,3.6,46.980000000000004
7367,10.0,5,2.0,9.8,1.0,5.760000000000001,0.0,3.0,9.0,3.9200000000000004,9.0,11.76,0.0,2.5,0.4,37.14
7378,10.0,5,0.0,5.0,1.0,5.760000000000001,0.0,3.0,3.0,1.2800000000000002,12.0,17.34,1.0,3.6,0.1,36.080000000000005
7386,10.0,1,0.0,1.0,0.0,0.8,0.0,0.6,0.0,0.1,2.0,2.6999999999999997,0.0,0.5,2.0,7.699999999999999
7409,10.0,10,7.0,28.9,5.0,18.0,1.0,7.26,34.0,19.36,59.0,142.83,0.0,5.0,16.2,237.55
7454,10.0,4,0.0,4.0,0.0,3.2,0.0,2.4,6.0,2.5,4.0,4.8,1.0,3.125,3.125,23.15
7456,10.0,2,0.0,2.0,0.0,1.6,0.0,1.2,3.0,1.25,2.0,2.4,0.0,1.0,0.25,9.7
7461,10.0,4,0.0,4.0,0.0,3.2,0.0,2.4,1.0,0.625,3.0,3.675,2.0,4.5,3.125,21.525
7470,10.0,19,16.0,64.47368421052632,10.0,35.410526315789475,6.0,19.736842105263154,57.0,30.400000000000002,93.0,198.06315789473683,1.0,10.526315789473685,28.657894736842106,387.2684210526316
7471,10.0,2,0.0,2.0,0.0,1.6,0.0,1.2,1.0,0.45,1.0,1.3499999999999999,1.0,2.25,6.25,15.1
7498,10.0,5,1.0,7.2,0.0,4.0,1.0,4.32,1.0,0.7200000000000001,6.0,7.26,1.0,3.6,0.1,27.200000000000003
7516,10.0,5,7.0,28.8,0.0,4.0,1.0,4.32,6.0,2.42,24.0,50.459999999999994,4.0,8.1,0.0,98.1
7522,10.0,1,0.0,1.0,0.0,0.8,0.0,0.6,0.0,0.1,0.0,0.3,0.0,0.5,0.5,3.8
7523,10.0,1,0.0,1.0,0.0,0.8,0.0,0.6,0.0,0.1,0.0,0.3,0.0,0.5,0.5,3.8
7524,10.0,12,0.0,12.0,1.0,11.266666666666667,1.0,8.45,7.0,3.0083333333333333,4.0,6.3999999999999995,4.0,10.666666666666666,0.375,52.166666666666664
7547,10.0,1,1.0,4.0,0.0,0.8,0.0,0.6,4.0,2.5,3.0,4.8,0.0,0.5,0.5,13.7
7548,10.0,7,0.0,7.0,0.0,5.6000000000000005,0.0,4.2,3.0,1.4285714285714288,4.0,5.185714285714285,0.0,3.5,12.071428571428571,38.98571428571428
7553,10.0,58,23.0,113.12068965517241,22.0,88.27586206896552,7.0,43.706896551724135,179.0,96.84310344827587,218.0,394.0137931034483,12.0,42.241379310344826,39.86206896551724,818.0637931034482
7557,10.0,1,0.0,1.0,0.0,0.8,0.0,0.6,0.0,0.1,0.0,0.3,0.0,0.5,0.5,3.8
7558,10.0,7,3.0,14.285714285714286,1.0,7.314285714285714,0.0,4.2,15.0,6.914285714285715,13.0,17.142857142857142,4.0,8.642857142857142,7.142857142857143,65.64285714285714
7564,10.0,46,47.0,188.02173913043478,20.0,75.75652173913043,6.0,35.2695652173913,108.0,51.55652173913044,231.0,500.4065217391304,21.0,48.79347826086956,14.880434782608695,914.6847826086957
7565,10.0,4,0.0,4.0,0.0,3.2,2.0,5.3999999999999995,2.0,0.9,9.0,12.674999999999999,0.0,2.0,2.0,30.174999999999997
7567,10.0,14,10.0,41.142857142857146,3.0,16.514285714285716,0.0,8.4,9.0,3.7785714285714285,44.0,72.08571428571427,2.0,9.142857142857142,0.14285714285714285,151.20714285714286
7568,10.0,20,7.0,36.45,5.0,25.0,2.0,14.52,33.0,14.045,44.0,61.44,2.0,12.1,5.625,169.17999999999998
7569,10.0,19,7.0,35.578947368421055,11.0,37.89473684210527,2.0,13.926315789473684,12.0,5.057894736842106,39.0,53.11578947368421,7.0,17.789473684210527,5.921052631578948,169.2842105263158
7575,10.0,5,0.0,5.0,0.0,4.0,0.0,3.0,0.0,0.5,1.0,2.16,0.0,2.5,0.4,17.56
7576,10.0,5,1.0,7.2,0.0,4.0,0.0,3.0,6.0,2.42,10.0,13.5,0.0,2.5,0.1,32.72
7577,10.0,5,0.0,5.0,1.0,5.760000000000001,0.0,3.0,2.0,0.9800000000000001,5.0,6.0,1.0,3.6,1.6,25.940000000000005
7578,10.0,4,8.0,36.0,4.0,12.8,1.0,3.75,19.0,13.225000000000001,35.0,114.075,2.0,4.5,1.125,185.47500000000002
7582,10.0,5,1.0,7.2,4.0,12.96,0.0,3.0,7.0,2.8800000000000003,7.0,8.64,0.0,2.5,14.4,51.58
7586,10.0,38,17.0,79.60526315789474,7.0,42.631578947368425,0.0,22.8,102.0,51.578947368421055,127.0,214.93421052631578,8.0,27.842105263157894,27.842105263157894,467.23421052631585
7587,10.0,6,0.0,6.0,1.0,6.533333333333333,0.0,3.5999999999999996,3.0,1.35,8.0,9.799999999999999,1.0,4.083333333333333,0.08333333333333333,31.449999999999996
7589,10.0,13,3.0,19.692307692307693,0.0,10.4,0.0,7.8,13.0,5.2,19.0,23.630769230769232,4.0,11.115384615384615,1.3846153846153846,79.22307692307692
7591,10.0,4,0.0,4.0,0.0,3.2,1.0,3.75,3.0,1.225,4.0,4.8,0.0,2.0,4.5,23.474999999999998
7592,10.0,30,5.0,40.833333333333336,7.0,36.50666666666667,3.0,21.779999999999998,65.0,30.083333333333332,64.0,88.36,15.0,33.75,8.066666666666666,259.38
7593,10.0,10,0.0,10.0,1.0,9.68,0.0,6.0,5.0,2.25,6.0,7.68,4.0,9.8,0.2,45.61
7601,10.0,55,26.0,119.2909090909091,14.0,69.25090909090909,3.0,36.698181818181816,71.0,28.865454545454543,139.0,205.28727272727272,28.0,62.627272727272725,38.40909090909091,560.4290909090909
7604,10.0,76,34.0,159.21052631578948,16.0,89.09473684210526,5.0,51.79736842105263,102.0,41.689473684210526,207.0,316.14078947368415,40.0,88.52631578947368,33.16447368421053,779.6236842105261
7605,10.0,45,5.0,55.55555555555556,7.0,48.071111111111115,2.0,29.453333333333333,38.0,15.308888888888891,77.0,99.22666666666666,9.0,32.4,13.61111111111111,293.6266666666666
7606,10.0,47,11.0,71.57446808510639,13.0,61.27659574468086,3.0,31.914893617021274,72.0,30.129787234042556,99.0,136.0595744680851,8.0,32.180851063829785,6.648936170212766,369.7851063829787
7608,10.0,1,0.0,1.0,0.0,0.8,0.0,0.6,0.0,0.1,0.0,0.3,0.0,0.5,0.5,3.8
7609,10.0,60,27.0,126.15,12.0,69.12,4.0,40.96,93.0,39.015,154.0,228.98,15.0,46.875,60.208333333333336,611.3083333333334
7613,10.0,37,1.0,39.027027027027025,1.0,31.221621621621622,2.0,24.664864864864864,27.0,11.07027027027027,32.0,38.6027027027027,22.0,47.04054054054054,9.135135135135135,200.76216216216216
7620,10.0,1,0.0,1.0,0.0,0.8,0.0,0.6,0.0,0.1,0.0,0.3,0.0,0.5,0.5,3.8
7624,10.0,50,21.0,100.82,7.0,51.98400000000001,2.0,32.448,71.0,29.282,115.0,163.35,14.0,40.96,27.04,445.884
7627,10.0,69,19.0,112.23188405797102,17.0,85.75072463768117,6.0,48.91304347826087,87.0,35.26956521739131,132.0,175.65652173913043,20.0,57.39855072463768,20.355072463768117,535.5753623188406
7629,10.0,51,4.0,59.31372549019608,4.0,47.450980392156865,12.0,46.694117647058825,86.0,36.80196078431373,56.0,67.34705882352941,41.0,82.98039215686275,14.156862745098039,354.7450980392157
7630,10.0,37,16.0,75.91891891891892,7.0,41.85945945945946,1.0,23.416216216216213,70.0,30.943243243243245,92.0,134.92702702702704,12.0,32.445945945945944,32.445945945945944,371.95675675675676
7678,10.0,21,1.0,23.047619047619047,3.0,21.942857142857143,1.0,13.828571428571427,23.0,9.21904761904762,30.0,37.15714285714286,6.0,17.357142857142858,0.09523809523809523,122.64761904761906
7706,10.0,63,25.0,122.92063492063492,13.0,73.34603174603176,6.0,45.34285714285714,97.0,40.63492063492063,143.0,202.07619047619048,22.0,57.34126984126984,62.86507936507937,604.5269841269842
7710,10.0,46,28.0,119.04347826086956,22.0,80.41739130434783,6.0,35.2695652173913,105.0,49.56739130434783,194.0,375.65217391304344,9.0,32.880434782608695,36.56521739130435,729.3956521739132
7711,10.0,1,0.0,1.0,0.0,0.8,0.0,0.6,0.0,0.1,0.0,0.3,2.0,4.5,0.0,7.3
7712,10.0,42,16.0,80.0952380952381,13.0,57.61904761904762,2.0,27.657142857142855,41.0,16.402380952380952,87.0,118.86428571428571,9.0,30.964285714285715,38.67857142857143,370.2809523809524
7713,10.0,20,0.0,20.0,0.0,16.0,0.0,12.0,11.0,4.805,2.0,7.26,9.0,21.025,3.6,84.69
7716,10.0,69,28.0,136.36231884057972,4.0,61.78550724637682,2.0,43.83478260869565,147.0,67.61739130434783,196.0,305.3260869565217,39.0,84.52173913043478,7.891304347826087,707.3391304347825
7719,10.0,28,27.0,108.03571428571429,5.0,31.114285714285717,0.0,16.8,62.0,28.92857142857143,141.0,306.0107142857143,5.0,19.446428571428573,24.446428571428573,534.7821428571428
7721,10.0,22,8.0,40.90909090909091,2.0,20.94545454545455,0.0,13.2,47.0,21.64090909090909,50.0,70.69090909090909,7.0,19.113636363636363,2.75,189.25
7723,10.0,5,2.0,9.8,1.0,5.760000000000001,0.0,3.0,6.0,2.42,12.0,17.34,0.0,2.5,6.4,47.220000000000006
7726,10.0,86,38.0,178.7906976744186,19.0,102.55813953488374,6.0,59.051162790697674,98.0,39.36744186046512,192.0,269.59534883720926,20.0,65.32558139534883,59.30813953488372,773.996511627907
7728,10.0,25,26.0,104.04,14.0,48.672000000000004,2.0,17.496,54.0,24.964,142.0,334.66799999999995,8.0,21.78,30.42,582.0399999999998
7729,10.0,52,22.0,105.3076923076923,33.0,111.15384615384615,9.0,42.934615384615384,91.0,39.325,127.0,184.85192307692307,21.0,51.24038461538461,94.24038461538461,629.0538461538462
7735,10.0,36,18.0,81.0,11.0,49.088888888888896,5.0,28.016666666666666,54.0,22.5,106.0,168.03333333333333,7.0,25.680555555555557,12.5,386.81944444444446
7736,10.0,5,3.0,12.8,0.0,4.0,0.0,3.0,4.0,1.62,15.0,24.0,2.0,4.9,4.9,55.22
7748,10.0,28,1.0,30.035714285714285,1.0,24.02857142857143,2.0,19.28571428571429,16.0,6.914285714285715,18.0,22.67142857142857,13.0,30.017857142857142,11.160714285714286,144.1142857142857
7754,10.0,9,9.0,36.0,6.0,20.0,0.0,5.3999999999999995,14.0,5.877777777777778,38.0,73.63333333333334,1.0,5.555555555555555,50.0,196.46666666666664
7756,10.0,51,12.0,77.82352941176471,3.0,45.74117647058824,0.0,30.599999999999998,67.0,27.301960784313724,81.0,102.49411764705881,12.0,38.911764705882355,24.50980392156863,347.3823529411765
7757,10.0,81,27.0,144.0,38.0,139.86172839506173,9.0,60.0,92.0,36.949382716049385,186.0,264.0333333333333,24.0,68.05555555555556,88.88888888888889,801.7888888888889
7758,10.0,11,2.0,15.363636363636363,2.0,12.290909090909091,0.0,6.6,5.0,2.3272727272727276,9.0,10.90909090909091,5.0,11.636363636363637,0.0,59.12727272727274
7762,10.0,49,16.0,86.22448979591837,7.0,51.2,3.0,33.11020408163265,93.0,41.15102040816327,128.0,191.81020408163266,5.0,29.755102040816325,27.591836734693878,460.8428571428571
7763,10.0,34,8.0,51.88235294117647,4.0,33.976470588235294,1.0,21.61764705882353,33.0,13.202941176470588,68.0,91.8,8.0,25.941176470588236,23.529411764705884,261.95
7766,10.0,34,7.0,49.44117647058823,2.0,30.494117647058825,0.0,20.4,50.0,20.75294117647059,66.0,88.23529411764706,8.0,25.941176470588236,14.132352941176471,249.3970588235294
7767,10.0,51,3.0,57.1764705882353,9.0,56.47058823529412,1.0,31.811764705882354,33.0,13.83529411764706,73.0,90.44705882352942,23.0,53.68627450980392,5.647058823529412,309.07450980392156
7768,10.0,56,38.0,157.78571428571428,9.0,60.35714285714286,1.0,34.81071428571428,159.0,82.54464285714286,205.0,364.93392857142857,43.0,87.50892857142857,2.892857142857143,790.8339285714286
7769,10.0,86,21.0,133.12790697674419,15.0,94.89302325581396,2.0,54.027906976744184,91.0,36.42906976744186,174.0,235.81395348837208,16.0,60.48837209302326,23.813953488372093,638.5941860465117
7772,10.0,54,6.0,66.66666666666667,3.0,48.13333333333333,5.0,38.67777777777778,55.0,22.001851851851853,50.0,60.08888888888889,26.0,59.25925925925926,0.23148148148148148,295.05925925925925
7774,10.0,24,0.0,24.0,1.0,20.833333333333336,0.0,14.399999999999999,21.0,8.4375,12.0,16.2,3.0,15.1875,7.520833333333333,106.57916666666667
7775,10.0,40,11.0,65.025,4.0,38.72,0.0,24.0,41.0,16.4025,70.0,90.75,5.0,25.3125,25.3125,285.52250000000004
7780,10.0,65,18.0,105.98461538461538,19.0,86.84307692307692,11.0,53.316923076923075,100.0,41.88461538461539,151.0,215.33538461538458,13.0,46.8,35.56923076923077,585.7338461538461
7781,10.0,38,25.0,104.44736842105263,9.0,46.50526315789474,2.0,25.263157894736842,84.0,39.16842105263158,173.0,351.4815789473684,6.0,25.473684210526315,24.32894736842105,616.6684210526316
7788,10.0,22,19.0,76.4090909090909,14.0,47.127272727272725,6.0,21.38181818181818,51.0,24.222727272727273,114.0,252.21818181818182,3.0,14.204545454545455,5.818181818181818,441.3818181818182
7789,10.0,9,0.0,9.0,0.0,7.2,0.0,5.3999999999999995,3.0,1.6,3.0,4.8,2.0,6.722222222222222,4.5,39.22222222222222
7793,10.0,19,11.0,47.36842105263158,2.0,18.568421052631578,1.0,12.631578947368421,38.0,17.1,46.0,66.71052631578948,10.0,22.13157894736842,3.789473684210526,188.3
7794,10.0,53,41.0,166.71698113207546,23.0,87.18490566037735,10.0,44.93207547169811,91.0,39.1245283018868,234.0,466.2396226415094,8.0,35.10377358490566,39.85849056603774,879.1603773584906
7797,10.0,24,0.0,24.0,4.0,26.133333333333333,1.0,15.625,14.0,6.016666666666667,24.0,28.799999999999997,26.0,52.083333333333336,15.1875,167.84583333333333
7799,10.0,34,12.0,62.23529411764706,8.0,41.50588235294118,6.0,28.23529411764706,66.0,29.411764705882355,70.0,95.43529411764706,3.0,20.13235294117647,23.529411764705884,300.4852941176471
7802,10.0,83,94.0,377.4578313253012,61.0,199.86506024096389,19.0,75.20963855421687,222.0,112.07831325301204,415.0,896.4,17.0,60.24096385542169,188.7289156626506,1909.9807228915665
7804,10.0,13,3.0,19.692307692307693,5.0,19.93846153846154,3.0,11.815384615384616,25.0,11.107692307692309,26.0,35.1,7.0,15.384615384615385,39.38461538461539,152.42307692307693
7813,10.0,87,41.0,188.32183908045977,17.0,99.45747126436783,4.0,57.110344827586204,200.0,94.67701149425288,263.0,422.41379310344826,11.0,55.195402298850574,56.327586206896555,973.5034482758621
7815,10.0,63,18.0,104.14285714285714,12.0,71.42857142857143,7.0,46.666666666666664,65.0,26.006349206349206,124.0,166.5190476190476,42.0,87.5,56.0,558.263492063492
7818,10.0,59,38.0,159.47457627118644,38.0,127.57966101694916,14.0,54.193220338983046,131.0,61.18644067796611,195.0,328.0474576271186,27.0,62.67796610169491,45.16101694915254,838.3203389830508
7819,10.0,10,0.0,10.0,0.0,8.0,0.0,6.0,4.0,1.9600000000000002,3.0,5.069999999999999,3.0,8.45,2.45,41.93000000000001
7822,10.0,2,0.0,2.0,0.0,1.6,0.0,1.2,0.0,0.2,0.0,0.6,0.0,1.0,1.0,7.6
7823,10.0,35,10.0,57.857142857142854,4.0,34.76571428571429,1.0,22.217142857142857,40.0,16.071428571428573,58.0,74.13428571428571,4.0,21.728571428571428,7.557142857142857,234.33142857142857
7824,10.0,21,1.0,23.047619047619047,0.0,16.8,0.0,12.6,12.0,5.185714285714286,8.0,12.014285714285714,3.0,13.714285714285714,1.5238095238095237,84.88571428571427
7825,10.0,13,21.0,88.92307692307692,9.0,29.78461538461539,2.0,10.384615384615383,38.0,20.00769230769231,63.0,133.2923076923077,3.0,9.846153846153847,24.03846153846154,316.2769230769231
7826,10.0,30,11.0,56.03333333333333,3.0,29.04,1.0,19.22,25.0,10.083333333333334,70.0,99.99999999999999,3.0,18.15,1.0666666666666667,233.5933333333333
7827,10.0,26,9.0,47.11538461538461,5.0,29.56923076923077,1.0,16.823076923076922,34.0,13.846153846153847,61.0,87.33461538461539,1.0,14.01923076923077,9.307692307692308,218.01538461538462
7828,10.0,84,107.0,434.29761904761904,32.0,128.15238095238098,9.0,61.778571428571425,230.0,117.37619047619049,444.0,995.6571428571427,22.0,66.88095238095238,93.00595238095238,1897.1488095238092
7831,10.0,7,1.0,9.142857142857142,0.0,5.6000000000000005,0.0,4.2,4.0,1.7285714285714286,4.0,5.185714285714285,2.0,5.785714285714286,1.1428571428571428,32.785714285714285
7832,10.0,11,1.0,13.090909090909092,1.0,10.472727272727274,1.0,7.8545454545454545,9.0,3.6363636363636367,9.0,10.90909090909091,1.0,6.545454545454546,18.181818181818183,70.6909090909091
7834,10.0,30,6.0,43.2,2.0,27.30666666666667,4.0,23.119999999999997,21.0,8.67,35.0,42.25,3.0,18.15,6.666666666666667,169.36333333333334
7838,10.0,69,106.0,443.84057971014494,31.0,115.94202898550725,8.0,51.55652173913044,215.0,116.89275362318841,439.0,1122.017391304348,16.0,52.35507246376812,104.34782608695652,2006.9521739130435
7840,10.0,43,40.0,160.2093023255814,25.0,86.02790697674419,5.0,32.14883720930233,85.0,38.10232558139535,197.0,401.8604651162791,8.0,30.24418604651163,20.511627906976745,769.1046511627907
7842,10.0,3,1.0,5.333333333333333,1.0,4.266666666666667,0.0,1.7999999999999998,4.0,1.6333333333333333,4.0,4.8999999999999995,1.0,2.6666666666666665,0.6666666666666666,21.266666666666666
7844,10.0,2,2.0,8.0,0.0,1.6,1.0,2.6999999999999997,4.0,1.8,4.0,5.3999999999999995,0.0,1.0,2.25,22.75
7846,10.0,55,36.0,150.56363636363636,13.0,67.25818181818182,7.0,41.93454545454545,116.0,53.165454545454544,185.0,314.1818181818182,7.0,34.945454545454545,20.945454545454545,682.9945454545456
7847,10.0,71,39.0,170.42253521126761,21.0,95.36901408450706,7.0,51.41408450704225,110.0,46.14225352112676,240.0,408.6802816901408,12.0,48.514084507042256,59.605633802816904,880.1478873239437
7848,10.0,4,2.0,9.0,1.0,5.0,0.0,2.4,0.0,0.4,4.0,4.8,0.0,2.0,1.125,24.724999999999998
7853,10.0,10,1.0,12.1,1.0,9.68,0.0,6.0,6.0,2.5600000000000005,15.0,18.75,3.0,8.45,4.05,61.59
7854,10.0,56,33.0,141.44642857142858,47.0,151.55714285714288,14.0,52.5,146.0,72.86428571428571,249.0,498.3482142857142,14.0,43.75,43.75,1004.2160714285715
7855,10.0,29,35.0,141.24137931034483,18.0,60.93793103448276,2.0,19.882758620689657,96.0,53.87931034482759,164.0,385.3344827586207,11.0,27.586206896551722,110.34482758620689,799.2068965517242
7856,10.0,21,1.0,23.047619047619047,2.0,20.152380952380952,2.0,15.114285714285714,22.0,8.804761904761905,46.0,64.12857142857142,1.0,11.523809523809524,1.5238095238095237,144.29523809523806
7857,10.0,76,36.0,165.05263157894737,25.0,107.37894736842107,7.0,54.386842105263156,125.0,53.159210526315796,260.0,445.6421052631579,12.0,50.94736842105263,84.00657894736842,960.5736842105264
7858,10.0,19,3.0,25.473684210526315,1.0,16.842105263157897,2.0,13.926315789473684,18.0,7.205263157894738,45.0,64.6736842105263,14.0,28.657894736842106,13.921052631578947,170.70000000000002
7859,10.0,18,1.0,20.055555555555557,7.0,27.77777777777778,1.0,12.033333333333333,15.0,6.050000000000001,39.0,54.15,9.0,20.25,5.444444444444445,145.76111111111112
7861,10.0,57,33.0,142.10526315789474,22.0,87.59298245614036,11.0,48.67368421052632,112.0,50.107017543859655,220.0,403.83684210526314,12.0,41.76315789473684,38.21052631578947,812.2894736842106
7863,10.0,38,4.0,46.421052631578945,3.0,35.38947368421053,0.0,22.8,17.0,7.960526315789474,27.0,33.35526315789474,1.0,20.013157894736842,3.8026315789473686,169.7421052631579
7866,10.0,57,27.0,123.78947368421052,14.0,70.75087719298246,10.0,47.252631578947366,91.0,38.4280701754386,176.0,285.7315789473684,21.0,53.36842105263158,27.50877192982456,646.8298245614035
7868,10.0,3,0.0,3.0,0.0,2.4000000000000004,0.0,1.7999999999999998,1.0,0.5333333333333333,0.0,0.8999999999999999,2.0,4.166666666666667,4.166666666666667,16.96666666666667
7869,10.0,9,4.0,18.77777777777778,1.0,8.88888888888889,0.0,5.3999999999999995,12.0,4.9,30.0,50.699999999999996,0.0,4.5,0.05555555555555555,93.22222222222221
7870,10.0,1,0.0,1.0,0.0,0.8,0.0,0.6,0.0,0.1,0.0,0.3,0.0,0.5,0.5,3.8
7871,10.0,38,8.0,55.68421052631579,8.0,44.54736842105263,2.0,25.263157894736842,39.0,15.602631578947367,66.0,85.38947368421053,6.0,25.473684210526315,0.013157894736842105,251.97368421052633
7875,10.0,8,0.0,8.0,0.0,6.4,0.0,4.8,3.0,1.5125000000000002,5.0,6.3374999999999995,0.0,4.0,0.25,31.299999999999997
7876,10.0,2,0.0,2.0,0.0,1.6,0.0,1.2,0.0,0.2,4.0,5.3999999999999995,0.0,1.0,1.0,12.399999999999999
7878,10.0,15,5.0,26.666666666666668,2.0,15.413333333333334,2.0,11.559999999999999,15.0,6.0,45.0,72.0,3.0,10.8,2.7,145.14
7879,10.0,7,1.0,9.142857142857142,1.0,7.314285714285714,2.0,6.942857142857142,8.0,3.214285714285715,15.0,20.74285714285714,7.0,14.0,0.6428571428571429,62.0
7880,10.0,12,3.0,18.75,5.0,19.266666666666666,0.0,7.199999999999999,16.0,6.533333333333333,28.0,40.0,1.0,7.041666666666667,5.041666666666667,103.83333333333334
7887,10.0,47,36.0,146.5744680851064,24.0,85.80425531914894,6.0,35.85957446808511,105.0,49.15744680851064,188.0,352.5,27.0,58.255319148936174,59.840425531914896,787.9914893617022
7888,10.0,41,1.0,43.02439024390244,1.0,34.41951219512195,0.0,24.599999999999998,14.0,7.378048780487806,18.0,25.470731707317075,3.0,23.609756097560975,3.1219512195121952,161.62439024390244
7889,10.0,35,1.0,37.02857142857143,2.0,31.291428571428572,1.0,22.217142857142857,8.0,5.282857142857143,21.0,26.88,12.0,31.557142857142857,10.414285714285715,164.67142857142858
7892,10.0,14,1.0,16.071428571428573,1.0,12.85714285714286,1.0,9.642857142857144,22.0,9.257142857142858,26.0,34.285714285714285,4.0,11.571428571428571,10.321428571428571,104.00714285714287
7893,10.0,83,10.0,104.20481927710843,7.0,78.07228915662651,4.0,54.71566265060241,85.0,34.00481927710844,86.0,103.23253012048193,59.0,121.46987951807229,63.90963855421687,559.6096385542169
7895,10.0,3,0.0,3.0,1.0,4.266666666666667,1.0,3.1999999999999997,11.0,6.533333333333333,12.0,22.5,0.0,1.5,2.6666666666666665,43.666666666666664
7896,10.0,10,0.0,10.0,1.0,9.68,0.0,6.0,3.0,1.69,2.0,4.32,2.0,7.2,0.05,38.94
7897,10.0,26,28.0,112.15384615384616,13.0,46.800000000000004,4.0,20.769230769230766,94.0,55.38461538461539,159.0,394.90384615384613,9.0,23.557692307692307,27.76923076923077,681.3384615384615
7899,10.0,35,9.0,55.31428571428572,6.0,38.42285714285715,1.0,22.217142857142857,41.0,16.502857142857145,74.0,101.83714285714285,8.0,26.414285714285715,11.2,271.9085714285714
7900,10.0,14,0.0,14.0,1.0,12.85714285714286,0.0,8.4,16.0,6.42857142857143,17.0,20.59285714285714,12.0,24.142857142857142,0.14285714285714285,86.56428571428572
7901,10.0,52,13.0,81.25,13.0,65.0,5.0,37.488461538461536,105.0,47.40192307692308,138.0,208.26923076923077,13.0,40.625,13.163461538461538,493.19807692307694
7902,10.0,4,1.0,6.25,2.0,7.2,0.0,2.4,3.0,1.225,6.0,7.5,0.0,2.0,10.125,36.7
7903,10.0,46,4.0,54.34782608695652,2.0,40.06956521739131,4.0,32.608695652173914,42.0,16.834782608695654,34.0,41.7391304347826,41.0,82.27173913043478,50.26086956521739,318.13260869565215
7904,10.0,23,1.0,25.043478260869566,2.0,21.73913043478261,0.0,13.799999999999999,18.0,7.308695652173913,23.0,27.599999999999998,8.0,20.891304347826086,4.891304347826087,121.27391304347825
7906,10.0,7,0.0,7.0,0.0,5.6000000000000005,1.0,5.485714285714285,4.0,1.7285714285714286,15.0,20.74285714285714,2.0,5.785714285714286,1.1428571428571428,47.48571428571428
7910,10.0,24,4.0,32.666666666666664,2.0,22.533333333333335,0.0,14.399999999999999,26.0,10.416666666666668,47.0,63.012499999999996,1.0,13.020833333333334,15.1875,171.2375
7911,10.0,13,2.0,17.307692307692307,0.0,10.4,1.0,9.046153846153846,9.0,3.7230769230769236,17.0,20.769230769230766,5.0,12.461538461538462,7.538461538461538,81.24615384615385
7912,10.0,54,8.0,71.18518518518519,7.0,55.12592592592593,0.0,32.4,23.0,10.97962962962963,34.0,43.022222222222226,1.0,28.00925925925926,22.23148148148148,262.95370370370375
7914,10.0,8,0.0,8.0,1.0,8.1,0.0,4.8,16.0,7.2,20.0,29.4,1.0,5.0625,1.5625,64.125
7917,10.0,5,1.0,7.2,1.0,5.760000000000001,0.0,3.0,6.0,2.42,8.0,10.139999999999999,0.0,2.5,4.9,35.92
7918,10.0,41,6.0,53.8780487804878,18.0,67.9219512195122,4.0,29.634146341463413,33.0,13.356097560975611,61.0,76.12682926829268,8.0,29.28048780487805,20.5,290.69756097560975
7919,10.0,44,49.0,196.5681818181818,16.0,65.45454545454545,2.0,28.854545454545455,125.0,64.91136363636365,219.0,471.60681818181814,5.0,27.28409090909091,45.10227272727273,899.7818181818182
7930,10.0,20,6.0,33.8,9.0,33.64,4.0,17.28,18.0,7.220000000000001,24.0,29.04,2.0,12.1,8.1,141.17999999999998
7935,10.0,91,15.0,123.47252747252747,17.0,102.54065934065935,6.0,62.037362637362634,72.0,29.1967032967033,131.0,162.47472527472527,40.0,94.29120879120879,12.137362637362637,586.1505494505494
7938,10.0,4,1.0,6.25,0.0,3.2,0.0,2.4,3.0,1.225,8.0,10.799999999999999,1.0,3.125,0.5,27.5
7939,10.0,73,75.0,300.05479452054794,30.0,116.26301369863013,11.0,57.9945205479452,139.0,61.56712328767124,288.0,535.5657534246575,9.0,46.054794520547944,236.95890410958904,1354.458904109589
7940,10.0,9,0.0,9.0,0.0,7.2,0.0,5.3999999999999995,7.0,2.8444444444444446,1.0,3.333333333333333,0.0,4.5,0.0,32.27777777777777
7941,10.0,13,3.0,19.692307692307693,1.0,12.061538461538461,0.0,7.8,8.0,3.3923076923076922,9.0,11.16923076923077,4.0,11.115384615384615,0.9615384615384616,66.1923076923077
7943,10.0,43,4.0,51.372093023255815,3.0,39.36744186046512,0.0,25.8,37.0,14.88372093023256,40.0,48.06279069767442,12.0,35.174418604651166,22.511627906976745,237.1720930232558
7945,10.0,28,0.0,28.0,0.0,22.400000000000002,0.0,16.8,8.0,4.628571428571429,10.0,15.47142857142857,4.0,18.285714285714285,0.6428571428571429,106.22857142857143
7946,10.0,13,4.0,22.23076923076923,1.0,12.061538461538461,0.0,7.8,10.0,4.06923076923077,30.0,42.669230769230765,0.0,6.5,3.8461538461538463,99.17692307692306
7947,10.0,14,12.0,48.285714285714285,1.0,12.85714285714286,0.0,8.4,31.0,14.464285714285715,47.0,79.73571428571428,0.0,7.0,6.035714285714286,176.7785714285714
7948,10.0,16,1.0,18.0625,1.0,14.450000000000001,0.0,9.6,13.0,5.2562500000000005,16.0,19.2,4.0,12.5,1.53125,80.60000000000001
7953,10.0,25,5.0,36.0,3.0,25.088,1.0,16.224,20.0,8.1,35.0,43.199999999999996,0.0,12.5,7.22,148.332
7958,10.0,25,3.0,31.36,5.0,28.8,6.0,23.063999999999997,15.0,6.4,30.0,36.3,9.0,23.12,15.68,164.724
7959,10.0,43,1.0,45.02325581395349,1.0,36.018604651162796,1.0,27.013953488372092,19.0,8.93953488372093,10.0,19.59767441860465,23.0,50.651162790697676,6.151162790697675,193.3953488372093
7960,10.0,16,1.0,18.0625,0.0,12.8,0.0,9.6,2.0,2.025,13.0,15.768749999999999,0.0,8.0,1.125,67.38125
7961,10.0,31,6.0,44.16129032258065,0.0,24.8,1.0,19.819354838709675,30.0,12.003225806451614,36.0,43.44193548387097,5.0,20.903225806451612,18.64516129032258,183.7741935483871
7963,10.0,64,32.0,144.0,16.0,80.0,4.0,43.35,144.0,67.60000000000001,148.0,210.67499999999998,16.0,50.0,16.53125,612.15625
7964,10.0,53,3.0,59.16981132075472,8.0,56.16603773584906,3.0,35.50188679245283,81.0,33.87924528301887,45.0,54.362264150943396,42.0,85.14150943396227,15.09433962264151,339.3150943396226
7965,10.0,68,29.0,138.36764705882354,21.0,93.18823529411765,9.0,52.31470588235294,125.0,54.77794117647059,204.0,326.4,54.0,109.44117647058823,27.360294117647058,801.8499999999999
7967,10.0,61,14.0,92.21311475409836,12.0,69.88852459016394,4.0,41.557377049180324,86.0,35.424590163934425,144.0,206.68032786885246,27.0,63.47540983606557,13.778688524590164,523.0180327868852
7973,10.0,20,3.0,26.45,3.0,21.16,0.0,12.0,15.0,6.125,16.0,19.439999999999998,5.0,15.625,4.225,105.02499999999999
7974,10.0,45,7.0,60.08888888888889,7.0,48.071111111111115,0.0,27.0,30.0,12.5,48.0,57.66,2.0,24.544444444444444,7.511111111111111,237.37555555555556
7975,10.0,28,5.0,38.892857142857146,0.0,22.400000000000002,0.0,16.8,13.0,6.003571428571429,23.0,27.86785714285714,3.0,17.160714285714285,7.142857142857143,136.26785714285714
7976,10.0,1,0.0,1.0,0.0,0.8,0.0,0.6,0.0,0.1,0.0,0.3,0.0,0.5,0.5,3.8
7977,10.0,33,7.0,48.484848484848484,2.0,29.696969696969703,0.0,19.8,23.0,9.503030303030304,40.0,48.445454545454545,4.0,20.742424242424242,13.636363636363637,190.3090909090909
7980,10.0,91,88.0,352.0989010989011,50.0,174.778021978022,15.0,74.08351648351648,233.0,115.35824175824176,397.0,785.0901098901098,14.0,60.57692307692308,56.04945054945055,1618.0351648351648
7985,10.0,11,1.0,13.090909090909092,2.0,12.290909090909091,0.0,6.6,3.0,1.7818181818181817,6.0,7.881818181818182,1.0,6.545454545454546,0.4090909090909091,48.6
7986,10.0,6,0.0,6.0,0.0,4.800000000000001,0.0,3.5999999999999996,3.0,1.35,5.0,6.05,1.0,4.083333333333333,0.08333333333333333,25.966666666666665
7988,10.0,10,1.0,12.1,1.0,9.68,0.0,6.0,5.0,2.25,2.0,4.32,1.0,6.05,0.45,40.85
7989,10.0,5,2.0,9.8,0.0,4.0,0.0,3.0,0.0,0.5,5.0,6.0,1.0,3.6,10.0,36.900000000000006
7990,10.0,13,1.0,15.076923076923077,0.0,10.4,1.0,9.046153846153846,4.0,2.223076923076923,10.0,12.207692307692307,0.0,6.5,0.15384615384615385,55.60769230769231
7992,10.0,13,0.0,13.0,1.0,12.061538461538461,0.0,7.8,3.0,1.9692307692307693,4.0,6.669230769230769,0.0,6.5,0.34615384615384615,48.34615384615385
7996,10.0,62,56.0,224.58064516129033,19.0,84.65806451612904,5.0,43.44193548387097,191.0,103.24032258064517,288.0,592.741935483871,24.0,59.645161290322584,54.225806451612904,1162.5338709677421
7998,10.0,6,1.0,8.166666666666666,0.0,4.800000000000001,0.0,3.5999999999999996,4.0,1.666666666666667,5.0,6.05,2.0,5.333333333333333,0.0,29.616666666666667
8000,10.0,38,25.0,104.44736842105263,25.0,83.55789473684212,9.0,34.87894736842105,64.0,27.378947368421052,139.0,247.33421052631576,13.0,34.223684210526315,50.578947368421055,582.4
8003,10.0,11,2.0,15.363636363636363,1.0,10.472727272727274,0.0,6.6,4.0,2.0454545454545454,7.0,8.836363636363636,1.0,6.545454545454546,18.181818181818183,68.04545454545455
8004,10.0,52,23.0,108.17307692307692,13.0,65.0,4.0,36.184615384615384,69.0,28.155769230769234,116.0,162.83076923076922,13.0,40.625,71.11538461538461,512.0846153846154
8005,10.0,20,0.0,20.0,2.0,19.36,0.0,12.0,20.0,8.0,30.0,37.5,11.0,24.025,6.4,127.285
8006,10.0,51,38.0,155.31372549019608,13.0,64.25098039215686,4.0,35.588235294117645,128.0,62.825490196078434,218.0,425.65294117647056,3.0,28.58823529411765,41.42156862745098,813.6411764705882
8016,10.0,21,4.0,29.761904761904763,8.0,32.038095238095245,3.0,16.457142857142856,26.0,10.519047619047619,36.0,46.41428571428572,3.0,13.714285714285714,6.880952380952381,155.7857142857143
8018,10.0,24,15.0,63.375,12.0,43.2,4.0,19.599999999999998,21.0,8.4375,51.0,70.3125,5.0,17.520833333333332,40.333333333333336,262.7791666666667
8019,10.0,54,6.0,66.66666666666667,8.0,56.94814814814816,2.0,34.84444444444444,68.0,27.562962962962963,97.0,126.67222222222222,21.0,52.083333333333336,46.675925925925924,411.4537037037037
8021,10.0,8,2.0,12.5,0.0,6.4,0.0,4.8,2.0,1.25,4.0,5.3999999999999995,1.0,5.0625,2.25,37.662499999999994
8023,10.0,19,4.0,27.842105263157894,1.0,16.842105263157897,0.0,11.4,10.0,4.426315789473684,28.0,34.87894736842105,5.0,15.157894736842104,10.526315789473685,121.07368421052632
8024,10.0,20,17.0,68.45,7.0,29.160000000000004,1.0,13.23,72.0,42.32,81.0,153.015,1.0,11.025,28.9,346.09999999999997
8025,10.0,87,81.0,324.41379310344826,27.0,119.50344827586207,26.0,88.06206896551724,226.0,112.6080459770115,404.0,831.3137931034483,10.0,54.07471264367816,124.1896551724138,1654.1655172413791
8027,10.0,45,5.0,55.55555555555556,1.0,37.61777777777778,5.0,33.333333333333336,41.0,16.435555555555556,66.0,82.14,16.0,41.34444444444444,16.9,283.32666666666665
8028,10.0,4,3.0,12.25,0.0,3.2,0.0,2.4,1.0,0.625,10.0,14.7,3.0,6.125,2.0,41.3
8033,10.0,2,0.0,2.0,0.0,1.6,0.0,1.2,0.0,0.2,0.0,0.6,0.0,1.0,1.0,7.6
8035,10.0,13,8.0,33.92307692307692,3.0,15.753846153846155,0.0,7.8,18.0,7.392307692307693,29.0,40.707692307692305,1.0,7.538461538461538,5.538461538461538,118.65384615384613
8036,10.0,1,0.0,1.0,0.0,0.8,0.0,0.6,0.0,0.1,0.0,0.3,0.0,0.5,0.5,3.8
8037,10.0,58,26.0,121.65517241379311,11.0,65.66896551724139,8.0,45.062068965517234,135.0,64.22241379310346,187.0,310.4741379310345,57.0,114.00862068965517,5.827586206896552,726.9189655172413
8038,10.0,73,59.0,238.68493150684932,35.0,127.82465753424658,15.0,63.649315068493145,158.0,73.0972602739726,285.0,526.7013698630137,23.0,63.12328767123287,2.4726027397260273,1095.5534246575344
8042,10.0,34,5.0,44.73529411764706,1.0,28.82352941176471,1.0,21.61764705882353,23.0,9.555882352941177,19.0,24.78529411764706,30.0,60.23529411764706,7.779411764705882,197.53235294117647
8046,10.0,51,36.0,148.41176470588235,9.0,56.47058823529412,5.0,36.89411764705882,146.0,76.09607843137256,171.0,289.90588235294115,12.0,38.911764705882355,27.53921568627451,674.2294117647058
8047,10.0,9,0.0,9.0,0.0,7.2,0.0,5.3999999999999995,1.0,1.1111111111111112,3.0,4.8,0.0,4.5,0.05555555555555555,32.06666666666666
8050,10.0,4,2.0,9.0,2.0,7.2,0.0,2.4,5.0,2.025,11.0,16.875,0.0,2.0,8.0,47.5
8051,10.0,5,2.0,9.8,0.0,4.0,0.0,3.0,5.0,2.0,10.0,13.5,0.0,2.5,0.4,35.199999999999996
8052,10.0,2,0.0,2.0,0.0,1.6,0.0,1.2,0.0,0.2,1.0,1.3499999999999999,0.0,1.0,0.0,7.35
8054,10.0,18,7.0,34.72222222222222,5.0,23.511111111111113,1.0,12.033333333333333,28.0,11.755555555555556,38.0,52.266666666666666,5.0,14.694444444444445,0.1111111111111111,149.09444444444446
8055,10.0,36,9.0,56.25,7.0,41.088888888888896,2.0,24.066666666666666,49.0,20.069444444444446,69.0,91.875,55.0,115.01388888888889,0.2222222222222222,348.58611111111117
8056,10.0,75,23.0,128.05333333333334,20.0,96.26666666666667,7.0,53.792,100.0,40.833333333333336,174.0,248.00399999999996,43.0,92.82666666666667,3.2266666666666666,663.0026666666666
8058,10.0,6,1.0,8.166666666666666,1.0,6.533333333333333,0.0,3.5999999999999996,8.0,3.2666666666666666,19.0,31.25,0.0,3.0,0.0,55.81666666666666
8064,10.0,38,2.0,42.10526315789474,4.0,37.136842105263156,3.0,26.542105263157893,22.0,9.473684210526317,33.0,39.79736842105263,40.0,80.05263157894737,5.802631578947368,240.91052631578947
8065,10.0,13,1.0,15.076923076923077,0.0,10.4,0.0,7.8,11.0,4.430769230769231,6.0,8.330769230769231,1.0,7.538461538461538,4.653846153846154,58.230769230769226
8066,10.0,14,1.0,16.071428571428573,3.0,16.514285714285716,0.0,8.4,3.0,2.0642857142857145,7.0,9.45,1.0,8.035714285714286,1.75,62.285714285714285
8067,10.0,41,1.0,43.02439024390244,5.0,41.28780487804878,0.0,24.599999999999998,19.0,8.78048780487805,21.0,28.12682926829268,7.0,28.097560975609756,1.7560975609756098,175.6731707317073
8068,10.0,2,0.0,2.0,0.0,1.6,0.0,1.2,0.0,0.2,0.0,0.6,0.0,1.0,1.0,7.6
8069,10.0,35,28.0,113.4,9.0,44.251428571428576,1.0,22.217142857142857,65.0,28.571428571428573,123.0,213.97714285714287,31.0,62.22857142857143,11.2,495.84571428571434
8074,10.0,36,25.0,103.36111111111111,8.0,43.022222222222226,3.0,25.349999999999998,88.0,42.71111111111111,140.0,258.1333333333333,6.0,24.5,10.88888888888889,507.9666666666667
8075,10.0,53,11.0,77.28301886792453,8.0,56.16603773584906,0.0,31.799999999999997,69.0,28.08301886792453,99.0,130.77735849056603,22.0,53.06603773584906,3.4056603773584904,380.5811320754717
8076,10.0,16,0.0,16.0,1.0,14.450000000000001,0.0,9.6,13.0,5.2562500000000005,10.0,12.674999999999999,5.0,13.78125,2.53125,74.29375
8077,10.0,22,5.0,33.13636363636363,1.0,19.236363636363638,0.0,13.2,13.0,5.568181818181818,28.0,34.09090909090909,2.0,13.090909090909092,20.454545454545453,138.77727272727273
8079,10.0,30,14.0,64.53333333333333,10.0,42.66666666666667,5.0,24.5,44.0,18.253333333333334,72.0,104.04,4.0,19.266666666666666,4.266666666666667,277.52666666666664
8082,10.0,10,4.0,19.6,3.0,13.52,0.0,6.0,8.0,3.24,16.0,20.279999999999998,5.0,11.25,3.2,77.09
8087,10.0,43,7.0,58.13953488372093,8.0,48.39069767441861,2.0,28.25581395348837,34.0,13.788372093023256,85.0,114.30697674418604,13.0,36.46511627906977,0.7441860465116279,300.0906976744186
8089,10.0,6,1.0,8.166666666666666,0.0,4.800000000000001,0.0,3.5999999999999996,3.0,1.35,4.0,5.0,3.0,6.75,0.0,29.666666666666668
8091,10.0,37,20.0,87.8108108108108,13.0,54.054054054054056,1.0,23.416216216216213,95.0,47.09189189189189,132.0,231.57567567567568,10.0,29.85135135135135,47.04054054054054,520.8405405405406
8093,10.0,7,5.0,20.571428571428573,3.0,11.42857142857143,0.0,4.2,10.0,4.128571428571429,16.0,22.67142857142857,4.0,8.642857142857142,7.142857142857143,78.78571428571428
8094,10.0,42,11.0,66.88095238095238,1.0,35.21904761904762,2.0,27.657142857142855,45.0,18.021428571428572,69.0,88.00714285714285,9.0,30.964285714285715,11.44047619047619,278.1904761904762
8095,10.0,61,17.0,99.73770491803279,18.0,81.84918032786885,7.0,45.48196721311475,100.0,42.49344262295082,114.0,150.61475409836063,23.0,57.83606557377049,86.95901639344262,564.9721311475411
8097,10.0,69,56.0,226.44927536231884,41.0,140.28985507246378,22.0,72.00869565217391,149.0,68.87536231884057,290.0,560.3521739130434,51.0,104.34782608695652,20.355072463768117,1192.678260869565
8099,10.0,2,1.0,4.5,0.0,1.6,0.0,1.2,0.0,0.2,1.0,1.3499999999999999,0.0,1.0,4.0,13.85
8101,10.0,61,11.0,84.98360655737704,7.0,60.64262295081967,4.0,41.557377049180324,110.0,47.93606557377049,174.0,271.5983606557377,4.0,34.631147540983605,21.31967213114754,562.6688524590164
8103,10.0,1,0.0,1.0,0.0,0.8,0.0,0.6,0.0,0.1,0.0,0.3,0.0,0.5,0.0,3.3
8104,10.0,1,0.0,1.0,0.0,0.8,0.0,0.6,0.0,0.1,0.0,0.3,0.0,0.5,0.5,3.8
8105,10.0,47,27.0,116.51063829787235,17.0,69.71914893617021,4.0,33.204255319148935,73.0,30.63829787234043,159.0,270.868085106383,7.0,31.02127659574468,69.79787234042553,621.7595744680851
8106,10.0,51,29.0,125.49019607843137,16.0,70.41568627450981,1.0,31.811764705882354,114.0,53.38235294117648,190.0,341.65294117647056,19.0,48.03921568627451,48.03921568627451,718.8313725490195
8107,10.0,61,24.0,118.44262295081967,22.0,90.34754098360656,9.0,48.19672131147541,106.0,45.71967213114755,169.0,260.1639344262295,10.0,41.31967213114754,59.221311475409834,663.411475409836
8109,10.0,20,2.0,24.2,0.0,16.0,0.0,12.0,15.0,6.125,13.0,16.335,4.0,14.4,1.6,90.66
8110,10.0,41,24.0,103.04878048780488,15.0,61.19024390243902,1.0,25.81463414634146,136.0,76.41219512195123,167.0,316.5658536585366,4.0,24.695121951219512,63.21951219512195,670.9463414634147
8112,10.0,2,2.0,8.0,0.0,1.6,0.0,1.2,0.0,0.2,5.0,7.35,0.0,1.0,0.0,19.349999999999998
8113,10.0,53,17.0,92.45283018867924,16.0,71.86415094339623,4.0,36.781132075471696,174.0,97.22452830188679,137.0,204.33962264150944,15.0,43.62264150943396,68.16037735849056,614.4452830188679
8124,10.0,1,0.0,1.0,0.0,0.8,0.0,0.6,0.0,0.1,0.0,0.3,0.0,0.5,0.5,3.8
8125,10.0,1,0.0,1.0,0.0,0.8,0.0,0.6,0.0,0.1,0.0,0.3,0.0,0.5,0.5,3.8
8126,10.0,1,0.0,1.0,0.0,0.8,0.0,0.6,0.0,0.1,0.0,0.3,0.0,0.5,0.5,3.8
8146,10.0,36,23.0,96.69444444444444,26.0,85.42222222222222,8.0,32.266666666666666,34.0,13.611111111111112,94.0,140.83333333333334,7.0,25.680555555555557,53.388888888888886,447.89722222222224
8150,10.0,3,0.0,3.0,0.0,2.4000000000000004,0.0,1.7999999999999998,2.0,0.8333333333333335,3.0,3.5999999999999996,0.0,1.5,2.6666666666666665,15.799999999999999
8152,10.0,27,27.0,108.0,9.0,38.400000000000006,3.0,20.0,106.0,65.51481481481481,126.0,260.09999999999997,9.0,24.0,12.518518518518519,528.5333333333333
8154,10.0,29,13.0,60.827586206896555,7.0,35.751724137931035,1.0,18.620689655172413,38.0,15.479310344827589,46.0,58.18965517241379,6.0,21.120689655172413,36.48275862068966,246.47241379310344
8155,10.0,17,0.0,17.0,6.0,24.894117647058824,0.0,10.2,3.0,2.3529411764705883,6.0,9.335294117647058,17.0,34.0,4.235294117647059,102.01764705882353
8156,10.0,51,27.0,119.29411764705883,32.0,108.06274509803923,14.0,49.705882352941174,107.0,48.94901960784314,192.0,347.3470588235294,25.0,56.627450980392155,70.83333333333333,800.8196078431372
8158,10.0,1,0.0,1.0,0.0,0.8,0.0,0.6,0.0,0.1,0.0,0.3,0.0,0.5,0.5,3.8
8159,10.0,1,0.0,1.0,0.0,0.8,0.0,0.6,0.0,0.1,0.0,0.3,0.0,0.5,0.5,3.8
8160,10.0,1,0.0,1.0,0.0,0.8,0.0,0.6,0.0,0.1,0.0,0.3,0.0,0.5,0.5,3.8
8161,10.0,1,0.0,1.0,0.0,0.8,0.0,0.6,0.0,0.1,0.0,0.3,0.0,0.5,0.5,3.8
8162,10.0,1,0.0,1.0,0.0,0.8,0.0,0.6,0.0,0.1,0.0,0.3,0.0,0.5,0.5,3.8
8177,10.0,63,73.0,293.58730158730157,60.0,192.11428571428573,11.0,52.15238095238095,120.0,53.15714285714286,260.0,496.8047619047619,6.0,37.785714285714285,162.29365079365078,1287.895238095238
8179,10.0,27,3.0,33.333333333333336,2.0,24.91851851851852,0.0,16.2,21.0,8.533333333333333,26.0,31.21111111111111,15.0,32.666666666666664,0.6666666666666666,147.52962962962962
8186,10.0,5,0.0,5.0,1.0,5.760000000000001,0.0,3.0,2.0,0.9800000000000001,1.0,2.16,4.0,8.1,0.4,25.4
8199,10.0,5,0.0,5.0,0.0,4.0,0.0,3.0,6.0,2.42,4.0,4.859999999999999,2.0,4.9,0.4,24.58
8206,10.0,4,5.0,20.25,2.0,7.2,1.0,3.75,8.0,3.6,19.0,39.675,2.0,4.5,0.0,78.975
8213,10.0,5,0.0,5.0,0.0,4.0,0.0,3.0,1.0,0.7200000000000001,2.0,2.94,0.0,2.5,0.9,19.06
8221,10.0,4,2.0,9.0,0.0,3.2,0.0,2.4,0.0,0.4,3.0,3.675,0.0,2.0,2.0,22.675
8222,10.0,5,1.0,7.2,1.0,5.760000000000001,0.0,3.0,3.0,1.2800000000000002,4.0,4.859999999999999,1.0,3.6,0.4,26.1
8225,10.0,5,0.0,5.0,0.0,4.0,0.0,3.0,0.0,0.5,0.0,1.5,1.0,3.6,1.6,19.200000000000003
8226,10.0,1,0.0,1.0,0.0,0.8,0.0,0.6,0.0,0.1,0.0,0.3,0.0,0.5,0.5,3.8
8254,10.0,4,1.0,6.25,0.0,3.2,0.0,2.4,2.0,0.9,8.0,10.799999999999999,0.0,2.0,0.125,25.674999999999997
8256,10.0,9,0.0,9.0,1.0,8.88888888888889,0.0,5.3999999999999995,4.0,1.877777777777778,3.0,4.8,1.0,5.555555555555555,1.3888888888888888,36.911111111111104
8257,10.0,70,25.0,128.92857142857142,24.0,100.98285714285714,6.0,49.50857142857143,106.0,44.251428571428576,170.0,246.85714285714286,7.0,42.35,61.77857142857143,674.6571428571428
8259,10.0,63,15.0,96.57142857142857,10.0,67.66984126984127,0.0,37.8,44.0,18.173015873015874,92.0,114.4047619047619,8.0,40.007936507936506,14.674603174603174,389.30158730158735
8264,10.0,2,0.0,2.0,0.0,1.6,0.0,1.2,0.0,0.2,0.0,0.6,0.0,1.0,1.0,7.6
8270,10.0,24,5.0,35.041666666666664,6.0,30.0,2.0,16.9,38.0,16.016666666666666,47.0,63.012499999999996,22.0,44.083333333333336,22.6875,227.74166666666667
8294,10.0,19,23.0,92.84210526315789,10.0,35.410526315789475,6.0,19.736842105263154,52.0,26.531578947368423,98.0,216.1421052631579,4.0,13.921052631578947,20.63157894736842,425.21578947368425
8309,10.0,5,0.0,5.0,1.0,5.760000000000001,1.0,4.32,4.0,1.62,6.0,7.26,3.0,6.4,0.1,30.46
8311,10.0,46,20.0,94.69565217391305,7.0,48.85217391304349,6.0,35.2695652173913,55.0,22.176086956521743,141.0,228.0586956521739,9.0,32.880434782608695,53.26086956521739,515.1934782608696
8313,10.0,8,0.0,8.0,2.0,10.0,0.0,4.8,4.0,1.8,6.0,7.35,4.0,9.0,2.25,43.2
8323,10.0,5,4.0,16.2,5.0,16.0,0.0,3.0,12.0,5.78,15.0,24.0,2.0,4.9,10.0,79.88000000000001
8331,10.0,5,3.0,12.8,3.0,10.240000000000002,0.0,3.0,11.0,5.120000000000001,17.0,29.04,2.0,4.9,16.9,82.0
8344,10.0,47,14.0,79.17021276595744,25.0,88.23829787234042,8.0,38.61702127659574,99.0,45.353191489361706,140.0,223.20638297872338,11.0,35.787234042553195,64.72340425531915,575.095744680851
8358,10.0,1,0.0,1.0,0.0,0.8,0.0,0.6,0.0,0.1,0.0,0.3,0.0,0.5,0.5,3.8
8361,10.0,34,17.0,76.5,11.0,47.64705882352942,1.0,21.61764705882353,40.0,16.105882352941176,63.0,83.02058823529411,6.0,23.529411764705884,0.9411764705882353,269.3617647058823
8364,10.0,39,13.0,69.33333333333333,6.0,41.53846153846154,1.0,24.615384615384617,45.0,18.092307692307696,63.0,80.03076923076922,10.0,30.78205128205128,13.961538461538462,278.3538461538461
8368,10.0,60,27.0,126.15,20.0,85.33333333333334,6.0,43.559999999999995,97.0,41.08166666666667,180.0,288.0,15.0,46.875,8.008333333333333,639.0083333333333
8373,10.0,25,3.0,31.36,3.0,25.088,1.0,16.224,19.0,7.744,50.0,67.5,0.0,12.5,0.18,160.596
8374,10.0,11,1.0,13.090909090909092,0.0,8.8,0.0,6.6,9.0,3.6363636363636367,16.0,19.88181818181818,1.0,6.545454545454546,10.227272727272727,68.78181818181818
8376,10.0,59,13.0,87.86440677966101,12.0,68.35254237288136,2.0,37.840677966101694,79.0,32.277966101694915,101.0,130.16949152542372,25.0,59.79661016949152,0.00847457627118644,416.3101694915254
8377,10.0,3,0.0,3.0,0.0,2.4000000000000004,0.0,1.7999999999999998,1.0,0.5333333333333333,5.0,6.3999999999999995,1.0,2.6666666666666665,2.6666666666666665,19.46666666666667
8379,10.0,39,46.0,185.25641025641025,16.0,62.05128205128206,4.0,28.446153846153845,64.0,27.202564102564107,163.0,313.87692307692305,3.0,22.615384615384617,113.28205128205128,752.7307692307692
8381,10.0,8,2.0,12.5,1.0,8.1,1.0,6.075,23.0,12.012500000000001,22.0,33.75,2.0,6.25,1.5625,80.25
8382,10.0,4,0.0,4.0,0.0,3.2,0.0,2.4,4.0,1.6,5.0,6.075,0.0,2.0,1.125,20.4
8404,10.0,11,12.0,48.09090909090909,9.0,29.090909090909093,1.0,7.8545454545454545,39.0,22.72727272727273,68.0,170.20909090909092,6.0,13.136363636363637,10.227272727272727,301.33636363636367
8405,10.0,3,0.0,3.0,0.0,2.4000000000000004,0.0,1.7999999999999998,5.0,2.1333333333333333,3.0,3.5999999999999996,2.0,4.166666666666667,0.6666666666666666,17.76666666666667
8408,10.0,23,8.0,41.78260869565217,5.0,27.269565217391307,0.0,13.799999999999999,50.0,23.169565217391305,98.0,190.9695652173913,8.0,20.891304347826086,2.1739130434782608,320.0565217391304
8415,10.0,3,1.0,5.333333333333333,2.0,6.666666666666668,0.0,1.7999999999999998,3.0,1.2000000000000002,6.0,8.1,1.0,2.6666666666666665,2.6666666666666665,28.433333333333337
8416,10.0,65,24.0,121.86153846153846,7.0,63.80307692307693,1.0,40.20923076923077,94.0,38.893846153846155,120.0,157.96153846153845,6.0,38.776923076923076,22.43076923076923,483.93692307692305
8432,10.0,5,3.0,12.8,0.0,4.0,0.0,3.0,3.0,1.2800000000000002,5.0,6.0,0.0,2.5,2.5,32.08
8436,10.0,1,0.0,1.0,0.0,0.8,0.0,0.6,0.0,0.1,0.0,0.3,0.0,0.5,0.5,3.8
8437,10.0,58,30.0,133.51724137931035,7.0,58.275862068965516,5.0,41.05862068965517,142.0,68.96551724137932,209.0,368.73620689655166,31.0,68.28448275862068,8.28448275862069,747.1224137931034
8443,10.0,5,5.0,20.0,4.0,12.96,0.0,3.0,10.0,4.5,17.0,29.04,0.0,2.5,40.0,112.0
8445,10.0,38,22.0,94.73684210526316,12.0,52.63157894736842,1.0,24.01578947368421,54.0,22.273684210526316,133.0,230.85,19.0,42.75,11.842105263157896,479.1
8446,10.0,52,33.0,138.94230769230768,21.0,81.98461538461538,2.0,33.646153846153844,140.0,70.8923076923077,241.0,495.2826923076923,7.0,33.47115384615385,60.00961538461539,914.2288461538461
8447,10.0,1,0.0,1.0,0.0,0.8,0.0,0.6,0.0,0.1,0.0,0.3,0.0,0.5,0.5,3.8
8479,10.0,59,28.0,128.28813559322035,13.0,70.29152542372881,3.0,39.09152542372881,102.0,43.933898305084746,191.0,317.79661016949154,22.0,55.601694915254235,30.508474576271187,685.5118644067796
8481,10.0,27,8.0,45.370370370370374,5.0,30.340740740740742,1.0,17.42222222222222,52.0,23.114814814814817,79.0,124.84444444444443,3.0,16.666666666666668,15.574074074074074,273.3333333333333
8482,10.0,21,12.0,51.857142857142854,1.0,18.43809523809524,1.0,13.828571428571427,33.0,13.885714285714286,58.0,89.15714285714286,7.0,18.666666666666668,7.714285714285714,213.54761904761904
8519,10.0,3,0.0,3.0,0.0,2.4000000000000004,0.0,1.7999999999999998,0.0,0.30000000000000004,1.0,1.5999999999999999,0.0,1.5,1.5,12.1
8541,10.0,7,1.0,9.142857142857142,2.0,9.257142857142858,0.0,4.2,11.0,4.628571428571429,11.0,13.885714285714284,3.0,7.142857142857143,10.285714285714286,58.542857142857144
8542,10.0,46,26.0,112.69565217391305,19.0,73.47826086956522,5.0,33.926086956521736,64.0,26.304347826086957,158.0,271.4086956521739,50.0,100.17391304347827,36.56521739130435,654.5521739130435
8563,10.0,13,4.0,22.23076923076923,1.0,12.061538461538461,1.0,9.046153846153846,7.0,3.076923076923077,24.0,31.592307692307692,2.0,8.653846153846153,0.34615384615384615,87.00769230769231
8565,10.0,4,0.0,4.0,0.0,3.2,0.0,2.4,6.0,2.5,7.0,9.075,2.0,4.5,0.5,26.174999999999997
8572,10.0,8,2.0,12.5,2.0,10.0,0.0,4.8,12.0,5.0,15.0,19.8375,3.0,7.5625,3.0625,62.762499999999996
8575,10.0,36,7.0,51.361111111111114,8.0,43.022222222222226,5.0,28.016666666666666,47.0,19.136111111111113,80.0,112.13333333333333,18.0,40.5,3.5555555555555554,297.725
8577,10.0,5,0.0,5.0,0.0,4.0,0.0,3.0,1.0,0.7200000000000001,3.0,3.84,1.0,3.6,0.1,20.260000000000005
8578,10.0,14,4.0,23.142857142857142,1.0,12.85714285714286,0.0,8.4,18.0,7.314285714285714,22.0,27.77142857142857,3.0,10.321428571428571,8.035714285714286,97.84285714285714
8583,10.0,20,6.0,33.8,5.0,25.0,4.0,17.28,31.0,13.005000000000003,37.0,48.73499999999999,10.0,22.5,11.025,171.345
8584,10.0,3,0.0,3.0,1.0,4.266666666666667,0.0,1.7999999999999998,1.0,0.5333333333333333,0.0,0.8999999999999999,3.0,6.0,0.16666666666666666,16.666666666666668
8586,10.0,14,2.0,18.285714285714285,1.0,12.85714285714286,0.0,8.4,12.0,4.828571428571429,32.0,45.34285714285714,2.0,9.142857142857142,0.8928571428571429,99.75
8589,10.0,2,3.0,12.5,0.0,1.6,0.0,1.2,4.0,1.8,12.0,29.4,1.0,2.25,9.0,57.75
8595,10.0,4,2.0,9.0,1.0,5.0,0.0,2.4,6.0,2.5,12.0,19.2,1.0,3.125,0.0,41.224999999999994
8600,10.0,15,13.0,52.266666666666666,8.0,28.213333333333335,2.0,11.559999999999999,44.0,23.206666666666667,84.0,196.01999999999998,5.0,13.333333333333334,22.533333333333335,347.1333333333333
8602,10.0,1,0.0,1.0,0.0,0.8,0.0,0.6,0.0,0.1,0.0,0.3,0.0,0.5,0.5,3.8
8617,10.0,35,15.0,71.42857142857143,14.0,54.879999999999995,5.0,27.428571428571427,60.0,25.785714285714285,127.0,224.94857142857143,10.0,28.928571428571427,6.914285714285715,440.3142857142857
8624,10.0,2,2.0,8.0,0.0,1.6,1.0,2.6999999999999997,2.0,0.8,4.0,5.3999999999999995,1.0,2.25,1.0,21.75
8625,10.0,1,0.0,1.0,0.0,0.8,0.0,0.6,0.0,0.1,2.0,2.6999999999999997,0.0,0.5,0.0,5.699999999999999
8626,10.0,10,7.0,28.9,5.0,18.0,3.0,10.139999999999999,27.0,13.690000000000001,40.0,75.0,5.0,11.25,6.05,163.03000000000003
8627,10.0,4,1.0,6.25,0.0,3.2,0.0,2.4,8.0,3.6,4.0,4.8,0.0,2.0,4.5,26.75
8631,10.0,8,5.0,21.125,12.0,40.0,0.0,4.8,21.0,10.512500000000001,38.0,79.35,7.0,14.0625,16.0,185.85
8632,10.0,20,19.0,76.05,11.0,38.44,2.0,14.52,34.0,14.580000000000002,75.0,135.375,3.0,13.225,52.9,345.09000000000003
8633,10.0,19,5.0,30.31578947368421,0.0,15.200000000000001,1.0,12.631578947368421,14.0,5.731578947368422,23.0,27.852631578947367,10.0,22.13157894736842,3.1842105263157894,117.04736842105264
8638,10.0,11,5.0,23.272727272727273,4.0,16.363636363636363,1.0,7.8545454545454545,36.0,20.081818181818182,40.0,70.93636363636364,2.0,7.681818181818182,3.6818181818181817,149.87272727272727
8639,10.0,16,20.0,81.0,9.0,31.25,4.0,15.0,28.0,12.100000000000001,63.0,117.01875,5.0,13.78125,52.53125,322.68125
8640,10.0,60,39.0,163.35,11.0,67.21333333333334,2.0,38.44,79.0,32.20166666666667,181.0,290.405,24.0,58.8,54.675,705.0849999999998
8641,10.0,14,8.0,34.57142857142857,6.0,22.85714285714286,0.0,8.4,39.0,20.064285714285717,44.0,72.08571428571427,7.0,15.75,28.0,201.72857142857143
8642,10.0,64,31.0,141.015625,40.0,135.20000000000002,15.0,58.509375,110.0,47.306250000000006,175.0,267.7546875,18.0,52.53125,112.5,814.8171875
8644,10.0,9,0.0,9.0,0.0,7.2,0.0,5.3999999999999995,1.0,1.1111111111111112,1.0,3.333333333333333,3.0,8.0,0.2222222222222222,34.26666666666666
8647,10.0,27,0.0,27.0,1.0,23.22962962962963,0.0,16.2,27.0,10.8,19.0,23.51111111111111,7.0,21.40740740740741,3.1296296296296298,125.27777777777777
8648,10.0,1,0.0,1.0,0.0,0.8,0.0,0.6,0.0,0.1,1.0,1.2,0.0,0.5,0.5,4.7
8649,10.0,36,5.0,46.69444444444444,5.0,37.355555555555554,0.0,21.599999999999998,25.0,10.336111111111112,72.0,97.2,10.0,29.38888888888889,10.125,252.7
8650,10.0,3,9.0,48.0,0.0,2.4000000000000004,1.0,3.1999999999999997,10.0,5.633333333333334,20.0,52.9,0.0,1.5,6.0,119.63333333333333
8651,10.0,10,1.0,12.1,2.0,11.520000000000001,1.0,7.26,13.0,5.29,16.0,20.279999999999998,6.0,12.8,9.8,79.05
8656,10.0,19,5.0,30.31578947368421,8.0,30.694736842105268,4.0,16.705263157894734,19.0,7.6000000000000005,43.0,60.694736842105264,2.0,11.605263157894736,10.526315789473685,168.14210526315787
8658,10.0,36,11.0,61.361111111111114,3.0,33.800000000000004,3.0,25.349999999999998,64.0,27.77777777777778,61.0,78.40833333333332,15.0,36.125,10.88888888888889,273.7111111111111
8659,10.0,34,12.0,62.23529411764706,6.0,37.64705882352941,6.0,28.23529411764706,38.0,15.247058823529413,58.0,74.68235294117646,14.0,33.88235294117647,23.529411764705884,275.4588235294118
8661,10.0,24,3.0,30.375,2.0,22.533333333333335,0.0,14.399999999999999,14.0,6.016666666666667,17.0,21.0125,5.0,17.520833333333332,9.1875,121.04583333333333
8670,10.0,7,3.0,14.285714285714286,3.0,11.42857142857143,0.0,4.2,8.0,3.214285714285715,20.0,31.24285714285714,5.0,10.285714285714286,1.7857142857142858,76.44285714285715
8671,10.0,40,7.0,55.225,7.0,44.18000000000001,4.0,29.04,73.0,31.922500000000003,77.0,102.6675,29.0,59.5125,46.5125,369.06
8672,10.0,7,1.0,9.142857142857142,0.0,5.6000000000000005,0.0,4.2,6.0,2.4142857142857146,13.0,17.142857142857142,1.0,4.571428571428571,0.0,43.07142857142857
8673,10.0,4,2.0,9.0,0.0,3.2,0.0,2.4,14.0,8.1,20.0,43.199999999999996,0.0,2.0,3.125,71.02499999999999
8674,10.0,13,6.0,27.76923076923077,2.0,13.846153846153847,1.0,9.046153846153846,23.0,9.96923076923077,37.0,57.69230769230769,6.0,13.884615384615385,0.9615384615384616,133.16923076923075
8675,10.0,7,5.0,20.571428571428573,1.0,7.314285714285714,2.0,6.942857142857142,14.0,6.300000000000001,33.0,68.57142857142857,1.0,4.571428571428571,0.07142857142857142,114.34285714285714
8676,10.0,7,2.0,11.571428571428571,1.0,7.314285714285714,1.0,5.485714285714285,10.0,4.128571428571429,15.0,20.74285714285714,4.0,8.642857142857142,0.6428571428571429,58.52857142857143
8680,10.0,10,3.0,16.9,1.0,9.68,1.0,7.26,6.0,2.5600000000000005,25.0,36.75,10.0,20.0,6.05,99.2
8683,10.0,29,1.0,31.03448275862069,0.0,23.200000000000003,0.0,17.4,19.0,7.944827586206897,11.0,16.551724137931032,9.0,24.896551724137932,6.224137931034483,127.25172413793103
8685,10.0,4,2.0,9.0,1.0,5.0,0.0,2.4,2.0,0.9,6.0,7.5,0.0,2.0,2.0,28.799999999999997
8686,10.0,60,38.0,160.06666666666666,28.0,103.25333333333333,4.0,40.96,153.0,75.615,204.0,348.47999999999996,22.0,56.03333333333333,27.075,811.4833333333333
8687,10.0,51,29.0,125.49019607843137,14.0,66.27450980392157,3.0,34.305882352941175,71.0,29.184313725490195,128.0,188.4764705882353,10.0,36.48039215686274,18.980392156862745,499.19215686274515
8688,10.0,64,33.0,147.015625,25.0,99.0125,6.0,45.9375,115.0,50.064062500000006,161.0,237.3046875,14.0,47.53125,78.125,704.990625
8689,10.0,47,13.0,76.59574468085107,13.0,61.27659574468086,2.0,30.651063829787233,75.0,31.66808510638298,111.0,159.34468085106383,15.0,40.8936170212766,26.595744680851062,427.0255319148937
8693,10.0,15,1.0,17.066666666666666,1.0,13.653333333333334,0.0,9.0,2.0,1.9266666666666667,6.0,8.819999999999999,6.0,14.7,19.2,84.36666666666667
8695,10.0,40,7.0,55.225,1.0,33.62,1.0,25.215,28.0,11.56,51.0,62.1075,13.0,35.1125,6.05,228.89000000000004
8697,10.0,17,2.0,21.235294117647058,1.0,15.247058823529413,0.0,10.2,24.0,9.888235294117647,32.0,42.37058823529412,8.0,18.38235294117647,3.5588235294117645,120.88235294117649
8698,10.0,78,18.0,118.15384615384616,11.0,81.24102564102566,5.0,52.99230769230769,56.0,23.02051282051282,82.0,98.46153846153847,18.0,59.07692307692308,47.41025641025641,480.3564102564103
8699,10.0,77,77.0,308.0,55.0,181.02857142857144,14.0,64.52727272727273,190.0,92.58311688311689,334.0,658.1337662337662,12.0,51.435064935064936,264.961038961039,1620.6688311688313
8700,10.0,7,0.0,7.0,0.0,5.6000000000000005,0.0,4.2,4.0,1.7285714285714286,5.0,6.171428571428572,3.0,7.142857142857143,5.785714285714286,37.628571428571426
8702,10.0,59,30.0,134.25423728813558,18.0,80.39322033898306,1.0,36.610169491525426,51.0,20.508474576271187,115.0,153.9457627118644,37.0,78.10169491525424,39.186440677966104,543.0
8703,10.0,36,5.0,46.69444444444444,0.0,28.8,0.0,21.599999999999998,42.0,16.900000000000002,48.0,58.8,20.0,43.55555555555556,2.0,218.34999999999997
8704,10.0,39,3.0,45.23076923076923,1.0,32.820512820512825,0.0,23.4,26.0,10.833333333333334,37.0,44.430769230769236,11.0,32.05128205128205,4.153846153846154,192.9205128205128
8705,10.0,14,1.0,16.071428571428573,1.0,12.85714285714286,1.0,9.642857142857144,5.0,2.5785714285714287,8.0,10.37142857142857,1.0,8.035714285714286,0.14285714285714285,59.7
8707,10.0,3,0.0,3.0,0.0,2.4000000000000004,0.0,1.7999999999999998,1.0,0.5333333333333333,0.0,0.8999999999999999,2.0,4.166666666666667,0.16666666666666666,12.966666666666667
8709,10.0,1,0.0,1.0,0.0,0.8,0.0,0.6,0.0,0.1,0.0,0.3,0.0,0.5,0.5,3.8
8713,10.0,2,0.0,2.0,1.0,3.6,0.0,1.2,1.0,0.45,1.0,1.3499999999999999,0.0,1.0,1.0,10.6
8714,10.0,19,8.0,38.36842105263158,4.0,22.273684210526316,0.0,11.4,27.0,11.136842105263158,51.0,77.36842105263158,5.0,15.157894736842104,4.447368421052632,180.15263157894736
8715,10.0,14,1.0,16.071428571428573,0.0,11.200000000000001,0.0,8.4,9.0,3.7785714285714285,16.0,19.28571428571429,4.0,11.571428571428571,0.03571428571428571,70.34285714285716
8716,10.0,59,58.0,232.01694915254237,25.0,95.67457627118644,2.0,37.840677966101694,169.0,88.10847457627119,306.0,677.4152542372882,43.0,88.16949152542372,0.07627118644067797,1219.301694915254
8719,10.0,32,1.0,34.03125,3.0,30.625,0.0,19.2,12.0,6.050000000000001,19.0,24.384375,7.0,23.765625,2.25,140.30625
8720,10.0,3,0.0,3.0,0.0,2.4000000000000004,0.0,1.7999999999999998,1.0,0.5333333333333333,1.0,1.5999999999999999,0.0,1.5,0.6666666666666666,11.5
8723,10.0,43,20.0,92.30232558139535,15.0,62.58604651162791,2.0,28.25581395348837,103.0,49.57209302325582,145.0,246.5860465116279,12.0,35.174418604651166,63.674418604651166,578.1511627906976
8724,10.0,9,3.0,16.0,1.0,8.88888888888889,0.0,5.3999999999999995,6.0,2.5,8.0,9.633333333333335,2.0,6.722222222222222,2.7222222222222223,51.86666666666667
8729,10.0,4,1.0,6.25,1.0,5.0,0.0,2.4,4.0,1.6,7.0,9.075,1.0,3.125,1.125,28.575
8730,10.0,4,1.0,6.25,0.0,3.2,0.0,2.4,3.0,1.225,7.0,9.075,0.0,2.0,2.0,26.15
8734,10.0,1,0.0,1.0,0.0,0.8,0.0,0.6,0.0,0.1,0.0,0.3,0.0,0.5,2.0,5.3
8736,10.0,8,3.0,15.125,3.0,12.100000000000001,2.0,7.5,12.0,5.0,21.0,31.537499999999998,5.0,10.5625,4.0,85.825
8740,10.0,32,8.0,50.0,4.0,32.4,0.0,19.2,22.0,9.1125,43.0,52.734375,7.0,23.765625,19.140625,206.353125
8742,10.0,42,10.0,64.38095238095238,16.0,64.07619047619049,1.0,26.414285714285715,67.0,28.28809523809524,96.0,136.02857142857144,32.0,65.19047619047619,12.964285714285714,397.34285714285716
8743,10.0,2,3.0,12.5,0.0,1.6,0.0,1.2,4.0,1.8,10.0,21.599999999999998,0.0,1.0,0.25,39.949999999999996
8745,10.0,19,18.0,72.05263157894737,9.0,33.01052631578948,4.0,16.705263157894734,44.0,20.88947368421053,73.0,133.64210526315787,2.0,11.605263157894736,6.7368421052631575,294.6421052631579
8746,10.0,1,2.0,9.0,0.0,0.8,0.0,0.6,2.0,0.9,6.0,14.7,0.0,0.5,4.5,31.0
8747,10.0,1,0.0,1.0,0.0,0.8,0.0,0.6,2.0,0.9,2.0,2.6999999999999997,0.0,0.5,0.5,7.0
8748,10.0,1,0.0,1.0,1.0,3.2,0.0,0.6,1.0,0.4,5.0,10.799999999999999,0.0,0.5,0.5,17.0
8750,10.0,2,0.0,2.0,0.0,1.6,0.0,1.2,0.0,0.2,0.0,0.6,0.0,1.0,1.0,7.6
8752,10.0,40,15.0,75.625,15.0,60.5,6.0,31.74,56.0,23.040000000000003,119.0,189.6075,6.0,26.45,52.8125,459.775
8753,10.0,29,8.0,47.206896551724135,6.0,33.793103448275865,0.0,17.4,26.0,10.431034482758621,54.0,71.26551724137931,15.0,33.37931034482759,3.3793103448275863,216.85517241379313
8754,10.0,25,11.0,51.84,6.0,30.752,2.0,17.496,45.0,19.6,94.0,169.93200000000002,8.0,21.78,0.72,312.12
8758,10.0,46,23.0,103.5,23.0,82.80000000000001,7.0,36.63913043478261,57.0,23.06304347826087,130.0,202.01739130434783,9.0,32.880434782608695,47.34782608695652,528.2478260869566
8759,10.0,15,1.0,17.066666666666666,0.0,12.0,1.0,10.24,13.0,5.226666666666667,15.0,18.0,5.0,13.333333333333334,0.5333333333333333,76.39999999999999
8767,10.0,6,0.0,6.0,3.0,10.8,1.0,4.8999999999999995,6.0,2.4000000000000004,10.0,12.799999999999999,6.0,12.0,3.0,51.9
8768,10.0,6,1.0,8.166666666666666,1.0,6.533333333333333,0.0,3.5999999999999996,9.0,3.75,14.0,20.0,4.0,8.333333333333334,10.083333333333334,60.46666666666667
8770,10.0,29,8.0,47.206896551724135,7.0,35.751724137931035,3.0,21.186206896551724,51.0,22.06896551724138,61.0,83.79310344827586,6.0,21.120689655172413,30.413793103448278,261.54137931034484
8771,10.0,9,2.0,13.444444444444445,1.0,8.88888888888889,1.0,6.666666666666666,12.0,4.9,18.0,24.3,3.0,8.0,34.72222222222222,100.92222222222222
8772,10.0,40,8.0,57.6,1.0,33.62,3.0,27.735,24.0,10.240000000000002,45.0,54.1875,2.0,22.05,19.0125,224.445
8773,10.0,52,9.0,71.5576923076923,2.0,44.861538461538466,0.0,31.2,26.0,11.700000000000001,47.0,56.544230769230765,14.0,41.88461538461539,29.08653846153846,286.8346153846154
8775,10.0,18,0.0,18.0,0.0,14.4,0.0,10.799999999999999,4.0,2.688888888888889,4.0,8.066666666666666,5.0,14.694444444444445,0.1111111111111111,68.7611111111111
8776,10.0,22,1.0,24.045454545454547,1.0,19.236363636363638,0.0,13.2,10.0,4.654545454545455,18.0,21.81818181818182,3.0,14.204545454545455,5.818181818181818,102.97727272727273
8779,10.0,7,0.0,7.0,1.0,7.314285714285714,0.0,4.2,6.0,2.4142857142857146,3.0,4.285714285714286,1.0,4.571428571428571,2.5714285714285716,32.357142857142854
8780,10.0,8,1.0,10.125,0.0,6.4,0.0,4.8,6.0,2.45,8.0,9.6,3.0,7.5625,4.0,44.9375
8784,10.0,10,0.0,10.0,0.0,8.0,0.0,6.0,5.0,2.25,4.0,5.88,5.0,11.25,0.2,43.580000000000005
8794,10.0,59,30.0,134.25423728813558,16.0,76.27118644067797,5.0,41.65423728813559,133.0,62.4813559322034,161.0,246.10169491525423,50.0,100.6864406779661,70.17796610169492,731.6271186440678
8795,10.0,35,5.0,45.714285714285715,1.0,29.622857142857146,0.0,21.0,25.0,10.285714285714286,41.0,49.50857142857143,10.0,28.928571428571427,9.657142857142857,194.71714285714285
8796,10.0,41,3.0,47.21951219512195,5.0,41.28780487804878,2.0,27.05853658536585,26.0,10.948780487804878,38.0,45.665853658536584,20.0,45.3780487804878,9.560975609756097,227.11951219512196
8797,10.0,45,2.0,49.08888888888889,4.0,42.684444444444445,0.0,27.0,41.0,16.435555555555556,36.0,43.74,23.0,51.37777777777778,8.1,238.4266666666667
8798,10.0,46,5.0,56.54347826086956,2.0,40.06956521739131,1.0,28.813043478260866,29.0,12.228260869565219,31.0,38.667391304347824,4.0,27.17391304347826,10.445652173913043,213.94130434782608
8799,10.0,41,4.0,49.390243902439025,1.0,34.41951219512195,0.0,24.599999999999998,6.0,5.38780487804878,34.0,41.15853658536585,19.0,43.90243902439025,17.609756097560975,216.4682926829268
8800,10.0,7,0.0,7.0,0.0,5.6000000000000005,0.0,4.2,0.0,0.7000000000000001,2.0,3.471428571428571,1.0,4.571428571428571,2.5714285714285716,28.114285714285717
8801,10.0,22,1.0,24.045454545454547,0.0,17.6,0.0,13.2,12.0,5.254545454545455,4.0,9.218181818181817,7.0,19.113636363636363,3.840909090909091,92.27272727272727
8802,10.0,31,4.0,39.516129032258064,2.0,28.10322580645162,0.0,18.599999999999998,23.0,9.406451612903226,41.0,50.16774193548387,11.0,28.451612903225808,4.129032258064516,178.3741935483871
8804,10.0,19,10.0,44.26315789473684,13.0,43.11578947368421,2.0,13.926315789473684,17.0,6.821052631578948,69.0,122.27368421052631,12.0,25.289473684210527,8.526315789473685,264.2157894736842
8805,10.0,37,4.0,45.432432432432435,5.0,38.14054054054054,2.0,24.664864864864864,43.0,17.2972972972973,58.0,73.17567567567566,7.0,26.16216216216216,21.62162162162162,246.4945945945946
8806,10.0,8,0.0,8.0,0.0,6.4,0.0,4.8,4.0,1.8,7.0,8.4375,2.0,6.25,9.0,44.6875
8807,10.0,20,0.0,20.0,2.0,19.36,0.0,12.0,10.0,4.5,22.0,26.46,6.0,16.9,0.025,99.245
8808,10.0,27,1.0,29.037037037037038,1.0,23.22962962962963,1.0,17.42222222222222,18.0,7.5,20.0,24.54444444444444,20.0,40.907407407407405,0.46296296296296297,143.1037037037037
8809,10.0,6,1.0,8.166666666666666,0.0,4.800000000000001,0.0,3.5999999999999996,5.0,2.016666666666667,3.0,4.05,2.0,5.333333333333333,3.0,30.966666666666665
8810,10.0,26,7.0,41.88461538461539,4.0,27.692307692307693,0.0,15.6,50.0,22.215384615384618,69.0,104.13461538461539,3.0,16.173076923076923,27.76923076923077,255.4692307692308
8813,10.0,9,1.0,11.11111111111111,1.0,8.88888888888889,0.0,5.3999999999999995,9.0,3.6,3.0,4.8,3.0,8.0,1.3888888888888888,43.18888888888888
8814,10.0,20,1.0,22.05,2.0,19.36,0.0,12.0,6.0,3.38,13.0,16.335,11.0,24.025,0.625,97.775
8816,10.0,8,0.0,8.0,1.0,8.1,0.0,4.8,5.0,2.1125000000000003,6.0,7.35,1.0,5.0625,1.5625,36.987500000000004
8819,10.0,3,1.0,5.333333333333333,0.0,2.4000000000000004,0.0,1.7999999999999998,3.0,1.2000000000000002,2.0,2.5,3.0,6.0,0.6666666666666666,19.900000000000002
8820,10.0,1,0.0,1.0,0.0,0.8,0.0,0.6,1.0,0.4,3.0,4.8,1.0,2.0,0.5,10.1
8821,10.0,45,20.0,93.88888888888889,11.0,55.75111111111111,3.0,30.72,81.0,35.28,131.0,206.5066666666667,9.0,32.4,44.1,498.64666666666665
8822,10.0,71,12.0,97.02816901408451,12.0,77.62253521126762,0.0,42.6,86.0,34.71690140845071,145.0,197.13802816901406,12.0,48.514084507042256,23.690140845070424,521.3098591549295
8823,10.0,47,8.0,64.36170212765957,6.0,47.812765957446814,4.0,33.204255319148935,84.0,36.51276595744681,88.0,116.32978723404254,12.0,37.03191489361702,17.882978723404257,353.13617021276593
8824,10.0,29,1.0,31.03448275862069,5.0,31.889655172413793,2.0,19.882758620689657,18.0,7.617241379310345,23.0,27.972413793103446,7.0,22.344827586206897,4.982758620689655,145.72413793103448
8825,10.0,44,28.0,117.81818181818181,9.0,51.07272727272728,4.0,31.418181818181818,72.0,30.581818181818182,116.0,174.54545454545456,8.0,30.727272727272727,21.011363636363637,457.175
8826,10.0,14,4.0,23.142857142857142,2.0,14.628571428571428,2.0,10.97142857142857,16.0,6.42857142857143,23.0,29.335714285714285,1.0,8.035714285714286,8.035714285714286,100.57857142857144
8837,10.0,2,1.0,4.5,0.0,1.6,0.0,1.2,5.0,2.45,8.0,15.0,0.0,1.0,1.0,26.75
8839,10.0,38,3.0,44.23684210526316,3.0,35.38947368421053,0.0,22.8,38.0,15.200000000000001,54.0,66.82105263157894,15.0,36.96052631578947,5.802631578947368,227.21052631578948
8840,10.0,19,8.0,38.36842105263158,0.0,15.200000000000001,0.0,11.4,20.0,8.005263157894737,27.0,33.41052631578947,1.0,10.526315789473685,4.447368421052632,121.3578947368421
8841,10.0,1,0.0,1.0,0.0,0.8,0.0,0.6,0.0,0.1,2.0,2.6999999999999997,1.0,2.0,0.0,7.199999999999999
8842,10.0,1,0.0,1.0,0.0,0.8,0.0,0.6,0.0,0.1,0.0,0.3,0.0,0.5,0.5,3.8
8864,10.0,4,0.0,4.0,1.0,5.0,0.0,2.4,6.0,2.5,4.0,4.8,0.0,2.0,2.0,22.7
8868,10.0,9,1.0,11.11111111111111,1.0,8.88888888888889,0.0,5.3999999999999995,5.0,2.177777777777778,13.0,16.133333333333333,0.0,4.5,4.5,52.71111111111111
8870,10.0,46,35.0,142.6304347826087,9.0,52.608695652173914,5.0,33.926086956521736,178.0,109.07826086956523,187.0,354.05869565217387,19.0,45.92391304347826,98.09782608695652,836.3239130434781
8879,10.0,26,18.0,74.46153846153847,6.0,31.50769230769231,2.0,18.092307692307692,100.0,61.06153846153847,104.0,195.0,6.0,19.692307692307693,33.92307692307692,433.73846153846154
8880,10.0,10,0.0,10.0,0.0,8.0,0.0,6.0,2.0,1.4400000000000002,0.0,3.0,2.0,7.2,1.8,37.44
8888,10.0,55,9.0,74.47272727272727,12.0,65.29454545454546,2.0,35.44363636363636,75.0,30.727272727272727,113.0,153.9490909090909,8.0,36.08181818181818,17.6,413.5690909090909
8889,10.0,50,15.0,84.5,8.0,53.824000000000005,1.0,31.212,104.0,47.432,140.0,216.6,3.0,28.09,11.56,473.21799999999996
8892,10.0,53,11.0,77.28301886792453,11.0,61.82641509433962,5.0,38.08301886792452,30.0,12.99811320754717,65.0,78.81509433962265,16.0,44.91509433962264,50.27358490566038,364.1943396226415
8893,10.0,3,0.0,3.0,0.0,2.4000000000000004,0.0,1.7999999999999998,0.0,0.30000000000000004,0.0,0.8999999999999999,0.0,1.5,1.5,11.4
8894,10.0,6,1.0,8.166666666666666,0.0,4.800000000000001,0.0,3.5999999999999996,2.0,1.0666666666666667,5.0,6.05,0.0,3.0,5.333333333333333,32.016666666666666
8897,10.0,28,19.0,78.89285714285714,7.0,35.0,1.0,18.02142857142857,61.0,28.289285714285718,85.0,136.81071428571428,22.0,44.642857142857146,1.7857142857142858,343.4428571428572
8900,10.0,1,0.0,1.0,0.0,0.8,0.0,0.6,0.0,0.1,0.0,0.3,0.0,0.5,0.5,3.8
8904,10.0,8,0.0,8.0,0.0,6.4,0.0,4.8,7.0,2.8125,20.0,29.4,0.0,4.0,0.5625,55.974999999999994
8906,10.0,33,15.0,69.81818181818181,13.0,51.296969696969704,3.0,23.563636363636363,38.0,15.275757575757575,68.0,92.73636363636363,8.0,25.46969696969697,24.242424242424242,302.4030303030303
8908,10.0,26,6.0,39.38461538461539,4.0,27.692307692307693,2.0,18.092307692307692,24.0,9.615384615384617,55.0,75.70384615384614,6.0,19.692307692307693,17.307692307692307,207.48846153846154
8909,10.0,20,2.0,24.2,1.0,17.64,0.0,12.0,17.0,6.845000000000001,33.0,42.135,11.0,24.025,2.5,129.345
8911,10.0,35,2.0,39.114285714285714,4.0,34.76571428571429,2.0,23.468571428571426,26.0,10.631428571428572,40.0,48.214285714285715,9.0,27.65714285714286,1.4285714285714286,185.28
8913,10.0,2,0.0,2.0,0.0,1.6,0.0,1.2,1.0,0.45,0.0,0.6,0.0,1.0,2.25,9.1
8914,10.0,45,24.0,105.8,18.0,70.56,6.0,34.68,84.0,36.980000000000004,136.0,218.40666666666667,22.0,49.87777777777778,6.944444444444445,523.2488888888889
8915,10.0,27,2.0,31.14814814814815,2.0,24.91851851851852,1.0,17.42222222222222,21.0,8.533333333333333,33.0,40.0,13.0,29.62962962962963,0.07407407407407407,151.72592592592594
8916,10.0,19,4.0,27.842105263157894,2.0,18.568421052631578,0.0,11.4,11.0,4.736842105263158,20.0,24.01578947368421,4.0,13.921052631578947,3.789473684210526,104.2736842105263
8918,10.0,3,0.0,3.0,0.0,2.4000000000000004,0.0,1.7999999999999998,0.0,0.30000000000000004,1.0,1.5999999999999999,0.0,1.5,1.5,12.1
8919,10.0,1,0.0,1.0,0.0,0.8,0.0,0.6,0.0,0.1,0.0,0.3,0.0,0.5,0.5,3.8
8922,10.0,5,2.0,9.8,1.0,5.760000000000001,0.0,3.0,2.0,0.9800000000000001,6.0,7.26,4.0,8.1,2.5,37.400000000000006
8923,10.0,16,4.0,25.0,5.0,22.05,0.0,9.6,14.0,5.625,31.0,41.418749999999996,10.0,21.125,12.5,137.31875
8924,10.0,48,10.0,70.08333333333333,17.0,70.41666666666667,8.0,39.199999999999996,49.0,19.602083333333336,66.0,81.225,15.0,41.34375,51.041666666666664,372.91249999999997
8925,10.0,32,22.0,91.125,9.0,42.025000000000006,2.0,21.675,78.0,37.8125,127.0,237.00937499999998,24.0,49.0,3.0625,481.709375
8926,10.0,4,5.0,20.25,3.0,9.8,1.0,3.75,11.0,5.625,16.0,30.0,0.0,2.0,18.0,89.425
8927,10.0,35,16.0,74.31428571428572,15.0,57.142857142857146,2.0,23.468571428571426,47.0,19.211428571428574,131.0,236.19428571428568,11.0,30.228571428571428,41.65714285714286,482.2171428571428
8931,10.0,4,0.0,4.0,1.0,5.0,0.0,2.4,0.0,0.4,1.0,1.875,0.0,2.0,2.0,17.675
8933,10.0,29,26.0,104.3103448275862,8.0,37.76551724137931,4.0,22.531034482758617,60.0,27.313793103448276,131.0,264.8275862068965,8.0,23.603448275862068,33.37931034482759,513.7310344827586
8934,10.0,28,6.0,41.285714285714285,3.0,27.457142857142856,3.0,20.59285714285714,45.0,19.03214285714286,68.0,98.74285714285715,4.0,18.285714285714285,10.285714285714286,235.68214285714282
8936,10.0,46,1.0,48.02173913043478,5.0,45.23478260869565,5.0,33.926086956521736,67.0,27.758695652173913,57.0,69.1891304347826,36.0,73.08695652173913,21.043478260869566,318.2608695652174
8937,10.0,38,18.0,82.52631578947368,14.0,56.92631578947369,11.0,37.91052631578947,65.0,27.91842105263158,136.0,239.02105263157893,5.0,24.32894736842105,44.26315789473684,512.8947368421052
8939,10.0,2,0.0,2.0,0.0,1.6,0.0,1.2,0.0,0.2,0.0,0.6,0.0,1.0,1.0,7.6
8940,10.0,1,0.0,1.0,0.0,0.8,0.0,0.6,0.0,0.1,0.0,0.3,0.0,0.5,0.5,3.8
8941,10.0,27,8.0,45.370370370370374,3.0,26.66666666666667,1.0,17.42222222222222,17.0,7.170370370370371,49.0,64.17777777777778,7.0,21.40740740740741,8.962962962962964,191.17777777777778
8943,10.0,9,0.0,9.0,0.0,7.2,0.0,5.3999999999999995,1.0,1.1111111111111112,3.0,4.8,1.0,5.555555555555555,0.2222222222222222,33.288888888888884
8944,10.0,14,0.0,14.0,4.0,18.514285714285716,0.0,8.4,15.0,6.007142857142857,23.0,29.335714285714285,4.0,11.571428571428571,3.5714285714285716,91.4
8947,10.0,7,3.0,14.285714285714286,1.0,7.314285714285714,0.0,4.2,8.0,3.214285714285715,12.0,15.47142857142857,0.0,3.5,5.785714285714286,53.77142857142857
8948,10.0,41,17.0,82.04878048780488,6.0,43.10243902439024,4.0,29.634146341463413,58.0,23.90487804878049,112.0,171.28536585365853,5.0,25.804878048780488,14.939024390243903,390.719512195122
8950,10.0,8,1.0,10.125,2.0,10.0,0.0,4.8,5.0,2.1125000000000003,8.0,9.6,8.0,16.0,1.5625,54.2
8951,10.0,1,0.0,1.0,0.0,0.8,0.0,0.6,0.0,0.1,0.0,0.3,0.0,0.5,0.5,3.8
8953,10.0,57,8.0,74.12280701754386,10.0,63.00350877192982,5.0,40.46315789473684,86.0,35.87543859649123,99.0,128.0842105263158,12.0,41.76315789473684,17.763157894736842,401.07543859649115
8956,10.0,20,6.0,33.8,11.0,38.44,1.0,13.23,26.0,10.58,40.0,54.0,1.0,11.025,4.9,165.97500000000002
8957,10.0,30,17.0,73.63333333333334,12.0,47.04,2.0,20.48,36.0,14.52,70.0,99.99999999999999,9.0,25.35,4.266666666666667,285.29
8960,10.0,37,33.0,132.43243243243242,8.0,43.78378378378378,0.0,22.2,89.0,42.90810810810811,166.0,334.127027027027,11.0,31.135135135135137,43.9054054054054,650.4918918918918
8978,10.0,5,3.0,12.8,1.0,5.760000000000001,0.0,3.0,13.0,6.48,13.0,19.439999999999998,2.0,4.9,2.5,54.88
9007,10.0,13,0.0,13.0,1.0,12.061538461538461,0.0,7.8,20.0,8.376923076923077,20.0,25.130769230769232,6.0,13.884615384615385,0.34615384615384615,80.6
9010,10.0,1,0.0,1.0,0.0,0.8,0.0,0.6,0.0,0.1,0.0,0.3,0.0,0.5,0.5,3.8
9011,10.0,1,0.0,1.0,0.0,0.8,0.0,0.6,0.0,0.1,0.0,0.3,0.0,0.5,0.5,3.8
9028,10.0,14,2.0,18.285714285714285,2.0,14.628571428571428,1.0,9.642857142857144,15.0,6.007142857142857,21.0,26.25,1.0,8.035714285714286,3.5714285714285716,86.42142857142858
9035,10.0,3,0.0,3.0,0.0,2.4000000000000004,0.0,1.7999999999999998,3.0,1.2000000000000002,1.0,1.5999999999999999,0.0,1.5,0.16666666666666666,11.666666666666666
9083,10.0,1,0.0,1.0,0.0,0.8,0.0,0.6,0.0,0.1,1.0,1.2,0.0,0.5,2.0,6.2
9089,10.0,1,0.0,1.0,0.0,0.8,0.0,0.6,2.0,0.9,1.0,1.2,0.0,0.5,0.0,5.0
9103,10.0,5,1.0,7.2,0.0,4.0,0.0,3.0,1.0,0.7200000000000001,3.0,3.84,0.0,2.5,1.6,22.86
9171,10.0,5,2.0,9.8,0.0,4.0,0.0,3.0,2.0,0.9800000000000001,9.0,11.76,4.0,8.1,0.1,37.74
9178,10.0,2,0.0,2.0,0.0,1.6,0.0,1.2,3.0,1.25,5.0,7.35,3.0,6.25,1.0,20.65
9275,10.0,1,0.0,1.0,0.0,0.8,0.0,0.6,1.0,0.4,0.0,0.3,0.0,0.5,0.5,4.1
9277,10.0,1,0.0,1.0,0.0,0.8,0.0,0.6,0.0,0.1,1.0,1.2,0.0,0.5,0.0,4.2
9278,10.0,1,0.0,1.0,0.0,0.8,0.0,0.6,0.0,0.1,1.0,1.2,0.0,0.5,0.0,4.2
9283,10.0,1,1.0,4.0,0.0,0.8,0.0,0.6,2.0,0.9,3.0,4.8,0.0,0.5,0.0,11.6
9286,10.0,1,0.0,1.0,0.0,0.8,0.0,0.6,0.0,0.1,0.0,0.3,2.0,4.5,2.0,9.3
9287,10.0,1,0.0,1.0,0.0,0.8,0.0,0.6,0.0,0.1,0.0,0.3,0.0,0.5,0.5,3.8
9288,10.0,1,1.0,4.0,0.0,0.8,0.0,0.6,3.0,1.6,6.0,14.7,0.0,0.5,0.5,22.7
9297,10.0,1,0.0,1.0,0.0,0.8,0.0,0.6,1.0,0.4,0.0,0.3,0.0,0.5,0.5,4.1
9298,10.0,29,13.0,60.827586206896555,17.0,58.372413793103455,3.0,21.186206896551724,54.0,23.755172413793105,111.0,202.75862068965515,4.0,18.775862068965516,21.120689655172413,406.7965517241379
9301,10.0,2,0.0,2.0,0.0,1.6,0.0,1.2,0.0,0.2,0.0,0.6,0.0,1.0,1.0,7.6
9302,10.0,2,0.0,2.0,0.0,1.6,0.0,1.2,0.0,0.2,0.0,0.6,0.0,1.0,1.0,7.6
9303,10.0,1,0.0,1.0,0.0,0.8,0.0,0.6,0.0,0.1,0.0,0.3,0.0,0.5,0.5,3.8
9319,10.0,48,15.0,82.6875,4.0,45.06666666666667,0.0,28.799999999999997,82.0,35.208333333333336,143.0,228.00625,32.0,66.66666666666667,1.2604166666666667,487.6958333333334
9320,10.0,54,11.0,78.24074074074075,14.0,68.5037037037037,2.0,34.84444444444444,78.0,32.26666666666667,97.0,126.67222222222222,16.0,45.370370370370374,27.0,412.8981481481482
9323,10.0,3,0.0,3.0,0.0,2.4000000000000004,0.0,1.7999999999999998,0.0,0.30000000000000004,0.0,0.8999999999999999,0.0,1.5,1.5,11.4
9326,10.0,2,0.0,2.0,0.0,1.6,0.0,1.2,0.0,0.2,0.0,0.6,0.0,1.0,1.0,7.6
9331,10.0,5,3.0,12.8,0.0,4.0,0.0,3.0,21.0,13.52,18.0,31.74,0.0,2.5,0.9,68.46000000000001
9333,10.0,7,11.0,46.285714285714285,7.0,22.400000000000002,3.0,8.571428571428571,15.0,6.914285714285715,31.0,61.88571428571428,2.0,5.785714285714286,28.571428571428573,180.4142857142857
9334,10.0,36,9.0,56.25,6.0,39.2,3.0,25.349999999999998,63.0,27.225,86.0,124.03333333333333,15.0,36.125,10.125,318.30833333333334
9339,10.0,1,0.0,1.0,0.0,0.8,0.0,0.6,0.0,0.1,0.0,0.3,0.0,0.5,0.5,3.8
9342,10.0,3,0.0,3.0,0.0,2.4000000000000004,0.0,1.7999999999999998,0.0,0.30000000000000004,1.0,1.5999999999999999,2.0,4.166666666666667,1.5,14.766666666666666
9343,10.0,2,0.0,2.0,0.0,1.6,0.0,1.2,0.0,0.2,0.0,0.6,0.0,1.0,1.0,7.6
9344,10.0,3,1.0,5.333333333333333,0.0,2.4000000000000004,0.0,1.7999999999999998,0.0,0.30000000000000004,1.0,1.5999999999999999,0.0,1.5,1.5,14.433333333333334
9345,10.0,1,1.0,4.0,0.0,0.8,0.0,0.6,0.0,0.1,3.0,4.8,0.0,0.5,0.5,11.299999999999999
9349,10.0,1,0.0,1.0,0.0,0.8,0.0,0.6,0.0,0.1,3.0,4.8,0.0,0.5,2.0,9.8
9351,10.0,1,0.0,1.0,1.0,3.2,0.0,0.6,0.0,0.1,1.0,1.2,0.0,0.5,2.0,8.6
9355,10.0,1,0.0,1.0,0.0,0.8,0.0,0.6,0.0,0.1,1.0,1.2,0.0,0.5,0.5,4.7
9356,10.0,1,0.0,1.0,0.0,0.8,0.0,0.6,2.0,0.9,5.0,10.799999999999999,0.0,0.5,2.0,16.599999999999998
9357,10.0,1,0.0,1.0,0.0,0.8,0.0,0.6,0.0,0.1,0.0,0.3,0.0,0.5,0.0,3.3
9358,10.0,1,1.0,4.0,0.0,0.8,0.0,0.6,0.0,0.1,1.0,1.2,0.0,0.5,2.0,9.2
9363,10.0,1,0.0,1.0,0.0,0.8,0.0,0.6,0.0,0.1,8.0,24.3,0.0,0.5,0.5,27.8
9404,10.0,4,0.0,4.0,0.0,3.2,0.0,2.4,0.0,0.4,1.0,1.875,0.0,2.0,0.0,13.875
9454,10.0,7,0.0,7.0,2.0,9.257142857142858,0.0,4.2,8.0,3.214285714285715,8.0,9.642857142857144,0.0,3.5,0.2857142857142857,37.1
9538,10.0,37,13.0,67.56756756756756,7.0,41.85945945945946,3.0,25.945945945945944,45.0,18.172972972972975,80.0,110.99189189189188,5.0,23.83783783783784,37.95945945945946,326.33513513513515
9605,10.0,48,18.0,90.75,11.0,58.016666666666666,3.0,32.512499999999996,76.0,32.03333333333333,113.0,162.00625,21.0,49.59375,14.260416666666666,439.17291666666665
9609,10.0,9,2.0,13.444444444444445,2.0,10.755555555555556,0.0,5.3999999999999995,14.0,5.877777777777778,14.0,17.633333333333333,2.0,6.722222222222222,0.8888888888888888,60.72222222222222
9610,10.0,26,17.0,71.11538461538461,10.0,39.87692307692308,2.0,18.092307692307692,52.0,23.400000000000002,98.0,177.4153846153846,8.0,22.23076923076923,40.69230769230769,392.8230769230769
9611,10.0,1,0.0,1.0,0.0,0.8,0.0,0.6,0.0,0.1,0.0,0.3,0.0,0.5,0.5,3.8
9612,10.0,43,13.0,72.93023255813954,6.0,44.66976744186047,1.0,27.013953488372092,56.0,22.793023255813953,81.0,107.27441860465116,25.0,53.76744186046512,7.8604651162790695,336.30930232558137
9617,10.0,9,0.0,9.0,2.0,10.755555555555556,1.0,6.666666666666666,17.0,7.511111111111112,20.0,28.03333333333333,1.0,5.555555555555555,8.0,75.52222222222223
9618,10.0,20,9.0,42.05,11.0,38.44,4.0,17.28,32.0,13.52,47.0,67.335,7.0,18.225,0.9,197.75
9619,10.0,8,5.0,21.125,1.0,8.1,0.0,4.8,21.0,10.512500000000001,24.0,38.4,1.0,5.0625,9.0,97.0
9620,10.0,22,12.0,52.54545454545455,6.0,28.509090909090908,1.0,14.427272727272728,40.0,17.472727272727273,71.0,117.94090909090909,6.0,17.818181818181817,5.113636363636363,253.8272727272727
9621,10.0,1,0.0,1.0,0.0,0.8,0.0,0.6,0.0,0.1,0.0,0.3,0.0,0.5,0.5,3.8
9622,10.0,1,0.0,1.0,0.0,0.8,0.0,0.6,0.0,0.1,0.0,0.3,0.0,0.5,0.5,3.8
9629,10.0,22,17.0,69.13636363636364,3.0,22.72727272727273,0.0,13.2,46.0,21.01818181818182,62.0,96.21818181818182,7.0,19.113636363636363,17.818181818181817,259.2318181818182
9631,10.0,1,1.0,4.0,0.0,0.8,0.0,0.6,2.0,0.9,1.0,1.2,1.0,2.0,2.0,11.5
9636,10.0,4,0.0,4.0,0.0,3.2,0.0,2.4,0.0,0.4,0.0,1.2,0.0,2.0,1.125,14.325
9637,10.0,1,0.0,1.0,0.0,0.8,0.0,0.6,0.0,0.1,1.0,1.2,0.0,0.5,0.5,4.7
9641,10.0,36,6.0,49.0,8.0,43.022222222222226,2.0,24.066666666666666,49.0,20.069444444444446,68.0,90.13333333333334,14.0,34.72222222222222,6.125,267.1388888888889
9642,10.0,29,19.0,79.44827586206897,8.0,37.76551724137931,2.0,19.882758620689657,49.0,20.97931034482759,93.0,153.97241379310347,14.0,31.879310344827587,31.879310344827587,375.8068965517241
9646,10.0,24,14.0,60.166666666666664,8.0,34.13333333333333,1.0,15.625,64.0,32.26666666666667,114.0,238.04999999999998,2.0,14.083333333333334,14.083333333333334,408.4083333333333
9652,10.0,39,10.0,61.56410256410256,3.0,36.18461538461539,0.0,23.4,79.0,35.702564102564104,75.0,99.96923076923076,8.0,28.32051282051282,7.384615384615385,292.525641025641
9653,10.0,12,5.0,24.083333333333332,2.0,13.066666666666666,0.0,7.199999999999999,13.0,5.208333333333334,19.0,24.025,6.0,13.5,10.666666666666666,97.75
9654,10.0,7,3.0,14.285714285714286,1.0,7.314285714285714,1.0,5.485714285714285,14.0,6.300000000000001,16.0,22.67142857142857,2.0,5.785714285714286,5.785714285714286,67.62857142857143
9655,10.0,2,0.0,2.0,1.0,3.6,0.0,1.2,3.0,1.25,1.0,1.3499999999999999,0.0,1.0,1.0,11.4
9656,10.0,13,2.0,17.307692307692307,0.0,10.4,0.0,7.8,17.0,6.923076923076923,15.0,18.092307692307692,3.0,9.846153846153847,0.6153846153846154,70.98461538461538
9657,10.0,2,0.0,2.0,0.0,1.6,0.0,1.2,0.0,0.2,0.0,0.6,0.0,1.0,1.0,7.6
9661,10.0,11,2.0,15.363636363636363,3.0,14.254545454545454,0.0,6.6,14.0,5.6818181818181825,8.0,9.845454545454546,7.0,14.727272727272727,11.636363636363637,78.10909090909091
9665,10.0,15,9.0,38.4,12.0,38.88,4.0,14.44,17.0,6.826666666666667,43.0,67.28,2.0,9.633333333333333,43.2,218.65999999999997
9667,10.0,34,7.0,49.44117647058823,9.0,43.50588235294118,3.0,24.158823529411766,37.0,14.826470588235294,58.0,74.68235294117646,12.0,31.11764705882353,5.3088235294117645,243.0411764705882
9669,10.0,1,0.0,1.0,0.0,0.8,0.0,0.6,0.0,0.1,0.0,0.3,0.0,0.5,0.5,3.8
9671,10.0,15,9.0,38.4,4.0,19.253333333333334,2.0,11.559999999999999,36.0,17.34,59.0,109.52,6.0,14.7,22.533333333333335,233.30666666666664
9674,10.0,33,21.0,88.36363636363636,11.0,46.93333333333334,8.0,30.563636363636363,50.0,20.875757575757575,86.0,128.73636363636362,4.0,20.742424242424242,64.01515151515152,400.23030303030305
9676,10.0,2,1.0,4.5,0.0,1.6,0.0,1.2,0.0,0.2,3.0,3.75,1.0,2.25,1.0,14.5
9679,10.0,33,4.0,41.484848484848484,2.0,29.696969696969703,1.0,21.01818181818182,29.0,11.648484848484848,31.0,37.236363636363635,5.0,21.87878787878788,8.727272727272727,171.69090909090906
9680,10.0,43,15.0,78.23255813953489,10.0,52.26046511627907,3.0,29.525581395348837,58.0,23.72325581395349,93.0,129.0418604651163,2.0,23.546511627906977,18.6046511627907,354.9348837209302
9683,10.0,48,40.0,161.33333333333334,17.0,70.41666666666667,12.0,45.0,138.0,72.075,272.0,640.0,18.0,45.375,80.66666666666667,1114.8666666666668
9684,10.0,3,0.0,3.0,0.0,2.4000000000000004,0.0,1.7999999999999998,0.0,0.30000000000000004,0.0,0.8999999999999999,0.0,1.5,1.5,11.4
9688,10.0,1,0.0,1.0,0.0,0.8,0.0,0.6,0.0,0.1,3.0,4.8,1.0,2.0,0.5,9.8
9690,10.0,6,2.0,10.666666666666666,0.0,4.800000000000001,2.0,6.3999999999999995,13.0,6.016666666666667,24.0,45.0,0.0,3.0,10.083333333333334,85.96666666666665
9691,10.0,27,13.0,59.25925925925926,6.0,32.26666666666667,1.0,17.42222222222222,37.0,15.170370370370371,65.0,94.04444444444444,11.0,26.74074074074074,31.12962962962963,276.03333333333336
9693,10.0,4,0.0,4.0,3.0,9.8,0.0,2.4,4.0,1.6,3.0,3.675,8.0,18.0,3.125,42.6
9696,10.0,1,0.0,1.0,0.0,0.8,0.0,0.6,0.0,0.1,0.0,0.3,0.0,0.5,0.5,3.8
9790,10.0,37,3.0,43.24324324324324,4.0,36.34594594594595,0.0,22.2,13.0,6.756756756756757,25.0,31.167567567567566,17.0,39.4054054054054,4.878378378378378,183.99729729729734
9793,10.0,41,15.0,76.48780487804878,11.0,52.7609756097561,2.0,27.05853658536585,120.0,63.2219512195122,106.0,158.11463414634144,17.0,41.02439024390244,19.51219512195122,438.180487804878
9797,10.0,28,3.0,34.32142857142857,6.0,33.02857142857143,3.0,20.59285714285714,27.0,10.80357142857143,50.0,65.18571428571428,16.0,34.57142857142857,2.1607142857142856,200.6642857142857
9824,10.0,2,0.0,2.0,0.0,1.6,0.0,1.2,2.0,0.8,0.0,0.6,1.0,2.25,1.0,9.45
9839,10.0,18,9.0,40.5,4.0,21.511111111111113,0.0,10.799999999999999,35.0,15.605555555555554,36.0,48.6,8.0,18.77777777777778,3.361111111111111,159.15555555555557
9847,10.0,10,1.0,12.1,1.0,9.68,0.0,6.0,12.0,4.84,12.0,14.52,0.0,5.0,4.05,56.19
9849,10.0,3,0.0,3.0,0.0,2.4000000000000004,0.0,1.7999999999999998,3.0,1.2000000000000002,5.0,6.3999999999999995,2.0,4.166666666666667,0.6666666666666666,19.633333333333336
9851,10.0,17,7.0,33.88235294117647,12.0,39.576470588235296,6.0,18.670588235294115,33.0,14.705882352941178,63.0,112.94117647058825,5.0,14.235294117647058,34.0,268.0117647058824
9852,10.0,1,0.0,1.0,0.0,0.8,0.0,0.6,0.0,0.1,0.0,0.3,0.0,0.5,0.5,3.8
9854,10.0,1,0.0,1.0,0.0,0.8,0.0,0.6,0.0,0.1,0.0,0.3,0.0,0.5,0.5,3.8
9859,10.0,9,1.0,11.11111111111111,0.0,7.2,1.0,6.666666666666666,10.0,4.011111111111112,15.0,19.2,2.0,6.722222222222222,0.8888888888888888,55.79999999999999
9862,10.0,1,0.0,1.0,0.0,0.8,0.0,0.6,0.0,0.1,0.0,0.3,0.0,0.5,0.5,3.8
9863,10.0,1,0.0,1.0,0.0,0.8,0.0,0.6,0.0,0.1,0.0,0.3,0.0,0.5,0.5,3.8
9868,10.0,5,3.0,12.8,3.0,10.240000000000002,0.0,3.0,10.0,4.5,17.0,29.04,1.0,3.6,2.5,65.68
9870,10.0,6,0.0,6.0,2.0,8.533333333333333,0.0,3.5999999999999996,3.0,1.35,8.0,9.799999999999999,0.0,3.0,4.083333333333333,36.36666666666667
9871,10.0,4,0.0,4.0,0.0,3.2,1.0,3.75,7.0,3.0250000000000004,9.0,12.674999999999999,0.0,2.0,0.5,29.15
9873,10.0,1,0.0,1.0,0.0,0.8,0.0,0.6,0.0,0.1,1.0,1.2,0.0,0.5,2.0,6.2
9874,10.0,1,1.0,4.0,0.0,0.8,0.0,0.6,2.0,0.9,2.0,2.6999999999999997,1.0,2.0,2.0,13.0
10004,10.0,4,2.0,9.0,1.0,5.0,0.0,2.4,3.0,1.225,9.0,12.674999999999999,1.0,3.125,3.125,36.55
10036,10.0,1,0.0,1.0,1.0,3.2,0.0,0.6,3.0,1.6,7.0,19.2,0.0,0.5,2.0,28.1
10052,10.0,26,2.0,30.153846153846153,0.0,20.8,0.0,15.6,32.0,12.938461538461539,19.0,23.365384615384617,7.0,20.942307692307693,8.48076923076923,132.28076923076924
10054,10.0,27,8.0,45.370370370370374,2.0,24.91851851851852,0.0,16.2,53.0,23.703703703703706,66.0,96.1,11.0,26.74074074074074,1.8518518518518519,234.88518518518518
10056,10.0,37,8.0,54.729729729729726,8.0,43.78378378378378,1.0,23.416216216216213,33.0,13.243243243243242,46.0,55.85675675675676,10.0,29.85135135135135,7.783783783783784,228.66486486486485
10057,10.0,5,8.0,33.8,0.0,4.0,0.0,3.0,12.0,5.78,28.0,65.34,1.0,3.6,10.0,125.52
10058,10.0,16,3.0,22.5625,2.0,16.2,0.0,9.6,21.0,8.55625,24.0,30.0,5.0,13.78125,0.28125,100.98125
10060,10.0,13,1.0,15.076923076923077,0.0,10.4,0.0,7.8,1.0,1.5076923076923077,6.0,8.330769230769231,3.0,9.846153846153847,0.0,52.96153846153846
10061,10.0,28,3.0,34.32142857142857,2.0,25.71428571428572,1.0,18.02142857142857,29.0,11.60357142857143,25.0,30.096428571428568,16.0,34.57142857142857,7.142857142857143,161.47142857142856
10064,10.0,13,2.0,17.307692307692307,5.0,19.93846153846154,2.0,10.384615384615383,12.0,4.807692307692308,22.0,28.269230769230766,7.0,15.384615384615385,15.384615384615385,111.47692307692307
10065,10.0,16,9.0,39.0625,4.0,20.0,2.0,12.15,24.0,10.0,46.0,72.075,8.0,18.0,34.03125,205.31875000000002
10066,10.0,6,3.0,13.5,3.0,10.8,0.0,3.5999999999999996,12.0,5.4,14.0,20.0,0.0,3.0,8.333333333333334,64.63333333333333
10067,10.0,4,0.0,4.0,0.0,3.2,0.0,2.4,5.0,2.025,5.0,6.075,1.0,3.125,1.125,21.95
10068,10.0,25,4.0,33.64,2.0,23.328000000000003,0.0,15.0,23.0,9.216,29.0,34.992,3.0,15.68,0.08,131.936
10069,10.0,24,0.0,24.0,3.0,24.3,1.0,15.625,23.0,9.204166666666667,22.0,26.45,20.0,40.333333333333336,4.6875,144.6
10070,10.0,5,0.0,5.0,0.0,4.0,0.0,3.0,3.0,1.2800000000000002,1.0,2.16,1.0,3.6,0.0,19.040000000000003
10073,10.0,3,0.0,3.0,0.0,2.4000000000000004,0.0,1.7999999999999998,1.0,0.5333333333333333,2.0,2.5,0.0,1.5,1.5,13.233333333333334
10075,10.0,1,0.0,1.0,0.0,0.8,0.0,0.6,0.0,0.1,0.0,0.3,0.0,0.5,0.5,3.8
10076,10.0,1,0.0,1.0,0.0,0.8,0.0,0.6,2.0,0.9,1.0,1.2,0.0,0.5,0.5,5.5
10079,10.0,11,1.0,13.090909090909092,1.0,10.472727272727274,0.0,6.6,9.0,3.6363636363636367,16.0,19.88181818181818,0.0,5.5,7.681818181818182,66.86363636363636
10081,10.0,8,2.0,12.5,1.0,8.1,0.0,4.8,8.0,3.2,11.0,13.5375,2.0,6.25,7.5625,55.95
10084,10.0,7,3.0,14.285714285714286,4.0,13.82857142857143,2.0,6.942857142857142,18.0,8.928571428571429,18.0,26.78571428571429,1.0,4.571428571428571,31.5,106.84285714285714
10086,10.0,13,1.0,15.076923076923077,0.0,10.4,0.0,7.8,4.0,2.223076923076923,10.0,12.207692307692307,2.0,8.653846153846153,5.538461538461538,61.9
10089,10.0,24,7.0,40.041666666666664,8.0,34.13333333333333,1.0,15.625,21.0,8.4375,38.0,48.05,12.0,27.0,20.020833333333332,193.30833333333334
10090,10.0,44,12.0,71.27272727272727,20.0,74.47272727272728,5.0,32.74090909090909,76.0,32.72727272727273,94.0,129.84545454545454,22.0,49.5,57.28409090909091,447.84318181818185
10091,10.0,11,0.0,11.0,0.0,8.8,0.0,6.6,10.0,4.00909090909091,9.0,10.90909090909091,3.0,8.909090909090908,4.545454545454546,54.772727272727266
10092,10.0,43,21.0,95.25581395348837,12.0,56.27906976744187,5.0,32.14883720930233,52.0,20.98837209302326,114.0,171.96976744186045,13.0,36.46511627906977,58.616279069767444,471.7232558139534
10094,10.0,16,3.0,22.5625,7.0,26.450000000000003,0.0,9.6,13.0,5.2562500000000005,23.0,28.51875,3.0,11.28125,2.0,105.66875
10095,10.0,19,0.0,19.0,2.0,18.568421052631578,0.0,11.4,22.0,8.847368421052632,13.0,16.168421052631576,11.0,23.68421052631579,1.2894736842105263,98.95789473684209
10096,10.0,33,6.0,46.09090909090909,5.0,35.00606060606061,4.0,24.89090909090909,16.0,7.275757575757575,32.0,38.40909090909091,14.0,33.46969696969697,19.636363636363637,204.77878787878788
10097,10.0,19,0.0,19.0,0.0,15.200000000000001,1.0,12.631578947368421,5.0,3.031578947368421,2.0,6.963157894736842,18.0,36.026315789473685,0.02631578947368421,92.87894736842107
10098,10.0,22,4.0,30.727272727272727,5.0,26.509090909090908,2.0,15.709090909090909,24.0,9.618181818181819,30.0,36.87272727272727,9.0,21.84090909090909,27.84090909090909,169.11818181818182
10099,10.0,17,6.0,31.11764705882353,6.0,24.894117647058824,0.0,10.2,13.0,5.294117647058823,31.0,40.65882352941176,5.0,14.235294117647058,16.941176470588236,143.34117647058824
10100,10.0,18,1.0,20.055555555555557,1.0,16.044444444444448,0.0,10.799999999999999,13.0,5.338888888888889,14.0,17.066666666666666,8.0,18.77777777777778,2.25,90.33333333333334
10102,10.0,26,10.0,49.84615384615385,2.0,24.123076923076923,2.0,18.092307692307692,53.0,24.003846153846155,64.0,93.46153846153847,3.0,16.173076923076923,18.48076923076923,244.18076923076924
10103,10.0,25,2.0,29.16,4.0,26.912000000000003,0.0,15.0,27.0,10.816,33.0,40.368,14.0,30.42,5.78,158.456
10104,10.0,1,0.0,1.0,0.0,0.8,0.0,0.6,0.0,0.1,0.0,0.3,0.0,0.5,0.5,3.8
10109,10.0,21,2.0,25.19047619047619,2.0,20.152380952380952,1.0,13.828571428571427,52.0,25.376190476190477,36.0,46.41428571428572,9.0,21.428571428571427,10.5,162.8904761904762
10110,10.0,4,0.0,4.0,0.0,3.2,0.0,2.4,2.0,0.9,6.0,7.5,2.0,4.5,0.125,22.625
10111,10.0,30,20.0,83.33333333333333,5.0,32.66666666666667,1.0,19.22,58.0,25.813333333333333,97.0,161.29,10.0,26.666666666666668,26.666666666666668,375.6566666666667
10112,10.0,9,1.0,11.11111111111111,3.0,12.8,0.0,5.3999999999999995,8.0,3.2111111111111117,26.0,40.833333333333336,3.0,8.0,0.05555555555555555,81.41111111111111
10113,10.0,33,4.0,41.484848484848484,0.0,26.400000000000002,0.0,19.8,27.0,10.90909090909091,42.0,51.13636363636364,8.0,25.46969696969697,2.1818181818181817,177.3818181818182
10114,10.0,21,6.0,34.714285714285715,3.0,21.942857142857143,0.0,12.6,39.0,17.142857142857142,35.0,44.800000000000004,14.0,29.166666666666668,10.5,170.86666666666665
10115,10.0,2,0.0,2.0,0.0,1.6,0.0,1.2,5.0,2.45,0.0,0.6,0.0,1.0,0.25,9.1
10119,10.0,36,9.0,56.25,3.0,33.800000000000004,2.0,24.066666666666666,39.0,15.625,63.0,81.675,3.0,21.125,2.7222222222222223,235.2638888888889
10120,10.0,29,7.0,44.689655172413794,2.0,26.51034482758621,4.0,22.531034482758617,55.0,24.331034482758625,43.0,53.62758620689655,10.0,26.224137931034484,17.655172413793103,215.56896551724137
10121,10.0,12,0.0,12.0,1.0,11.266666666666667,0.0,7.199999999999999,6.0,2.7,12.0,14.399999999999999,1.0,7.041666666666667,7.041666666666667,61.64999999999999
10122,10.0,25,1.0,27.04,2.0,23.328000000000003,0.0,15.0,30.0,12.100000000000001,24.0,28.812,19.0,38.72,12.5,157.5
10123,10.0,30,7.0,45.63333333333333,7.0,36.50666666666667,2.0,20.48,24.0,9.72,54.0,70.55999999999999,3.0,18.15,22.816666666666666,223.86666666666665
10124,10.0,34,22.0,92.23529411764706,13.0,51.976470588235294,2.0,22.870588235294118,74.0,34.305882352941175,108.0,177.91764705882352,4.0,21.235294117647058,66.01470588235294,466.5558823529412
10126,10.0,20,11.0,48.05,2.0,19.36,0.0,12.0,35.0,15.125,69.0,118.815,6.0,16.9,10.0,240.25
10128,10.0,1,0.0,1.0,0.0,0.8,0.0,0.6,2.0,0.9,3.0,4.8,0.0,0.5,0.0,8.6
10134,10.0,7,0.0,7.0,1.0,7.314285714285714,0.0,4.2,3.0,1.4285714285714288,12.0,15.47142857142857,1.0,4.571428571428571,3.5,43.48571428571428
10137,10.0,7,2.0,11.571428571428571,3.0,11.42857142857143,0.0,4.2,7.0,2.8000000000000003,17.0,24.685714285714287,2.0,5.785714285714286,14.0,74.47142857142856
10142,10.0,26,1.0,28.03846153846154,5.0,29.56923076923077,3.0,19.407692307692308,13.0,5.8500000000000005,29.0,34.90384615384615,4.0,17.307692307692307,3.769230769230769,138.84615384615387
10143,10.0,17,7.0,33.88235294117647,3.0,18.823529411764707,3.0,14.11764705882353,24.0,9.888235294117647,37.0,51.45882352941177,2.0,10.617647058823529,12.970588235294118,151.75882352941179
10147,10.0,11,13.0,52.36363636363637,4.0,16.363636363636363,0.0,6.6,32.0,16.80909090909091,53.0,111.7090909090909,0.0,5.5,28.40909090909091,237.75454545454545
10149,10.0,6,4.0,16.666666666666668,3.0,10.8,1.0,4.8999999999999995,10.0,4.266666666666667,24.0,45.0,0.0,3.0,18.75,103.38333333333333
10150,10.0,9,9.0,36.0,1.0,8.88888888888889,2.0,8.066666666666666,19.0,8.711111111111112,33.0,58.8,0.0,4.5,4.5,129.46666666666664
10152,10.0,6,1.0,8.166666666666666,0.0,4.800000000000001,0.0,3.5999999999999996,3.0,1.35,2.0,3.1999999999999997,1.0,4.083333333333333,0.75,25.95
10155,10.0,18,0.0,18.0,1.0,16.044444444444448,0.0,10.799999999999999,4.0,2.688888888888889,2.0,6.666666666666666,11.0,23.36111111111111,4.0,81.56111111111112
10157,10.0,36,23.0,96.69444444444444,13.0,53.355555555555554,1.0,22.816666666666666,67.0,29.46944444444445,130.0,229.63333333333333,14.0,34.72222222222222,53.388888888888886,520.0805555555555
10161,10.0,31,2.0,35.12903225806452,3.0,29.83225806451613,1.0,19.819354838709675,20.0,8.390322580645162,29.0,34.83870967741935,8.0,24.532258064516128,16.516129032258064,169.05806451612904
10162,10.0,6,0.0,6.0,1.0,6.533333333333333,1.0,4.8999999999999995,4.0,1.666666666666667,5.0,6.05,2.0,5.333333333333333,0.3333333333333333,30.816666666666666
10163,10.0,19,2.0,23.210526315789473,0.0,15.200000000000001,0.0,11.4,13.0,5.389473684210526,13.0,16.168421052631576,3.0,12.736842105263158,5.921052631578948,90.02631578947368
10165,10.0,42,27.0,113.35714285714286,26.0,88.07619047619049,7.0,34.3,96.0,45.34285714285715,170.0,321.0285714285714,2.0,23.047619047619047,63.44047619047619,688.5928571428572
10167,10.0,20,10.0,45.0,5.0,25.0,2.0,14.52,28.0,11.520000000000001,61.0,98.415,9.0,21.025,13.225,228.70499999999998
10169,10.0,7,6.0,24.142857142857142,4.0,13.82857142857143,0.0,4.2,25.0,14.628571428571428,29.0,55.54285714285714,2.0,5.785714285714286,20.642857142857142,138.77142857142857
10170,10.0,35,10.0,57.857142857142854,5.0,36.57142857142858,5.0,27.428571428571427,39.0,15.645714285714286,52.0,64.87714285714286,6.0,24.014285714285716,31.557142857142857,257.95142857142855
10171,10.0,3,0.0,3.0,1.0,4.266666666666667,1.0,3.1999999999999997,4.0,1.6333333333333333,6.0,8.1,1.0,2.6666666666666665,8.166666666666666,31.03333333333333
10172,10.0,31,9.0,51.61290322580645,7.0,37.26451612903226,2.0,21.07741935483871,43.0,17.66451612903226,93.0,148.79999999999998,22.0,45.306451612903224,0.5806451612903226,322.3064516129032
10173,10.0,28,8.0,46.285714285714285,3.0,27.457142857142856,0.0,16.8,36.0,14.628571428571428,55.0,73.81071428571428,8.0,23.142857142857142,4.571428571428571,206.69642857142856
10176,10.0,25,3.0,31.36,6.0,30.752,3.0,18.816,25.0,10.0,34.0,41.772,7.0,20.48,19.22,172.39999999999998
10177,10.0,30,15.0,67.5,15.0,54.0,3.0,21.779999999999998,76.0,37.45333333333334,112.0,201.64,5.0,20.416666666666668,24.066666666666666,426.8566666666667
10178,10.0,24,12.0,54.0,13.0,45.63333333333333,9.0,27.224999999999998,54.0,25.35,102.0,198.45,6.0,18.75,44.083333333333336,413.4916666666666
10181,10.0,7,2.0,11.571428571428571,0.0,5.6000000000000005,0.0,4.2,5.0,2.0571428571428574,10.0,12.385714285714284,2.0,5.785714285714286,3.5,45.099999999999994
10182,10.0,7,3.0,14.285714285714286,0.0,5.6000000000000005,2.0,6.942857142857142,18.0,8.928571428571429,18.0,26.78571428571429,1.0,4.571428571428571,0.07142857142857142,67.18571428571428
10183,10.0,2,0.0,2.0,1.0,3.6,0.0,1.2,4.0,1.8,4.0,5.3999999999999995,1.0,2.25,1.0,17.25
10184,10.0,13,7.0,30.76923076923077,2.0,13.846153846153847,0.0,7.8,35.0,17.723076923076924,52.0,97.5,3.0,9.846153846153847,5.538461538461538,183.02307692307693
10185,10.0,32,15.0,69.03125,2.0,28.900000000000002,1.0,20.41875,44.0,18.05,55.0,70.959375,17.0,37.515625,7.5625,252.4375
10186,10.0,9,3.0,16.0,1.0,8.88888888888889,0.0,5.3999999999999995,10.0,4.011111111111112,21.0,30.0,2.0,6.722222222222222,0.05555555555555555,71.07777777777778
10187,10.0,35,36.0,144.02857142857144,14.0,54.879999999999995,6.0,28.81714285714286,79.0,37.13142857142857,156.0,312.6942857142857,6.0,24.014285714285716,103.21428571428571,704.78
10189,10.0,8,0.0,8.0,0.0,6.4,1.0,6.075,4.0,1.8,6.0,7.35,2.0,6.25,3.0625,38.9375
10192,10.0,5,7.0,28.8,7.0,23.040000000000003,2.0,5.88,13.0,6.48,18.0,31.74,0.0,2.5,28.9,127.34
10195,10.0,4,0.0,4.0,1.0,5.0,0.0,2.4,1.0,0.625,3.0,3.675,2.0,4.5,0.5,20.7
10196,10.0,44,23.0,102.02272727272727,8.0,49.163636363636364,4.0,31.418181818181818,58.0,23.645454545454548,122.0,187.88181818181818,30.0,62.22727272727273,3.6818181818181817,460.0409090909091
10197,10.0,5,0.0,5.0,0.0,4.0,0.0,3.0,2.0,0.9800000000000001,3.0,3.84,2.0,4.9,2.5,24.22
10198,10.0,13,3.0,19.692307692307693,3.0,15.753846153846155,1.0,9.046153846153846,12.0,4.807692307692308,15.0,18.092307692307692,3.0,9.846153846153847,1.8846153846153846,79.12307692307692
10199,10.0,34,37.0,148.26470588235293,9.0,43.50588235294118,5.0,26.841176470588234,54.0,22.776470588235295,157.0,321.8911764705882,7.0,24.720588235294116,58.36764705882353,646.3676470588235
10202,10.0,26,0.0,26.0,2.0,24.123076923076923,3.0,19.407692307692308,29.0,11.634615384615385,36.0,44.35384615384615,8.0,22.23076923076923,4.923076923076923,152.67307692307693
10203,10.0,25,22.0,88.36,12.0,43.808,5.0,21.599999999999998,55.0,25.6,80.0,132.29999999999998,6.0,19.22,79.38,410.26800000000003
10204,10.0,7,0.0,7.0,0.0,5.6000000000000005,1.0,5.485714285714285,9.0,3.657142857142857,14.0,18.9,4.0,8.642857142857142,2.5714285714285716,51.85714285714285
10205,10.0,5,1.0,7.2,3.0,10.240000000000002,0.0,3.0,11.0,5.120000000000001,12.0,17.34,0.0,2.5,8.1,53.50000000000001
10207,10.0,24,30.0,121.5,8.0,34.13333333333333,2.0,16.9,90.0,54.150000000000006,171.0,475.3125,1.0,13.020833333333334,54.1875,769.2041666666668
10208,10.0,4,1.0,6.25,0.0,3.2,1.0,3.75,2.0,0.9,3.0,3.675,0.0,2.0,1.125,20.9
10209,10.0,1,0.0,1.0,0.0,0.8,0.0,0.6,5.0,3.6,6.0,14.7,0.0,0.5,4.5,25.7
10210,10.0,2,0.0,2.0,1.0,3.6,0.0,1.2,5.0,2.45,1.0,1.3499999999999999,0.0,1.0,0.25,11.85
10211,10.0,3,1.0,5.333333333333333,0.0,2.4000000000000004,0.0,1.7999999999999998,3.0,1.2000000000000002,3.0,3.5999999999999996,1.0,2.6666666666666665,0.6666666666666666,17.666666666666668
10212,10.0,25,15.0,64.0,13.0,46.208,1.0,16.224,62.0,30.276,73.0,115.248,6.0,19.22,46.08,337.25600000000003
10213,10.0,5,2.0,9.8,1.0,5.760000000000001,0.0,3.0,5.0,2.0,9.0,11.76,0.0,2.5,0.9,35.72
10217,10.0,27,22.0,88.92592592592592,12.0,45.06666666666667,5.0,22.755555555555553,73.0,37.03703703703704,126.0,260.09999999999997,11.0,26.74074074074074,75.85185185185185,556.4777777777778
10218,10.0,37,4.0,45.432432432432435,15.0,58.464864864864865,7.0,31.394594594594594,41.0,16.44324324324324,74.0,99.89999999999999,13.0,33.78378378378378,70.05405405405405,355.472972972973
10222,10.0,12,10.0,40.333333333333336,7.0,24.066666666666666,2.0,9.799999999999999,41.0,23.408333333333335,58.0,122.49999999999999,2.0,8.166666666666666,2.6666666666666665,230.94166666666663
10225,10.0,2,0.0,2.0,0.0,1.6,0.0,1.2,5.0,2.45,3.0,3.75,0.0,1.0,0.25,12.25
10226,10.0,12,21.0,90.75,16.0,52.266666666666666,7.0,18.049999999999997,35.0,18.408333333333335,72.0,176.4,1.0,7.041666666666667,96.0,458.9166666666667
10227,10.0,36,25.0,103.36111111111111,13.0,53.355555555555554,5.0,28.016666666666666,54.0,22.5,125.0,216.00833333333335,12.0,32.0,45.125,500.3666666666667
10228,10.0,33,20.0,85.12121212121212,15.0,55.85454545454545,1.0,21.01818181818182,123.0,73.74545454545455,121.0,215.6,17.0,37.878787878787875,32.06060606060606,521.2787878787879
10230,10.0,21,12.0,51.857142857142854,14.0,46.66666666666667,5.0,19.314285714285713,24.0,9.642857142857144,57.0,86.91428571428571,4.0,14.880952380952381,1.9285714285714286,231.20476190476188
10233,10.0,3,3.0,12.0,3.0,9.600000000000001,4.0,9.799999999999999,6.0,2.7,13.0,25.599999999999998,1.0,2.6666666666666665,42.666666666666664,105.03333333333333
10234,10.0,8,0.0,8.0,1.0,8.1,0.0,4.8,6.0,2.45,11.0,13.5375,0.0,4.0,0.0625,40.95
10236,10.0,6,4.0,16.666666666666668,5.0,16.133333333333336,2.0,6.3999999999999995,6.0,2.4000000000000004,17.0,26.45,1.0,4.083333333333333,21.333333333333332,93.46666666666665
10237,10.0,25,24.0,96.04,12.0,43.808,5.0,21.599999999999998,76.0,40.804,137.0,314.928,6.0,19.22,44.18,580.58
10241,10.0,5,6.0,24.2,8.0,27.04,3.0,7.68,17.0,9.68,21.0,40.559999999999995,1.0,3.6,12.1,124.85999999999999
10246,10.0,1,0.0,1.0,1.0,3.2,0.0,0.6,5.0,3.6,4.0,7.5,0.0,0.5,0.5,16.9
10248,10.0,7,18.0,89.28571428571429,7.0,22.400000000000002,2.0,6.942857142857142,13.0,5.714285714285715,46.0,120.38571428571427,1.0,4.571428571428571,37.785714285714285,287.0857142857143
10276,10.0,3,3.0,12.0,2.0,6.666666666666668,0.0,1.7999999999999998,15.0,10.8,20.0,52.9,2.0,4.166666666666667,8.166666666666666,96.50000000000001
10285,10.0,1,1.0,4.0,0.0,0.8,0.0,0.6,5.0,3.6,6.0,14.7,0.0,0.5,0.0,24.2
10293,10.0,9,3.0,16.0,0.0,7.2,0.0,5.3999999999999995,9.0,3.6,20.0,28.03333333333333,1.0,5.555555555555555,0.5,66.28888888888888
10295,10.0,1,0.0,1.0,0.0,0.8,0.0,0.6,6.0,4.9,4.0,7.5,1.0,2.0,4.5,21.3
10296,10.0,12,1.0,14.083333333333334,2.0,13.066666666666666,1.0,8.45,22.0,9.633333333333333,21.0,27.224999999999998,2.0,8.166666666666666,5.041666666666667,85.66666666666667
10297,10.0,32,9.0,52.53125,3.0,30.625,0.0,19.2,24.0,9.8,42.0,51.3375,5.0,21.390625,37.515625,222.4
10300,10.0,34,27.0,109.44117647058823,22.0,73.78823529411765,4.0,25.48235294117647,101.0,53.60294117647059,141.0,270.2205882352941,7.0,24.720588235294116,144.13235294117646,701.3882352941176
10301,10.0,31,12.0,59.645161290322584,15.0,54.606451612903236,4.0,23.709677419354836,132.0,85.70645161290324,129.0,247.74193548387095,29.0,58.064516129032256,85.95161290322581,615.425806451613
10302,10.0,7,2.0,11.571428571428571,1.0,7.314285714285714,0.0,4.2,3.0,1.4285714285714288,10.0,12.385714285714284,1.0,4.571428571428571,1.7857142857142858,43.25714285714285
10304,10.0,26,0.0,26.0,2.0,24.123076923076923,2.0,18.092307692307692,18.0,7.446153846153847,18.0,22.33846153846154,32.0,64.6923076923077,0.019230769230769232,162.71153846153845
10306,10.0,15,6.0,29.4,4.0,19.253333333333334,3.0,12.96,46.0,24.80666666666667,69.0,141.11999999999998,3.0,10.8,0.8333333333333334,239.17333333333332
10307,10.0,1,0.0,1.0,0.0,0.8,0.0,0.6,0.0,0.1,0.0,0.3,0.0,0.5,0.5,3.8
10310,10.0,32,27.0,108.78125,20.0,67.60000000000001,1.0,20.41875,81.0,39.903125,129.0,243.00937499999998,12.0,30.25,64.0,573.9625
10311,10.0,17,3.0,23.529411764705884,3.0,18.823529411764707,0.0,10.2,3.0,2.3529411764705883,8.0,11.029411764705882,5.0,14.235294117647058,0.7352941176470589,80.90588235294118
10313,10.0,9,0.0,9.0,0.0,7.2,0.0,5.3999999999999995,9.0,3.6,12.0,14.7,6.0,12.5,1.3888888888888888,53.788888888888884
10314,10.0,10,1.0,12.1,1.0,9.68,0.0,6.0,10.0,4.0,7.0,8.67,9.0,18.05,0.05,58.55
10315,10.0,27,18.0,75.0,7.0,34.25185185185185,0.0,16.2,67.0,32.72592592592593,85.0,139.37777777777777,4.0,17.796296296296298,21.40740740740741,336.75925925925924
10316,10.0,24,14.0,60.166666666666664,6.0,30.0,4.0,19.599999999999998,52.0,24.066666666666666,87.0,154.0125,7.0,20.020833333333332,21.333333333333332,329.19999999999993
10317,10.0,22,20.0,80.18181818181819,7.0,30.581818181818182,0.0,13.2,65.0,34.404545454545456,89.0,168.01363636363635,8.0,20.454545454545453,13.090909090909092,359.9272727272727
10321,10.0,7,0.0,7.0,0.0,5.6000000000000005,0.0,4.2,10.0,4.128571428571429,2.0,3.471428571428571,6.0,12.071428571428571,0.2857142857142857,36.75714285714286
10323,10.0,6,0.0,6.0,1.0,6.533333333333333,0.0,3.5999999999999996,3.0,1.35,5.0,6.05,1.0,4.083333333333333,3.0,30.616666666666667
10324,10.0,23,0.0,23.0,1.0,20.034782608695654,0.0,13.799999999999999,3.0,2.9391304347826086,6.0,10.969565217391304,2.0,13.58695652173913,7.043478260869565,91.37391304347825
10329,10.0,33,19.0,81.93939393939394,13.0,51.296969696969704,5.0,26.254545454545454,88.0,44.366666666666674,118.0,207.28181818181818,15.0,34.90909090909091,49.22727272727273,495.27575757575755
10331,10.0,2,0.0,2.0,0.0,1.6,0.0,1.2,4.0,1.8,6.0,9.6,1.0,2.25,0.25,18.7
10332,10.0,17,10.0,42.88235294117647,3.0,18.823529411764707,1.0,11.435294117647059,39.0,18.447058823529414,43.0,63.52941176470588,9.0,19.88235294117647,0.47058823529411764,175.47058823529412
10335,10.0,1,0.0,1.0,0.0,0.8,0.0,0.6,0.0,0.1,0.0,0.3,0.0,0.5,0.5,3.8
10336,10.0,17,1.0,19.058823529411764,4.0,20.75294117647059,1.0,11.435294117647059,20.0,8.052941176470588,15.0,18.070588235294117,3.0,11.764705882352942,2.3823529411764706,91.51764705882353
10338,10.0,19,8.0,38.36842105263158,2.0,18.568421052631578,1.0,12.631578947368421,27.0,11.136842105263158,36.0,47.76315789473684,6.0,16.44736842105263,12.736842105263158,157.65263157894736
10340,10.0,24,11.0,51.041666666666664,15.0,50.7,6.0,22.5,74.0,40.01666666666667,89.0,159.61249999999998,4.0,16.333333333333332,54.1875,394.39166666666665
10346,10.0,17,8.0,36.76470588235294,4.0,20.75294117647059,3.0,14.11764705882353,20.0,8.052941176470588,40.0,57.33529411764706,14.0,28.264705882352942,24.735294117647058,190.02352941176474
10348,10.0,32,7.0,47.53125,5.0,34.225,3.0,22.96875,24.0,9.8,36.0,43.35,26.0,52.5625,26.265625,236.703125
10349,10.0,12,0.0,12.0,0.0,9.600000000000001,0.0,7.199999999999999,16.0,6.533333333333333,10.0,12.1,4.0,10.666666666666666,2.0416666666666665,60.141666666666666
10350,10.0,3,0.0,3.0,0.0,2.4000000000000004,0.0,1.7999999999999998,6.0,2.7,2.0,2.5,0.0,1.5,0.6666666666666666,14.566666666666666
10351,10.0,10,1.0,12.1,1.0,9.68,0.0,6.0,8.0,3.24,11.0,13.23,6.0,12.8,4.05,61.099999999999994
10353,10.0,1,0.0,1.0,0.0,0.8,0.0,0.6,0.0,0.1,0.0,0.3,0.0,0.5,0.5,3.8
10356,10.0,37,9.0,57.189189189189186,13.0,54.054054054054056,2.0,24.664864864864864,68.0,29.7972972972973,102.0,156.65675675675675,26.0,53.63513513513514,28.594594594594593,404.59189189189186
10357,10.0,28,8.0,46.285714285714285,10.0,41.25714285714286,2.0,19.28571428571429,50.0,21.728571428571428,55.0,73.81071428571428,5.0,19.446428571428573,24.446428571428573,246.26071428571433
10358,10.0,25,18.0,73.96,11.0,41.47200000000001,2.0,17.496,70.0,36.1,102.0,193.54799999999997,15.0,32.0,13.52,408.09599999999995
10366,10.0,11,11.0,44.0,3.0,14.254545454545454,3.0,10.69090909090909,26.0,12.445454545454545,48.0,94.93636363636362,3.0,8.909090909090908,3.6818181818181817,188.9181818181818
10367,10.0,7,4.0,17.285714285714285,10.0,33.02857142857143,3.0,8.571428571428571,25.0,14.628571428571428,53.0,154.2857142857143,0.0,3.5,3.5,234.8
10368,10.0,22,14.0,58.90909090909091,15.0,49.78181818181818,7.0,22.936363636363634,28.0,11.363636363636365,86.0,159.05454545454543,3.0,14.204545454545455,24.75,340.99999999999994
10369,10.0,19,2.0,23.210526315789473,9.0,33.01052631578948,2.0,13.926315789473684,31.0,13.157894736842104,48.0,70.87894736842105,11.0,23.68421052631579,7.605263157894737,185.4736842105263
10370,10.0,12,12.0,48.0,5.0,19.266666666666666,1.0,8.45,20.0,8.533333333333333,35.0,55.225,1.0,7.041666666666667,15.041666666666666,161.5583333333333
10371,10.0,21,6.0,34.714285714285715,5.0,25.752380952380953,4.0,17.857142857142858,26.0,10.519047619047619,62.0,98.41428571428571,4.0,14.880952380952381,13.714285714285714,215.85238095238097
10373,10.0,1,0.0,1.0,0.0,0.8,0.0,0.6,2.0,0.9,2.0,2.6999999999999997,0.0,0.5,0.5,7.0
10377,10.0,21,3.0,27.428571428571427,4.0,23.80952380952381,2.0,15.114285714285714,13.0,5.504761904761906,53.0,78.22857142857143,9.0,21.428571428571427,22.88095238095238,194.39523809523808
10378,10.0,16,2.0,20.25,3.0,18.05,1.0,10.8375,5.0,2.75625,13.0,15.768749999999999,4.0,12.5,3.125,83.2875
10379,10.0,25,3.0,31.36,1.0,21.632,0.0,15.0,20.0,8.1,31.0,37.632,26.0,52.02,6.48,172.224
10381,10.0,22,16.0,65.63636363636364,2.0,20.94545454545455,0.0,13.2,20.0,8.01818181818182,53.0,76.70454545454545,7.0,19.113636363636363,23.272727272727273,226.8909090909091
10382,10.0,7,4.0,17.285714285714285,1.0,7.314285714285714,2.0,6.942857142857142,9.0,3.657142857142857,31.0,61.88571428571428,0.0,3.5,10.285714285714286,110.87142857142857
10383,10.0,22,9.0,43.68181818181818,4.0,24.581818181818182,1.0,14.427272727272728,24.0,9.618181818181819,56.0,82.96363636363637,1.0,12.022727272727273,5.113636363636363,192.40909090909093
10384,10.0,15,2.0,19.266666666666666,4.0,19.253333333333334,1.0,10.24,14.0,5.606666666666667,31.0,42.32,0.0,7.5,4.8,108.98666666666666
10385,10.0,2,0.0,2.0,1.0,3.6,0.0,1.2,2.0,0.8,5.0,7.35,3.0,6.25,1.0,22.2
10387,10.0,4,0.0,4.0,1.0,5.0,0.0,2.4,4.0,1.6,2.0,2.6999999999999997,0.0,2.0,0.125,17.825
10394,10.0,30,10.0,53.333333333333336,6.0,34.56,3.0,21.779999999999998,26.0,10.453333333333333,53.0,68.89,2.0,17.066666666666666,11.266666666666667,217.35000000000002
10400,10.0,6,0.0,6.0,2.0,8.533333333333333,0.0,3.5999999999999996,4.0,1.666666666666667,2.0,3.1999999999999997,3.0,6.75,0.08333333333333333,29.833333333333332
10402,10.0,18,14.0,56.888888888888886,9.0,32.4,1.0,12.033333333333333,60.0,33.800000000000004,80.0,160.06666666666666,1.0,10.027777777777779,32.111111111111114,337.3277777777778
10404,10.0,41,17.0,82.04878048780488,15.0,61.19024390243902,11.0,39.57073170731707,69.0,29.512195121951223,98.0,141.37317073170732,7.0,28.097560975609756,56.390243902439025,438.1829268292683
10407,10.0,29,15.0,66.75862068965517,10.0,41.95862068965518,6.0,25.344827586206893,69.0,33.11724137931034,110.0,199.87241379310345,6.0,21.120689655172413,9.120689655172415,397.29310344827593
10408,10.0,1,0.0,1.0,1.0,3.2,0.0,0.6,0.0,0.1,2.0,2.6999999999999997,0.0,0.5,0.5,8.6
10409,10.0,24,9.0,45.375,6.0,30.0,2.0,16.9,43.0,18.704166666666666,60.0,88.2,1.0,13.020833333333334,2.0833333333333335,214.28333333333336
10420,10.0,25,8.0,43.56,7.0,32.768,0.0,15.0,36.0,14.884,51.0,69.312,6.0,19.22,16.82,211.564
10428,10.0,23,6.0,36.56521739130435,7.0,31.304347826086957,5.0,20.452173913043477,40.0,17.256521739130434,60.0,89.85652173913044,3.0,14.695652173913043,18.282608695652176,228.4130434782609
10430,10.0,23,8.0,41.78260869565217,7.0,31.304347826086957,7.0,23.478260869565215,34.0,14.12608695652174,68.0,108.01304347826087,7.0,19.565217391304348,20.891304347826086,259.1608695652174
10431,10.0,7,6.0,24.142857142857142,1.0,7.314285714285714,0.0,4.2,18.0,8.928571428571429,21.0,33.6,2.0,5.785714285714286,0.07142857142857142,84.04285714285714
10432,10.0,19,6.0,32.89473684210526,3.0,20.378947368421052,1.0,12.631578947368421,33.0,14.231578947368423,34.0,44.35263157894737,2.0,11.605263157894736,25.289473684210527,161.38421052631577
10433,10.0,18,2.0,22.22222222222222,2.0,17.77777777777778,2.0,13.333333333333332,16.0,6.422222222222223,26.0,32.266666666666666,7.0,17.36111111111111,2.7777777777777777,112.1611111111111
10434,10.0,1,0.0,1.0,0.0,0.8,0.0,0.6,0.0,0.1,0.0,0.3,0.0,0.5,0.5,3.8
10443,10.0,11,1.0,13.090909090909092,2.0,12.290909090909091,2.0,9.218181818181817,5.0,2.3272727272727276,15.0,18.436363636363634,6.0,13.136363636363637,0.7272727272727273,69.22727272727273
10444,10.0,15,0.0,15.0,1.0,13.653333333333334,0.0,9.0,5.0,2.666666666666667,5.0,8.0,2.0,9.633333333333333,1.6333333333333333,59.586666666666666
10445,10.0,22,1.0,24.045454545454547,1.0,19.236363636363638,1.0,14.427272727272728,8.0,4.090909090909091,18.0,21.81818181818182,5.0,16.568181818181817,1.1136363636363635,101.3
10446,10.0,1,0.0,1.0,0.0,0.8,0.0,0.6,1.0,0.4,1.0,1.2,0.0,0.5,2.0,6.5
10447,10.0,9,1.0,11.11111111111111,2.0,10.755555555555556,0.0,5.3999999999999995,8.0,3.2111111111111117,8.0,9.633333333333335,1.0,5.555555555555555,12.5,58.16666666666667
10448,10.0,15,1.0,17.066666666666666,2.0,15.413333333333334,1.0,10.24,7.0,3.2266666666666666,6.0,8.819999999999999,7.0,16.133333333333333,6.533333333333333,77.43333333333334
10450,10.0,22,4.0,30.727272727272727,4.0,24.581818181818182,2.0,15.709090909090909,14.0,5.890909090909091,29.0,35.46818181818182,10.0,23.272727272727273,12.022727272727273,147.6727272727273
10451,10.0,20,1.0,22.05,1.0,17.64,0.0,12.0,7.0,3.6450000000000005,2.0,7.26,13.0,27.225,15.625,105.445
10453,10.0,11,6.0,26.272727272727273,6.0,21.01818181818182,1.0,7.8545454545454545,33.0,17.6,50.0,101.48181818181817,4.0,10.227272727272727,16.40909090909091,200.86363636363635
10455,10.0,24,10.0,48.166666666666664,11.0,40.833333333333336,3.0,18.224999999999998,56.0,26.66666666666667,77.0,127.5125,10.0,24.083333333333332,38.520833333333336,324.00833333333327
10456,10.0,22,34.0,142.54545454545453,15.0,49.78181818181818,5.0,19.88181818181818,97.0,64.36818181818181,164.0,471.76363636363635,7.0,19.113636363636363,73.8409090909091,841.2954545454545
10458,10.0,22,16.0,65.63636363636364,11.0,39.6,2.0,15.709090909090909,29.0,11.822727272727274,59.0,89.46818181818182,7.0,19.113636363636363,63.84090909090909,305.19090909090914
10461,10.0,32,14.0,66.125,5.0,34.225,1.0,20.41875,49.0,20.503125,89.0,137.259375,12.0,30.25,40.640625,349.421875
10462,10.0,13,0.0,13.0,2.0,13.846153846153847,0.0,7.8,2.0,1.7307692307692308,2.0,5.192307692307692,0.0,6.5,6.5,54.56923076923077
10463,10.0,4,0.0,4.0,1.0,5.0,1.0,3.75,1.0,0.625,11.0,16.875,2.0,4.5,2.0,36.75
10464,10.0,16,9.0,39.0625,10.0,33.800000000000004,2.0,12.15,51.0,28.056250000000002,75.0,155.26874999999998,4.0,12.5,22.78125,303.61875
10466,10.0,19,12.0,50.578947368421055,5.0,24.25263157894737,2.0,13.926315789473684,14.0,5.731578947368422,45.0,64.6736842105263,4.0,13.921052631578947,28.657894736842106,201.7421052631579
10468,10.0,19,5.0,30.31578947368421,9.0,33.01052631578948,2.0,13.926315789473684,35.0,15.347368421052634,61.0,101.05263157894737,5.0,15.157894736842104,19.18421052631579,227.99473684210525
10469,10.0,20,4.0,28.8,1.0,17.64,2.0,14.52,27.0,11.045000000000002,36.0,47.04,8.0,19.6,48.4,187.045
10470,10.0,26,18.0,74.46153846153847,13.0,46.800000000000004,7.0,25.130769230769232,92.0,53.55384615384616,135.0,299.0884615384615,4.0,17.307692307692307,38.94230769230769,555.2846153846153
10471,10.0,3,1.0,5.333333333333333,1.0,4.266666666666667,0.0,1.7999999999999998,5.0,2.1333333333333333,12.0,22.5,1.0,2.6666666666666665,6.0,44.699999999999996
10475,10.0,14,10.0,41.142857142857146,9.0,30.228571428571428,6.0,17.142857142857142,24.0,10.314285714285715,51.0,90.53571428571428,1.0,8.035714285714286,41.285714285714285,238.68571428571425
10477,10.0,12,6.0,27.0,5.0,19.266666666666666,3.0,11.25,31.0,15.408333333333335,36.0,57.599999999999994,2.0,8.166666666666666,26.041666666666668,164.7333333333333
10480,10.0,4,1.0,6.25,1.0,5.0,0.0,2.4,1.0,0.625,10.0,14.7,0.0,2.0,3.125,34.1
10481,10.0,28,19.0,78.89285714285714,9.0,39.11428571428572,0.0,16.8,56.0,25.200000000000003,84.0,134.4,3.0,17.160714285714285,37.785714285714285,349.3535714285714
10483,10.0,24,9.0,45.375,11.0,40.833333333333336,4.0,19.599999999999998,32.0,13.066666666666666,57.0,82.0125,13.0,28.520833333333332,25.520833333333332,254.92916666666667
10484,10.0,8,4.0,18.0,5.0,16.900000000000002,3.0,9.075,10.0,4.05,22.0,33.75,1.0,5.0625,18.0625,104.9
10485,10.0,9,1.0,11.11111111111111,4.0,15.022222222222224,0.0,5.3999999999999995,14.0,5.877777777777778,11.0,13.333333333333332,9.0,18.0,22.22222222222222,90.96666666666667
10486,10.0,7,7.0,28.0,7.0,22.400000000000002,3.0,8.571428571428571,25.0,14.628571428571428,66.0,228.3857142857143,1.0,4.571428571428571,44.642857142857146,351.20000000000005
10490,10.0,1,1.0,4.0,0.0,0.8,0.0,0.6,1.0,0.4,1.0,1.2,1.0,2.0,0.0,9.0
10491,10.0,16,2.0,20.25,5.0,22.05,2.0,12.15,10.0,4.2250000000000005,15.0,18.01875,0.0,8.0,18.0,102.69375
10493,10.0,21,3.0,27.428571428571427,3.0,21.942857142857143,0.0,12.6,38.0,16.576190476190476,21.0,25.2,7.0,18.666666666666668,52.595238095238095,175.0095238095238
10494,10.0,26,19.0,77.88461538461539,3.0,25.876923076923077,2.0,18.092307692307692,40.0,16.753846153846155,87.0,147.33461538461538,10.0,24.923076923076923,52.0,362.8653846153846
10496,10.0,11,2.0,15.363636363636363,2.0,12.290909090909091,0.0,6.6,12.0,4.8090909090909095,11.0,13.2,6.0,13.136363636363637,24.045454545454547,89.44545454545455
10497,10.0,11,9.0,36.36363636363637,3.0,14.254545454545454,3.0,10.69090909090909,18.0,7.6454545454545455,41.0,73.74545454545454,0.0,5.5,35.63636363636363,183.83636363636361
10498,10.0,1,0.0,1.0,0.0,0.8,0.0,0.6,0.0,0.1,0.0,0.3,0.0,0.5,0.5,3.8
10499,10.0,14,4.0,23.142857142857142,1.0,12.85714285714286,0.0,8.4,36.0,17.857142857142858,46.0,77.14285714285715,4.0,11.571428571428571,2.2857142857142856,153.25714285714287
10500,10.0,21,0.0,21.0,2.0,20.152380952380952,1.0,13.828571428571427,30.0,12.385714285714286,21.0,25.2,33.0,69.42857142857143,16.095238095238095,178.0904761904762
10502,10.0,1,0.0,1.0,0.0,0.8,0.0,0.6,0.0,0.1,0.0,0.3,0.0,0.5,0.5,3.8
10503,10.0,31,15.0,68.25806451612904,11.0,45.5225806451613,2.0,21.07741935483871,40.0,16.261290322580646,91.0,144.03870967741935,11.0,28.451612903225808,20.903225806451612,344.5129032258064
10504,10.0,23,4.0,31.695652173913043,1.0,20.034782608695654,0.0,13.799999999999999,28.0,11.308695652173913,17.0,20.8695652173913,7.0,19.565217391304348,1.7608695652173914,119.03478260869564
10506,10.0,3,0.0,3.0,0.0,2.4000000000000004,0.0,1.7999999999999998,1.0,0.5333333333333333,1.0,1.5999999999999999,1.0,2.6666666666666665,0.6666666666666666,12.666666666666666
10507,10.0,4,0.0,4.0,1.0,5.0,0.0,2.4,1.0,0.625,0.0,1.2,0.0,2.0,0.125,15.35
10508,10.0,29,8.0,47.206896551724135,1.0,24.827586206896555,3.0,21.186206896551724,23.0,9.324137931034484,27.0,32.44137931034483,10.0,26.224137931034484,8.344827586206897,169.5551724137931
10511,10.0,22,4.0,30.727272727272727,5.0,26.509090909090908,0.0,13.2,15.0,6.222727272727273,32.0,39.76363636363636,10.0,23.272727272727273,8.204545454545455,147.9
10512,10.0,31,13.0,62.45161290322581,8.0,39.251612903225805,0.0,18.599999999999998,20.0,8.390322580645162,64.0,87.33870967741935,24.0,48.79032258064516,0.0,264.8225806451613
10513,10.0,37,15.0,73.08108108108108,4.0,36.34594594594595,4.0,27.25945945945946,79.0,36.36756756756757,105.0,163.4918918918919,24.0,50.28378378378378,6.54054054054054,393.3702702702703
10514,10.0,1,0.0,1.0,0.0,0.8,0.0,0.6,0.0,0.1,0.0,0.3,0.0,0.5,0.5,3.8
10515,10.0,23,12.0,53.26086956521739,5.0,27.269565217391307,0.0,13.799999999999999,27.0,10.869565217391305,55.0,79.35652173913044,1.0,12.521739130434783,7.043478260869565,204.12173913043478
10521,10.0,17,5.0,28.470588235294116,4.0,20.75294117647059,1.0,11.435294117647059,34.0,15.3,50.0,79.21764705882353,2.0,10.617647058823529,0.2647058823529412,166.05882352941177
10522,10.0,8,0.0,8.0,2.0,10.0,0.0,4.8,10.0,4.05,9.0,10.8375,1.0,5.0625,5.0625,47.8125
10528,10.0,4,0.0,4.0,1.0,5.0,0.0,2.4,10.0,4.9,18.0,36.3,0.0,2.0,1.125,55.724999999999994
10530,10.0,20,6.0,33.8,5.0,25.0,2.0,14.52,16.0,6.48,22.0,26.46,0.0,10.0,24.025,140.285
10533,10.0,13,5.0,24.923076923076923,4.0,17.784615384615385,2.0,10.384615384615383,12.0,4.807692307692308,26.0,35.1,2.0,8.653846153846153,16.96153846153846,118.61538461538461
10534,10.0,32,12.0,60.5,4.0,32.4,0.0,19.2,26.0,10.512500000000001,63.0,84.609375,13.0,31.640625,5.0625,243.925
10536,10.0,3,0.0,3.0,0.0,2.4000000000000004,0.0,1.7999999999999998,2.0,0.8333333333333335,0.0,0.8999999999999999,1.0,2.6666666666666665,4.166666666666667,15.766666666666666
10537,10.0,13,0.0,13.0,0.0,10.4,0.0,7.8,8.0,3.3923076923076922,12.0,14.423076923076923,7.0,15.384615384615385,0.9615384615384616,65.36153846153847
10538,10.0,6,4.0,16.666666666666668,0.0,4.800000000000001,1.0,4.8999999999999995,16.0,8.066666666666668,25.0,48.05,2.0,5.333333333333333,0.3333333333333333,88.14999999999999
10539,10.0,4,3.0,12.25,2.0,7.2,0.0,2.4,19.0,13.225000000000001,18.0,36.3,0.0,2.0,4.5,77.875
10540,10.0,6,0.0,6.0,0.0,4.800000000000001,0.0,3.5999999999999996,3.0,1.35,3.0,4.05,3.0,6.75,1.3333333333333333,27.883333333333333
10541,10.0,19,4.0,27.842105263157894,1.0,16.842105263157897,1.0,12.631578947368421,22.0,8.847368421052632,26.0,31.973684210526315,3.0,12.736842105263158,7.605263157894737,118.47894736842107
10543,10.0,21,1.0,23.047619047619047,2.0,20.152380952380952,1.0,13.828571428571427,11.0,4.876190476190477,17.0,20.628571428571426,7.0,18.666666666666668,16.095238095238095,117.29523809523809
10618,10.0,4,1.0,6.25,2.0,7.2,1.0,3.75,10.0,4.9,10.0,14.7,4.0,8.0,1.125,45.925
10622,10.0,1,0.0,1.0,0.0,0.8,0.0,0.6,3.0,1.6,2.0,2.6999999999999997,0.0,0.5,2.0,9.2
10645,10.0,5,0.0,5.0,1.0,5.760000000000001,0.0,3.0,10.0,4.5,10.0,13.5,0.0,2.5,2.5,36.760000000000005
10646,10.0,5,2.0,9.8,3.0,10.240000000000002,1.0,4.32,11.0,5.120000000000001,19.0,34.56,1.0,3.6,1.6,69.24
10648,10.0,5,3.0,12.8,0.0,4.0,0.0,3.0,10.0,4.5,10.0,13.5,1.0,3.6,2.5,43.9
10650,10.0,5,1.0,7.2,1.0,5.760000000000001,0.0,3.0,7.0,2.8800000000000003,14.0,21.66,1.0,3.6,0.1,44.2
10652,10.0,5,2.0,9.8,0.0,4.0,0.0,3.0,11.0,5.120000000000001,14.0,21.66,1.0,3.6,0.4,47.58
10657,10.0,3,1.0,5.333333333333333,0.0,2.4000000000000004,0.0,1.7999999999999998,6.0,2.7,6.0,8.1,2.0,4.166666666666667,4.166666666666667,28.66666666666667
10708,10.0,21,18.0,72.42857142857143,9.0,34.285714285714285,2.0,15.114285714285714,61.0,32.01904761904762,93.0,185.65714285714287,5.0,16.095238095238095,27.523809523809526,383.12380952380954
10734,10.0,4,0.0,4.0,0.0,3.2,0.0,2.4,0.0,0.4,0.0,1.2,0.0,2.0,1.125,14.325
10736,10.0,1,0.0,1.0,0.0,0.8,0.0,0.6,0.0,0.1,0.0,0.3,0.0,0.5,0.5,3.8
10756,10.0,5,0.0,5.0,0.0,4.0,0.0,3.0,0.0,0.5,0.0,1.5,4.0,8.1,25.6,47.7
10758,10.0,5,2.0,9.8,0.0,4.0,0.0,3.0,9.0,3.9200000000000004,12.0,17.34,2.0,4.9,12.1,55.06
10761,10.0,4,2.0,9.0,4.0,12.8,0.0,2.4,6.0,2.5,4.0,4.8,4.0,8.0,45.125,84.625
10763,10.0,4,8.0,36.0,2.0,7.2,0.0,2.4,4.0,1.6,12.0,19.2,0.0,2.0,32.0,100.4
10766,10.0,4,2.0,9.0,2.0,7.2,2.0,5.3999999999999995,5.0,2.025,8.0,10.799999999999999,2.0,4.5,45.125,84.05
10767,10.0,4,0.0,4.0,1.0,5.0,0.0,2.4,1.0,0.625,1.0,1.875,0.0,2.0,15.125,31.025
10771,10.0,4,5.0,20.25,0.0,3.2,0.0,2.4,3.0,1.225,10.0,14.7,1.0,3.125,21.125,66.025
10772,10.0,4,7.0,30.25,1.0,5.0,0.0,2.4,3.0,1.225,10.0,14.7,2.0,4.5,45.125,103.2
10775,10.0,4,2.0,9.0,1.0,5.0,1.0,3.75,2.0,0.9,2.0,2.6999999999999997,1.0,3.125,18.0,42.474999999999994
10808,10.0,13,8.0,33.92307692307692,8.0,27.138461538461538,2.0,10.384615384615383,27.0,12.307692307692308,47.0,83.07692307692307,2.0,8.653846153846153,0.34615384615384615,175.83076923076922
10809,10.0,2,0.0,2.0,0.0,1.6,0.0,1.2,0.0,0.2,0.0,0.6,0.0,1.0,1.0,7.6
10810,10.0,2,0.0,2.0,0.0,1.6,0.0,1.2,0.0,0.2,0.0,0.6,0.0,1.0,1.0,7.6
10817,10.0,3,0.0,3.0,0.0,2.4000000000000004,0.0,1.7999999999999998,2.0,0.8333333333333335,9.0,14.399999999999999,0.0,1.5,0.16666666666666666,24.099999999999998
10829,10.0,1,0.0,1.0,0.0,0.8,0.0,0.6,0.0,0.1,0.0,0.3,0.0,0.5,0.5,3.8
10832,10.0,1,0.0,1.0,0.0,0.8,0.0,0.6,0.0,0.1,0.0,0.3,0.0,0.5,0.5,3.8
10857,10.0,3,0.0,3.0,1.0,4.266666666666667,0.0,1.7999999999999998,1.0,0.5333333333333333,3.0,3.5999999999999996,1.0,2.6666666666666665,1.5,17.366666666666667
10884,10.0,3,0.0,3.0,0.0,2.4000000000000004,0.0,1.7999999999999998,3.0,1.2000000000000002,8.0,12.1,0.0,1.5,2.6666666666666665,24.666666666666668
10887,10.0,22,1.0,24.045454545454547,0.0,17.6,1.0,14.427272727272728,13.0,5.568181818181818,11.0,14.85,9.0,21.84090909090909,5.818181818181818,104.15
10888,10.0,27,15.0,65.33333333333333,11.0,42.785185185185185,6.0,24.2,43.0,18.14814814814815,69.0,102.39999999999999,10.0,25.35185185185185,54.0,332.2185185185185
10889,10.0,34,11.0,59.55882352941177,7.0,39.55294117647059,4.0,25.48235294117647,37.0,14.826470588235294,61.0,79.63235294117646,11.0,29.779411764705884,52.94117647058823,301.7735294117647
10891,10.0,2,0.0,2.0,0.0,1.6,0.0,1.2,0.0,0.2,0.0,0.6,0.0,1.0,1.0,7.6
10901,10.0,4,2.0,9.0,0.0,3.2,0.0,2.4,13.0,7.2250000000000005,11.0,16.875,2.0,4.5,1.125,44.325
10903,10.0,4,1.0,6.25,0.0,3.2,0.0,2.4,8.0,3.6,8.0,10.799999999999999,7.0,15.125,1.125,42.5
10913,10.0,23,5.0,34.08695652173913,3.0,23.51304347826087,1.0,15.02608695652174,44.0,19.517391304347825,65.0,101.00869565217391,5.0,17.043478260869566,0.0,210.19565217391306
10914,10.0,1,0.0,1.0,0.0,0.8,0.0,0.6,0.0,0.1,0.0,0.3,0.0,0.5,0.5,3.8
10919,10.0,19,1.0,21.05263157894737,2.0,18.568421052631578,2.0,13.926315789473684,33.0,14.231578947368423,23.0,27.852631578947367,11.0,23.68421052631579,30.42105263157895,149.73684210526318
10920,10.0,7,1.0,9.142857142857142,0.0,5.6000000000000005,0.0,4.2,1.0,0.9142857142857143,5.0,6.171428571428572,3.0,7.142857142857143,2.5714285714285716,35.74285714285714
10921,10.0,1,0.0,1.0,0.0,0.8,0.0,0.6,0.0,0.1,0.0,0.3,0.0,0.5,0.5,3.8
10924,10.0,19,3.0,25.473684210526315,3.0,20.378947368421052,0.0,11.4,15.0,6.08421052631579,19.0,22.8,9.0,20.63157894736842,2.6315789473684212,109.4
10925,10.0,3,0.0,3.0,0.0,2.4000000000000004,0.0,1.7999999999999998,0.0,0.30000000000000004,2.0,2.5,1.0,2.6666666666666665,0.0,12.666666666666666
10928,10.0,26,6.0,39.38461538461539,5.0,29.56923076923077,2.0,18.092307692307692,49.0,21.634615384615387,55.0,75.70384615384614,16.0,33.92307692307692,0.019230769230769232,218.3269230769231
10929,10.0,26,1.0,28.03846153846154,0.0,20.8,0.0,15.6,14.0,6.153846153846154,10.0,14.953846153846154,16.0,33.92307692307692,0.019230769230769232,119.48846153846155
10930,10.0,23,0.0,23.0,0.0,18.400000000000002,0.0,13.799999999999999,26.0,10.43913043478261,18.0,21.926086956521736,11.0,25.130434782608695,0.34782608695652173,113.04347826086955
10932,10.0,16,3.0,22.5625,1.0,14.450000000000001,0.0,9.6,15.0,6.0062500000000005,24.0,30.0,10.0,21.125,0.0,103.74375
10934,10.0,31,14.0,65.3225806451613,2.0,28.10322580645162,1.0,19.819354838709675,44.0,18.14516129032258,86.0,132.4741935483871,13.0,31.225806451612904,4.129032258064516,299.2193548387097
10937,10.0,3,1.0,5.333333333333333,0.0,2.4000000000000004,0.0,1.7999999999999998,2.0,0.8333333333333335,3.0,3.5999999999999996,1.0,2.6666666666666665,0.16666666666666666,16.8
10939,10.0,13,9.0,37.23076923076923,4.0,17.784615384615385,3.0,11.815384615384616,31.0,14.892307692307694,38.0,60.023076923076914,5.0,12.461538461538462,22.153846153846153,176.36153846153846
10943,10.0,39,51.0,207.69230769230768,14.0,57.62051282051282,2.0,25.861538461538462,139.0,81.24102564102566,230.0,556.6230769230768,7.0,27.128205128205128,78.0,1034.1666666666665
10944,10.0,10,8.0,32.4,5.0,18.0,1.0,7.26,27.0,13.690000000000001,35.0,60.75,2.0,7.2,31.25,170.54999999999998
10945,10.0,1,0.0,1.0,0.0,0.8,0.0,0.6,0.0,0.1,0.0,0.3,0.0,0.5,0.5,3.8
10946,10.0,1,0.0,1.0,0.0,0.8,0.0,0.6,0.0,0.1,0.0,0.3,0.0,0.5,0.5,3.8
10949,10.0,1,0.0,1.0,0.0,0.8,0.0,0.6,0.0,0.1,0.0,0.3,0.0,0.5,0.5,3.8
11130,10.0,5,5.0,20.0,2.0,7.840000000000001,1.0,4.32,11.0,5.120000000000001,24.0,50.459999999999994,0.0,2.5,6.4,96.64
11214,10.0,5,4.0,16.2,3.0,10.240000000000002,0.0,3.0,12.0,5.78,15.0,24.0,0.0,2.5,16.9,78.62
11216,10.0,5,4.0,16.2,4.0,12.96,0.0,3.0,6.0,2.42,16.0,26.46,1.0,3.6,8.1,72.74
11217,10.0,5,0.0,5.0,0.0,4.0,0.0,3.0,4.0,1.62,0.0,1.5,0.0,2.5,0.4,18.02
11218,10.0,5,2.0,9.8,1.0,5.760000000000001,0.0,3.0,1.0,0.7200000000000001,11.0,15.36,0.0,2.5,3.6,40.74
11219,10.0,5,0.0,5.0,0.0,4.0,0.0,3.0,2.0,0.9800000000000001,1.0,2.16,3.0,6.4,0.1,21.64
11220,10.0,5,0.0,5.0,0.0,4.0,0.0,3.0,0.0,0.5,0.0,1.5,0.0,2.5,2.5,19.0
11224,10.0,5,2.0,9.8,0.0,4.0,1.0,4.32,10.0,4.5,12.0,17.34,0.0,2.5,4.9,47.36
11226,10.0,5,3.0,12.8,0.0,4.0,1.0,4.32,12.0,5.78,10.0,13.5,0.0,2.5,0.0,42.900000000000006
11227,10.0,5,2.0,9.8,3.0,10.240000000000002,0.0,3.0,6.0,2.42,7.0,8.64,1.0,3.6,3.6,41.300000000000004
11228,10.0,5,5.0,20.0,3.0,10.240000000000002,2.0,5.88,5.0,2.0,19.0,34.56,1.0,3.6,4.9,81.18
11239,10.0,3,0.0,3.0,0.0,2.4000000000000004,0.0,1.7999999999999998,4.0,1.6333333333333333,6.0,8.1,1.0,2.6666666666666665,0.16666666666666666,19.76666666666667
11248,10.0,1,0.0,1.0,0.0,0.8,0.0,0.6,2.0,0.9,4.0,7.5,0.0,0.5,8.0,19.3
11261,10.0,5,2.0,9.8,0.0,4.0,0.0,3.0,8.0,3.38,9.0,11.76,1.0,3.6,1.6,37.14
11264,10.0,9,6.0,25.0,3.0,12.8,1.0,6.666666666666666,16.0,6.944444444444445,32.0,56.03333333333333,1.0,5.555555555555555,18.0,131.0
11283,10.0,4,3.0,12.25,1.0,5.0,0.0,2.4,10.0,4.9,8.0,10.799999999999999,1.0,3.125,28.125,66.6
11325,10.0,4,0.0,4.0,0.0,3.2,0.0,2.4,0.0,0.4,0.0,1.2,0.0,2.0,2.0,15.2
11329,10.0,4,1.0,6.25,0.0,3.2,0.0,2.4,6.0,2.5,10.0,14.7,4.0,8.0,2.0,39.05
11331,10.0,4,0.0,4.0,0.0,3.2,0.0,2.4,1.0,0.625,0.0,1.2,1.0,3.125,1.125,15.674999999999999
11332,10.0,4,1.0,6.25,0.0,3.2,0.0,2.4,0.0,0.4,2.0,2.6999999999999997,1.0,3.125,2.0,20.075
11354,10.0,7,0.0,7.0,0.0,5.6000000000000005,0.0,4.2,8.0,3.214285714285715,9.0,10.97142857142857,1.0,4.571428571428571,0.6428571428571429,36.2
11357,10.0,12,4.0,21.333333333333332,3.0,15.0,3.0,11.25,12.0,4.800000000000001,20.0,25.599999999999998,5.0,12.041666666666666,22.041666666666668,112.06666666666666
11371,10.0,2,0.0,2.0,0.0,1.6,0.0,1.2,1.0,0.45,6.0,9.6,0.0,1.0,1.0,16.85
11374,10.0,4,1.0,6.25,1.0,5.0,2.0,5.3999999999999995,7.0,3.0250000000000004,6.0,7.5,4.0,8.0,0.125,35.3
11376,10.0,5,3.0,12.8,2.0,7.840000000000001,0.0,3.0,12.0,5.78,25.0,54.0,1.0,3.6,0.4,87.42
11377,10.0,7,0.0,7.0,0.0,5.6000000000000005,0.0,4.2,6.0,2.4142857142857146,8.0,9.642857142857144,6.0,12.071428571428571,0.2857142857142857,41.214285714285715
11402,10.0,19,1.0,21.05263157894737,2.0,18.568421052631578,1.0,12.631578947368421,24.0,9.73157894736842,11.0,14.210526315789474,19.0,38.0,3.1842105263157894,117.37894736842107
11403,10.0,20,2.0,24.2,1.0,17.64,0.0,12.0,7.0,3.6450000000000005,14.0,17.34,7.0,18.225,1.6,94.65
11404,10.0,4,0.0,4.0,0.0,3.2,0.0,2.4,4.0,1.6,4.0,4.8,0.0,2.0,1.125,19.125
11409,10.0,7,6.0,24.142857142857142,2.0,9.257142857142858,1.0,5.485714285714285,16.0,7.557142857142857,26.0,46.67142857142857,2.0,5.785714285714286,8.642857142857142,107.54285714285714
11410,10.0,25,10.0,49.0,8.0,34.848000000000006,5.0,21.599999999999998,43.0,18.496000000000002,66.0,99.372,6.0,19.22,27.38,269.91600000000005
11416,10.0,11,0.0,11.0,2.0,12.290909090909091,1.0,7.8545454545454545,21.0,9.30909090909091,27.0,39.38181818181818,5.0,11.636363636363637,30.727272727272727,122.20000000000002
11417,10.0,20,3.0,26.45,5.0,25.0,0.0,12.0,35.0,15.125,41.0,55.815000000000005,6.0,16.9,18.225,169.51500000000001
11429,10.0,13,2.0,17.307692307692307,2.0,13.846153846153847,0.0,7.8,20.0,8.376923076923077,19.0,23.630769230769232,1.0,7.538461538461538,4.653846153846154,83.15384615384615
11430,10.0,1,0.0,1.0,0.0,0.8,0.0,0.6,0.0,0.1,0.0,0.3,0.0,0.5,0.5,3.8
11433,10.0,14,3.0,20.642857142857142,2.0,14.628571428571428,0.0,8.4,8.0,3.4571428571428573,24.0,30.94285714285714,4.0,11.571428571428571,4.321428571428571,93.96428571428571
11440,10.0,14,6.0,28.571428571428573,3.0,16.514285714285716,2.0,10.97142857142857,7.0,3.1500000000000004,23.0,29.335714285714285,3.0,10.321428571428571,12.892857142857142,111.75714285714285
11441,10.0,14,5.0,25.785714285714285,4.0,18.514285714285716,0.0,8.4,33.0,15.778571428571428,34.0,49.371428571428574,16.0,32.142857142857146,28.0,177.99285714285713
11442,10.0,6,1.0,8.166666666666666,0.0,4.800000000000001,1.0,4.8999999999999995,3.0,1.35,5.0,6.05,2.0,5.333333333333333,4.083333333333333,34.68333333333334
11443,10.0,15,6.0,29.4,3.0,17.28,0.0,9.0,27.0,11.76,51.0,87.11999999999999,2.0,9.633333333333333,6.533333333333333,170.72666666666666
11444,10.0,22,9.0,43.68181818181818,3.0,22.72727272727273,1.0,14.427272727272728,51.0,24.222727272727273,49.0,68.74090909090908,27.0,54.56818181818182,11.0,239.3681818181818
11448,10.0,14,6.0,28.571428571428573,1.0,12.85714285714286,4.0,13.885714285714284,13.0,5.207142857142857,30.0,41.48571428571428,1.0,8.035714285714286,15.75,125.79285714285714
11449,10.0,19,5.0,30.31578947368421,4.0,22.273684210526316,3.0,15.284210526315789,9.0,4.126315789473685,19.0,22.8,13.0,26.94736842105263,16.44736842105263,138.19473684210524
11452,10.0,13,0.0,13.0,1.0,12.061538461538461,0.0,7.8,3.0,1.9692307692307693,7.0,9.23076923076923,6.0,13.884615384615385,0.15384615384615385,58.1
11453,10.0,13,4.0,22.23076923076923,2.0,13.846153846153847,0.0,7.8,18.0,7.392307692307693,27.0,36.92307692307692,4.0,11.115384615384615,3.1153846153846154,102.42307692307692
11455,10.0,14,4.0,23.142857142857142,1.0,12.85714285714286,0.0,8.4,15.0,6.007142857142857,16.0,19.28571428571429,9.0,18.892857142857142,10.321428571428571,98.90714285714286
11459,10.0,21,1.0,23.047619047619047,2.0,20.152380952380952,0.0,12.6,23.0,9.21904761904762,13.0,16.514285714285716,11.0,24.38095238095238,29.166666666666668,135.0809523809524
11463,10.0,22,25.0,100.4090909090909,10.0,37.23636363636364,2.0,15.709090909090909,53.0,25.56818181818182,106.0,223.4181818181818,1.0,12.022727272727273,36.36363636363637,450.72727272727275
11465,10.0,1,0.0,1.0,0.0,0.8,0.0,0.6,0.0,0.1,0.0,0.3,0.0,0.5,0.5,3.8
11529,10.0,14,6.0,28.571428571428573,4.0,18.514285714285716,0.0,8.4,44.0,24.02857142857143,52.0,93.34285714285714,3.0,10.321428571428571,15.75,198.92857142857144
11540,10.0,9,0.0,9.0,1.0,8.88888888888889,0.0,5.3999999999999995,8.0,3.2111111111111117,5.0,6.533333333333333,2.0,6.722222222222222,0.05555555555555555,39.81111111111111
11542,10.0,19,6.0,32.89473684210526,2.0,18.568421052631578,0.0,11.4,20.0,8.005263157894737,36.0,47.76315789473684,2.0,11.605263157894736,0.10526315789473684,130.3421052631579
11543,10.0,18,3.0,24.5,2.0,17.77777777777778,0.0,10.799999999999999,26.0,10.755555555555556,35.0,46.81666666666666,29.0,61.361111111111114,0.0,172.01111111111112
11560,10.0,9,0.0,9.0,2.0,10.755555555555556,1.0,6.666666666666666,14.0,5.877777777777778,19.0,26.133333333333333,2.0,6.722222222222222,0.2222222222222222,65.3777777777778
11579,10.0,4,2.0,9.0,3.0,9.8,0.0,2.4,3.0,1.225,8.0,10.799999999999999,0.0,2.0,12.5,47.725
11589,10.0,5,1.0,7.2,0.0,4.0,0.0,3.0,2.0,0.9800000000000001,4.0,4.859999999999999,0.0,2.5,25.6,48.14
11591,10.0,5,0.0,5.0,0.0,4.0,0.0,3.0,0.0,0.5,0.0,1.5,1.0,3.6,0.1,17.700000000000003
11593,10.0,5,3.0,12.8,0.0,4.0,0.0,3.0,11.0,5.120000000000001,13.0,19.439999999999998,3.0,6.4,10.0,60.76
11595,10.0,5,0.0,5.0,0.0,4.0,0.0,3.0,1.0,0.7200000000000001,2.0,2.94,4.0,8.1,3.6,27.36
11596,10.0,5,0.0,5.0,0.0,4.0,0.0,3.0,3.0,1.2800000000000002,1.0,2.16,6.0,12.1,8.1,35.64
11597,10.0,5,0.0,5.0,0.0,4.0,0.0,3.0,4.0,1.62,6.0,7.26,0.0,2.5,2.5,25.880000000000003
11599,10.0,5,2.0,9.8,1.0,5.760000000000001,0.0,3.0,15.0,8.0,12.0,17.34,0.0,2.5,0.1,46.50000000000001
11600,10.0,5,0.0,5.0,0.0,4.0,0.0,3.0,2.0,0.9800000000000001,3.0,3.84,3.0,6.4,0.1,23.32
11601,10.0,5,0.0,5.0,1.0,5.760000000000001,0.0,3.0,0.0,0.5,2.0,2.94,2.0,4.9,3.6,25.700000000000003
11602,10.0,5,1.0,7.2,1.0,5.760000000000001,0.0,3.0,1.0,0.7200000000000001,1.0,2.16,2.0,4.9,0.1,23.840000000000003
11606,10.0,5,1.0,7.2,1.0,5.760000000000001,0.0,3.0,4.0,1.62,5.0,6.0,0.0,2.5,0.0,26.080000000000002
11607,10.0,5,2.0,9.8,0.0,4.0,0.0,3.0,4.0,1.62,4.0,4.859999999999999,3.0,6.4,1.6,31.28
11608,10.0,5,0.0,5.0,0.0,4.0,0.0,3.0,2.0,0.9800000000000001,5.0,6.0,1.0,3.6,10.0,32.58
11609,10.0,5,0.0,5.0,0.0,4.0,0.0,3.0,0.0,0.5,5.0,6.0,1.0,3.6,0.1,22.200000000000003
11610,10.0,5,2.0,9.8,1.0,5.760000000000001,0.0,3.0,12.0,5.78,10.0,13.5,1.0,3.6,1.6,43.040000000000006
11611,10.0,5,4.0,16.2,0.0,4.0,0.0,3.0,3.0,1.2800000000000002,9.0,11.76,2.0,4.9,0.9,42.04
11612,10.0,5,9.0,39.2,6.0,19.36,1.0,4.32,21.0,13.52,23.0,47.04,0.0,2.5,62.5,188.44
11614,10.0,5,7.0,28.8,5.0,16.0,2.0,5.88,11.0,5.120000000000001,25.0,54.0,0.0,2.5,78.4,190.7
11615,10.0,5,5.0,20.0,6.0,19.36,1.0,4.32,9.0,3.9200000000000004,14.0,21.66,0.0,2.5,67.6,139.36
11618,10.0,5,7.0,28.8,3.0,10.240000000000002,0.0,3.0,18.0,10.58,23.0,47.04,0.0,2.5,62.5,164.66
11619,10.0,5,9.0,39.2,1.0,5.760000000000001,0.0,3.0,5.0,2.0,21.0,40.559999999999995,0.0,2.5,57.6,150.62
11620,10.0,5,4.0,16.2,3.0,10.240000000000002,0.0,3.0,8.0,3.38,17.0,29.04,0.0,2.5,44.1,108.46000000000001
11622,10.0,5,2.0,9.8,2.0,7.840000000000001,0.0,3.0,4.0,1.62,11.0,15.36,0.0,2.5,12.1,52.220000000000006
11623,10.0,5,0.0,5.0,0.0,4.0,1.0,4.32,4.0,1.62,3.0,3.84,0.0,2.5,14.4,35.68
11624,10.0,5,2.0,9.8,0.0,4.0,0.0,3.0,2.0,0.9800000000000001,11.0,15.36,0.0,2.5,14.4,50.04
11629,10.0,2,0.0,2.0,0.0,1.6,0.0,1.2,0.0,0.2,0.0,0.6,1.0,2.25,0.0,7.85
11631,10.0,3,0.0,3.0,0.0,2.4000000000000004,0.0,1.7999999999999998,5.0,2.1333333333333333,2.0,2.5,3.0,6.0,4.166666666666667,22.000000000000004
11632,10.0,6,4.0,16.666666666666668,1.0,6.533333333333333,1.0,4.8999999999999995,13.0,6.016666666666667,19.0,31.25,2.0,5.333333333333333,8.333333333333334,79.03333333333333
11634,10.0,3,1.0,5.333333333333333,0.0,2.4000000000000004,0.0,1.7999999999999998,3.0,1.2000000000000002,7.0,10.0,0.0,1.5,0.0,22.233333333333334
11636,10.0,2,0.0,2.0,0.0,1.6,1.0,2.6999999999999997,4.0,1.8,6.0,9.6,1.0,2.25,4.0,23.95
11639,10.0,3,1.0,5.333333333333333,2.0,6.666666666666668,0.0,1.7999999999999998,11.0,6.533333333333333,10.0,16.9,2.0,4.166666666666667,6.0,47.4
11641,10.0,6,5.0,20.166666666666668,1.0,6.533333333333333,0.0,3.5999999999999996,10.0,4.266666666666667,24.0,45.0,1.0,4.083333333333333,12.0,95.64999999999999
11643,10.0,5,4.0,16.2,5.0,16.0,1.0,4.32,10.0,4.5,24.0,50.459999999999994,3.0,6.4,0.9,98.78
11646,10.0,9,3.0,16.0,1.0,8.88888888888889,1.0,6.666666666666666,14.0,5.877777777777778,14.0,17.633333333333333,7.0,14.222222222222221,22.22222222222222,91.51111111111112
11647,10.0,1,0.0,1.0,0.0,0.8,0.0,0.6,0.0,0.1,0.0,0.3,0.0,0.5,0.5,3.8
11654,10.0,2,0.0,2.0,0.0,1.6,0.0,1.2,0.0,0.2,1.0,1.3499999999999999,2.0,4.0,0.25,10.6
11657,10.0,3,0.0,3.0,0.0,2.4000000000000004,0.0,1.7999999999999998,2.0,0.8333333333333335,2.0,2.5,1.0,2.6666666666666665,0.6666666666666666,13.866666666666665
11665,10.0,2,0.0,2.0,0.0,1.6,0.0,1.2,2.0,0.8,1.0,1.3499999999999999,0.0,1.0,1.0,8.95
11669,10.0,6,0.0,6.0,0.0,4.800000000000001,1.0,4.8999999999999995,6.0,2.4000000000000004,1.0,2.4499999999999997,2.0,5.333333333333333,0.3333333333333333,26.216666666666665
11670,10.0,9,0.0,9.0,0.0,7.2,0.0,5.3999999999999995,11.0,4.444444444444445,6.0,7.5,3.0,8.0,2.0,43.544444444444444
11671,10.0,4,1.0,6.25,0.0,3.2,0.0,2.4,2.0,0.9,4.0,4.8,1.0,3.125,0.125,20.8
11672,10.0,10,1.0,12.1,0.0,8.0,0.0,6.0,8.0,3.24,6.0,7.68,2.0,7.2,5.0,49.220000000000006
11673,10.0,8,3.0,15.125,1.0,8.1,0.0,4.8,25.0,13.6125,19.0,27.3375,4.0,9.0,4.0,81.975
11674,10.0,10,3.0,16.9,0.0,8.0,0.0,6.0,8.0,3.24,25.0,36.75,3.0,8.45,3.2,82.54
11675,10.0,7,1.0,9.142857142857142,1.0,7.314285714285714,0.0,4.2,6.0,2.4142857142857146,10.0,12.385714285714284,1.0,4.571428571428571,4.571428571428571,44.599999999999994
11676,10.0,10,2.0,14.4,1.0,9.68,0.0,6.0,9.0,3.6100000000000003,6.0,7.68,4.0,9.8,5.0,56.17
11678,10.0,7,1.0,9.142857142857142,1.0,7.314285714285714,0.0,4.2,5.0,2.0571428571428574,6.0,7.242857142857142,4.0,8.642857142857142,0.0,38.599999999999994
11679,10.0,10,1.0,12.1,2.0,11.520000000000001,1.0,7.26,10.0,4.0,11.0,13.23,7.0,14.45,0.8,63.36
11681,10.0,9,1.0,11.11111111111111,1.0,8.88888888888889,0.0,5.3999999999999995,6.0,2.5,10.0,12.033333333333333,6.0,12.5,8.0,60.43333333333333
11688,10.0,4,1.0,6.25,1.0,5.0,0.0,2.4,5.0,2.025,9.0,12.674999999999999,0.0,2.0,0.5,30.85
11690,10.0,4,1.0,6.25,1.0,5.0,0.0,2.4,3.0,1.225,8.0,10.799999999999999,1.0,3.125,4.5,33.3
11691,10.0,5,4.0,16.2,0.0,4.0,0.0,3.0,2.0,0.9800000000000001,9.0,11.76,0.0,2.5,0.9,39.339999999999996
11692,10.0,1,2.0,9.0,0.0,0.8,0.0,0.6,2.0,0.9,4.0,7.5,0.0,0.5,18.0,37.3
11694,10.0,2,3.0,12.5,1.0,3.6,0.0,1.2,11.0,8.450000000000001,16.0,48.6,1.0,2.25,6.25,82.85
11695,10.0,4,3.0,12.25,2.0,7.2,0.0,2.4,14.0,8.1,10.0,14.7,2.0,4.5,15.125,64.27499999999999
11697,10.0,5,1.0,7.2,1.0,5.760000000000001,1.0,4.32,3.0,1.2800000000000002,7.0,8.64,0.0,2.5,1.6,31.300000000000004
11699,10.0,4,1.0,6.25,0.0,3.2,0.0,2.4,14.0,8.1,23.0,54.675,4.0,8.0,0.125,82.75
11700,10.0,5,1.0,7.2,2.0,7.840000000000001,0.0,3.0,8.0,3.38,5.0,6.0,0.0,2.5,6.4,36.32
11702,10.0,7,0.0,7.0,0.0,5.6000000000000005,0.0,4.2,3.0,1.4285714285714288,1.0,2.7428571428571424,1.0,4.571428571428571,2.5714285714285716,28.114285714285717
11703,10.0,4,1.0,6.25,0.0,3.2,0.0,2.4,13.0,7.2250000000000005,11.0,16.875,3.0,6.125,1.125,43.2
11713,10.0,5,0.0,5.0,2.0,7.840000000000001,0.0,3.0,2.0,0.9800000000000001,7.0,8.64,1.0,3.6,12.1,41.160000000000004
11714,10.0,4,3.0,12.25,2.0,7.2,1.0,3.75,18.0,12.100000000000001,20.0,43.199999999999996,1.0,3.125,0.125,81.75
11716,10.0,5,2.0,9.8,2.0,7.840000000000001,0.0,3.0,5.0,2.0,12.0,17.34,2.0,4.9,1.6,46.480000000000004
11717,10.0,2,4.0,18.0,0.0,1.6,0.0,1.2,3.0,1.25,11.0,25.349999999999998,0.0,1.0,12.25,60.65
11718,10.0,7,5.0,20.571428571428573,1.0,7.314285714285714,0.0,4.2,13.0,5.714285714285715,35.0,75.6,3.0,7.142857142857143,3.5,124.04285714285714
11720,10.0,5,1.0,7.2,0.0,4.0,0.0,3.0,6.0,2.42,14.0,21.66,3.0,6.4,3.6,48.28
11723,10.0,6,2.0,10.666666666666666,4.0,13.333333333333336,1.0,4.8999999999999995,5.0,2.016666666666667,18.0,28.799999999999997,2.0,5.333333333333333,16.333333333333332,81.38333333333333
11724,10.0,2,0.0,2.0,0.0,1.6,0.0,1.2,0.0,0.2,0.0,0.6,0.0,1.0,1.0,7.6
11725,10.0,10,3.0,16.9,0.0,8.0,0.0,6.0,6.0,2.5600000000000005,14.0,17.28,4.0,9.8,6.05,66.59
11727,10.0,5,0.0,5.0,0.0,4.0,0.0,3.0,1.0,0.7200000000000001,1.0,2.16,2.0,4.9,0.4,20.18
11728,10.0,9,1.0,11.11111111111111,2.0,10.755555555555556,1.0,6.666666666666666,8.0,3.2111111111111117,8.0,9.633333333333335,3.0,8.0,9.38888888888889,58.766666666666666
11729,10.0,1,0.0,1.0,0.0,0.8,0.0,0.6,0.0,0.1,0.0,0.3,0.0,0.5,0.5,3.8
11731,10.0,7,0.0,7.0,0.0,5.6000000000000005,0.0,4.2,3.0,1.4285714285714288,1.0,2.7428571428571424,2.0,5.785714285714286,0.07142857142857142,26.82857142857143
11733,10.0,8,13.0,55.125,2.0,10.0,0.0,4.8,14.0,6.050000000000001,32.0,60.0,1.0,5.0625,30.25,171.2875
11739,10.0,8,4.0,18.0,4.0,14.4,0.0,4.8,16.0,7.2,32.0,60.0,4.0,9.0,18.0625,131.4625
11740,10.0,9,5.0,21.77777777777778,4.0,15.022222222222224,2.0,8.066666666666666,28.0,15.211111111111112,30.0,50.699999999999996,3.0,8.0,18.0,136.77777777777777
11741,10.0,2,1.0,4.5,1.0,3.6,0.0,1.2,0.0,0.2,2.0,2.4,0.0,1.0,6.25,19.15
11743,10.0,1,2.0,9.0,2.0,7.2,0.0,0.6,4.0,2.5,5.0,10.799999999999999,0.0,0.5,12.5,43.1
11748,10.0,8,3.0,15.125,1.0,8.1,0.0,4.8,14.0,6.050000000000001,9.0,10.8375,2.0,6.25,4.0,55.1625
11749,10.0,3,1.0,5.333333333333333,0.0,2.4000000000000004,0.0,1.7999999999999998,4.0,1.6333333333333333,3.0,3.5999999999999996,1.0,2.6666666666666665,2.6666666666666665,20.1
11750,10.0,3,0.0,3.0,0.0,2.4000000000000004,0.0,1.7999999999999998,3.0,1.2000000000000002,4.0,4.8999999999999995,1.0,2.6666666666666665,0.6666666666666666,16.633333333333333
11752,10.0,9,8.0,32.111111111111114,8.0,25.688888888888894,3.0,9.6,21.0,10.0,27.0,43.199999999999996,1.0,5.555555555555555,32.0,158.15555555555557
11753,10.0,7,1.0,9.142857142857142,1.0,7.314285714285714,0.0,4.2,7.0,2.8000000000000003,6.0,7.242857142857142,2.0,5.785714285714286,0.07142857142857142,36.55714285714285
11754,10.0,12,4.0,21.333333333333332,2.0,13.066666666666666,2.0,9.799999999999999,14.0,5.633333333333334,25.0,34.224999999999994,7.0,15.041666666666666,0.041666666666666664,99.14166666666667
11755,10.0,12,1.0,14.083333333333334,2.0,13.066666666666666,1.0,8.45,29.0,14.008333333333335,27.0,38.025,8.0,16.666666666666668,8.166666666666666,112.46666666666667
11756,10.0,8,0.0,8.0,0.0,6.4,0.0,4.8,6.0,2.45,7.0,8.4375,4.0,9.0,1.5625,40.65
11757,10.0,9,2.0,13.444444444444445,3.0,12.8,0.0,5.3999999999999995,19.0,8.711111111111112,16.0,20.833333333333332,5.0,10.88888888888889,0.8888888888888888,72.96666666666665
11758,10.0,7,1.0,9.142857142857142,1.0,7.314285714285714,0.0,4.2,6.0,2.4142857142857146,11.0,13.885714285714284,4.0,8.642857142857142,1.7857142857142858,47.38571428571428
11759,10.0,9,2.0,13.444444444444445,2.0,10.755555555555556,0.0,5.3999999999999995,11.0,4.444444444444445,11.0,13.333333333333332,0.0,4.5,0.8888888888888888,52.766666666666666
11761,10.0,7,0.0,7.0,9.0,29.257142857142856,3.0,8.571428571428571,15.0,6.914285714285715,16.0,22.67142857142857,1.0,4.571428571428571,28.571428571428573,107.55714285714285
11762,10.0,8,14.0,60.5,11.0,36.1,7.0,16.875,29.0,17.1125,59.0,168.3375,1.0,5.0625,49.0,352.9875
11763,10.0,6,11.0,48.166666666666664,9.0,30.0,2.0,6.3999999999999995,18.0,9.600000000000001,34.0,80.0,1.0,4.083333333333333,27.0,205.25
11766,10.0,2,0.0,2.0,0.0,1.6,1.0,2.6999999999999997,11.0,8.450000000000001,12.0,29.4,0.0,1.0,16.0,61.15
11781,10.0,5,0.0,5.0,0.0,4.0,0.0,3.0,1.0,0.7200000000000001,0.0,1.5,2.0,4.9,6.4,25.520000000000003
11783,10.0,7,0.0,7.0,0.0,5.6000000000000005,0.0,4.2,2.0,1.1571428571428573,3.0,4.285714285714286,7.0,14.0,2.5714285714285716,38.81428571428572
11784,10.0,8,3.0,15.125,2.0,10.0,0.0,4.8,13.0,5.5125,20.0,29.4,1.0,5.0625,0.25,70.15
11785,10.0,9,1.0,11.11111111111111,0.0,7.2,0.0,5.3999999999999995,2.0,1.3444444444444446,12.0,14.7,2.0,6.722222222222222,0.2222222222222222,46.699999999999996
11787,10.0,9,0.0,9.0,0.0,7.2,0.0,5.3999999999999995,5.0,2.177777777777778,2.0,4.033333333333333,5.0,10.88888888888889,0.5,39.2
11788,10.0,4,1.0,6.25,0.0,3.2,0.0,2.4,7.0,3.0250000000000004,6.0,7.5,0.0,2.0,0.5,24.875
11789,10.0,3,0.0,3.0,0.0,2.4000000000000004,0.0,1.7999999999999998,0.0,0.30000000000000004,1.0,1.5999999999999999,2.0,4.166666666666667,4.166666666666667,17.433333333333334
11790,10.0,6,0.0,6.0,0.0,4.800000000000001,0.0,3.5999999999999996,8.0,3.2666666666666666,11.0,14.45,16.0,40.333333333333336,0.3333333333333333,72.78333333333333
11791,10.0,6,0.0,6.0,0.0,4.800000000000001,0.0,3.5999999999999996,1.0,0.8166666666666667,1.0,2.4499999999999997,5.0,10.083333333333334,0.75,28.5
11792,10.0,6,0.0,6.0,0.0,4.800000000000001,0.0,3.5999999999999996,1.0,0.8166666666666667,3.0,4.05,2.0,5.333333333333333,3.0,27.599999999999998
11794,10.0,2,1.0,4.5,0.0,1.6,0.0,1.2,2.0,0.8,6.0,9.6,1.0,2.25,0.25,20.2
11795,10.0,4,2.0,9.0,9.0,33.800000000000004,1.0,3.75,10.0,4.9,12.0,19.2,2.0,4.5,28.125,103.275
11796,10.0,7,6.0,24.142857142857142,1.0,7.314285714285714,0.0,4.2,17.0,8.22857142857143,23.0,38.57142857142858,0.0,3.5,7.142857142857143,93.1
11797,10.0,1,0.0,1.0,0.0,0.8,0.0,0.6,0.0,0.1,0.0,0.3,0.0,0.5,0.5,3.8
11799,10.0,6,5.0,20.166666666666668,0.0,4.800000000000001,1.0,4.8999999999999995,17.0,8.816666666666668,17.0,26.45,0.0,3.0,0.75,68.88333333333334
11800,10.0,3,1.0,5.333333333333333,0.0,2.4000000000000004,0.0,1.7999999999999998,3.0,1.2000000000000002,3.0,3.5999999999999996,1.0,2.6666666666666665,0.16666666666666666,17.166666666666668
11802,10.0,1,0.0,1.0,0.0,0.8,0.0,0.6,0.0,0.1,0.0,0.3,0.0,0.5,0.5,3.8
11804,10.0,1,0.0,1.0,0.0,0.8,0.0,0.6,0.0,0.1,2.0,2.6999999999999997,0.0,0.5,0.5,6.199999999999999
11807,10.0,1,1.0,4.0,1.0,3.2,0.0,0.6,1.0,0.4,3.0,4.8,0.0,0.5,2.0,15.5
11809,10.0,3,4.0,16.333333333333332,1.0,4.266666666666667,0.0,1.7999999999999998,5.0,2.1333333333333333,8.0,12.1,0.0,1.5,2.6666666666666665,40.8
11810,10.0,2,1.0,4.5,1.0,3.6,2.0,4.8,3.0,1.25,8.0,15.0,1.0,2.25,12.25,43.65
11811,10.0,3,1.0,5.333333333333333,0.0,2.4000000000000004,0.0,1.7999999999999998,4.0,1.6333333333333333,8.0,12.1,1.0,2.6666666666666665,6.0,31.933333333333334
11814,10.0,8,1.0,10.125,2.0,10.0,0.0,4.8,5.0,2.1125000000000003,12.0,15.0,0.0,4.0,1.0,47.0375
11815,10.0,3,8.0,40.333333333333336,7.0,26.66666666666667,0.0,1.7999999999999998,5.0,2.1333333333333333,29.0,102.39999999999999,1.0,2.6666666666666665,6.0,181.99999999999997
11818,10.0,1,0.0,1.0,0.0,0.8,0.0,0.6,2.0,0.9,5.0,10.799999999999999,1.0,2.0,0.5,16.599999999999998
11823,10.0,3,5.0,21.333333333333332,1.0,4.266666666666667,3.0,7.199999999999999,6.0,2.7,14.0,28.9,2.0,4.166666666666667,16.666666666666668,85.23333333333335
11824,10.0,2,1.0,4.5,4.0,14.4,0.0,1.2,9.0,6.050000000000001,9.0,18.15,0.0,1.0,9.0,54.3
11825,10.0,3,1.0,5.333333333333333,2.0,6.666666666666668,7.0,20.0,7.0,3.333333333333334,23.0,67.6,0.0,1.5,32.666666666666664,137.1
11827,10.0,3,1.0,5.333333333333333,1.0,4.266666666666667,1.0,3.1999999999999997,5.0,2.1333333333333333,6.0,8.1,1.0,2.6666666666666665,4.166666666666667,29.866666666666667
11831,10.0,4,0.0,4.0,0.0,3.2,0.0,2.4,6.0,2.5,6.0,7.5,3.0,6.125,0.125,25.85
11832,10.0,2,0.0,2.0,0.0,1.6,0.0,1.2,0.0,0.2,0.0,0.6,0.0,1.0,1.0,7.6
11833,10.0,2,0.0,2.0,0.0,1.6,0.0,1.2,1.0,0.45,0.0,0.6,0.0,1.0,2.25,9.1
11834,10.0,5,1.0,7.2,0.0,4.0,0.0,3.0,8.0,3.38,10.0,13.5,2.0,4.9,0.1,36.08
11836,10.0,4,4.0,16.0,0.0,3.2,0.0,2.4,4.0,1.6,13.0,21.675,2.0,4.5,0.125,49.5
11837,10.0,2,0.0,2.0,0.0,1.6,0.0,1.2,2.0,0.8,0.0,0.6,1.0,2.25,6.25,14.7
11846,10.0,3,0.0,3.0,1.0,4.266666666666667,0.0,1.7999999999999998,3.0,1.2000000000000002,1.0,1.5999999999999999,0.0,1.5,1.5,14.866666666666665
11849,10.0,4,0.0,4.0,0.0,3.2,0.0,2.4,2.0,0.9,5.0,6.075,1.0,3.125,0.5,20.2
11853,10.0,5,4.0,16.2,1.0,5.760000000000001,0.0,3.0,13.0,6.48,15.0,24.0,4.0,8.1,2.5,66.03999999999999
11854,10.0,3,0.0,3.0,0.0,2.4000000000000004,0.0,1.7999999999999998,3.0,1.2000000000000002,2.0,2.5,1.0,2.6666666666666665,4.166666666666667,17.733333333333334
11856,10.0,5,3.0,12.8,1.0,5.760000000000001,0.0,3.0,7.0,2.8800000000000003,13.0,19.439999999999998,4.0,8.1,8.1,60.08
11857,10.0,5,0.0,5.0,0.0,4.0,0.0,3.0,3.0,1.2800000000000002,1.0,2.16,2.0,4.9,3.6,23.940000000000005
11858,10.0,1,1.0,4.0,0.0,0.8,0.0,0.6,1.0,0.4,2.0,2.6999999999999997,0.0,0.5,0.5,9.5
11862,10.0,5,0.0,5.0,0.0,4.0,0.0,3.0,7.0,2.8800000000000003,4.0,4.859999999999999,0.0,2.5,2.5,24.740000000000002
11863,10.0,2,0.0,2.0,0.0,1.6,0.0,1.2,0.0,0.2,0.0,0.6,0.0,1.0,1.0,7.6
11864,10.0,2,0.0,2.0,0.0,1.6,0.0,1.2,3.0,1.25,1.0,1.3499999999999999,1.0,2.25,0.0,9.649999999999999
11865,10.0,5,2.0,9.8,0.0,4.0,0.0,3.0,11.0,5.120000000000001,13.0,19.439999999999998,0.0,2.5,2.5,46.36
11867,10.0,4,0.0,4.0,0.0,3.2,0.0,2.4,12.0,6.4,4.0,4.8,3.0,6.125,0.125,27.05
11868,10.0,3,0.0,3.0,1.0,4.266666666666667,0.0,1.7999999999999998,4.0,1.6333333333333333,4.0,4.8999999999999995,0.0,1.5,1.5,18.599999999999998
11871,10.0,2,1.0,4.5,0.0,1.6,0.0,1.2,3.0,1.25,1.0,1.3499999999999999,2.0,4.0,1.0,14.9
11873,10.0,4,1.0,6.25,1.0,5.0,0.0,2.4,4.0,1.6,10.0,14.7,2.0,4.5,1.125,35.575
11874,10.0,4,1.0,6.25,1.0,5.0,0.0,2.4,4.0,1.6,9.0,12.674999999999999,2.0,4.5,0.0,32.425
11876,10.0,2,0.0,2.0,0.0,1.6,0.0,1.2,0.0,0.2,1.0,1.3499999999999999,0.0,1.0,0.25,7.6
11877,10.0,4,4.0,16.0,6.0,20.0,1.0,3.75,7.0,3.0250000000000004,16.0,30.0,5.0,10.125,10.125,93.025
11883,10.0,1,1.0,4.0,0.0,0.8,0.0,0.6,1.0,0.4,4.0,7.5,0.0,0.5,0.5,14.3
11894,10.0,5,0.0,5.0,1.0,5.760000000000001,0.0,3.0,3.0,1.2800000000000002,2.0,2.94,4.0,8.1,0.1,26.180000000000007
11895,10.0,5,3.0,12.8,0.0,4.0,0.0,3.0,14.0,7.220000000000001,18.0,31.74,1.0,3.6,0.9,63.260000000000005
11896,10.0,2,0.0,2.0,0.0,1.6,0.0,1.2,1.0,0.45,2.0,2.4,1.0,2.25,0.25,10.15
11897,10.0,4,1.0,6.25,0.0,3.2,1.0,3.75,5.0,2.025,7.0,9.075,1.0,3.125,2.0,29.424999999999997
11899,10.0,5,1.0,7.2,2.0,7.840000000000001,0.0,3.0,9.0,3.9200000000000004,19.0,34.56,2.0,4.9,0.9,62.32
11904,10.0,2,0.0,2.0,0.0,1.6,0.0,1.2,0.0,0.2,1.0,1.3499999999999999,3.0,6.25,0.25,12.85
11905,10.0,4,0.0,4.0,1.0,5.0,0.0,2.4,4.0,1.6,2.0,2.6999999999999997,1.0,3.125,4.5,23.325
11906,10.0,1,0.0,1.0,0.0,0.8,0.0,0.6,1.0,0.4,0.0,0.3,0.0,0.5,2.0,5.6
11908,10.0,3,0.0,3.0,0.0,2.4000000000000004,0.0,1.7999999999999998,7.0,3.333333333333334,2.0,2.5,0.0,1.5,1.5,16.033333333333335
11909,10.0,3,0.0,3.0,1.0,4.266666666666667,0.0,1.7999999999999998,4.0,1.6333333333333333,4.0,4.8999999999999995,0.0,1.5,0.6666666666666666,17.766666666666666
11910,10.0,4,1.0,6.25,0.0,3.2,0.0,2.4,11.0,5.625,15.0,27.075,0.0,2.0,0.5,47.05
11911,10.0,5,2.0,9.8,2.0,7.840000000000001,0.0,3.0,4.0,1.62,4.0,4.859999999999999,2.0,4.9,8.1,40.120000000000005
11912,10.0,1,0.0,1.0,0.0,0.8,0.0,0.6,0.0,0.1,2.0,2.6999999999999997,0.0,0.5,2.0,7.699999999999999
11915,10.0,6,8.0,32.666666666666664,7.0,22.533333333333335,0.0,3.5999999999999996,13.0,6.016666666666667,33.0,76.05,1.0,4.083333333333333,10.083333333333334,155.03333333333336
11916,10.0,6,0.0,6.0,0.0,4.800000000000001,0.0,3.5999999999999996,4.0,1.666666666666667,8.0,9.799999999999999,0.0,3.0,1.3333333333333333,30.2
11919,10.0,1,0.0,1.0,0.0,0.8,0.0,0.6,0.0,0.1,3.0,4.8,0.0,0.5,2.0,9.8
11921,10.0,1,2.0,9.0,0.0,0.8,0.0,0.6,3.0,1.6,6.0,14.7,0.0,0.5,12.5,39.7
11923,10.0,1,1.0,4.0,2.0,7.2,0.0,0.6,0.0,0.1,3.0,4.8,1.0,2.0,12.5,31.2
11926,10.0,4,1.0,6.25,0.0,3.2,0.0,2.4,6.0,2.5,3.0,3.675,1.0,3.125,1.125,22.275
11928,10.0,3,0.0,3.0,2.0,6.666666666666668,0.0,1.7999999999999998,7.0,3.333333333333334,3.0,3.5999999999999996,2.0,4.166666666666667,13.5,36.06666666666667
11930,10.0,4,1.0,6.25,0.0,3.2,0.0,2.4,6.0,2.5,4.0,4.8,1.0,3.125,0.5,22.775
11933,10.0,3,5.0,21.333333333333332,2.0,6.666666666666668,0.0,1.7999999999999998,2.0,0.8333333333333335,12.0,22.5,3.0,6.0,24.0,83.13333333333333
11935,10.0,1,0.0,1.0,0.0,0.8,0.0,0.6,0.0,0.1,0.0,0.3,0.0,0.5,0.5,3.8
11937,10.0,3,0.0,3.0,0.0,2.4000000000000004,0.0,1.7999999999999998,4.0,1.6333333333333333,5.0,6.3999999999999995,1.0,2.6666666666666665,0.6666666666666666,18.56666666666667
11938,10.0,3,1.0,5.333333333333333,0.0,2.4000000000000004,1.0,3.1999999999999997,1.0,0.5333333333333333,2.0,2.5,0.0,1.5,0.16666666666666666,15.633333333333333
11941,10.0,4,1.0,6.25,1.0,5.0,1.0,3.75,7.0,3.0250000000000004,5.0,6.075,0.0,2.0,0.5,26.599999999999998
11942,10.0,4,1.0,6.25,2.0,7.2,0.0,2.4,9.0,4.2250000000000005,11.0,16.875,0.0,2.0,3.125,42.075
11947,10.0,3,1.0,5.333333333333333,1.0,4.266666666666667,0.0,1.7999999999999998,5.0,2.1333333333333333,2.0,2.5,0.0,1.5,0.6666666666666666,18.2
11948,10.0,3,1.0,5.333333333333333,0.0,2.4000000000000004,0.0,1.7999999999999998,3.0,1.2000000000000002,5.0,6.3999999999999995,0.0,1.5,1.5,20.133333333333333
11955,10.0,2,0.0,2.0,1.0,3.6,0.0,1.2,4.0,1.8,1.0,1.3499999999999999,0.0,1.0,1.0,11.95
11957,10.0,3,0.0,3.0,0.0,2.4000000000000004,0.0,1.7999999999999998,1.0,0.5333333333333333,0.0,0.8999999999999999,4.0,8.166666666666666,4.166666666666667,20.966666666666665
11958,10.0,5,12.0,57.8,3.0,10.240000000000002,0.0,3.0,17.0,9.68,47.0,162.23999999999998,4.0,8.1,0.9,251.95999999999998
11962,10.0,4,5.0,20.25,1.0,5.0,0.0,2.4,4.0,1.6,15.0,27.075,5.0,10.125,32.0,98.45
11963,10.0,3,0.0,3.0,0.0,2.4000000000000004,0.0,1.7999999999999998,2.0,0.8333333333333335,1.0,1.5999999999999999,0.0,1.5,0.16666666666666666,11.299999999999999
11964,10.0,4,1.0,6.25,0.0,3.2,0.0,2.4,11.0,5.625,7.0,9.075,0.0,2.0,0.125,28.675
11965,10.0,3,4.0,16.333333333333332,4.0,13.066666666666666,0.0,1.7999999999999998,6.0,2.7,15.0,32.4,3.0,6.0,10.666666666666666,82.96666666666667
11966,10.0,4,7.0,30.25,4.0,12.8,3.0,7.35,6.0,2.5,18.0,36.3,1.0,3.125,24.5,116.82499999999999
11971,10.0,4,0.0,4.0,1.0,5.0,1.0,3.75,5.0,2.025,7.0,9.075,2.0,4.5,0.5,28.85
11972,10.0,5,1.0,7.2,1.0,5.760000000000001,0.0,3.0,7.0,2.8800000000000003,5.0,6.0,2.0,4.9,2.5,32.24
11975,10.0,2,3.0,12.5,2.0,6.4,1.0,2.6999999999999997,1.0,0.45,8.0,15.0,1.0,2.25,2.25,41.55
11976,10.0,4,0.0,4.0,1.0,5.0,0.0,2.4,1.0,0.625,1.0,1.875,1.0,3.125,2.0,19.025
11978,10.0,4,3.0,12.25,4.0,12.8,0.0,2.4,6.0,2.5,13.0,21.675,1.0,3.125,6.125,60.875
11979,10.0,3,4.0,16.333333333333332,2.0,6.666666666666668,0.0,1.7999999999999998,7.0,3.333333333333334,12.0,22.5,1.0,2.6666666666666665,24.0,77.3
11983,10.0,5,2.0,9.8,1.0,5.760000000000001,0.0,3.0,3.0,1.2800000000000002,5.0,6.0,0.0,2.5,0.1,28.440000000000005
11985,10.0,5,2.0,9.8,1.0,5.760000000000001,0.0,3.0,7.0,2.8800000000000003,15.0,24.0,0.0,2.5,2.5,50.44
11988,10.0,4,0.0,4.0,0.0,3.2,0.0,2.4,2.0,0.9,5.0,6.075,0.0,2.0,2.0,20.575
11990,10.0,2,0.0,2.0,0.0,1.6,0.0,1.2,0.0,0.2,1.0,1.3499999999999999,2.0,4.0,2.25,12.6
11993,10.0,2,0.0,2.0,0.0,1.6,0.0,1.2,1.0,0.45,1.0,1.3499999999999999,0.0,1.0,0.0,7.6
11994,10.0,2,0.0,2.0,0.0,1.6,0.0,1.2,1.0,0.45,0.0,0.6,0.0,1.0,1.0,7.85
11996,10.0,5,1.0,7.2,0.0,4.0,1.0,4.32,3.0,1.2800000000000002,4.0,4.859999999999999,0.0,2.5,0.9,25.06
11997,10.0,3,0.0,3.0,0.0,2.4000000000000004,0.0,1.7999999999999998,3.0,1.2000000000000002,8.0,12.1,1.0,2.6666666666666665,2.6666666666666665,25.833333333333336
11998,10.0,2,0.0,2.0,0.0,1.6,0.0,1.2,0.0,0.2,0.0,0.6,0.0,1.0,1.0,7.6
11999,10.0,4,1.0,6.25,0.0,3.2,0.0,2.4,1.0,0.625,3.0,3.675,0.0,2.0,0.5,18.65
12000,10.0,1,0.0,1.0,0.0,0.8,0.0,0.6,0.0,0.1,0.0,0.3,0.0,0.5,0.5,3.8
12001,10.0,1,3.0,16.0,1.0,3.2,0.0,0.6,4.0,2.5,5.0,10.799999999999999,0.0,0.5,12.5,46.1
12003,10.0,3,0.0,3.0,0.0,2.4000000000000004,0.0,1.7999999999999998,2.0,0.8333333333333335,1.0,1.5999999999999999,0.0,1.5,0.6666666666666666,11.799999999999999
12004,10.0,3,0.0,3.0,1.0,4.266666666666667,0.0,1.7999999999999998,6.0,2.7,5.0,6.3999999999999995,2.0,4.166666666666667,0.6666666666666666,23.0
12005,10.0,3,1.0,5.333333333333333,0.0,2.4000000000000004,1.0,3.1999999999999997,3.0,1.2000000000000002,9.0,14.399999999999999,0.0,1.5,1.5,29.53333333333333
12006,10.0,2,0.0,2.0,0.0,1.6,0.0,1.2,0.0,0.2,2.0,2.4,1.0,2.25,0.25,9.9
12012,10.0,3,0.0,3.0,0.0,2.4000000000000004,0.0,1.7999999999999998,3.0,1.2000000000000002,2.0,2.5,0.0,1.5,0.16666666666666666,12.566666666666666
12014,10.0,2,1.0,4.5,3.0,10.0,1.0,2.6999999999999997,3.0,1.25,8.0,15.0,0.0,1.0,2.25,36.7
12015,10.0,2,3.0,12.5,0.0,1.6,2.0,4.8,6.0,3.2,10.0,21.599999999999998,1.0,2.25,4.0,49.949999999999996
12016,10.0,4,4.0,16.0,3.0,9.8,0.0,2.4,11.0,5.625,25.0,63.074999999999996,2.0,4.5,2.0,103.4
12025,10.0,2,0.0,2.0,0.0,1.6,0.0,1.2,0.0,0.2,0.0,0.6,0.0,1.0,0.0,6.6
12026,10.0,5,5.0,20.0,5.0,16.0,0.0,3.0,17.0,9.68,29.0,69.36,0.0,2.5,14.4,134.94
12029,10.0,3,4.0,16.333333333333332,0.0,2.4000000000000004,0.0,1.7999999999999998,12.0,7.5,22.0,62.5,0.0,1.5,4.166666666666667,96.2
12031,10.0,5,0.0,5.0,0.0,4.0,0.0,3.0,0.0,0.5,4.0,4.859999999999999,0.0,2.5,0.0,19.86
12034,10.0,4,1.0,6.25,0.0,3.2,2.0,5.3999999999999995,9.0,4.2250000000000005,7.0,9.075,1.0,3.125,6.125,37.4
12035,10.0,1,0.0,1.0,0.0,0.8,0.0,0.6,1.0,0.4,1.0,1.2,0.0,0.5,0.5,5.0
12041,10.0,3,0.0,3.0,0.0,2.4000000000000004,0.0,1.7999999999999998,1.0,0.5333333333333333,0.0,0.8999999999999999,0.0,1.5,0.0,10.133333333333333
12042,10.0,5,4.0,16.2,2.0,7.840000000000001,2.0,5.88,10.0,4.5,15.0,24.0,0.0,2.5,14.4,75.32000000000001
12044,10.0,5,0.0,5.0,0.0,4.0,0.0,3.0,1.0,0.7200000000000001,3.0,3.84,2.0,4.9,0.1,21.560000000000002
12047,10.0,3,2.0,8.333333333333334,2.0,6.666666666666668,0.0,1.7999999999999998,8.0,4.033333333333334,10.0,16.9,2.0,4.166666666666667,2.6666666666666665,44.56666666666666
12050,10.0,4,0.0,4.0,0.0,3.2,3.0,7.35,6.0,2.5,5.0,6.075,8.0,18.0,2.0,43.125
12051,10.0,5,0.0,5.0,1.0,5.760000000000001,0.0,3.0,9.0,3.9200000000000004,12.0,17.34,3.0,6.4,4.9,46.32
12052,10.0,3,2.0,8.333333333333334,1.0,4.266666666666667,0.0,1.7999999999999998,5.0,2.1333333333333333,12.0,22.5,0.0,1.5,1.5,42.03333333333333
12053,10.0,2,0.0,2.0,0.0,1.6,0.0,1.2,3.0,1.25,7.0,12.15,0.0,1.0,0.25,19.45
12064,10.0,1,2.0,9.0,0.0,0.8,0.0,0.6,4.0,2.5,4.0,7.5,0.0,0.5,2.0,22.9
12068,10.0,4,2.0,9.0,0.0,3.2,0.0,2.4,2.0,0.9,6.0,7.5,0.0,2.0,4.5,29.5
12072,10.0,3,1.0,5.333333333333333,3.0,9.600000000000001,0.0,1.7999999999999998,2.0,0.8333333333333335,8.0,12.1,0.0,1.5,0.16666666666666666,31.333333333333332
12073,10.0,1,0.0,1.0,0.0,0.8,0.0,0.6,0.0,0.1,0.0,0.3,0.0,0.5,0.5,3.8
12076,10.0,3,1.0,5.333333333333333,0.0,2.4000000000000004,0.0,1.7999999999999998,1.0,0.5333333333333333,3.0,3.5999999999999996,1.0,2.6666666666666665,0.6666666666666666,17.0
12079,10.0,1,0.0,1.0,0.0,0.8,0.0,0.6,4.0,2.5,4.0,7.5,0.0,0.5,0.0,12.9
12080,10.0,2,0.0,2.0,0.0,1.6,0.0,1.2,3.0,1.25,4.0,5.3999999999999995,1.0,2.25,0.0,13.7
12082,10.0,3,0.0,3.0,0.0,2.4000000000000004,0.0,1.7999999999999998,3.0,1.2000000000000002,1.0,1.5999999999999999,1.0,2.6666666666666665,1.5,14.166666666666666
12086,10.0,4,0.0,4.0,2.0,7.2,0.0,2.4,6.0,2.5,9.0,12.674999999999999,1.0,3.125,2.0,33.9
12095,10.0,4,3.0,12.25,1.0,5.0,1.0,3.75,10.0,4.9,12.0,19.2,1.0,3.125,0.5,48.724999999999994
12096,10.0,3,2.0,8.333333333333334,1.0,4.266666666666667,1.0,3.1999999999999997,3.0,1.2000000000000002,19.0,48.4,0.0,1.5,0.6666666666666666,67.56666666666668
12097,10.0,2,0.0,2.0,1.0,3.6,0.0,1.2,7.0,4.05,2.0,2.4,3.0,6.25,4.0,23.5
