ID player,amplua,games,goals,p_goals,assists,p_assists,assists_2,p_assists_2,throws_by,p_throws_by,shot_on_target,p_shot_on_target,blocked_throws,p_blocked_throws,p_p_m,player_rating
456,9.0,1,1.0,2.7777777777777772,0.0,0.4444444444444444,0.0,0.21777777777777776,0.0,0.4444444444444444,0.0,0.4444444444444444,0.0,0.4444444444444444,0.4444444444444444,5.217777777777777
5192,9.0,1,0.0,0.4444444444444444,0.0,0.4444444444444444,0.0,0.21777777777777776,0.0,0.4444444444444444,0.0,0.4444444444444444,0.0,0.4444444444444444,1.7777777777777781,4.217777777777778
883,10.0,1,0.0,0.027777777777777776,2.0,4.694444444444444,0.0,0.01361111111111111,0.0,0.027777777777777776,0.0,0.027777777777777776,0.0,0.027777777777777776,0.6944444444444445,5.513611111111111
2474,10.0,1,0.0,0.027777777777777776,0.0,0.027777777777777776,0.0,0.01361111111111111,0.0,0.027777777777777776,0.0,0.027777777777777776,0.0,0.027777777777777776,0.6944444444444445,0.8469444444444445
