ID player,amplua,games,goals,p_goals,assists,p_assists,assists_2,p_assists_2,throws_by,p_throws_by,shot_on_target,p_shot_on_target,blocked_throws,p_blocked_throws,p_p_m,player_rating
1000,9.0,13,0.0,13.0,3.0,15.753846153846155,0.0,7.8,20.0,8.376923076923077,24.0,31.592307692307692,6.0,13.884615384615385,0.038461538461538464,90.44615384615385
5113,9.0,11,0.0,11.0,0.0,8.8,3.0,10.69090909090909,22.0,9.9,20.0,26.209090909090907,8.0,16.40909090909091,0.4090909090909091,83.41818181818181
805,10.0,15,0.0,15.0,2.0,15.413333333333334,0.0,9.0,14.0,5.606666666666667,22.0,27.38,2.0,9.633333333333333,2.1333333333333333,84.16666666666667
807,10.0,17,4.0,25.941176470588236,0.0,13.600000000000001,2.0,12.741176470588234,14.0,5.652941176470589,30.0,38.982352941176465,9.0,19.88235294117647,0.2647058823529412,117.06470588235295
1004,10.0,13,2.0,17.307692307692307,1.0,12.061538461538461,0.0,7.8,5.0,2.4923076923076923,18.0,22.176923076923075,4.0,11.115384615384615,3.1153846153846154,76.06923076923076
2205,10.0,12,10.0,40.333333333333336,2.0,13.066666666666666,1.0,8.45,20.0,8.533333333333333,33.0,50.625,1.0,7.041666666666667,4.166666666666667,132.21666666666667
5070,10.0,9,4.0,18.77777777777778,2.0,10.755555555555556,0.0,5.3999999999999995,15.0,6.4,34.0,61.63333333333333,0.0,4.5,0.05555555555555555,107.52222222222223
