ID player,amplua,games,goals,p_goals,assists,p_assists,assists_2,p_assists_2,throws_by,p_throws_by,shot_on_target,p_shot_on_target,blocked_throws,p_blocked_throws,p_p_m,player_rating
456,9.0,1,1.0,2.7777777777777772,0.0,0.35555555555555557,0.0,0.26666666666666666,0.0,0.4444444444444444,0.0,0.4444444444444444,0.0,0.2222222222222222,0.4444444444444444,4.955555555555556
5192,9.0,1,0.0,0.4444444444444444,0.0,0.35555555555555557,0.0,0.26666666666666666,0.0,0.4444444444444444,0.0,0.4444444444444444,0.0,0.2222222222222222,1.7777777777777781,3.9555555555555557
883,10.0,1,0.0,0.027777777777777776,2.0,3.755555555555555,0.0,0.016666666666666666,0.0,0.027777777777777776,0.0,0.027777777777777776,0.0,0.013888888888888888,0.6944444444444445,4.563888888888888
2474,10.0,1,0.0,0.027777777777777776,0.0,0.022222222222222223,0.0,0.016666666666666666,0.0,0.027777777777777776,0.0,0.027777777777777776,0.0,0.013888888888888888,0.6944444444444445,0.8305555555555556
