ID player,amplua,games,goals,p_goals,assists,p_assists,assists_2,p_assists_2,throws_by,p_throws_by,shot_on_target,p_shot_on_target,blocked_throws,p_blocked_throws,p_p_m,player_rating
1314,9.0,1,0.0,1.0,0.0,0.8,0.0,0.6,0.0,0.1,0.0,0.3,0.0,0.5,0.5,7.6
6312,9.0,53,3.0,59.16981132075472,10.0,59.90943396226416,1.0,33.01132075471698,73.0,29.95471698113208,38.0,46.87358490566037,26.0,58.87735849056604,44.91509433962264,665.422641509434
4195,10.0,70,9.0,89.15714285714286,17.0,86.50285714285715,5.0,48.214285714285715,36.0,16.05142857142857,68.0,81.61714285714287,39.0,84.86428571428571,61.77857142857143,936.3714285714286
4412,10.0,32,0.0,32.0,6.0,36.1,1.0,20.41875,20.0,8.450000000000001,35.0,42.084375,10.0,27.5625,10.5625,354.35625
