ID team,ID opponent,%T,%O
23,109,72.96281085988309,27.0371891401169
23,408,29.05307445101465,70.94692554898536
23,506,63.68639696827864,36.31360303172134
23,129,59.62496155938582,40.37503844061419
23,26,92.28731722472814,7.712682775271867
23,130,81.02705999993618,18.972940000063804
23,375,84.1852135272054,15.814786472794593
23,61,94.48426925975389,5.515730740246117
23,379,78.9721756704729,21.027824329527096
23,438,19.138721229824558,80.86127877017543
23,397,34.176098521251454,65.82390147874855
23,205,31.832595148573205,68.1674048514268
23,570,48.891517714053634,51.108482285946366
23,581,85.59185374182792,14.408146258172078
23,214,78.99425901877687,21.005740981223123
23,8,70.90340903872229,29.096590961277723
23,577,81.53198874221349,18.46801125778653
23,504,89.10472233559705,10.895277664402943
23,331,79.61945343690343,20.380546563096562
23,406,66.50921448792174,33.490785512078254
23,269,68.54612935278574,31.45387064721426
23,499,63.352777477721,36.647222522279
23,215,88.86473901674523,11.135260983254772
23,446,78.16519513698795,21.834804863012046
23,491,80.60995762209618,19.390042377903825
23,176,89.18988456715118,10.810115432848825
23,431,60.140054151884414,39.85994584811559
23,545,88.62449506489556,11.375504935104445
23,449,88.61894201642,11.381057983579996
23,245,81.12254088871546,18.87745911128453
23,138,82.24452138478172,17.755478615218284
23,532,86.21284731215377,13.787152687846232
23,453,98.51898758877454,1.4810124112254575
23,584,84.93764677974556,15.062353220254426
23,12,83.61365775436632,16.38634224563369
23,409,62.26276440379968,37.73723559620032
23,337,77.33948185528973,22.660518144710277
23,411,92.41528675656569,7.5847132434343125
23,443,58.95714539963549,41.04285460036452
23,239,29.674330562125622,70.32566943787438
23,329,56.11864425999274,43.88135574000726
23,24,82.40150731830536,17.59849268169465
23,207,84.2596510370232,15.74034896297679
23,502,82.59648244458731,17.40351755541268
23,582,91.54137046936111,8.458629530638891
23,216,94.67649927071399,5.323500729286012
23,400,84.04596461228054,15.954035387719461
23,401,97.68689787877346,2.313102121226546
23,104,57.378039254029936,42.621960745970064
23,663,90.00280400769056,9.997195992309447
23,664,94.69236157784137,5.3076384221586315
23,501,86.42171489683803,13.57828510316196
23,48,36.29880187725608,63.70119812274392
23,402,40.697889265503115,59.30211073449687
23,35,30.367688747603744,69.63231125239625
23,38,93.10231046692466,6.897689533075332
23,189,77.6216168779072,22.378383122092803
23,450,66.19256411680949,33.80743588319051
23,398,39.056208087239405,60.943791912760595
23,448,89.1237193019343,10.876280698065695
23,574,91.55161650384494,8.448383496155069
23,652,94.53869339230157,5.461306607698439
23,22,77.57791531672508,22.422084683274925
23,498,53.392452052202735,46.607547947797265
23,568,55.83361226681222,44.166387733187776
23,451,86.32405434218701,13.675945657813001
23,335,69.10143266113555,30.898567338864446
23,336,69.25276719463844,30.747232805361563
23,661,79.79266895895863,20.20733104104138
23,111,53.64933195721996,46.35066804278004
23,332,72.41364763028251,27.5863523697175
23,445,96.60979148424444,3.3902085157555497
23,439,66.61846171038573,33.38153828961426
23,63,65.82890326353335,34.17109673646665
23,44,57.39021391060242,42.609786089397595
109,23,27.0371891401169,72.96281085988309
109,408,13.25543878071313,86.74456121928687
109,506,39.35868804477746,60.64131195522254
109,129,35.33981997700569,64.66018002299431
109,26,81.7817207253442,18.218279274655803
109,130,61.353754804578195,38.646245195421805
109,375,66.47265131239186,33.52734868760814
109,61,86.56566850951027,13.434331490489729
109,379,58.240633374946746,41.75936662505326
109,438,8.151588835313758,91.84841116468624
109,397,16.20084636540573,83.79915363459426
109,205,14.824577503500178,85.17542249649982
109,570,26.17589284184853,73.82410715815148
109,581,68.8936423706169,31.10635762938309
109,214,58.27323245629448,41.72676754370553
109,8,47.43928808765394,52.56071191234606
109,577,62.14413749813315,37.85586250186686
109,504,75.3576768437245,24.642323156275488
109,331,59.20373087095007,40.79626912904994
109,406,42.36534746162759,57.63465253837241
109,269,44.65454722389524,55.34545277610475
109,499,39.015366730568786,60.98463326943121
109,215,74.89600317896449,25.10399682103551
109,446,57.06172845395788,42.938271546042124
109,491,60.70856056602392,39.29143943397608
109,176,75.52224825633719,24.477751743662797
109,431,35.8307748839368,64.1692251160632
109,545,74.43688466615376,25.563115333846238
109,449,74.42630845883915,25.573691541160848
109,245,61.50242580238172,38.49757419761828
109,138,63.27722290090082,36.72277709909918
109,532,69.99185006688086,30.00814993311914
109,453,96.17901646200238,3.820983537997609
109,584,67.75635467142959,32.24364532857041
109,12,65.51453655379586,34.48546344620412
109,409,37.91058413223353,62.089415867766476
109,337,55.87985980215851,44.1201401978415
109,411,82.05224958317903,17.947750416820963
109,443,34.71100756840109,65.2889924315989
109,239,13.60043553709301,86.399564462907
109,329,32.1314881264622,67.8685118735378
109,24,63.5297016334431,36.4702983665569
109,207,66.59850443687102,33.401495563128975
109,502,63.84472189449297,36.15527810550702
109,582,80.22412743879462,19.775872561205375
109,216,86.99872859178231,13.001271408217683
109,400,66.23788656579207,33.76211343420793
109,401,94.10340398073225,5.896596019267749
109,104,33.25778174651825,66.74221825348177
109,663,77.11290746110765,22.887092538892347
109,664,87.03457042272164,12.965429577278357
109,501,70.3653827757717,29.634617224228286
109,48,17.49222540831765,82.50777459168235
109,402,20.315021571569257,79.68497842843074
109,35,13.989315219942226,86.01068478005777
109,38,83.52154384369285,16.478456156307153
109,189,56.280955898323114,43.71904410167689
109,450,42.01873011657503,57.98126988342497
109,398,19.2374526262836,80.7625473737164
109,448,75.39435382813899,24.60564617186103
109,574,80.2453004741397,19.754699525860314
109,652,86.68803401271109,13.311965987288918
109,22,56.21864337826244,43.781356621737565
109,498,29.787379629964185,70.21262037003582
109,568,31.880481095032582,68.11951890496742
109,451,70.19046674010276,29.809533259897236
109,335,45.29708046635677,54.70291953364323
109,336,45.47360022621721,54.5263997737828
109,661,59.464154792495016,40.53584520750497
109,111,30.002974508631887,69.99702549136812
109,332,49.30498289311151,50.69501710688849
109,445,91.49002832071665,8.509971679283355
109,439,42.48549904555377,57.51450095444623
109,63,41.62363442667301,58.37636557332699
109,44,33.2688090739514,66.7311909260486
408,23,70.94692554898536,29.05307445101465
408,109,86.74456121928687,13.25543878071313
408,506,81.01674370529302,18.98325629470697
408,129,78.252500561659,21.747499438340995
408,26,96.63711126441765,3.362888735582344
408,130,91.16474743969721,8.835252560302788
408,375,92.77503519680835,7.224964803191656
408,61,97.62389213721106,2.3761078627889516
408,379,90.08216162148683,9.917838378513169
408,438,36.54877307047234,63.45122692952765
408,397,55.92490252252061,44.07509747747939
408,205,53.290715721488155,46.70928427851185
408,570,70.02822404698385,29.971775953016145
408,581,93.47238445215079,6.527615547849215
408,214,90.09394767424136,9.906052325758639
408,8,85.53714738359727,14.462852616402728
408,577,91.42647491542681,8.573525084573184
408,504,95.16352446605167,4.836475533948329
408,331,90.42623610136083,9.573763898639175
408,406,82.84119519969178,17.158804800308232
408,269,84.11187250596292,15.88812749403708
408,499,80.796033785601,19.203966214399
408,215,95.05020567666577,4.949794323334233
408,446,89.64915866956711,10.35084133043288
408,491,90.94728454784308,9.052715452156912
408,176,95.20366164453169,4.796338355468318
408,431,78.6126605572932,21.387339442706793
408,545,94.93644604467711,5.063553955322881
408,449,94.93381280815939,5.0661871918406005
408,245,91.2143670882884,8.785632911711595
408,138,91.79300585531975,8.206994144680246
408,532,93.77649612928403,6.2235038707159775
408,453,99.37560652916333,0.6243934708366707
408,584,93.14953744373979,6.850462556260211
408,12,92.48825152106046,7.511748478939544
408,409,80.06716719455562,19.932832805444374
408,337,89.2013879860598,10.798612013940211
408,411,96.69525556835377,3.3047444316462316
408,443,77.78124382032698,22.21875617967303
408,239,50.75189065986984,49.24810934013017
408,329,75.722018616057,24.277981383943008
408,24,91.8733231570432,8.126676842956797
408,207,92.81223754133096,7.187762458669043
408,502,91.97285849078567,8.02714150921432
408,582,96.29650850864722,3.70349149135278
408,216,97.70909801050968,2.2909019894903278
408,400,92.70535051921803,7.2946494807819615
408,401,99.02051534110306,0.9794846588969416
408,104,76.64710316613298,23.35289683386701
408,663,95.58480661777187,4.4151933822281215
408,664,97.71612094792435,2.2838790520756396
408,501,93.87827469890594,6.121725301094054
408,48,58.20767943653221,41.7923205634678
408,402,62.65155363412698,37.34844636587303
408,35,51.57975096789147,48.420249032108536
408,38,97.00599034042264,2.994009659577351
408,189,89.35492720209314,10.645072797906854
408,450,82.64028057636827,17.359719423631734
408,398,61.03635919130358,38.96364080869642
408,448,95.1724812263532,4.827518773646799
408,574,96.3012063736949,3.69879362630509
408,652,97.64803386275676,2.351966137243235
408,22,89.33118159902342,10.66881840097658
408,498,73.65394621246058,26.346053787539418
408,568,75.51004877313548,24.489951226864513
408,451,93.83071756391568,6.169282436084318
408,335,84.45190548010268,15.548094519897315
408,336,84.54410969188947,15.45589030811053
408,661,90.51782989348476,9.482170106515238
408,111,73.8527651327748,26.147234867225183
408,332,86.42592934236177,13.574070657638229
408,445,98.5561761816231,1.4438238183768972
408,439,82.91029822394233,17.08970177605766
408,63,82.4083908912729,17.5916091087271
408,44,76.65595577461588,23.34404422538411
506,23,36.31360303172134,63.68639696827864
506,109,60.64131195522254,39.35868804477746
506,408,18.98325629470697,81.01674370529302
506,129,45.70722129626905,54.29277870373096
506,26,87.31265693164278,12.68734306835723
506,130,70.96082523214932,29.039174767850685
506,375,75.30524390699554,24.694756093004465
506,61,90.79638811653679,9.20361188346321
506,379,68.22863588460862,31.77136411539137
506,438,11.957803359171116,88.04219664082889
506,397,22.882791715782947,77.11720828421704
506,205,21.07450959948853,78.92549040051146
506,570,35.2963355223973,64.7036644776027
506,581,77.29890601207458,22.701093987925418
506,214,68.25761264923565,31.74238735076435
506,8,58.17174220173781,41.82825779826218
506,577,71.64343096541343,28.356569034586563
506,504,82.44219040370201,17.55780959629799
506,331,69.08141244378761,30.918587556212394
506,406,53.110082040122485,46.88991795987752
506,269,55.42210777974298,44.577892220257034
506,499,49.63943123625537,50.36056876374463
506,215,82.08318020087759,17.9168197991224
506,446,67.1754088455681,32.8245911544319
506,491,70.40032684558275,29.59967315441726
506,176,82.56986549480092,17.43013450519909
506,431,46.24019890019528,53.75980109980472
506,545,81.724919181302,18.27508081869799
506,449,81.7166517073921,18.283348292607908
506,245,71.08956030487003,28.910439695129973
506,138,72.6143748220984,27.385625177901606
506,532,78.19086311156654,21.809136888433457
506,453,97.46309947382797,2.5369005261720377
506,584,76.36709687327128,23.63290312672871
506,12,74.50563156728151,25.49436843271849
506,409,48.47143491946181,51.52856508053819
506,337,66.10902820963123,33.890971790368766
506,411,87.51281600817735,12.487183991822647
506,443,45.02103617341628,54.97896382658373
506,239,19.445770939724408,80.55422906027559
506,329,42.163771156412224,57.836228843587776
506,24,72.82951164716235,27.170488352837648
506,207,75.40982485951596,24.59017514048404
506,502,73.09732512761974,26.90267487238026
506,582,86.1526312383142,13.847368761685791
506,216,91.1060476554455,8.893952344554506
506,400,75.1098803801971,24.890119619802906
506,401,96.05914581476583,3.940854185234171
506,104,43.419794390967716,56.580205609032284
506,663,83.79585839824854,16.20414160175145
506,664,91.13163504097787,8.868364959022133
506,501,78.492511515662,21.507488484338
506,48,24.55781138809506,75.44218861190495
506,402,28.14733006139075,71.85266993860925
506,35,19.965271031563827,80.03472896843617
506,38,88.59321117543203,11.406788824567965
506,189,66.4721204853618,33.5278795146382
506,450,52.75584406652174,47.24415593347827
506,398,26.7885875972144,73.2114124027856
506,448,82.47065816970317,17.529341830296833
506,574,86.1684874728326,13.831512527167408
506,652,90.88397915839327,9.11602084160672
506,22,66.41579259216887,33.58420740783113
506,498,39.50674808528237,60.49325191471764
506,568,41.88204464466147,58.11795535533854
506,451,78.35136591327442,21.648634086725576
506,335,56.06258556015705,43.93741443984295
506,336,56.237900104682325,43.762099895317675
506,661,69.31083691753344,30.689163082466575
506,111,39.75357634337537,60.246423656624636
506,332,59.976491943710705,40.023508056289295
506,445,94.26437651001417,5.735623489985836
506,439,53.23261714295332,46.76738285704668
506,63,52.350708138473365,47.649291861526635
506,44,43.43202667489966,56.567973325100326
129,23,40.37503844061419,59.62496155938582
129,109,64.66018002299431,35.33981997700569
129,408,21.747499438340995,78.252500561659
129,506,54.29277870373096,45.70722129626905
129,26,89.07607811370484,10.923921886295162
129,130,74.35995308877904,25.64004691122095
129,375,78.34503057942031,21.65496942057968
129,61,92.11596473367123,7.884035266328765
129,379,71.82442677098425,28.17557322901575
129,438,13.863896720944883,86.13610327905512
129,397,26.039867660665173,73.96013233933482
129,205,24.056802080005454,75.94319791999455
129,570,39.313220092235404,60.686779907764596
129,581,80.1550653855137,19.844934614486302
129,214,71.85143868668843,28.148561313311564
129,8,62.28812414384023,37.71187585615978
129,577,74.9898568944998,25.010143105500205
129,504,84.77188183844477,15.22811816155523
129,331,72.61828921879399,27.38171078120601
129,406,57.362608133220874,42.637391866779126
129,269,59.62318753150956,40.376812468490435
129,499,53.93470444663825,46.065295553361764
129,215,84.45204158971549,15.547958410284505
129,446,70.84084128272764,29.159158717272355
129,491,73.84166830028006,26.158331699719945
129,176,84.8855405994086,15.114459400591404
129,431,50.536524440192544,49.463475559807456
129,545,84.13251106322267,15.867488936777328
129,449,84.12513313316536,15.874866866834633
129,245,74.47885728425072,25.521142715749274
129,138,75.88340632032433,24.116593679675663
129,532,80.96112672354431,19.038873276455693
129,453,97.84737387310788,2.1526261268921028
129,584,79.3105264530802,20.689473546919803
129,12,77.61578783750322,22.384212162496777
129,409,52.77166299557863,47.22833700442137
129,337,69.84143316913448,30.158566830865524
129,411,89.25159837180537,10.74840162819463
129,443,49.30775499093907,50.69224500906094
129,239,22.2597123111775,77.74028768882249
129,329,46.40705872324165,53.592941276758346
129,24,76.0810099660421,23.9189900339579
129,207,78.44026839735203,21.559731602647965
129,502,76.32680305389175,23.67319694610824
129,582,88.05674601482542,11.943253985174575
129,216,92.384648505118,7.615351494882
129,400,78.16703426764433,21.832965732355667
129,401,96.64949045860746,3.3505095413925394
129,104,47.685802373647185,52.31419762635281
129,663,85.97464943083962,14.025350569160377
129,664,92.40683904668518,7.593160953314832
129,501,81.23320740733577,18.76679259266423
129,48,27.865445322903692,72.1345546770963
129,402,31.741066470783313,68.25893352921668
129,35,22.834035660497943,77.16596433950204
129,38,90.19717275784765,9.802827242152343
129,189,70.18212340527987,29.81787659472014
129,450,57.0146395674727,42.9853604325273
129,398,30.27986641872947,69.72013358127053
129,448,84.79722829513237,15.202771704867624
129,574,88.0707033880305,11.929296611969514
129,652,92.19199020653474,7.808009793465271
129,22,70.12929804001236,29.870701959987638
129,498,43.68304977984094,56.31695022015906
129,568,46.11945046344785,53.880549536552145
129,451,81.10592951771024,18.894070482289763
129,335,60.24620521966001,39.75379478033998
129,336,60.41649936258261,39.58350063741739
129,661,72.83147990507766,27.16852009492234
129,111,43.937189631424715,56.06281036857528
129,332,64.02358826250989,35.9764117374901
129,445,95.11116836271903,4.888831637280982
129,439,57.48287437793468,42.51712562206532
129,63,56.616145322305655,43.38385467769433
129,44,47.698227868431985,52.301772131568015
26,23,7.712682775271867,92.28731722472814
26,109,18.218279274655803,81.7817207253442
26,408,3.362888735582344,96.63711126441765
26,506,12.68734306835723,87.31265693164278
26,129,10.923921886295162,89.07607811370484
26,130,26.060736496106273,73.93926350389373
26,375,30.550985472300834,69.44901452769916
26,61,59.03997517344967,40.960024826550324
26,379,23.655139491016943,76.34486050898306
26,438,1.9887314635474305,98.01126853645256
26,397,4.208150013988385,95.79184998601163
26,205,3.8081362740518423,96.19186372594815
26,570,7.408376015435724,92.59162398456428
26,581,32.948936109581226,67.05106389041877
26,214,23.67920861419941,76.32079138580058
26,8,16.755167139368425,83.24483286063156
26,577,26.708008183661114,73.29199181633889
26,504,40.44703895079812,59.55296104920189
26,331,24.375914400378413,75.62408559962158
26,406,14.112483259339193,85.88751674066081
26,269,15.265385862779956,84.73461413722005
26,499,12.530622419691861,87.46937758030813
26,215,39.850226563713036,60.14977343628697
26,446,22.799665064012714,77.20033493598729
26,491,25.54374038415744,74.45625961584255
26,176,40.66234937322918,59.33765062677081
26,431,11.131305797265794,88.8686942027342
26,545,39.267032887882,60.732967112118
26,449,39.253717615850796,60.7462823841492
26,245,26.18130226318709,73.81869773681291
26,138,27.663785597228006,72.336214402772
26,532,34.10354699714845,65.89645300285156
26,453,85.13073404417791,14.869265955822097
26,584,31.79816567691595,68.20183432308404
26,12,29.653930016044523,70.34606998395547
26,409,12.034239462927825,87.96576053707219
26,337,21.97025943414081,78.02974056585919
26,411,50.46119388674899,49.53880611325101
26,443,10.661404489448854,89.33859551055114
26,239,3.459817347023692,96.54018265297631
26,329,9.619459879523884,90.38054012047611
26,24,27.881381035620873,72.11861896437914
26,207,30.670923766138003,69.329076233862
26,502,28.15530468068038,71.84469531931961
26,582,47.44641931354869,52.55358068645132
26,216,59.96135049950393,40.03864950049608
26,400,30.328576428038378,69.67142357196163
26,401,78.31830639346263,21.681693606537365
26,104,10.067648552493301,89.9323514475067
26,663,42.815954814650986,57.18404518534901
26,664,60.038465494365134,39.961534505634866
26,501,34.506423006121636,65.49357699387836
26,48,4.5918870590063685,95.40811294099363
26,402,5.4605265161976835,94.53947348380231
26,35,3.569722246310046,96.43027775368996
26,38,53.06391093135564,46.93608906864436
26,189,22.24866019118953,77.75133980881047
26,450,13.943193847456614,86.05680615254339
26,398,5.123959314108405,94.8760406858916
26,448,40.49490590385764,59.505094096142365
26,574,47.48001099701829,52.51998900298172
26,652,59.29839279284136,40.70160720715864
26,22,22.20520407216403,77.79479592783596
26,498,8.718478933169516,91.28152106683048
26,568,9.520958917486832,90.47904108251318
26,451,34.317109712855,65.682890287145
26,335,15.600310153574801,84.39968984642519
26,336,15.693225513607151,84.30677448639284
26,661,24.574318303097645,75.42568169690236
26,111,8.79961251383638,91.20038748616362
26,332,17.811800066240195,82.1881999337598
26,445,70.77088375774754,29.229116242252474
26,439,14.171481175372232,85.82851882462778
26,63,13.751858163444203,86.24814183655579
26,44,10.072087618255242,89.92791238174476
130,23,18.972940000063804,81.02705999993618
130,109,38.646245195421805,61.353754804578195
130,408,8.835252560302788,91.16474743969721
130,506,29.039174767850685,70.96082523214932
130,129,25.64004691122095,74.35995308877904
130,26,73.93926350389373,26.060736496106273
130,375,55.54273215710814,44.45726784289186
130,61,80.31120952781201,19.688790472187996
130,379,46.76292436665812,53.23707563334188
130,438,5.337257268972651,94.66274273102735
130,397,10.913486945943669,89.08651305405633
130,205,9.936799412628524,90.06320058737148
130,570,18.306971208215643,81.69302879178434
130,581,58.264307968001546,41.735692031998454
130,214,46.79631700770998,53.20368299229001
130,8,36.24906851737536,63.75093148262463
130,577,50.837636134676714,49.162363865323286
130,504,65.86659997672304,34.133400023276955
130,331,47.753922324893594,52.246077675106406
130,406,31.661254804005623,68.33874519599438
130,269,33.7051454431149,66.2948545568851
130,499,28.744150473771857,71.25584952622815
130,215,65.30681988025336,34.69318011974664
130,446,45.5623509646342,54.43764903536581
130,491,49.321025701187224,50.678974298812776
130,176,66.06678639313508,33.93321360686493
130,431,26.04901552256954,73.95098447743045
130,545,64.7527644550726,35.247235544927406
130,449,64.7400320309185,35.2599679690815
130,245,50.15706381869054,49.84293618130947
130,138,52.0498787202491,47.950121279750896
130,532,59.520915922392156,40.479084077607844
130,453,94.11893881255062,5.881061187449383
130,584,56.97757210799516,43.02242789200484
130,12,54.48375904922768,45.51624095077232
130,409,27.800748654666613,72.1992513453334
130,337,44.372336764965624,55.62766323503436
130,411,74.2911720940316,25.708827905968413
130,443,25.118735900315464,74.88126409968453
130,239,9.076359645411475,90.92364035458851
130,329,23.008990151997796,76.99100984800221
130,24,52.321846500683876,47.678153499316124
130,207,55.6825881800629,44.31741181993711
130,502,52.66213683606522,47.33786316393478
130,582,71.93228186547255,28.067718134527457
130,216,80.903890919326,19.096109080673997
130,400,55.28231646746479,44.71768353253521
130,401,91.01978631688071,8.980213683119294
130,104,23.924533340793342,76.07546665920665
130,663,68.0192735309383,31.980726469061693
130,664,80.95306397285748,19.046936027142525
130,501,59.951516942250194,40.0484830577498
130,48,11.83908206976947,88.16091793023053
130,402,13.89404537088605,86.10595462911395
130,35,9.34886389835766,90.65113610164234
130,38,76.21988116621105,23.780118833788947
130,189,44.77468749629633,55.22531250370367
130,450,31.35540707154715,68.64459292845284
130,398,13.104370375405356,86.89562962459465
130,448,65.91118490894645,34.08881509105355
130,574,71.9593462696441,28.040653730355906
130,652,80.47840582298778,19.521594177012226
130,22,44.71207869772706,55.28792130227295
130,498,21.130832448374168,78.86916755162584
130,568,22.80612447996946,77.19387552003055
130,451,59.74967436683364,40.250325633166355
130,335,34.2864230508274,65.7135769491726
130,336,34.44670641326436,65.55329358673563
130,661,48.02348382737323,51.97651617262677
130,111,21.30205578105923,78.69794421894078
130,332,37.990003507617494,62.00999649238251
130,445,87.2113773297495,12.788622670250504
130,439,31.767494236767146,68.23250576323285
130,63,31.007929067809286,68.99207093219071
130,44,23.93354010877887,76.06645989122113
375,23,15.814786472794593,84.1852135272054
375,109,33.52734868760814,66.47265131239186
375,408,7.224964803191656,92.77503519680835
375,506,24.694756093004465,75.30524390699554
375,129,21.65496942057968,78.34503057942031
375,26,69.44901452769916,30.550985472300834
375,130,44.45726784289186,55.54273215710814
375,61,76.58435911694303,23.415640883056977
375,379,41.28421979628201,58.71578020371799
375,438,4.336869922035484,95.66313007796452
375,397,8.9587285858365,91.0412714141635
375,205,8.142239746979293,91.8577602530207
375,570,15.240007554952975,84.75999244504702
375,581,52.773596750564366,47.22640324943564
375,214,41.316715910867465,58.683284089132535
375,8,31.289042540189616,68.7109574598104
375,577,45.28594038360518,54.71405961639482
375,504,60.708985082084,39.29101491791601
375,331,42.25069381498216,57.74930618501786
375,406,27.069493186837352,72.93050681316265
375,269,28.939044966982696,71.06095503301731
375,499,24.429203923161978,75.57079607683802
375,215,60.11505988059954,39.88494011940046
375,446,40.1191127680166,59.8808872319834
375,491,43.787867564613,56.212132435387
375,176,60.92175905539601,39.078240944604
375,431,22.018429946384792,77.98157005361521
375,545,59.52873296765494,40.47126703234507
375,449,59.51527672046111,40.4847232795389
375,245,44.612410825071365,55.38758917492863
375,138,46.49081685698841,53.50918314301158
375,532,54.06602870968441,45.93397129031559
375,453,92.7868440211697,7.213155978830304
375,584,51.45792965251809,48.54207034748191
375,12,48.9301374606001,51.06986253939989
375,409,23.58224951744261,76.4177504825574
375,337,38.970424660065596,61.029575339934404
375,411,69.83756984108044,30.162430158919562
375,443,21.192558416393346,78.80744158360665
375,239,7.425414907110945,92.57458509288907
375,329,19.33128414999311,80.66871585000688
375,24,46.7620476506869,53.2379523493131
375,207,50.141683614937534,49.85831638506246
375,502,47.10189043689762,52.89810956310238
375,582,67.24521089407838,32.7547891059216
375,216,77.25888186902242,22.741118130977586
375,400,49.73642383485263,50.26357616514737
375,401,89.06086113640231,10.939138863597686
375,104,20.137021470827786,79.86297852917221
375,663,63.00747580932795,36.99252419067204
375,664,77.3149285850609,22.685071414939102
375,501,54.510637121584374,45.48936287841563
375,48,9.735299482618665,90.26470051738133
375,402,11.469264568508207,88.53073543149179
375,35,7.652185541989858,92.34781445801015
375,38,71.97851535155488,28.021484648445128
375,189,39.358118685856184,60.641881314143816
375,450,26.791134148571842,73.20886585142816
375,398,10.801321058591443,89.19867894140856
375,448,60.75635628056803,39.24364371943197
375,574,67.27479209937172,32.72520790062829
375,652,76.77445481902112,23.225545180978887
375,22,39.29774476271959,60.70225523728041
375,498,17.687764997308932,82.31223500269107
375,568,19.153157019986168,80.84684298001385
375,451,54.30211824500131,45.69788175499869
375,335,29.473739988983798,70.52626001101619
375,336,29.621413962169786,70.3785860378302
375,661,42.514332432500765,57.485667567499235
375,111,17.837079145685745,82.16292085431427
375,332,32.912269401222304,67.08773059877768
375,445,84.55320941542034,15.446790584579661
375,439,27.16626898253326,72.83373101746675
375,63,26.475325464682925,73.52467453531708
375,44,20.144963030386606,79.8550369696134
61,23,5.515730740246117,94.48426925975389
61,109,13.434331490489729,86.56566850951027
61,408,2.3761078627889516,97.62389213721106
61,506,9.20361188346321,90.79638811653679
61,129,7.884035266328765,92.11596473367123
61,26,40.960024826550324,59.03997517344967
61,130,19.688790472187996,80.31120952781201
61,375,23.415640883056977,76.58435911694303
61,379,17.736869471166777,82.26313052883322
61,438,1.3999294691926316,98.60007053080737
61,397,2.9802416608905253,97.01975833910947
61,205,2.6939878207108876,97.30601217928911
61,570,5.293569353852574,94.70643064614744
61,581,25.452191889417357,74.54780811058264
61,214,17.756249388944116,82.24375061105589
61,8,12.301253902110213,87.6987460978898
61,577,20.21922915225243,79.78077084774758
61,504,32.040980310062125,67.95901968993788
61,331,18.318525546045457,81.68147445395454
61,406,10.280209575737862,89.71979042426213
61,269,11.15792636087695,88.84207363912306
61,499,9.085778210455567,90.91422178954444
61,215,31.503818307542076,68.49618169245794
61,446,17.05000175949313,82.94999824050687
61,491,19.266720687128768,80.73327931287123
61,176,32.23532815847947,67.76467184152052
61,431,8.038510023708861,91.96148997629113
61,545,30.981095011112703,69.0189049888873
61,449,30.969185430783003,69.030814569217
61,245,19.787423910524932,80.21257608947508
61,138,21.006618578326748,78.99338142167325
61,532,26.444673493346404,73.5553265066536
61,453,79.94769040509621,20.05230959490378
61,584,24.47073764459074,75.52926235540926
61,12,22.662189140766415,77.33781085923358
61,409,8.71328553236357,91.28671446763643
61,337,16.387643569341872,83.61235643065812
61,411,41.406552194303615,58.593447805696385
61,443,7.688762558057746,92.31123744194225
61,239,2.445242590364049,97.55475740963595
61,329,6.916664461176716,93.08333553882329
61,24,21.186571897953698,78.8134281020463
61,207,23.516722670975074,76.48327732902493
61,502,21.41347716039728,78.58652283960272
61,582,38.51494497892487,61.48505502107513
61,216,50.956635958041886,49.043364041958114
61,400,23.22841373901809,76.7715862609819
61,401,71.52153905542436,28.47846094457565
61,104,7.248204531788625,92.75179546821137
61,663,34.19571510360386,65.80428489639615
61,664,51.037009029232216,48.96299097076779
61,501,26.792826007973215,73.20717399202678
61,48,3.255445540960452,96.74455445903955
61,402,3.8805854465461724,96.11941455345384
61,35,2.5236774108222004,97.4763225891778
61,38,43.95539083421786,56.044609165782155
61,189,16.609582233591034,83.39041776640896
61,450,10.151840980737926,89.84815901926207
61,398,3.6380053755339725,96.36199462446604
61,448,32.08416133437903,67.91583866562095
61,574,38.54681269693378,61.45318730306622
61,652,50.26762610235743,49.732373897642574
61,22,16.57491347274486,83.42508652725513
61,498,6.252782387538069,93.74721761246192
61,568,6.843915786282771,93.15608421371722
61,451,26.62910779469535,73.37089220530466
61,335,11.414058775754302,88.58594122424569
61,336,11.485208015812583,88.51479198418741
61,661,18.47911043720474,81.52088956279526
61,111,6.312423521382174,93.68757647861783
61,332,13.11851466444011,86.88148533555989
61,445,62.705217476629436,37.294782523370564
61,439,10.324977181064568,89.67502281893543
61,63,10.006912289000361,89.99308771099965
61,44,7.251492586824297,92.7485074131757
379,23,21.027824329527096,78.9721756704729
379,109,41.75936662505326,58.240633374946746
379,408,9.917838378513169,90.08216162148683
379,506,31.77136411539137,68.22863588460862
379,129,28.17557322901575,71.82442677098425
379,26,76.34486050898306,23.655139491016943
379,130,53.23707563334188,46.76292436665812
379,375,58.71578020371799,41.28421979628201
379,61,82.26313052883322,17.736869471166777
379,438,6.017138508266105,93.9828614917339
379,397,12.219071739631168,87.78092826036882
379,205,11.13909800860128,88.86090199139872
379,570,20.306919840843328,79.69308015915666
379,581,61.37682125039645,38.623178749603554
379,214,50.03353509474883,49.96646490525117
379,8,39.29114752530118,60.708852474698816
379,577,54.07019132226699,45.929808677733
379,504,68.71107670502417,31.28892329497584
379,331,50.9939581903548,49.006041809645204
379,406,34.522946589238956,65.47705341076104
379,269,36.654438069528915,63.345561930471085
379,499,31.460560604028753,68.53943939597126
379,215,68.17591819358813,31.824081806411865
379,446,48.792320879582654,51.207679120417346
379,491,52.56040645280608,47.43959354719392
379,176,68.90227222040647,31.09772777959353
379,431,28.60992832581472,71.39007167418528
379,545,67.64547688967247,32.354523110327534
379,449,67.63327827238248,32.36672172761752
379,245,53.393432747998325,46.606567252001675
379,138,55.2726246436775,44.72737535632249
379,532,62.59910871724917,37.40089128275082
379,453,94.78422116896536,5.2157788310346485
379,584,60.1210681767995,39.87893182320051
379,12,57.67521798257115,42.324782017428866
379,409,30.46505754415102,69.53494245584896
379,337,47.59144203153132,52.40855796846867
379,411,76.67413684444445,23.32586315555555
379,443,27.62121692761765,72.37878307238236
379,239,10.18543992341584,89.81456007658416
379,329,25.36988520456723,74.63011479543276
379,24,55.54186273730263,44.45813726269737
379,207,58.85298846465279,41.14701153534721
379,502,55.87846534277313,44.121534657226874
379,582,74.46143554036667,25.538564459633335
379,216,82.80896438953091,17.191035610469083
379,400,58.46016042318018,41.53983957681983
379,401,92.00838304204679,7.991616957953222
379,104,26.34841833515655,73.65158166484346
379,663,70.7619609438358,29.238039056164194
379,664,82.85421568826133,17.14578431173866
379,501,63.01703010210377,36.98296989789624
379,48,13.240066893654742,86.75993310634526
379,402,15.498178061457335,84.50182193854266
379,35,10.48769207273593,89.51230792726406
379,38,78.47372647927983,21.526273520720164
379,189,47.997892911498866,52.00210708850113
379,450,34.20298619052926,65.79701380947074
379,398,14.631851259642339,85.36814874035765
379,448,68.75366767406476,31.246332325935246
379,574,74.48689654093845,25.513103459061554
379,652,82.41718993803616,17.58281006196383
379,22,47.93467477083117,52.06532522916882
379,498,23.355074659485716,76.64492534051428
379,568,25.15274090722061,74.84725909277938
379,451,62.82118932019707,37.17881067980294
379,335,37.25850177062321,62.74149822937678
379,336,37.42490289347517,62.57509710652482
379,661,51.26387181902056,48.73612818097944
379,111,23.53917038028366,76.46082961971634
379,332,41.08525159533272,58.91474840466727
379,445,88.5704504027639,11.429549597236095
379,439,34.63402695395965,65.36597304604035
379,63,33.83915680663587,66.16084319336413
379,44,26.358032984315077,73.64196701568493
438,23,80.86127877017543,19.138721229824558
438,109,91.84841116468624,8.151588835313758
438,408,63.45122692952765,36.54877307047234
438,506,88.04219664082889,11.957803359171116
438,129,86.13610327905512,13.863896720944883
438,26,98.01126853645256,1.9887314635474305
438,130,94.66274273102735,5.337257268972651
438,375,95.66313007796452,4.336869922035484
438,61,98.60007053080737,1.3999294691926316
438,379,93.9828614917339,6.017138508266105
438,397,68.76505509665584,31.234944903344147
438,205,66.444379706659,33.555620293340986
438,570,80.17202725405406,19.827972745945953
438,581,96.09238973109332,3.9076102689066876
438,214,93.9902955321708,6.009704467829192
438,8,91.06150707581695,8.938492924183048
438,577,94.82622060514294,5.173779394857057
438,504,97.12365539989814,2.8763446001018576
438,331,94.19959307615083,5.8004069238491756
438,406,89.27502484041204,10.724975159587961
438,269,90.12218932851428,9.877810671485717
438,499,87.89171665290625,12.10828334709375
438,215,97.0549781517258,2.9450218482741803
438,446,93.70924951506228,6.290750484937712
438,491,94.52665037058065,5.473349629419337
438,176,97.14796617832727,2.852033821672725
438,431,86.38712506450248,13.612874935497512
438,545,96.98597282672795,3.0140271732720514
438,449,96.98437481125882,3.0156251887411725
438,245,94.69376219726605,5.306237802733942
438,138,95.0545823101663,4.945417689833696
438,532,96.27884887335269,3.721151126647313
438,453,99.63453374630309,0.3654662536969146
438,584,95.8939529883481,4.106047011651886
438,12,95.48590734476629,4.514092655233717
438,409,87.39268736654378,12.607312633456209
438,337,93.42528540074495,6.574714599255047
438,411,98.04608573394677,1.95391426605323
438,443,85.80641858120181,14.19358141879819
438,239,64.14461502523949,35.85538497476051
438,329,84.34916465700152,15.65083534299847
438,24,95.10453316979074,4.895466830209267
438,207,95.68609028646355,4.313909713536447
438,502,95.16639151084087,4.833608489159133
438,582,97.80700132884782,2.1929986711521763
438,216,98.65070499992132,1.3492950000786748
438,400,95.62010444746599,4.379895552534002
438,401,99.42593470538512,0.5740652946148898
438,104,85.00720273912854,14.992797260871468
438,663,97.3784459284372,2.6215540715627994
438,664,98.65487699422944,1.34512300577055
438,501,96.34115240255076,3.6588475974492307
438,48,70.72446630295981,29.27553369704019
438,402,74.4083606919171,25.591639308082893
438,35,64.90149847336325,35.098501526636745
438,38,98.23189355094996,1.7681064490500547
438,189,93.52277322034429,6.477226779655706
438,450,89.14022050289651,10.85977949710348
438,398,73.08876052465867,26.911239475341326
438,448,97.12908109724931,2.870918902750688
438,574,97.8098223786805,2.190177621319501
438,652,98.61442032151501,1.3855796784849816
438,22,93.50770426700686,6.492295732993147
438,498,82.85765901001888,17.14234098998112
438,568,84.19759758565742,15.802402414342575
438,451,96.31204661539773,3.687953384602269
438,335,90.3473246646901,9.652675335309883
438,336,90.40826010387488,9.591739896125114
438,661,94.25718572996047,5.742814270039535
438,111,83.0022943769138,16.99770562308621
438,332,91.64152690367861,8.358473096321386
438,445,99.15232013046644,0.8476798695335633
438,439,89.32133548707529,10.678664512924717
438,63,88.98434067018404,11.015659329815964
438,44,85.0134730176926,14.98652698230739
397,23,65.82390147874855,34.176098521251454
397,109,83.79915363459426,16.20084636540573
397,408,44.07509747747939,55.92490252252061
397,506,77.11720828421704,22.882791715782947
397,129,73.96013233933482,26.039867660665173
397,26,95.79184998601163,4.208150013988385
397,130,89.08651305405633,10.913486945943669
397,375,91.0412714141635,8.9587285858365
397,61,97.01975833910947,2.9802416608905253
397,379,87.78092826036882,12.219071739631168
397,438,31.234944903344147,68.76505509665584
397,205,47.34460962603123,52.65539037396878
397,570,64.82169420609678,35.17830579390322
397,581,91.89254110047582,8.10745889952417
397,214,87.79510495794138,12.204895042058636
397,8,82.37476225297378,17.625237747026222
397,577,89.40318887302438,10.596811126975627
397,504,93.96886934598336,6.031130654016637
397,331,88.1951299793265,11.804870020673508
397,406,79.22494924740565,20.77505075259436
397,269,80.70428824723575,19.295711752764255
397,499,76.86352666874515,23.13647333125484
397,215,93.82921260357418,6.17078739642583
397,446,87.26066265736534,12.739337342634652
397,491,88.82370182060617,11.176298179393834
397,176,94.0183535203214,5.981646479678606
397,431,74.36900533049491,25.630994669505082
397,545,93.68908876863532,6.310911231364696
397,449,93.68584617434522,6.314153825654779
397,245,89.14651909624864,10.853480903751365
397,138,89.84734945488417,10.152650545115822
397,532,92.26467532664046,7.7353246733595435
397,453,99.21363839908445,0.7863616009155567
397,584,91.49807799018905,8.501922009810952
397,12,90.6920205757592,9.307979424240797
397,409,76.02775996869696,23.972240031303034
397,337,86.7238122351369,13.276187764863087
397,411,95.86404318066427,4.135956819335727
397,443,73.42624923813102,26.57375076186898
397,239,44.817533106284735,55.182466893715265
397,329,71.10810854885506,28.891891451144947
397,24,89.94478335655384,10.055216643446153
397,207,91.08661270778939,8.913387292210619
397,502,90.0655836440892,9.934416355910805
397,582,95.36935080566303,4.630649194336959
397,216,97.12605399205117,2.8739460079488244
397,400,90.95636342437811,9.04363657562189
397,401,98.76745739880184,1.2325426011981633
397,104,72.14654729229522,27.85345270770478
397,663,94.48873179651021,5.511268203489792
397,664,97.13481712303611,2.865182876963886
397,501,92.38934121431555,7.610658785684446
397,48,52.32915383946338,47.67084616053661
397,402,56.93951002961272,43.06048997038729
397,35,45.638128118834985,54.361871881165015
397,38,96.25019587963115,3.7498041203688444
397,189,86.90776391007586,13.092236089924135
397,450,78.99189729157341,21.00810270842659
397,398,55.252024726692696,44.74797527330731
397,448,93.97991109918011,6.0200889008198875
397,574,95.37517359895364,4.624826401046363
397,652,97.04987117639557,2.9501288236044387
397,22,86.87930581648496,13.120694183515042
397,498,68.80398588368732,31.196014116312686
397,568,70.87084306591875,29.12915693408126
397,451,92.33108212547718,7.668917874522825
397,335,81.10174670191851,18.898253298081478
397,336,81.20963828115545,18.790361718844547
397,661,88.30550927408241,11.694490725917598
397,111,69.02446044676319,30.975539553236807
397,332,83.42243571662036,16.577564283379644
397,445,98.185121705342,1.814878294658006
397,439,79.30515957487067,20.69484042512933
397,63,78.72320550173096,21.27679449826905
397,44,72.15650793787621,27.843492062123794
205,23,68.1674048514268,31.832595148573205
205,109,85.17542249649982,14.824577503500178
205,408,46.70928427851185,53.290715721488155
205,506,78.92549040051146,21.07450959948853
205,129,75.94319791999455,24.056802080005454
205,26,96.19186372594815,3.8081362740518423
205,130,90.06320058737148,9.936799412628524
205,375,91.8577602530207,8.142239746979293
205,61,97.30601217928911,2.6939878207108876
205,379,88.86090199139872,11.13909800860128
205,438,33.555620293340986,66.444379706659
205,397,52.65539037396878,47.34460962603123
205,570,67.20041876400612,32.799581235993884
205,581,92.63720685949583,7.362793140504162
205,214,88.87397325503382,11.126026744966175
205,8,83.8500648285094,16.1499351714906
205,577,90.3543740177526,9.645625982247397
205,504,94.53318500144955,5.466814998550451
205,331,89.24266010700346,10.757339892996537
205,406,80.90595838972845,19.094041610271535
205,269,82.29098127803027,17.70901872196973
205,499,78.68655915105987,21.313440848940125
205,215,94.40588688193665,5.594113118063356
205,446,88.38095862121769,11.619041378782313
205,491,89.82142096667825,10.178579033321755
205,176,94.57828233950242,5.421717660497586
205,431,76.33051718753765,23.669482812462352
205,545,94.27813012920373,5.721869870796279
205,449,94.27517333039627,5.7248266696037335
205,245,90.11838768751188,9.881612312488118
205,138,90.76247141790479,9.237528582095216
205,532,92.97755459861261,7.022445401387392
205,453,99.29054911366629,0.7094508863337105
205,584,92.27617953337129,7.723820466628702
205,12,91.53761655069795,8.462383449302049
205,409,77.8985193061983,22.101480693801705
205,337,87.88521293074058,12.11478706925943
205,411,96.2574369905257,3.742563009474299
205,443,75.43696995602399,24.563030043976003
205,239,47.45859923625661,52.5414007637434
205,329,73.23245131670619,26.7675486832938
205,24,90.85194842914193,9.148051570858073
205,207,91.89930734285386,8.100692657146148
205,502,90.96286076267961,9.03713923732039
205,582,95.80793432198783,4.192065678012175
205,216,97.40234419906352,2.5976558009364785
205,400,91.77994794321471,8.22005205678529
205,401,98.88756981036003,1.1124301896399706
205,104,74.2212942412926,25.77870575870741
205,663,95.00675652596766,4.9932434740323375
205,664,97.41028509709038,2.5897149029096194
205,501,93.09151923612286,6.908480763877142
205,48,54.97194936175334,45.02805063824666
205,402,59.52306113997885,40.47693886002115
205,35,48.28538412436754,51.714615875632454
205,38,96.60803496905697,3.3919650309430325
205,189,88.05513773198733,11.94486226801267
205,450,80.68739119392119,19.31260880607881
205,398,57.86251563904955,42.13748436095044
205,448,94.54324824432638,5.456751755673616
205,574,95.81322755817459,4.1867724418254175
205,652,97.3333042532107,2.6666957467892987
205,22,88.02885358826839,11.9711464117316
205,498,71.03075863464,28.96924136536001
205,568,73.00621950862643,26.99378049137357
205,451,93.03826436262024,6.961735637379764
205,335,82.6624044985655,17.33759550143451
205,336,82.76317814243662,17.236821857563374
205,661,89.3443426389416,10.655657361058397
205,111,71.2418888106822,28.758111189317802
205,332,84.82525716139274,15.174742838607258
205,445,98.36113974798863,1.6388602520113589
205,439,80.98115984934978,19.018840150650217
205,63,80.43527250564995,19.56472749435005
205,44,74.23076890611834,25.76923109388166
570,23,51.108482285946366,48.891517714053634
570,109,73.82410715815148,26.17589284184853
570,408,29.971775953016145,70.02822404698385
570,506,64.7036644776027,35.2963355223973
570,129,60.686779907764596,39.313220092235404
570,26,92.59162398456428,7.408376015435724
570,130,81.69302879178434,18.306971208215643
570,375,84.75999244504702,15.240007554952975
570,61,94.70643064614744,5.293569353852574
570,379,79.69308015915666,20.306919840843328
570,438,19.827972745945953,80.17202725405406
570,397,35.17830579390322,64.82169420609678
570,205,32.799581235993884,67.20041876400612
570,581,86.12341167735687,13.876588322643125
570,214,79.71459172056281,20.285408279437185
570,8,71.80576477498332,28.19423522501669
570,577,82.18392557029371,17.816074429706287
570,504,89.52143988906445,10.478560110935547
570,331,80.32343046298396,19.67656953701604
570,406,67.48694517533619,32.513054824663804
570,269,69.491002776141,30.50899722385899
570,499,64.37425482085281,35.62574517914718
570,215,89.28961266807913,10.710387331920861
570,446,78.90671573234569,21.093284267654315
570,491,81.28735950474368,18.712640495256323
570,176,89.60369691759666,10.396303082403342
570,431,61.197032902818705,38.80296709718131
570,545,89.05748832347037,10.942511676529632
570,449,89.05212241621115,10.947877583788863
570,245,81.78587233326871,18.21412766673129
570,138,82.87630115201773,17.123698847982276
570,532,86.72481850374436,13.27518149625564
570,453,98.5808385627722,1.4191614372277985
570,584,85.4895043835429,14.510495616457101
570,12,84.20554201020013,15.794457989799856
570,409,63.29731130424564,36.70268869575437
570,337,78.10153464621654,21.89846535378346
570,411,92.71490973767874,7.285090262321262
570,443,60.02488631927616,39.97511368072384
570,239,30.6044365963034,69.3955634036966
570,329,57.20711037561252,42.79288962438748
570,24,83.02879021128227,16.971209788717744
570,207,84.83218274852574,15.167817251474263
570,502,83.21815223580853,16.781847764191475
570,582,91.87272876490266,8.127271235097345
570,216,94.89129870967358,5.108701290326421
570,400,84.62493530397734,15.375064696022669
570,401,97.7827972289017,2.2172027710983095
570,104,58.45820030198622,41.541799698013776
570,663,90.38859873304605,9.61140126695394
570,664,94.9065522831283,5.093447716871689
570,501,86.92702887284645,13.072971127153563
570,48,37.32857180858792,62.67142819141208
570,402,41.77163929245892,58.22836070754107
570,35,31.310106808821182,68.68989319117883
570,38,93.37657338790437,6.623426612095631
570,189,78.3767182190074,21.623281780992606
570,450,67.17507769138217,32.82492230861783
570,398,40.11561856158943,59.88438143841057
570,448,89.53978929082527,10.460210709174728
570,574,91.8826061344531,8.117393865546887
570,652,94.7587732961453,5.241226703854706
570,22,78.33409776964156,21.66590223035843
570,498,54.494012445709174,45.50598755429082
570,568,56.92376049315923,43.07623950684078
570,451,86.83248538083011,13.167514619169902
570,335,70.03672290482908,29.96327709517093
570,336,70.1853994408457,29.814600559154304
570,661,80.49205716504689,19.50794283495312
570,111,54.74994431756547,45.250055682434535
570,332,73.28624809116593,26.71375190883407
570,445,96.74900778844638,3.250992211553622
570,439,67.59452192754448,32.40547807245553
570,63,66.81680160363128,33.18319839636873
570,44,58.47028773405173,41.52971226594828
581,23,14.408146258172078,85.59185374182792
581,109,31.10635762938309,68.8936423706169
581,408,6.527615547849215,93.47238445215079
581,506,22.701093987925418,77.29890601207458
581,129,19.844934614486302,80.1550653855137
581,26,67.05106389041877,32.948936109581226
581,130,41.735692031998454,58.264307968001546
581,375,47.22640324943564,52.773596750564366
581,61,74.54780811058264,25.452191889417357
581,379,38.623178749603554,61.37682125039645
581,438,3.9076102689066876,96.09238973109332
581,397,8.10745889952417,91.89254110047582
581,205,7.362793140504162,92.63720685949583
581,570,13.876588322643125,86.12341167735687
581,214,38.65494277296742,61.34505722703258
581,8,28.96110616484804,71.03889383515195
581,577,42.552219605095374,57.447780394904626
581,504,58.0330491062615,41.9669508937385
581,331,39.5688681541872,60.4311318458128
581,406,24.945235197156183,75.05476480284382
581,269,26.72002657519551,73.2799734248045
581,499,22.450850699509463,77.54914930049054
581,215,57.4267537632154,42.573246236784605
581,446,37.48584338844408,62.514156611555926
581,491,41.07721441480009,58.9227855851999
581,176,58.25045533498259,41.749544665017424
581,431,20.185476922561836,79.81452307743815
581,545,56.82902298526247,43.17097701473754
581,449,56.8153144329809,43.1846855670191
581,245,41.888445249791715,58.111554750208285
581,138,43.74216436332684,56.25783563667317
581,532,51.298429786834575,48.701570213165425
581,453,92.02198668259435,7.9780133174056465
581,584,48.68214999341965,51.31785000658036
581,12,46.16120657692089,53.8387934230791
581,409,21.653663385958666,78.34633661404133
581,337,36.367427216457365,63.63257278354264
581,411,67.45617490520567,32.54382509479433
581,443,19.41205613257719,80.58794386742281
581,239,6.709998403302926,93.29000159669707
581,329,17.673875423040993,82.326124576959
581,24,44.01048081167442,55.98951918832557
581,207,47.367663135478004,52.632336864522
581,502,44.34690440513228,55.65309559486771
581,582,64.76014482563521,35.23985517436478
581,216,75.26278513759735,24.737214862402645
581,400,46.963736302362946,53.03626369763704
581,401,87.94838072525178,12.05161927474823
581,104,18.425498962946264,81.57450103705375
581,663,60.387196491098635,39.61280350890136
581,664,75.32224218984005,24.677757810159946
581,501,51.74598729981776,48.254012700182244
581,48,8.816821808374671,91.18317819162533
581,402,10.404641939902632,89.59535806009737
581,35,6.916414729667589,93.08358527033242
581,38,69.69478732514493,30.30521267485506
581,189,36.744584109406404,63.25541589059359
581,450,24.68159446613745,75.31840553386255
581,398,9.792350635864858,90.20764936413514
581,448,58.08144244874603,41.91855755125396
581,574,64.79081907399706,35.20918092600294
581,652,74.74919464630578,25.250805353694222
581,22,36.6858296789499,63.3141703210501
581,498,16.14461938023404,83.85538061976597
581,568,17.507881060901077,82.49211893909893
581,451,51.53602875715036,48.46397124284964
581,335,27.2289370201962,72.7710629798038
581,336,27.36959346340922,72.63040653659077
581,661,39.82719288905725,60.17280711094275
581,111,16.283338613830242,83.71666138616976
581,332,30.515803048604724,69.48419695139528
581,445,83.06405741290406,16.935942587095926
581,439,25.036930818211456,74.96306918178854
581,63,24.382674560804514,75.61732543919548
581,44,18.432913432267103,81.5670865677329
214,23,21.005740981223123,78.99425901877687
214,109,41.72676754370553,58.27323245629448
214,408,9.906052325758639,90.09394767424136
214,506,31.74238735076435,68.25761264923565
214,129,28.148561313311564,71.85143868668843
214,26,76.32079138580058,23.67920861419941
214,130,53.20368299229001,46.79631700770998
214,375,58.683284089132535,41.316715910867465
214,61,82.24375061105589,17.756249388944116
214,379,49.96646490525117,50.03353509474883
214,438,6.009704467829192,93.9902955321708
214,397,12.204895042058636,87.79510495794138
214,205,11.126026744966175,88.87397325503382
214,570,20.285408279437185,79.71459172056281
214,581,61.34505722703258,38.65494277296742
214,8,39.25919092587923,60.74080907412076
214,577,54.03688191560918,45.96311808439083
214,504,68.68232869582106,31.317671304178933
214,331,50.960436209890126,49.039563790109874
214,406,34.49270150898721,65.50729849101279
214,269,36.62335146849702,63.37664853150298
214,499,31.43173995069672,68.56826004930328
214,215,68.14690080718685,31.853099192813144
214,446,48.75880637675777,51.24119362324223
214,491,52.52696023596633,47.47303976403367
214,176,68.87362232456788,31.126377675432128
214,431,28.582660651697577,71.41733934830242
214,545,67.61620013138199,32.38379986861802
214,449,67.60399563871641,32.39600436128358
214,245,53.36005427528726,46.63994572471273
214,138,55.2394689672907,44.76053103270931
214,532,62.56774577887171,37.43225422112829
214,453,94.77771955575521,5.222280444244795
214,584,60.088934557415485,39.91106544258451
214,12,57.64248828268841,42.35751171731158
214,409,30.436754421904173,69.56324557809583
214,337,47.557987733504156,52.44201226649585
214,411,76.65030445113968,23.34969554886033
214,443,27.59453875463152,72.40546124536849
214,239,10.173369075155952,89.82663092484404
214,329,25.34464658729639,74.65535341270362
214,24,55.50874692000275,44.49125307999724
214,207,58.82052536288083,41.17947463711917
214,502,55.8454021549537,44.1545978450463
214,582,74.43606753767311,25.56393246232689
214,216,82.7900629399303,17.2099370600697
214,400,58.427604179905266,41.572395820094734
214,401,91.99868852603107,8.001311473968919
214,104,26.322537451162447,73.67746254883755
214,663,70.7343167123782,29.2656832876218
214,664,82.83535425086278,17.16464574913721
214,501,62.98581364591628,37.01418635408372
214,48,13.224872124813544,86.77512787518646
214,402,15.480825506203505,84.51917449379648
214,35,10.475301696338994,89.524698303661
214,38,78.45123840543678,21.548761594563214
214,189,47.964413801870606,52.035586198129394
214,450,34.17287807082449,65.8271219291755
214,398,14.615311198580471,85.38468880141953
214,448,68.72494143538704,31.275058564612955
214,574,74.46154546925528,25.538454530744715
214,652,82.39794428536581,17.60205571463419
214,22,47.901199222340495,52.098800777659505
214,498,23.33123837871423,76.66876162128577
214,568,25.12764826000205,74.87235173999794
214,451,62.78990362896897,37.21009637103103
214,335,37.22719913374334,62.77280086625665
214,336,37.39354248975523,62.60645751024477
214,661,51.23035808618622,48.76964191381377
214,111,23.5152015139311,76.4847984860689
214,332,41.0528114567611,58.9471885432389
214,445,88.55706518109241,11.44293481890759
214,439,34.60373497392614,65.39626502607386
214,63,33.80920779475271,66.19079220524728
214,44,26.332145915924638,73.66785408407536
8,23,29.096590961277723,70.90340903872229
8,109,52.56071191234606,47.43928808765394
8,408,14.462852616402728,85.53714738359727
8,506,41.82825779826218,58.17174220173781
8,129,37.71187585615978,62.28812414384023
8,26,83.24483286063156,16.755167139368425
8,130,63.75093148262463,36.24906851737536
8,375,68.7109574598104,31.289042540189616
8,61,87.6987460978898,12.301253902110213
8,379,60.708852474698816,39.29114752530118
8,438,8.938492924183048,91.06150707581695
8,397,17.625237747026222,82.37476225297378
8,205,16.1499351714906,83.8500648285094
8,570,28.19423522501669,71.80576477498332
8,581,71.03889383515195,28.96110616484804
8,214,60.74080907412076,39.25919092587923
8,577,64.52017814272895,35.47982185727105
8,504,77.19944163720986,22.80055836279013
8,331,61.652060692636056,38.347939307363944
8,406,44.88511246073676,55.11488753926324
8,269,47.19955911643035,52.80044088356964
8,499,41.47796887532266,58.52203112467734
8,215,76.76205776965315,23.23794223034685
8,446,59.5517307499156,40.448269250084394
8,491,63.1220636371807,36.87793636281929
8,176,77.35525855657312,22.64474144342687
8,431,38.21661755186268,61.78338244813732
8,545,76.32670005491467,23.673299945085333
8,449,76.31666655398843,23.683333446011563
8,245,63.89572217158381,36.104277828416194
8,138,65.6207900449744,34.37920995502561
8,532,72.09115120656361,27.9088487934364
8,453,96.53100996424595,3.4689900357540484
8,584,69.94673747371168,30.05326252628832
8,12,67.78651320664602,32.21348679335398
8,409,40.34904023387001,59.65095976612999
8,337,58.38885563799404,41.611144362005966
8,411,83.49777616875595,16.50222383124406
8,443,37.06464137431596,62.935358625684046
8,239,14.834240049808123,85.16575995019188
8,329,34.40055351329891,65.59944648670108
8,24,65.86568525272692,34.13431474727307
8,207,68.83225429334323,31.16774570665678
8,502,66.1710662800933,33.828933719906715
8,582,81.78593934548482,18.214060654515176
8,216,88.09995989321708,11.900040106782928
8,400,68.48460920715353,31.515390792846464
8,401,94.6369259484209,5.3630740515791056
8,104,35.5655534032044,64.43444659679561
8,663,78.85871292264319,21.141287077356814
8,664,88.13315152769088,11.866848472309126
8,501,72.44852663924863,27.551473360751366
8,48,19.0057837286629,80.9942162713371
8,402,22.010792002137265,77.98920799786274
8,35,15.252557167613077,84.74744283238692
8,38,84.86928742653329,15.130712573466711
8,189,58.78382590161883,41.21617409838117
8,450,44.53369702030866,55.46630297969135
8,398,20.8657235256949,79.1342764743051
8,448,77.23417192759558,22.765828072404414
8,574,81.80579996988745,18.194200030112555
8,652,87.81214586610794,12.187854133892053
8,22,58.72248666507735,41.27751333492265
8,498,31.967015447556474,68.03298455244354
8,568,34.14054365136342,65.85945634863658
8,451,72.28120995614826,27.718790043851737
8,335,47.847173352317675,52.152826647682325
8,336,48.02493550645748,51.97506449354251
8,661,61.90678420205599,38.093215797944005
8,111,32.19133651644799,67.80866348355201
8,332,51.867055953040186,48.13294404695982
8,445,92.24216072856275,7.757839271437253
8,439,45.006867276194576,54.993132723805424
8,63,44.13281852480517,55.86718147519484
8,44,35.57694603860112,64.42305396139888
577,23,18.46801125778653,81.53198874221349
577,109,37.85586250186686,62.14413749813315
577,408,8.573525084573184,91.42647491542681
577,506,28.356569034586563,71.64343096541343
577,129,25.010143105500205,74.9898568944998
577,26,73.29199181633889,26.708008183661114
577,130,49.162363865323286,50.837636134676714
577,375,54.71405961639482,45.28594038360518
577,61,79.78077084774758,20.21922915225243
577,379,45.929808677733,54.07019132226699
577,438,5.173779394857057,94.82622060514294
577,397,10.596811126975627,89.40318887302438
577,205,9.645625982247397,90.3543740177526
577,570,17.816074429706287,82.18392557029371
577,581,57.447780394904626,42.552219605095374
577,214,45.96311808439083,54.03688191560918
577,8,35.47982185727105,64.52017814272895
577,504,65.11105690271057,34.88894309728942
577,331,46.91866085426965,53.081339145730354
577,406,30.94315935978934,69.05684064021067
577,269,32.96253351524846,67.03746648475153
577,499,28.065820405110575,71.93417959488943
577,215,64.54542788559479,35.4545721144052
577,446,44.73273368120201,55.267266318797994
577,491,48.48374282044446,51.516257179555545
577,176,65.31338734662471,34.686612653375285
577,431,25.412373481983465,74.58762651801653
577,545,63.98579580752389,36.0142041924761
577,449,63.97293771454432,36.027062285455685
577,245,49.3193910031922,50.6806089968078
577,138,51.213095839742174,48.786904160257826
577,532,58.711719452960466,41.288280547039534
577,453,93.93441476534716,6.065585234652849
577,584,56.15466610380013,43.84533389619987
577,12,53.65174041764915,46.34825958235084
577,409,27.136472786993465,72.86352721300653
577,337,43.547157323057625,56.45284267694238
577,411,73.64963428018042,26.350365719819575
577,443,24.497578111414224,75.50242188858579
577,239,8.808125345954897,91.19187465404511
577,329,22.425015121694525,77.57498487830547
577,24,51.48539375219906,48.51460624780095
577,207,54.85441530285088,45.145584697149125
577,502,51.82616878263222,48.173831217367784
577,582,71.25392370194379,28.7460762980562
577,216,80.38571236467638,19.61428763532362
577,400,54.452749450168184,45.54725054983181
577,401,90.74680156074518,9.253198439254817
577,104,23.32407122479408,76.67592877520592
577,663,67.28823144878126,32.71176855121874
577,664,80.43591319256403,19.564086807435967
577,501,59.14508316080992,40.85491683919009
577,48,11.498766894794496,88.5012331052055
577,402,13.503102163713729,86.49689783628627
577,35,9.07331700923,90.92668299076999
577,38,75.61126530212213,24.38873469787786
577,189,43.94789962500711,56.05210037499289
577,450,30.641218031953677,69.35878196804633
577,398,12.732578428134838,87.26742157186517
577,448,65.15611695918851,34.843883040811484
577,574,71.28138901295479,28.718610987045214
577,652,79.95140186814672,20.048598131853286
577,22,43.885533866792684,56.11446613320731
577,498,20.582355730486768,79.41764426951323
577,568,22.22587531755557,77.77412468244442
577,451,58.94192966244698,41.058070337553026
577,335,33.53734500374253,66.46265499625747
577,336,33.69588492108878,66.30411507891122
577,661,47.18775489491353,52.81224510508646
577,111,20.750249809880867,79.24975019011913
577,332,37.2050233719227,62.7949766280773
577,445,86.83817926292568,13.161820737074335
577,439,31.048056317114913,68.95194368288509
577,63,30.298253048052942,69.70174695194706
577,44,23.33291847026196,76.66708152973804
504,23,10.895277664402943,89.10472233559705
504,109,24.642323156275488,75.3576768437245
504,408,4.836475533948329,95.16352446605167
504,506,17.55780959629799,82.44219040370201
504,129,15.22811816155523,84.77188183844477
504,26,59.55296104920189,40.44703895079812
504,130,34.133400023276955,65.86659997672304
504,375,39.29101491791601,60.708985082084
504,61,67.95901968993788,32.040980310062125
504,379,31.28892329497584,68.71107670502417
504,438,2.8763446001018576,97.12365539989814
504,397,6.031130654016637,93.96886934598336
504,205,5.466814998550451,94.53318500144955
504,570,10.478560110935547,89.52143988906445
504,581,41.9669508937385,58.0330491062615
504,214,31.317671304178933,68.68232869582106
504,8,22.80055836279013,77.19944163720986
504,577,34.88894309728942,65.11105690271057
504,331,32.14727789604298,67.85272210395702
504,406,19.41525992159648,80.58474007840351
504,269,20.901503998401772,79.09849600159824
504,499,17.352171953902634,82.64782804609736
504,215,49.37852429765778,50.621475702342224
504,446,30.263332913123836,69.73666708687615
504,491,33.52695266034813,66.47304733965187
504,176,50.22346983769231,49.77653016230767
504,431,15.50390927185453,84.49609072814546
504,545,48.768308684435524,51.231691315564476
504,449,48.754342583163094,51.245657416836906
504,245,34.27444606066846,65.72555393933153
504,138,35.99708746452194,64.00291253547806
504,532,43.23649617810441,56.76350382189559
504,453,89.34537601502221,10.654623984977784
504,584,40.68945019396132,59.31054980603868
504,12,38.27611485290803,61.72388514709197
504,409,16.69904430677584,83.30095569322417
504,337,29.26186648610216,70.73813351389784
504,411,59.996129211115665,40.00387078888432
504,443,14.878311353229986,85.12168864677002
504,239,4.973896438795988,95.02610356120401
504,329,13.482215507292558,86.51778449270745
504,24,36.248127735790725,63.751872264209275
504,207,39.42613296145207,60.57386703854794
504,502,36.5635014956607,63.4364985043393
504,582,57.06998456154837,42.930015438451626
504,216,68.78385994710995,31.216140052890047
504,400,39.04009822237541,60.959901777624594
504,401,84.12485108352074,15.875148916479262
504,104,14.084250606154491,85.9157493938455
504,663,52.437394535383156,47.562605464616844
504,664,68.85263868801059,31.147361311989414
504,501,43.67662425788936,56.32337574211065
504,48,6.570720598724241,93.42927940127576
504,402,7.785790665422512,92.21420933457749
504,35,5.129580817959621,94.87041918204038
504,38,62.467555269261155,37.532444730738845
504,189,29.598807769758267,70.40119223024173
504,450,19.1957934690984,80.8042065309016
504,398,7.3160397522822995,92.6839602477177
504,448,50.0497146787389,49.9502853212611
504,574,57.10297247111132,42.89702752888867
504,652,68.19093511154955,31.80906488845044
504,22,29.54626636431969,70.45373363568032
504,498,12.265036537275957,87.73496346272405
504,568,13.34959660606065,86.65040339393936
504,451,43.469988863086364,56.530011136913636
504,335,21.330539591439155,78.66946040856085
504,336,21.449346946247584,78.55065305375241
504,661,32.38263494258265,67.61736505741736
504,111,12.375023802659332,87.62497619734066
504,332,24.13294621210583,75.86705378789416
504,445,78.05676570361615,21.94323429638385
504,439,19.491670475841648,80.50832952415836
504,63,18.94736559276283,81.05263440723716
504,44,14.090202024704194,85.9097979752958
331,23,20.380546563096562,79.61945343690343
331,109,40.79626912904994,59.20373087095007
331,408,9.573763898639175,90.42623610136083
331,506,30.918587556212394,69.08141244378761
331,129,27.38171078120601,72.61828921879399
331,26,75.62408559962158,24.375914400378413
331,130,52.246077675106406,47.753922324893594
331,375,57.74930618501786,42.25069381498216
331,61,81.68147445395454,18.318525546045457
331,379,49.006041809645204,50.9939581903548
331,438,5.8004069238491756,94.19959307615083
331,397,11.804870020673508,88.1951299793265
331,205,10.757339892996537,89.24266010700346
331,570,19.67656953701604,80.32343046298396
331,581,60.4311318458128,39.5688681541872
331,214,49.039563790109874,50.960436209890126
331,8,38.347939307363944,61.652060692636056
331,577,53.081339145730354,46.91866085426965
331,504,67.85272210395702,32.14727789604298
331,406,33.63190195272907,66.36809804727093
331,269,35.73784682265004,64.26215317734996
331,499,30.612479305856244,69.38752069414376
331,215,67.30970107596916,32.69029892403083
331,446,47.799444745661305,52.20055525433869
331,491,51.56808296504344,48.43191703495656
331,176,68.04678343006046,31.953216569939542
331,431,27.808417145305203,72.19158285469479
331,545,66.7716977320091,33.2283022679909
331,449,66.75932791764635,33.240672082353655
331,245,52.40279427073524,47.59720572926476
331,138,54.28787003742429,45.7121299625757
331,532,61.6649124646695,38.3350875353305
331,453,94.58819174004167,5.41180825995833
331,584,59.16484693453658,40.83515306546343
331,12,56.70219532874338,43.297804671256614
331,409,29.63252215052118,70.36747784947882
331,337,46.60081715510044,53.39918284489956
331,411,75.96036114891731,24.039638851082678
331,443,26.837327714224905,73.16267228577509
331,239,9.833018216058035,90.16698178394196
331,329,24.62892461220739,75.3710753877926
331,24,54.558187696886726,45.441812303113274
331,207,57.88744417423632,42.11255582576368
331,502,54.89622343100358,45.10377656899641
331,582,73.70231311470657,26.297686885293427
331,216,82.24155255742704,17.758447442572944
331,400,57.491995471181745,42.508004528818255
331,401,91.7163734731746,8.283626526825394
331,104,25.5883218203108,74.4116781796892
331,663,69.93590490812925,30.064095091870758
331,664,82.28799539981378,17.71200460018622
331,501,62.087044630770485,37.91295536922952
331,48,12.79595861229447,87.20404138770552
331,402,14.990591003224193,85.0094089967758
331,35,10.125902957576038,89.87409704242395
331,38,77.79975046016868,22.20024953983132
331,189,47.006374990767476,52.99362500923254
331,450,33.31608591609204,66.68391408390795
331,398,14.148181910963102,85.8518180890369
331,448,67.89594887763515,32.10405112236485
331,574,73.72827333708359,26.27172666291641
331,652,81.83953019550002,18.160469804499982
331,22,46.943286946620205,53.05671305337979
331,498,22.65581239066673,77.34418760933328
331,568,24.416125870144384,75.58387412985562
331,451,61.889212815683436,38.11078718431655
331,335,36.335324614830725,63.664675385169275
331,336,36.499962395446126,63.500037604553874
331,661,50.2700526003975,49.7299473996025
331,111,22.835970212727283,77.16402978727272
331,332,40.12710201467946,59.87289798532054
331,445,88.16777459622061,11.832225403779393
331,439,33.741562380869624,66.25843761913039
331,63,32.9570670245754,67.04293297542459
331,44,25.59775208179808,74.40224791820192
406,23,33.490785512078254,66.50921448792174
406,109,57.63465253837241,42.36534746162759
406,408,17.158804800308232,82.84119519969178
406,506,46.88991795987752,53.110082040122485
406,129,42.637391866779126,57.362608133220874
406,26,85.88751674066081,14.112483259339193
406,130,68.33874519599438,31.661254804005623
406,375,72.93050681316265,27.069493186837352
406,61,89.71979042426213,10.280209575737862
406,379,65.47705341076104,34.522946589238956
406,438,10.724975159587961,89.27502484041204
406,397,20.77505075259436,79.22494924740565
406,205,19.094041610271535,80.90595838972845
406,570,32.513054824663804,67.48694517533619
406,581,75.05476480284382,24.945235197156183
406,214,65.50729849101279,34.49270150898721
406,8,55.11488753926324,44.88511246073676
406,577,69.05684064021067,30.94315935978934
406,504,80.58474007840351,19.41525992159648
406,331,66.36809804727093,33.63190195272907
406,269,52.32810507849668,47.67189492150332
406,499,46.530942655902585,53.469057344097415
406,215,80.19640784320282,19.80359215679718
406,446,64.37925296940253,35.62074703059747
406,491,67.75004386265468,32.249956137345315
406,176,80.72292727586621,19.27707272413379
406,431,43.16285743135532,56.83714256864468
406,545,79.80923458574446,20.190765414255534
406,449,79.80030402457842,20.199695975421587
406,245,68.47407735489237,31.525922645107624
406,138,70.08042959794093,29.919570402059048
406,532,76.00863836519133,23.991361634808676
406,453,97.14402335518639,2.8559766448135986
406,584,74.06057655270537,25.939423447294622
406,12,72.0815398527972,27.918460147202783
406,409,45.370367540432156,54.629632459567844
406,337,63.270764910311115,36.72923508968889
406,411,86.1068155148083,13.893184485191695
406,443,41.96192036125676,58.03807963874325
406,239,17.586005103526954,82.41399489647306
406,329,39.16180286186166,60.83819713813834
406,24,70.30757553077468,29.69242446922531
406,207,73.04167081174985,26.958329188250158
406,502,70.5905131881897,29.409486811810297
406,582,84.6186986396457,15.381301360354287
406,216,90.06201084639633,9.937989153603665
406,400,72.72292507918775,27.27707492081226
406,401,95.5707409577765,4.429259042223509
406,104,40.390223098130754,59.60977690186924
406,663,82.05211273732296,17.947887262677046
406,664,90.09030026697931,9.909699733020695
406,501,76.33171438824782,23.668285611752175
406,48,22.338574718617036,77.66142528138296
406,402,25.710212300904132,74.28978769909585
406,35,18.066386088392385,81.93361391160761
406,38,87.29238797795446,12.70761202204554
406,189,63.64785328731229,36.35214671268772
406,450,49.64451398981357,50.35548601018643
406,398,24.43053923531887,75.56946076468112
406,448,80.61554790215949,19.3844520978405
406,574,84.63601741400689,15.363982585993108
406,652,89.81656561961793,10.183434380382064
406,22,63.58933105877218,36.41066894122782
406,498,36.5758893849516,63.42411061504839
406,568,38.88679964740576,61.113200352594255
406,451,76.18051176997504,23.819488230024955
406,335,52.975480420897405,47.0245195791026
406,336,53.15286845086106,46.84713154913894
406,661,66.6081509988117,33.39184900118831
406,111,36.81538844647535,63.18461155352465
406,332,56.95474561269664,43.04525438730336
406,445,93.56709253045341,6.432907469546589
406,439,50.12304180386291,49.8769581961371
406,63,49.23834517753215,50.76165482246784
406,44,40.402205654096186,59.59779434590382
269,23,31.45387064721426,68.54612935278574
269,109,55.34545277610475,44.65454722389524
269,408,15.88812749403708,84.11187250596292
269,506,44.577892220257034,55.42210777974298
269,129,40.376812468490435,59.62318753150956
269,26,84.73461413722005,15.265385862779956
269,130,66.2948545568851,33.7051454431149
269,375,71.06095503301731,28.939044966982696
269,61,88.84207363912306,11.15792636087695
269,379,63.345561930471085,36.654438069528915
269,438,9.877810671485717,90.12218932851428
269,397,19.295711752764255,80.70428824723575
269,205,17.70901872196973,82.29098127803027
269,570,30.50899722385899,69.491002776141
269,581,73.2799734248045,26.72002657519551
269,214,63.37664853150298,36.62335146849702
269,8,52.80044088356964,47.19955911643035
269,577,67.03746648475153,32.96253351524846
269,504,79.09849600159824,20.901503998401772
269,331,64.26215317734996,35.73784682265004
269,406,47.67189492150332,52.32810507849668
269,499,44.221949687743255,55.778050312256745
269,215,78.68792836478043,21.312071635219567
269,446,62.2184344729238,37.7815655270762
269,491,65.68681343074857,34.31318656925143
269,176,79.24466740314622,20.75533259685377
269,431,40.89409263909868,59.10590736090132
269,545,78.27888238714465,21.72111761285534
269,449,78.26945080042641,21.73054919957359
269,245,66.43472925778445,33.56527074221555
269,138,68.09776188032005,31.902238119679954
269,532,74.2793030160555,25.720696983944514
269,453,96.88008601960578,3.1199139803942155
269,584,72.2403241591754,27.7596758408246
269,12,70.17661384409351,29.823386155906473
269,409,43.07283778199093,56.927162218009066
269,337,61.08273592911354,38.91726407088646
269,411,84.9688871265973,15.031112873402714
269,443,39.71261587814644,60.28738412185356
269,239,16.289559134577335,83.71044086542267
269,329,36.96822326746283,63.03177673253716
269,24,68.33333400879594,31.666665991204052
269,207,71.17685651734055,28.823143482659436
269,502,68.62691011321601,31.373089886783994
269,582,83.38100744360038,16.61899255639961
269,216,89.2102573327595,10.789742667240516
269,400,70.84459222169286,29.155407778307147
269,401,95.16795305966549,4.832046940334507
269,104,38.170419429770774,61.82958057022921
269,663,80.65257381081345,19.34742618918655
269,664,89.24070314375834,10.759296856241667
269,501,74.61818308397353,25.381816916026466
269,48,20.77573695848841,79.22426304151159
269,402,23.981362964281793,76.0186370357182
269,35,16.741319484423766,83.25868051557623
269,38,86.23704134897407,13.762958651025926
269,189,61.46881018747005,38.53118981252995
269,450,47.317318367092795,52.682681632907205
269,398,22.762421590702033,77.23757840929797
269,448,79.13108058181719,20.86891941818282
269,574,83.39946229564671,16.60053770435329
269,652,88.94616787081672,11.053832129183274
269,22,61.40887510707779,38.59112489292222
269,498,34.44652761088508,65.55347238911492
269,568,36.699469822144884,63.30053017785511
269,451,74.45955831663362,25.54044168336638
269,335,50.64921752839068,49.35078247160932
269,336,50.82725066275222,49.17274933724779
269,661,64.5093558344329,35.49064416556711
269,111,34.67956801277668,65.32043198722332
269,332,54.65752244008756,45.34247755991245
269,445,92.99427469321913,7.005725306780876
269,439,47.79467795210676,52.20532204789323
269,63,46.91248270053513,53.08751729946487
269,44,38.182159839205134,61.81784016079486
499,23,36.647222522279,63.352777477721
499,109,60.98463326943121,39.015366730568786
499,408,19.203966214399,80.796033785601
499,506,50.36056876374463,49.63943123625537
499,129,46.065295553361764,53.93470444663825
499,26,87.46937758030813,12.530622419691861
499,130,71.25584952622815,28.744150473771857
499,375,75.57079607683802,24.429203923161978
499,61,90.91422178954444,9.085778210455567
499,379,68.53943939597126,31.460560604028753
499,438,12.10828334709375,87.89171665290625
499,397,23.13647333125484,76.86352666874515
499,205,21.313440848940125,78.68655915105987
499,570,35.62574517914718,64.37425482085281
499,581,77.54914930049054,22.450850699509463
499,214,68.56826004930328,31.43173995069672
499,8,58.52203112467734,41.47796887532266
499,577,71.93417959488943,28.065820405110575
499,504,82.64782804609736,17.352171953902634
499,331,69.38752069414376,30.612479305856244
499,406,53.469057344097415,46.530942655902585
499,269,55.778050312256745,44.221949687743255
499,215,82.29216840440023,17.707831595599767
499,446,67.49172252017655,32.508277479823455
499,491,70.69876249406502,29.301237505934978
499,176,82.77430306499069,17.225696935009303
499,431,46.59887907713354,53.40112092286646
499,545,81.93721571866493,18.06278428133508
499,449,81.92902417415424,18.070975825845757
499,245,71.38378840765874,28.616211592341262
499,138,72.89881301950814,27.10118698049185
499,532,78.43389688244189,21.566103117558107
499,453,97.49771585792102,2.502284142078974
499,584,76.6246341595838,23.375365840416197
499,12,74.77700966893988,25.222990331060117
499,409,48.831739918762516,51.16826008123749
499,337,66.43059495857706,33.56940504142295
499,411,87.66738961613703,12.33261038386298
499,443,45.37820665267847,54.621793347321535
499,239,19.67061781825587,80.32938218174412
499,329,42.51568165610144,57.48431834389856
499,24,73.11251533153124,26.887484668468765
499,207,75.6746017305338,24.325398269466206
499,502,73.3785246936426,26.621475306357407
499,582,86.32158389613264,13.678416103867368
499,216,91.22026995205854,8.779730047941447
499,400,75.37687260169291,24.623127398307087
499,401,96.11222952699718,3.887770473002809
499,104,43.774314385679475,56.22568561432052
499,663,83.98854566397014,16.011454336029853
499,664,91.24555780503847,8.754442194961525
499,501,78.73305690729893,21.266943092701084
499,48,24.8243197909959,75.1756802090041
499,402,28.43859953333397,71.56140046666603
499,35,20.19469219094478,79.80530780905522
499,38,88.73601136419319,11.263988635806811
499,189,66.79193548333772,33.20806451666227
499,450,53.11514488869614,46.884855111303864
499,398,27.07092293925083,72.92907706074917
499,448,82.67602861805503,17.323971381944965
499,574,86.33727536721547,13.662724632784537
499,652,91.00079385422748,8.999206145772522
499,22,66.73588184231193,33.26411815768806
499,498,39.851602646298915,60.14839735370108
499,568,42.23330581991747,57.76669418008253
499,451,78.59307880830198,21.406921191698018
499,335,56.41740964158251,43.58259035841749
499,336,56.59239701174492,43.40760298825508
499,661,69.61564634264991,30.38435365735009
499,111,40.099174196753516,59.900825803246484
499,332,60.32186452409929,39.67813547590072
499,445,94.3403419378582,5.659658062141807
499,439,53.591471233926626,46.408528766073374
499,63,52.71033588670726,47.28966411329275
499,44,43.78656979052266,56.213430209477345
215,23,11.135260983254772,88.86473901674523
215,109,25.10399682103551,74.89600317896449
215,408,4.949794323334233,95.05020567666577
215,506,17.9168197991224,82.08318020087759
215,129,15.547958410284505,84.45204158971549
215,26,60.14977343628697,39.850226563713036
215,130,34.69318011974664,65.30681988025336
215,375,39.88494011940046,60.11505988059954
215,61,68.49618169245794,31.503818307542076
215,379,31.824081806411865,68.17591819358813
215,438,2.9450218482741803,97.0549781517258
215,397,6.17078739642583,93.82921260357418
215,205,5.594113118063356,94.40588688193665
215,570,10.710387331920861,89.28961266807913
215,581,42.573246236784605,57.4267537632154
215,214,31.853099192813144,68.14690080718685
215,8,23.23794223034685,76.76205776965315
215,577,35.4545721144052,64.54542788559479
215,504,50.621475702342224,49.37852429765778
215,331,32.69029892403083,67.30970107596916
215,406,19.80359215679718,80.19640784320282
215,269,21.312071635219567,78.68792836478043
215,499,17.707831595599767,82.29216840440023
215,446,30.78860746400325,69.21139253599675
215,491,34.08182803178409,65.91817196821592
215,176,50.84489747193322,49.15510252806677
215,431,15.828524823192879,84.17147517680712
215,545,49.38959298178885,50.61040701821115
215,449,49.37562027913517,50.62437972086482
215,245,34.83534008537094,65.16465991462907
215,138,36.570769520119,63.42923047988101
215,532,43.84738166929475,56.15261833070525
215,453,89.57612673992102,10.423873260078977
215,584,41.29029596621863,58.709704033781364
215,12,38.864392602599544,61.13560739740046
215,409,17.043924689013767,82.95607531098624
215,337,29.77697590135383,70.22302409864616
215,411,60.590678533569495,39.40932146643049
215,443,15.192041460356997,84.807958539643
215,239,5.090278562800329,94.90972143719966
215,329,13.770968061075095,86.2290319389249
215,24,36.82354726451752,63.17645273548248
215,207,40.02077039264128,59.97922960735871
215,502,37.141058256692325,62.85894174330768
215,582,57.677647829881785,42.32235217011822
215,216,69.31327938771393,30.686720612286056
215,400,39.63267608764546,60.36732391235453
215,401,84.45025665744744,15.549743342552555
215,104,14.383890040701836,85.61610995929817
215,663,53.05697342997966,46.94302657002033
215,664,69.38139739135627,30.61860260864373
215,501,44.28890896821295,55.71109103178705
215,48,6.722055742929569,93.27794425707042
215,402,7.962924946984799,92.0370750530152
215,35,5.249422838193539,94.75057716180646
215,38,63.047677247173674,36.952322752826326
215,189,30.117393831548107,69.8826061684519
215,450,19.580749748562937,80.41925025143706
215,398,7.4832820862006155,92.51671791379938
215,448,50.67118188615684,49.32881811384317
215,574,57.710511952823786,42.28948804717622
215,652,68.72595405344366,31.27404594655634
215,22,30.064314066847302,69.9356859331527
215,498,12.531243503296007,87.468756496704
215,568,13.635927384849614,86.36407261515039
215,451,44.0816289720994,55.91837102790059
215,335,21.747322336439463,78.25267766356053
215,336,21.867834603109205,78.1321653968908
215,661,32.92774655450697,67.07225344549303
215,111,12.64329738198512,87.35670261801488
215,332,24.58807168252687,75.41192831747313
215,445,78.47631653943117,21.523683460568833
215,439,19.88117251872127,80.11882748127873
215,63,19.328471731318146,80.67152826868185
215,44,14.389948205433722,85.61005179456627
446,23,21.834804863012046,78.16519513698795
446,109,42.938271546042124,57.06172845395788
446,408,10.35084133043288,89.64915866956711
446,506,32.8245911544319,67.1754088455681
446,129,29.159158717272355,70.84084128272764
446,26,77.20033493598729,22.799665064012714
446,130,54.43764903536581,45.5623509646342
446,375,59.8808872319834,40.1191127680166
446,61,82.94999824050687,17.05000175949313
446,379,51.207679120417346,48.792320879582654
446,438,6.290750484937712,93.70924951506228
446,397,12.739337342634652,87.26066265736534
446,205,11.619041378782313,88.38095862121769
446,570,21.093284267654315,78.90671573234569
446,581,62.514156611555926,37.48584338844408
446,214,51.24119362324223,48.75880637675777
446,8,40.448269250084394,59.5517307499156
446,577,55.267266318797994,44.73273368120201
446,504,69.73666708687615,30.263332913123836
446,331,52.20055525433869,47.799444745661305
446,406,35.62074703059747,64.37925296940253
446,269,37.7815655270762,62.2184344729238
446,499,32.508277479823455,67.49172252017655
446,215,69.21139253599675,30.78860746400325
446,491,53.7633190629994,46.23668093700059
446,176,69.9242658891414,30.075734110858598
446,431,29.6026107201806,70.39738927981941
446,545,68.69048115680066,31.309518843199335
446,449,68.67849857048792,31.32150142951209
446,245,54.593401571493935,45.406598428506065
446,138,56.463449231235984,43.53655076876401
446,532,63.72139494447773,36.27860505552226
446,453,95.01334195141011,4.986658048589896
446,584,61.272363419743215,38.727636580256785
446,12,58.84931606110426,41.150683938895746
446,409,31.494476290099072,68.50552370990093
446,337,48.79768856547972,51.202311434520276
446,411,77.52106287066157,22.478937129338426
446,443,28.59291938470228,71.40708061529772
446,239,10.628850050773533,89.37114994922646
446,329,26.290187722324482,73.70981227767551
446,24,56.731093641627886,43.268906358372114
446,207,60.01683136906024,39.98316863093976
446,502,57.065604022106164,42.93439597789383
446,582,75.36389753549405,24.636102464505946
446,216,83.4787021617685,16.52129783823152
446,400,59.62757373332316,40.37242626667684
446,401,92.35044364528014,7.649556354719862
446,104,27.291680528529895,72.7083194714701
446,663,71.74717802666726,28.252821973332747
446,664,83.52252149826359,16.477478501736417
446,501,64.13384095629996,35.866159043700044
446,48,13.797423120861616,86.20257687913838
446,402,16.133994177578057,83.86600582242194
446,35,10.942774944928276,89.05722505507173
446,38,79.27218948481925,20.72781051518075
446,189,49.20478439869789,50.795215601302125
446,450,35.295992271695845,64.70400772830415
446,398,15.238149500660786,84.76185049933922
446,448,69.77845982949341,30.221540170506593
446,574,75.3887450694306,24.611254930569405
446,652,83.09924952719727,16.900750472802727
446,22,49.14147670531333,50.85852329468666
446,498,24.225112001383813,75.77488799861618
446,568,26.067819616584053,73.93218038341594
446,451,63.940586868082605,36.059413131917395
446,335,38.39311449843419,61.60688550156581
446,336,38.56151350238483,61.43848649761517
446,661,52.47000658483167,47.52999341516832
446,111,24.41396741447373,75.58603258552627
446,332,42.25881093300682,57.74118906699318
446,445,89.04346715627601,10.956532843723979
446,439,35.73346791922655,64.26653208077346
446,63,34.92658685386184,65.07341314613817
446,44,27.301516051279524,72.69848394872047
491,23,19.390042377903825,80.60995762209618
491,109,39.29143943397608,60.70856056602392
491,408,9.052715452156912,90.94728454784308
491,506,29.59967315441726,70.40032684558275
491,129,26.158331699719945,73.84166830028006
491,26,74.45625961584255,25.54374038415744
491,130,50.678974298812776,49.321025701187224
491,375,56.212132435387,43.787867564613
491,61,80.73327931287123,19.266720687128768
491,379,47.43959354719392,52.56040645280608
491,438,5.473349629419337,94.52665037058065
491,397,11.176298179393834,88.82370182060617
491,205,10.178579033321755,89.82142096667825
491,570,18.712640495256323,81.28735950474368
491,581,58.9227855851999,41.07721441480009
491,214,47.47303976403367,52.52696023596633
491,8,36.87793636281929,63.1220636371807
491,577,51.516257179555545,48.48374282044446
491,504,66.47304733965187,33.52695266034813
491,331,48.43191703495656,51.56808296504344
491,406,32.249956137345315,67.75004386265468
491,269,34.31318656925143,65.68681343074857
491,499,29.301237505934978,70.69876249406502
491,215,65.91817196821592,34.08182803178409
491,446,46.23668093700059,53.7633190629994
491,176,66.67143857374171,33.32856142625828
491,431,26.57271595014652,73.42728404985348
491,545,65.36880390348502,34.63119609651499
491,449,65.3561772396828,34.643822760317214
491,245,50.83600159618743,49.16399840381258
491,138,52.72729811814203,47.27270188185797
491,532,60.17297406283168,39.82702593716833
491,453,94.2646086520363,5.735391347963698
491,584,57.64172287062125,42.35827712937876
491,12,55.15630418302349,44.843695816976506
491,409,28.34660458559436,71.65339541440565
491,337,45.04355478132572,54.95644521867429
491,411,74.80347977671013,25.19652022328986
491,443,25.629984207425455,74.37001579257453
491,239,9.299198882273469,90.70080111772654
491,329,23.49024071809289,76.50975928190711
491,24,52.998884244596056,47.00111575540394
491,207,56.351526780312035,43.64847321968796
491,502,53.33863924572254,46.66136075427746
491,582,72.47476518685644,27.525234813143566
491,216,81.3160612255015,18.6839387744985
491,400,55.95254760110161,44.04745239889839
491,401,91.2356621747781,8.764337825221903
491,104,24.419100925627454,75.58089907437254
491,663,68.60528191860791,31.394718081392085
491,664,81.36440484986569,18.635595150134314
491,501,60.60117583018359,39.39882416981641
491,48,12.121363777044886,87.87863622295512
491,402,14.2179415864787,85.7820584135213
491,35,9.577743272564259,90.42225672743575
491,38,76.70533617072348,23.294663829276512
491,189,45.44704608159319,54.55295391840681
491,450,31.94101494784394,68.05898505215606
491,398,13.412539045225236,86.58746095477477
491,448,66.51723433067822,33.482765669321786
491,574,72.50150009704578,27.498499902954222
491,652,80.8977012167269,19.1022987832731
491,22,45.38426573558363,54.615734264416375
491,498,21.58333284080351,78.41666715919649
491,568,23.28436228305829,76.71563771694171
491,451,60.400470562132845,39.599529437867155
491,335,34.89954041900985,65.10045958099015
491,336,35.06119046808227,64.93880953191773
491,661,48.701744428541275,51.298255571458725
491,111,21.757256757816272,78.24274324218374
491,332,38.63104677279839,61.36895322720161
491,445,87.50714029949255,12.49285970050745
491,439,32.35725797387426,67.64274202612573
491,63,31.589959486422153,68.41004051357785
491,44,24.42823642445991,75.5717635755401
176,23,10.810115432848825,89.18988456715118
176,109,24.477751743662797,75.52224825633719
176,408,4.796338355468318,95.20366164453169
176,506,17.43013450519909,82.56986549480092
176,129,15.114459400591404,84.8855405994086
176,26,59.33765062677081,40.66234937322918
176,130,33.93321360686493,66.06678639313508
176,375,39.078240944604,60.92175905539601
176,61,67.76467184152052,32.23532815847947
176,379,31.09772777959353,68.90227222040647
176,438,2.852033821672725,97.14796617832727
176,397,5.981646479678606,94.0183535203214
176,205,5.421717660497586,94.57828233950242
176,570,10.396303082403342,89.60369691759666
176,581,41.749544665017424,58.25045533498259
176,214,31.126377675432128,68.87362232456788
176,8,22.64474144342687,77.35525855657312
176,577,34.686612653375285,65.31338734662471
176,504,49.77653016230767,50.22346983769231
176,331,31.953216569939542,68.04678343006046
176,406,19.27707272413379,80.72292727586621
176,269,20.75533259685377,79.24466740314622
176,499,17.225696935009303,82.77430306499069
176,215,49.15510252806677,50.84489747193322
176,446,30.075734110858598,69.9242658891414
176,491,33.32856142625828,66.67143857374171
176,431,15.388543235520602,84.6114567644794
176,545,48.54500290114423,51.45499709885577
176,449,48.53104025219513,51.46895974780487
176,245,34.07385159855528,65.9261484014447
176,138,35.7917983576159,64.2082016423841
176,532,43.017347887317094,56.9826521126829
176,453,89.26130204213187,10.738697957868121
176,584,40.47409308703849,59.52590691296151
176,12,38.065437745535796,61.9345622544642
176,409,16.576428625578057,83.42357137442194
176,337,29.077960653656724,70.92203934634328
176,411,59.78160254989135,40.218397450108654
176,443,14.766836529215876,85.23316347078412
176,239,4.932672500755801,95.0673274992442
176,329,13.379661927764516,86.62033807223548
176,24,36.04219913370515,63.95780086629485
176,207,39.213093910500504,60.786906089499496
176,502,36.35678563860117,63.643214361398826
176,582,56.85094684313715,43.14905315686284
176,216,68.5922598806933,31.407740119306688
176,400,38.827825287827686,61.17217471217232
176,401,84.00648584917394,15.993514150826057
176,104,13.977809799690396,86.02219020030961
176,663,52.21441877561842,47.78558122438159
176,664,68.66127329347106,31.338726706528945
176,501,43.45694058692929,56.54305941307071
176,48,6.517089503782712,93.4829104962173
176,402,7.722992996969145,92.27700700303086
176,35,5.087129316642464,94.91287068335754
176,38,62.25805675664014,37.74194324335986
176,189,29.41363952582095,70.58636047417906
176,450,19.05881750389275,80.94118249610725
176,398,7.25675765493166,92.74324234506834
176,448,49.82624405026744,50.17375594973256
176,574,56.88397688208238,43.116023117917614
176,652,67.99734741880582,32.0026525811942
176,22,29.361293647727482,70.63870635227252
176,498,12.170527157842749,87.82947284215726
176,568,13.247907481475957,86.75209251852404
176,451,43.25055214903657,56.74944785096342
176,335,21.182134357986122,78.81786564201389
176,336,21.300328762889155,78.69967123711085
176,661,32.18781085014572,67.81218914985428
176,111,12.2797773797891,87.72022262021089
176,332,23.97073669792854,76.02926330207146
176,445,77.90445654328212,22.095543456717877
176,439,19.35306351323904,80.64693648676095
176,63,18.81177068311936,81.18822931688065
176,44,13.983723094475147,86.01627690552486
431,23,39.85994584811559,60.140054151884414
431,109,64.1692251160632,35.8307748839368
431,408,21.387339442706793,78.6126605572932
431,506,53.75980109980472,46.24019890019528
431,129,49.463475559807456,50.536524440192544
431,26,88.8686942027342,11.131305797265794
431,130,73.95098447743045,26.04901552256954
431,375,77.98157005361521,22.018429946384792
431,61,91.96148997629113,8.038510023708861
431,379,71.39007167418528,28.60992832581472
431,438,13.612874935497512,86.38712506450248
431,397,25.630994669505082,74.36900533049491
431,205,23.669482812462352,76.33051718753765
431,570,38.80296709718131,61.197032902818705
431,581,79.81452307743815,20.185476922561836
431,214,71.41733934830242,28.582660651697577
431,8,61.78338244813732,38.21661755186268
431,577,74.58762651801653,25.412373481983465
431,504,84.49609072814546,15.50390927185453
431,331,72.19158285469479,27.808417145305203
431,406,56.83714256864468,43.16285743135532
431,269,59.10590736090132,40.89409263909868
431,499,53.40112092286646,46.59887907713354
431,215,84.17147517680712,15.828524823192879
431,446,70.39738927981941,29.6026107201806
431,491,73.42728404985348,26.57271595014652
431,176,84.6114567644794,15.388543235520602
431,545,83.8472168002838,16.152783199716197
431,449,83.83973021065289,16.16026978934712
431,245,74.0711474980051,25.928852501994896
431,138,75.49102813520678,24.508971864793228
431,532,80.6312397431432,19.368760256856792
431,453,97.80276956625411,2.1972304337458843
431,584,78.95911682377839,21.0408831762216
431,12,77.2434895607087,22.756510439291308
431,409,52.23650089668731,47.76349910331269
431,337,69.38916914447229,30.6108308555277
431,411,89.04716662360146,10.95283337639855
431,443,48.77141747315939,51.22858252684062
431,239,21.89333792352382,78.10666207647618
431,329,45.87379223064122,54.12620776935878
431,24,75.69085699289766,24.30914300710233
431,207,78.07797887479605,21.92202112520394
431,502,75.93944140776324,24.060558592236752
431,582,87.83246806046729,12.167531939532704
431,216,92.23503090816179,7.764969091838219
431,400,77.80139558126241,22.198604418737588
431,401,96.58084650749029,3.419153492509708
431,104,47.150727070247996,52.849272929752
431,663,85.71719895961174,14.282801040388254
431,664,92.25762390613559,7.742376093864413
431,501,80.90697935950266,19.09302064049735
431,48,27.43818579488686,72.56181420511314
431,402,31.279437462707488,68.72056253729251
431,35,22.4608221673189,77.5391778326811
431,38,90.00886247574394,9.991137524256057
431,189,69.73281445155868,30.267185548441333
431,450,56.48811391347558,43.51188608652443
431,398,29.8304475288588,70.1695524711412
431,448,84.52181744696541,15.478182553034593
431,574,87.84665386543462,12.153346134565373
431,652,92.03888684675987,7.96111315324014
431,22,69.67952757770259,30.320472422297414
431,498,43.15602369211767,56.84397630788233
431,568,45.586689520886914,54.413310479113086
431,451,80.77798593075376,19.22201406924624
431,335,59.73157645405875,40.26842354594126
431,336,59.90262505650814,40.097374943491864
431,661,72.40687417733129,27.5931258226687
431,111,43.409444111755654,56.590555888244346
431,332,63.528690786696714,36.471309213303286
431,445,95.01248165366093,4.987518346339064
431,439,56.95778760748899,43.042212392511026
431,63,56.08847116412565,43.91152883587435
431,44,47.16313850653503,52.83686149346497
545,23,11.375504935104445,88.62449506489556
545,109,25.563115333846238,74.43688466615376
545,408,5.063553955322881,94.93644604467711
545,506,18.27508081869799,81.724919181302
545,129,15.867488936777328,84.13251106322267
545,26,60.732967112118,39.267032887882
545,130,35.247235544927406,64.7527644550726
545,375,40.47126703234507,59.52873296765494
545,61,69.0189049888873,30.981095011112703
545,379,32.354523110327534,67.64547688967247
545,438,3.0140271732720514,96.98597282672795
545,397,6.310911231364696,93.68908876863532
545,205,5.721869870796279,94.27813012920373
545,570,10.942511676529632,89.05748832347037
545,581,43.17097701473754,56.82902298526247
545,214,32.38379986861802,67.61620013138199
545,8,23.673299945085333,76.32670005491467
545,577,36.0142041924761,63.98579580752389
545,504,51.231691315564476,48.768308684435524
545,331,33.2283022679909,66.7716977320091
545,406,20.190765414255534,79.80923458574446
545,269,21.72111761285534,78.27888238714465
545,499,18.06278428133508,81.93721571866493
545,215,50.61040701821115,49.38959298178885
545,446,31.309518843199335,68.69048115680066
545,491,34.63119609651499,65.36880390348502
545,176,51.45499709885577,48.54500290114423
545,431,16.152783199716197,83.8472168002838
545,449,49.98602511548483,50.013974884515164
545,245,35.39045872616073,64.60954127383927
545,138,37.13805303953032,62.86194696046967
545,532,44.44925161663352,55.550748383366475
545,453,89.79841619697795,10.201583803022054
545,584,41.88303642457515,58.116963575424855
545,12,39.44544164330219,60.55455835669781
545,409,17.388227910915578,82.61177208908443
545,337,30.288061859334135,69.71193814066586
545,411,61.17153227586747,38.82846772413254
545,443,15.505520203807832,84.49447979619217
545,239,5.207106163793554,94.79289383620645
545,329,14.059681270876311,85.9403187291237
545,24,37.39247699969578,62.60752300030422
545,207,40.607760407662816,59.39223959233719
545,502,37.7120104739535,62.2879895260465
545,582,58.27218286024919,41.72781713975082
545,216,69.82825997488298,30.171740025117018
545,400,40.217746952562806,59.782253047437194
545,401,84.76447796415177,15.235522035848245
545,104,14.683402857170599,85.3165971428294
545,663,53.66457951684707,46.33542048315292
545,664,69.89571794144382,30.10428205855618
545,501,44.892023347062896,55.107976652937104
545,48,6.873859550879363,93.12614044912063
545,402,8.14050850228571,91.85949149771429
545,35,5.369715075375779,94.63028492462423
545,38,63.61373896905592,36.38626103094407
545,189,30.63184284974098,69.36815715025901
545,450,19.964598055902215,80.03540194409779
545,398,7.650984918166983,92.34901508183302
545,448,51.28137385263951,48.718626147360496
545,574,58.30491604395427,41.69508395604573
545,652,69.24653266372451,30.7534673362755
545,22,30.578242486771202,69.42175751322881
545,498,12.797567735972562,87.20243226402744
545,568,13.922237182653685,86.07776281734631
545,451,44.68417131119746,55.31582868880254
545,335,22.1624733338924,77.83752666610759
545,336,22.28465961544889,77.7153403845511
545,661,33.467757500055164,66.53224249994484
545,111,12.911675188267274,87.08832481173273
545,332,25.040791953954706,74.95920804604529
545,445,78.8826020337687,21.117397966231298
545,439,20.269497667806906,79.73050233219308
545,63,19.708526816267813,80.2914731837322
545,44,14.689566873594043,85.31043312640595
449,23,11.381057983579996,88.61894201642
449,109,25.573691541160848,74.42630845883915
449,408,5.0661871918406005,94.93381280815939
449,506,18.283348292607908,81.7166517073921
449,129,15.874866866834633,84.12513313316536
449,26,60.7462823841492,39.253717615850796
449,130,35.2599679690815,64.7400320309185
449,375,40.4847232795389,59.51527672046111
449,61,69.030814569217,30.969185430783003
449,379,32.36672172761752,67.63327827238248
449,438,3.0156251887411725,96.98437481125882
449,397,6.314153825654779,93.68584617434522
449,205,5.7248266696037335,94.27517333039627
449,570,10.947877583788863,89.05212241621115
449,581,43.1846855670191,56.8153144329809
449,214,32.39600436128358,67.60399563871641
449,8,23.683333446011563,76.31666655398843
449,577,36.027062285455685,63.97293771454432
449,504,51.245657416836906,48.754342583163094
449,331,33.240672082353655,66.75932791764635
449,406,20.199695975421587,79.80030402457842
449,269,21.73054919957359,78.26945080042641
449,499,18.070975825845757,81.92902417415424
449,215,50.62437972086482,49.37562027913517
449,446,31.32150142951209,68.67849857048792
449,491,34.643822760317214,65.3561772396828
449,176,51.46895974780487,48.53104025219513
449,431,16.16026978934712,83.83973021065289
449,545,50.013974884515164,49.98602511548483
449,245,35.40321512338223,64.59678487661776
449,138,37.15108323540598,62.84891676459402
449,532,44.463050602336004,55.536949397663996
449,453,89.8034551054603,10.1965448945397
449,584,41.896634983886734,58.10336501611326
449,12,39.4587802339996,60.541219766000395
449,409,17.396174968413998,82.603825031586
449,337,30.299821425271862,69.70017857472813
449,411,61.184792641146466,38.81520735885354
449,443,15.51275901857488,84.48724098142513
449,239,5.209810329283048,94.79018967071696
449,329,14.066350473678588,85.9336495263214
449,24,37.405544168164525,62.59445583183548
449,207,40.62123140623389,59.37876859376612
449,502,37.725123035501156,62.27487696449885
449,582,58.28576560012058,41.714234399879416
449,216,69.83999075680188,30.16000924319811
449,400,40.231175237494156,59.76882476250584
449,401,84.77160932404682,15.228390675953186
449,104,14.690320513830393,85.30967948616961
449,663,53.678477239950205,46.32152276004978
449,664,69.90743348951766,30.092566510482342
449,501,44.905849302380865,55.094150697619135
449,48,6.877371985775664,93.12262801422435
449,402,8.14461625152464,91.85538374847536
449,35,5.372499334593089,94.62750066540691
449,38,63.62665361712442,36.37334638287558
449,189,30.64367878240022,69.35632121759978
449,450,19.973452406310237,80.02654759368976
449,398,7.654864543483223,92.34513545651679
449,448,51.29533923519291,48.70466076480707
449,574,58.31849567886651,41.68150432113348
449,652,69.25839270000964,30.741607299990353
449,22,30.59006659998807,69.40993340001192
449,498,12.803721575935494,87.19627842406452
449,568,13.92885108052912,86.07114891947087
449,451,44.69798488519904,55.30201511480095
449,335,22.17204466161459,77.82795533838541
449,336,22.294269252316155,77.70573074768384
449,661,33.4801727276716,66.5198272723284
449,111,12.917876314205593,87.08212368579441
449,332,25.05122210977274,74.94877789022726
449,445,78.89183601329998,21.108163986700028
449,439,20.278454628469518,79.72154537153048
449,63,19.71729420789353,80.28270579210647
449,44,14.696486965000194,85.30351303499981
245,23,18.87745911128453,81.12254088871546
245,109,38.49757419761828,61.50242580238172
245,408,8.785632911711595,91.2143670882884
245,506,28.910439695129973,71.08956030487003
245,129,25.521142715749274,74.47885728425072
245,26,73.81869773681291,26.18130226318709
245,130,49.84293618130947,50.15706381869054
245,375,55.38758917492863,44.612410825071365
245,61,80.21257608947508,19.787423910524932
245,379,46.606567252001675,53.393432747998325
245,438,5.306237802733942,94.69376219726605
245,397,10.853480903751365,89.14651909624864
245,205,9.881612312488118,90.11838768751188
245,570,18.21412766673129,81.78587233326871
245,581,58.111554750208285,41.888445249791715
245,214,46.63994572471273,53.36005427528726
245,8,36.104277828416194,63.89572217158381
245,577,50.6806089968078,49.3193910031922
245,504,65.72555393933153,34.27444606066846
245,331,47.59720572926476,52.40279427073524
245,406,31.525922645107624,68.47407735489237
245,269,33.56527074221555,66.43472925778445
245,499,28.616211592341262,71.38378840765874
245,215,65.16465991462907,34.83534008537094
245,446,45.406598428506065,54.593401571493935
245,491,49.16399840381258,50.83600159618743
245,176,65.9261484014447,34.07385159855528
245,431,25.928852501994896,74.0711474980051
245,545,64.60954127383927,35.39045872616073
245,449,64.59678487661776,35.40321512338223
245,138,51.8930645717491,48.1069354282509
245,532,59.36958718938421,40.63041281061579
245,453,94.08475018550236,5.915249814497638
245,584,56.82357038621583,43.17642961378418
245,12,54.32794358116154,45.67205641883846
245,409,27.675428715834943,72.32457128416506
245,337,44.21736616878802,55.78263383121198
245,411,74.17168582808075,25.82831417191925
245,443,25.001466355289764,74.99853364471024
245,239,9.025509429548487,90.97449057045151
245,329,22.898678660703577,77.10132133929642
245,24,52.16510611276125,47.83489388723875
245,207,55.52754479442188,44.47245520557813
245,502,52.5055021459232,47.4944978540768
245,582,71.80585633678025,28.194143663219744
245,216,80.8075524927021,19.192447507297896
245,400,55.12699473699336,44.87300526300664
245,401,90.96916795325286,9.030832046747143
245,104,23.811134978126848,76.18886502187316
245,663,67.88288257944656,32.11711742055345
245,664,80.8569178910519,19.143082108948096
245,501,59.800722951466746,40.199277048533254
245,48,11.774611630408852,88.22538836959114
245,402,13.820022241596652,86.17997775840335
245,35,9.296630929784133,90.70336907021586
245,38,76.10658603310809,23.893413966891913
245,189,44.619432180529635,55.38056781947036
245,450,31.22079994056864,68.77920005943136
245,398,13.033959343013276,86.96604065698672
245,448,65.77022930870446,34.229770691295556
245,574,71.83299639495014,28.167003605049857
245,652,80.38041544834405,19.61958455165595
245,22,44.55686632150473,55.44313367849527
245,498,21.027175220609966,78.97282477939002
245,568,22.696510918981424,77.30348908101857
245,451,59.5986267562991,40.4013732437009
245,335,34.14535281113401,65.85464718886598
245,336,34.30531403095112,65.69468596904888
245,661,47.86669129373801,52.13330870626199
245,111,21.197774043338203,78.8022259566618
245,332,37.84232205106851,62.157677948931486
245,445,87.14210878257403,12.857891217425973
245,439,31.631912986361073,68.36808701363893
245,63,30.874159926763767,69.12584007323623
245,44,23.82011189101195,76.17988810898805
138,23,17.755478615218284,82.24452138478172
138,109,36.72277709909918,63.27722290090082
138,408,8.206994144680246,91.79300585531975
138,506,27.385625177901606,72.6143748220984
138,129,24.116593679675663,75.88340632032433
138,26,72.336214402772,27.663785597228006
138,130,47.950121279750896,52.0498787202491
138,375,53.50918314301158,46.49081685698841
138,61,78.99338142167325,21.006618578326748
138,379,44.72737535632249,55.2726246436775
138,438,4.945417689833696,95.0545823101663
138,397,10.152650545115822,89.84734945488417
138,205,9.237528582095216,90.76247141790479
138,570,17.123698847982276,82.87630115201773
138,581,56.25783563667317,43.74216436332684
138,214,44.76053103270931,55.2394689672907
138,8,34.37920995502561,65.6207900449744
138,577,48.786904160257826,51.213095839742174
138,504,64.00291253547806,35.99708746452194
138,331,45.7121299625757,54.28787003742429
138,406,29.919570402059048,70.08042959794093
138,269,31.902238119679954,68.09776188032005
138,499,27.10118698049185,72.89881301950814
138,215,63.42923047988101,36.570769520119
138,446,43.53655076876401,56.463449231235984
138,491,47.27270188185797,52.72729811814203
138,176,64.2082016423841,35.7917983576159
138,431,24.508971864793228,75.49102813520678
138,545,62.86194696046967,37.13805303953032
138,449,62.84891676459402,37.15108323540598
138,245,48.1069354282509,51.8930645717491
138,532,57.531208393584535,42.46879160641548
138,453,93.65747236514032,6.342527634859664
138,584,54.95672618574255,45.04327381425745
138,12,52.4430776421301,47.556922357869915
138,409,26.192539738990238,73.80746026100977
138,337,42.358554166487416,57.641445833512584
138,411,72.70204655035948,27.29795344964051
138,443,23.61679981569572,76.38320018430427
138,239,8.432415826126299,91.5675841738737
138,329,21.598338877761563,78.40166112223844
138,24,50.272499056206286,49.72750094379371
138,207,53.65012340433061,46.3498765956694
138,502,50.613629800966365,49.38637019903364
138,582,70.25391624825008,29.746083751749918
138,216,79.61614903565533,20.383850964344678
138,400,53.24683707732305,46.75316292267695
138,401,90.3380799177993,9.661920082200691
138,104,22.473442546619328,77.52655745338068
138,663,66.2140822716153,33.7859177283847
138,664,79.66784538188442,20.332154618115574
138,501,57.968175313919524,42.031824686080476
138,48,11.021122388058812,88.97887761194119
138,402,12.953554583269963,87.04644541673004
138,35,8.68728787896682,91.31271212103317
138,38,74.71086642356033,25.28913357643967
138,189,42.75657992247163,57.24342007752837
138,450,29.623449551006193,70.3765504489938
138,398,12.210261705281365,87.78973829471863
138,448,64.04862794354311,35.951372056456876
138,574,70.28194999174823,29.718050008251755
138,652,79.16900392992308,20.830996070076928
138,22,42.69462656981712,57.30537343018288
138,498,19.807072313750247,80.19292768624976
138,568,21.404604382577443,78.59539561742255
138,451,57.76330924081224,42.236690759187766
138,335,32.46731002406133,67.53268997593867
138,336,32.62321908950514,67.37678091049486
138,661,45.980276088350294,54.019723911649706
138,111,19.970156188248936,80.02984381175106
138,332,36.08029172352341,63.919708276476584
138,445,86.28109753595433,13.718902464045673
138,439,30.022465447940057,69.97753455205994
138,63,29.287200296916872,70.71279970308314
138,44,22.48205776060034,77.51794223939966
532,23,13.787152687846232,86.21284731215377
532,109,30.00814993311914,69.99185006688086
532,408,6.2235038707159775,93.77649612928403
532,506,21.809136888433457,78.19086311156654
532,129,19.038873276455693,80.96112672354431
532,26,65.89645300285156,34.10354699714845
532,130,40.479084077607844,59.520915922392156
532,375,45.93397129031559,54.06602870968441
532,61,73.5553265066536,26.444673493346404
532,379,37.40089128275082,62.59910871724917
532,438,3.721151126647313,96.27884887335269
532,397,7.7353246733595435,92.26467532664046
532,205,7.022445401387392,92.97755459861261
532,570,13.27518149625564,86.72481850374436
532,581,48.701570213165425,51.298429786834575
532,214,37.43225422112829,62.56774577887171
532,8,27.9088487934364,72.09115120656361
532,577,41.288280547039534,58.711719452960466
532,504,56.76350382189559,43.23649617810441
532,331,38.3350875353305,61.6649124646695
532,406,23.991361634808676,76.00863836519133
532,269,25.720696983944514,74.2793030160555
532,499,21.566103117558107,78.43389688244189
532,215,56.15261833070525,43.84738166929475
532,446,36.27860505552226,63.72139494447773
532,491,39.82702593716833,60.17297406283168
532,176,56.9826521126829,43.017347887317094
532,431,19.368760256856792,80.6312397431432
532,545,55.550748383366475,44.44925161663352
532,449,55.536949397663996,44.463050602336004
532,245,40.63041281061579,59.36958718938421
532,138,42.46879160641548,57.531208393584535
532,453,91.63914910824562,8.360850891754378
532,584,47.385552759498246,52.61444724050175
532,12,44.87324289410369,55.12675710589631
532,409,20.79228897360187,79.20771102639813
532,337,35.1762900782742,64.82370992172581
532,411,66.30878135289908,33.69121864710092
532,443,18.619700104934516,81.38029989506549
532,239,6.397920940975074,93.60207905902492
532,329,16.93835668530344,83.06164331469657
532,24,42.73518612078171,57.26481387921829
532,207,46.074728694663655,53.92527130533635
532,502,43.069306798299245,56.930693201700755
532,582,63.56804366925491,36.43195633074508
532,216,74.28891452239415,25.711085477605845
532,400,45.672294793063145,54.32770520693685
532,401,87.39488807943741,12.605111920562598
532,104,17.665048894367548,82.33495110563246
532,663,59.13921677590582,40.86078322409416
532,664,74.34994387144738,25.650056128552627
532,501,50.447973533204106,49.55202646679589
532,48,8.414868719397875,91.58513128060213
532,402,9.937584208395334,90.06241579160466
532,35,6.595357271741527,93.40464272825848
532,38,68.59045978412598,31.40954021587402
532,189,35.54787320875779,64.45212679124221
532,450,23.734738603512213,76.26526139648779
532,398,9.35012857648665,90.64987142351335
532,448,56.812280546192525,43.187719453807475
532,574,63.59918257534408,36.40081742465591
532,652,73.76189985881584,26.238100141184162
532,22,35.489977441440615,64.51002255855938
532,498,15.461480125917596,84.53851987408241
532,568,16.777940768378933,83.22205923162107
532,451,50.23779324736003,49.762206752639976
532,335,26.21714911799454,73.78285088200546
532,336,26.354407674418173,73.64559232558182
532,661,38.59043422673763,61.409565773262365
532,111,15.595356896648038,84.40464310335194
532,332,29.429782479207944,70.57021752079206
532,445,82.32862242452427,17.671377575475727
532,439,24.080632509266476,75.91936749073352
532,63,23.44385820544769,76.55614179455232
532,44,17.67222010616256,82.32777989383744
453,23,1.4810124112254575,98.51898758877454
453,109,3.820983537997609,96.17901646200238
453,408,0.6243934708366707,99.37560652916333
453,506,2.5369005261720377,97.46309947382797
453,129,2.1526261268921028,97.84737387310788
453,26,14.869265955822097,85.13073404417791
453,130,5.881061187449383,94.11893881255062
453,375,7.213155978830304,92.7868440211697
453,61,20.05230959490378,79.94769040509621
453,379,5.2157788310346485,94.78422116896536
453,438,0.3654662536969146,99.63453374630309
453,397,0.7863616009155567,99.21363839908445
453,205,0.7094508863337105,99.29054911366629
453,570,1.4191614372277985,98.5808385627722
453,581,7.9780133174056465,92.02198668259435
453,214,5.222280444244795,94.77771955575521
453,8,3.4689900357540484,96.53100996424595
453,577,6.065585234652849,93.93441476534716
453,504,10.654623984977784,89.34537601502221
453,331,5.41180825995833,94.58819174004167
453,406,2.8559766448135986,97.14402335518639
453,269,3.1199139803942155,96.88008601960578
453,499,2.502284142078974,97.49771585792102
453,215,10.423873260078977,89.57612673992102
453,446,4.986658048589896,95.01334195141011
453,491,5.735391347963698,94.2646086520363
453,176,10.738697957868121,89.26130204213187
453,431,2.1972304337458843,97.80276956625411
453,545,10.201583803022054,89.79841619697795
453,449,10.1965448945397,89.8034551054603
453,245,5.915249814497638,94.08475018550236
453,138,6.342527634859664,93.65747236514032
453,532,8.360850891754378,91.63914910824562
453,584,7.606002773894202,92.3939972261058
453,12,6.93698913279971,93.06301086720029
453,409,2.3932480800253484,97.60675191997466
453,337,4.768097793759357,95.23190220624063
453,411,15.10143743874813,84.89856256125186
453,443,2.096383921088903,97.9036160789111
453,239,0.642861089944137,99.35713891005587
453,329,1.8755478365294134,98.12445216347058
453,24,6.40633726423908,93.59366273576092
453,207,7.250480351562672,92.74951964843733
453,502,6.487072369640614,93.51292763035939
453,582,13.636308759310674,86.36369124068932
453,216,20.667453410339604,79.3325465896604
453,400,7.144194857138446,92.85580514286154
453,401,38.57856340208849,61.42143659791151
453,104,1.9700751588904553,98.02992484110953
453,663,11.604701451604598,88.3952985483954
453,664,20.71979101061119,79.28020898938881
453,501,8.496766822148526,91.50323317785147
453,48,0.8605876081946952,99.13941239180531
453,402,1.0302415082960945,98.96975849170391
453,35,0.6638340032196002,99.3361659967804
453,38,16.470779922602006,83.529220077398
453,189,4.8410734015767325,95.15892659842326
453,450,2.8176638856176113,97.18233611438238
453,398,0.9642354245180982,99.0357645754819
453,448,10.673276768990805,89.3267232310092
453,574,13.651974378497961,86.34802562150205
453,652,20.222964597602026,79.77703540239798
453,22,4.8296569023403215,95.17034309765968
453,498,1.6876052334458727,98.31239476655414
453,568,1.8548660105666661,98.14513398943335
453,451,8.432746497528008,91.56725350247198
453,335,3.1975920785070207,96.80240792149299
453,336,3.219222961456765,96.78077703854323
453,661,5.466256618593119,94.53374338140688
453,111,1.7044168982388708,98.29558310176112
453,332,3.7222584653242907,96.27774153467571
453,445,29.598764152292254,70.40123584770774
453,439,2.8693551454094672,97.13064485459053
453,63,2.774496302454398,97.2255036975456
453,44,1.971014888257195,98.0289851117428
584,23,15.062353220254426,84.93764677974556
584,109,32.24364532857041,67.75635467142959
584,408,6.850462556260211,93.14953744373979
584,506,23.63290312672871,76.36709687327128
584,129,20.689473546919803,79.3105264530802
584,26,68.20183432308404,31.79816567691595
584,130,43.02242789200484,56.97757210799516
584,375,48.54207034748191,51.45792965251809
584,61,75.52926235540926,24.47073764459074
584,379,39.87893182320051,60.1210681767995
584,438,4.106047011651886,95.8939529883481
584,397,8.501922009810952,91.49807799018905
584,205,7.723820466628702,92.27617953337129
584,570,14.510495616457101,85.4895043835429
584,581,51.31785000658036,48.68214999341965
584,214,39.91106544258451,60.088934557415485
584,8,30.05326252628832,69.94673747371168
584,577,43.84533389619987,56.15466610380013
584,504,59.31054980603868,40.68945019396132
584,331,40.83515306546343,59.16484693453658
584,406,25.939423447294622,74.06057655270537
584,269,27.7596758408246,72.2403241591754
584,499,23.375365840416197,76.6246341595838
584,215,58.709704033781364,41.29029596621863
584,446,38.727636580256785,61.272363419743215
584,491,42.35827712937876,57.64172287062125
584,176,59.52590691296151,40.47409308703849
584,431,21.0408831762216,78.95911682377839
584,545,58.116963575424855,41.88303642457515
584,449,58.10336501611326,41.896634983886734
584,245,43.17642961378418,56.82357038621583
584,138,45.04327381425745,54.95672618574255
584,532,52.61444724050175,47.385552759498246
584,453,92.3939972261058,7.606002773894202
584,12,47.47382187630229,52.52617812369771
584,409,22.55449091672432,77.44550908327568
584,337,37.594114488186726,62.405885511813274
584,411,68.59926367847767,31.400736321522327
584,443,20.24260097269337,79.75739902730663
584,239,7.0412443488321514,92.95875565116785
584,329,18.44620156750592,81.55379843249409
584,24,45.313180126140395,54.686819873859605
584,207,48.68364257539236,51.31635742460764
584,502,45.65148648778914,54.34851351221086
584,582,65.9511611684631,34.04883883153691
584,216,76.2251228424637,23.774877157536288
584,400,48.278765129705356,51.721234870294644
584,401,88.48835366532528,11.511646334674722
584,104,19.223397836295185,80.77660216370481
584,663,61.639846741097735,38.360153258902265
584,664,76.28296716719511,23.717032832804904
584,501,53.060952290321616,46.93904770967839
584,48,9.242601705200826,90.75739829479917
584,402,10.898623965705813,89.10137603429419
584,35,7.25712511263295,92.74287488736704
584,38,70.7923850503023,29.207614949697696
584,189,37.97651821966603,62.02348178033397
584,450,25.668737611154885,74.3312623888451
584,398,10.260344056832919,89.73965594316708
584,448,59.358491363013435,40.641508636986565
584,574,65.98133250911015,34.01866749088987
584,652,75.7253160892367,24.2746839107633
584,22,37.916956646228115,62.083043353771885
584,498,16.86304895183397,83.13695104816603
584,568,18.2744779346337,81.72552206536629
584,451,52.85151431856563,47.14848568143438
584,335,28.280989856099186,71.71901014390082
584,336,28.42502475357901,71.57497524642099
584,661,41.0961848922862,58.9038151077138
584,111,17.00676016674295,82.99323983325705
584,332,31.64116784838026,68.35883215161975
584,445,83.78502150824356,16.214978491756433
584,439,26.033551702607816,73.96644829739218
584,63,25.361738586246176,74.63826141375382
584,44,19.23106155355139,80.76893844644863
12,23,16.38634224563369,83.61365775436632
12,109,34.48546344620412,65.51453655379586
12,408,7.511748478939544,92.48825152106046
12,506,25.49436843271849,74.50563156728151
12,129,22.384212162496777,77.61578783750322
12,26,70.34606998395547,29.653930016044523
12,130,45.51624095077232,54.48375904922768
12,375,51.06986253939989,48.9301374606001
12,61,77.33781085923358,22.662189140766415
12,379,42.324782017428866,57.67521798257115
12,438,4.514092655233717,95.48590734476629
12,397,9.307979424240797,90.6920205757592
12,205,8.462383449302049,91.53761655069795
12,570,15.794457989799856,84.20554201020013
12,581,53.8387934230791,46.16120657692089
12,214,42.35751171731158,57.64248828268841
12,8,32.21348679335398,67.78651320664602
12,577,46.34825958235084,53.65174041764915
12,504,61.72388514709197,38.27611485290803
12,331,43.297804671256614,56.70219532874338
12,406,27.918460147202783,72.0815398527972
12,269,29.823386155906473,70.17661384409351
12,499,25.222990331060117,74.77700966893988
12,215,61.13560739740046,38.864392602599544
12,446,41.150683938895746,58.84931606110426
12,491,44.843695816976506,55.15630418302349
12,176,61.9345622544642,38.065437745535796
12,431,22.756510439291308,77.2434895607087
12,545,60.55455835669781,39.44544164330219
12,449,60.541219766000395,39.4587802339996
12,245,45.67205641883846,54.32794358116154
12,138,47.556922357869915,52.4430776421301
12,532,55.12675710589631,44.87324289410369
12,453,93.06301086720029,6.93698913279971
12,584,52.52617812369771,47.47382187630229
12,409,24.357042992108706,75.6429570078913
12,337,39.991957555300864,60.008042444699136
12,411,70.7278905523776,29.2721094476224
12,443,21.910391380470184,78.08960861952981
12,239,7.71954815416717,92.28045184583283
12,329,20.001314978510358,79.99868502148964
12,24,47.82882932444626,52.171170675553746
12,207,51.21147092839865,48.788529071601346
12,502,48.169428010025875,51.830571989974125
12,582,68.17807210870832,31.821927891291686
12,216,77.99659919711677,22.003400802883235
12,400,50.80637952409168,49.193620475908325
12,401,89.46474022304982,10.535259776950188
12,104,20.82811410616256,79.17188589383744
12,663,63.99767216548654,36.002327834513466
12,664,78.05132193050495,21.948678069495042
12,501,55.56949209033362,44.430507909666375
12,48,10.11171898495554,89.88828101504446
12,402,11.9045247652558,88.09547523474419
12,35,7.954593342042966,92.04540665795703
12,38,72.82947248147197,27.170527518528036
12,189,40.38316993692562,59.61683006307439
12,450,27.63457166646756,72.36542833353244
12,398,11.214214090039318,88.78578590996068
12,448,61.770792868055324,38.229207131944676
12,574,68.20719971097714,31.79280028902287
12,652,77.52350960308168,22.476490396918315
12,22,40.32225684583085,59.67774315416915
12,498,18.313095668986882,81.68690433101311
12,568,19.81845583963957,80.18154416036043
12,451,55.36187325813729,44.63812674186271
12,335,30.367633150560692,69.63236684943931
12,336,30.51790088230858,69.48209911769142
12,661,43.56308651664674,56.43691348335326
12,111,18.466567020261067,81.53343297973893
12,332,33.86157209147444,66.13842790852556
12,445,85.0974845814144,14.90251541858559
12,439,28.0171424088715,71.98285759112851
12,63,27.31240731542659,72.6875926845734
12,44,20.83626045916787,79.16373954083214
409,23,37.73723559620032,62.26276440379968
409,109,62.089415867766476,37.91058413223353
409,408,19.932832805444374,80.06716719455562
409,506,51.52856508053819,48.47143491946181
409,129,47.22833700442137,52.77166299557863
409,26,87.96576053707219,12.034239462927825
409,130,72.1992513453334,27.800748654666613
409,375,76.4177504825574,23.58224951744261
409,61,91.28671446763643,8.71328553236357
409,379,69.53494245584896,30.46505754415102
409,438,12.607312633456209,87.39268736654378
409,397,23.972240031303034,76.02775996869696
409,205,22.101480693801705,77.8985193061983
409,570,36.70268869575437,63.29731130424564
409,581,78.34633661404133,21.653663385958666
409,214,69.56324557809583,30.436754421904173
409,8,59.65095976612999,40.34904023387001
409,577,72.86352721300653,27.136472786993465
409,504,83.30095569322417,16.69904430677584
409,331,70.36747784947882,29.63252215052118
409,406,54.629632459567844,45.370367540432156
409,269,56.927162218009066,43.07283778199093
409,499,51.16826008123749,48.831739918762516
409,215,82.95607531098624,17.043924689013767
409,446,68.50552370990093,31.494476290099072
409,491,71.65339541440565,28.34660458559436
409,176,83.42357137442194,16.576428625578057
409,431,47.76349910331269,52.23650089668731
409,545,82.61177208908443,17.388227910915578
409,449,82.603825031586,17.396174968413998
409,245,72.32457128416506,27.675428715834943
409,138,73.80746026100977,26.192539738990238
409,532,79.20771102639813,20.79228897360187
409,453,97.60675191997466,2.3932480800253484
409,584,77.44550908327568,22.55449091672432
409,12,75.6429570078913,24.357042992108706
409,337,67.46190289083536,32.538097109164646
409,411,88.15691715553577,11.84308284446423
409,443,46.538812180094425,53.461187819905575
409,239,20.41293841122959,79.58706158877041
409,329,43.66124737899179,56.338752621008204
409,24,74.01646345369473,25.98353654630527
409,207,76.51903096020594,23.480969039794065
409,502,74.27656625290363,25.72343374709637
409,582,86.85705972860987,13.142940271390128
409,216,91.58128490737714,8.418715092622854
409,400,76.22851874731923,23.77148125268077
409,401,96.27955886465764,3.720441135342351
409,104,44.927465464699026,55.072534535300974
409,663,84.60006562032531,15.399934379674685
409,664,91.6056209817835,8.39437901821649
409,501,79.49881252195247,20.501187478047523
409,48,25.701443973783032,74.29855602621697
409,402,29.395097036319413,70.60490296368059
409,35,20.95187610872755,79.04812389127245
409,38,89.18797948755565,10.812020512444352
409,189,67.81739805111012,32.18260194888989
409,450,54.27702945781054,45.72297054218946
409,398,27.998860712344282,72.00113928765572
409,448,83.3282969233823,16.6717030766177
409,574,86.87222420117374,13.127775798826255
409,652,91.37004755410317,8.629952445896826
409,22,67.76225904850438,32.23774095149563
409,498,40.97607192496873,59.02392807503127
409,568,43.37695996626343,56.62304003373657
409,451,79.36261479611134,20.637385203888662
409,335,57.56245411153857,42.43754588846143
409,336,57.736260877881776,42.263739122118224
409,661,70.591309945447,29.408690054553006
409,111,41.22589274288647,58.77410725711353
409,332,61.43370478281338,38.566295217186614
409,445,94.58002856177482,5.4199714382251765
409,439,54.751565695103274,45.24843430489673
409,63,53.87357207564882,46.12642792435118
409,44,44.93978722248562,55.06021277751437
337,23,22.660518144710277,77.33948185528973
337,109,44.1201401978415,55.87985980215851
337,408,10.798612013940211,89.2013879860598
337,506,33.890971790368766,66.10902820963123
337,129,30.158566830865524,69.84143316913448
337,26,78.02974056585919,21.97025943414081
337,130,55.62766323503436,44.372336764965624
337,375,61.029575339934404,38.970424660065596
337,61,83.61235643065812,16.387643569341872
337,379,52.40855796846867,47.59144203153132
337,438,6.574714599255047,93.42528540074495
337,397,13.276187764863087,86.7238122351369
337,205,12.11478706925943,87.88521293074058
337,570,21.89846535378346,78.10153464621654
337,581,63.63257278354264,36.367427216457365
337,214,52.44201226649585,47.557987733504156
337,8,41.611144362005966,58.38885563799404
337,577,56.45284267694238,43.547157323057625
337,504,70.73813351389784,29.26186648610216
337,331,53.39918284489956,46.60081715510044
337,406,36.72923508968889,63.270764910311115
337,269,38.91726407088646,61.08273592911354
337,499,33.56940504142295,66.43059495857706
337,215,70.22302409864616,29.77697590135383
337,446,51.202311434520276,48.79768856547972
337,491,54.95644521867429,45.04355478132572
337,176,70.92203934634328,29.077960653656724
337,431,30.6108308555277,69.38916914447229
337,545,69.71193814066586,30.288061859334135
337,449,69.70017857472813,30.299821425271862
337,245,55.78263383121198,44.21736616878802
337,138,57.641445833512584,42.358554166487416
337,532,64.82370992172581,35.1762900782742
337,453,95.23190220624063,4.768097793759357
337,584,62.405885511813274,37.594114488186726
337,12,60.008042444699136,39.991957555300864
337,409,32.538097109164646,67.46190289083536
337,411,78.34193142106395,21.658068578936053
337,443,29.580791908056074,70.41920809194391
337,239,11.087268406225563,88.91273159377444
337,329,27.227874748083526,72.77212525191648
337,24,57.90720364446093,42.09279635553907
337,207,61.16411999471081,38.835880005289184
337,502,58.23925821184558,41.76074178815442
337,582,76.24038597373337,23.759614026266636
337,216,84.12422563613535,15.87577436386465
337,400,60.77882202887002,39.22117797112998
337,401,92.67750023886174,7.322499761138249
337,104,28.25183929521374,71.74816070478627
337,663,72.70735789241049,27.292642107589522
337,664,84.16663868525252,15.833361314747474
337,501,65.23033608864719,34.76966391135281
337,48,14.371992503798134,85.62800749620186
337,402,16.78804187437144,83.21195812562856
337,35,11.413128326736855,88.58687167326315
337,38,80.0448092183303,19.955190781669696
337,189,50.40725533899628,49.59274466100372
337,450,36.399989140870055,63.60001085912995
337,398,15.862347822850808,84.13765217714919
337,448,70.77910639500232,29.220893604997688
337,574,76.26461697358228,23.73538302641772
337,652,83.75688022037167,16.24311977962833
337,22,50.34393356892159,49.656066431078415
337,498,25.113332239581197,74.8866677604188
337,568,27.000382464706806,72.9996175352932
337,451,65.03982912072222,34.96017087927778
337,335,39.5356705013549,60.4643294986451
337,336,39.70589246784766,60.29410753215233
337,661,53.667856336343434,46.33214366365656
337,111,25.306886395831974,74.69311360416803
337,332,43.436107685851155,56.563892314148845
337,445,89.49707181945269,10.50292818054733
337,439,36.8434903122142,63.156509687785785
337,63,36.025347445281994,63.97465255471801
337,44,28.261890586726086,71.7381094132739
411,23,7.5847132434343125,92.41528675656569
411,109,17.947750416820963,82.05224958317903
411,408,3.3047444316462316,96.69525556835377
411,506,12.487183991822647,87.51281600817735
411,129,10.74840162819463,89.25159837180537
411,26,49.53880611325101,50.46119388674899
411,130,25.708827905968413,74.2911720940316
411,375,30.162430158919562,69.83756984108044
411,61,58.593447805696385,41.406552194303615
411,379,23.32586315555555,76.67413684444445
411,438,1.95391426605323,98.04608573394677
411,397,4.135956819335727,95.86404318066427
411,205,3.742563009474299,96.2574369905257
411,570,7.285090262321262,92.71490973767874
411,581,32.54382509479433,67.45617490520567
411,214,23.34969554886033,76.65030445113968
411,8,16.50222383124406,83.49777616875595
411,577,26.350365719819575,73.64963428018042
411,504,40.00387078888432,59.996129211115665
411,331,24.039638851082678,75.96036114891731
411,406,13.893184485191695,86.1068155148083
411,269,15.031112873402714,84.9688871265973
411,499,12.33261038386298,87.66738961613703
411,215,39.40932146643049,60.590678533569495
411,446,22.478937129338426,77.52106287066157
411,491,25.19652022328986,74.80347977671013
411,176,40.218397450108654,59.78160254989135
411,431,10.95283337639855,89.04716662360146
411,545,38.82846772413254,61.17153227586747
411,449,38.81520735885354,61.184792641146466
411,245,25.82831417191925,74.17168582808075
411,138,27.29795344964051,72.70204655035948
411,532,33.69121864710092,66.30878135289908
411,453,84.89856256125186,15.10143743874813
411,584,31.400736321522327,68.59926367847767
411,12,29.2721094476224,70.7278905523776
411,409,11.84308284446423,88.15691715553577
411,337,21.658068578936053,78.34193142106395
411,443,10.489642008436073,89.51035799156392
411,239,3.4000503757858027,96.5999496242142
411,329,9.462840422964971,90.53715957703503
411,24,27.513730663925696,72.4862693360743
411,207,30.28149029716137,69.71850970283865
411,502,27.78538984221084,72.21461015778917
411,582,46.986679076967384,53.0133209230326
411,216,59.51805409391368,40.48194590608632
411,400,29.941663459008446,70.05833654099155
411,401,78.00586637929156,21.994133620708446
411,104,9.90447077222654,90.09552922777347
411,663,42.36511837587973,57.63488162412026
411,664,59.59545406111335,40.40454593888665
411,501,34.09169207999578,65.90830792000422
411,48,4.513391753305063,95.48660824669494
411,402,5.367941517254073,94.63205848274593
411,35,3.508119015542979,96.49188098445701
411,38,52.60422440939645,47.39577559060355
411,189,21.933576451714963,78.06642354828503
411,450,13.726132291163703,86.27386770883629
411,398,5.036804544157676,94.96319545584232
411,448,40.05156200086316,59.948437999136836
411,574,47.02023566539111,52.97976433460888
411,652,58.85273922250565,41.147260777494346
411,22,21.89057007288099,78.109429927119
411,498,8.575246441491329,91.42475355850867
411,568,9.36578982644939,90.63421017355061
411,451,33.90350030183234,66.09649969816766
411,335,15.3617728974488,84.6382271025512
411,336,15.45351212090961,84.54648787909039
411,661,24.236148804087144,75.76385119591286
411,111,8.655163445724808,91.3448365542752
411,332,17.546081881052896,82.45391811894712
411,445,70.38939590299871,29.610604097001286
411,439,13.95140503210787,86.04859496789213
411,63,13.537336992833874,86.46266300716611
411,44,9.908845217744531,90.09115478225547
443,23,41.04285460036452,58.95714539963549
443,109,65.2889924315989,34.71100756840109
443,408,22.21875617967303,77.78124382032698
443,506,54.97896382658373,45.02103617341628
443,129,50.69224500906094,49.30775499093907
443,26,89.33859551055114,10.661404489448854
443,130,74.88126409968453,25.118735900315464
443,375,78.80744158360665,21.192558416393346
443,61,92.31123744194225,7.688762558057746
443,379,72.37878307238236,27.62121692761765
443,438,14.19358141879819,85.80641858120181
443,397,26.57375076186898,73.42624923813102
443,205,24.563030043976003,75.43696995602399
443,570,39.97511368072384,60.02488631927616
443,581,80.58794386742281,19.41205613257719
443,214,72.40546124536849,27.59453875463152
443,8,62.935358625684046,37.06464137431596
443,577,75.50242188858579,24.497578111414224
443,504,85.12168864677002,14.878311353229986
443,331,73.16267228577509,26.837327714224905
443,406,58.03807963874325,41.96192036125676
443,269,60.28738412185356,39.71261587814644
443,499,54.621793347321535,45.37820665267847
443,215,84.807958539643,15.192041460356997
443,446,71.40708061529772,28.59291938470228
443,491,74.37001579257453,25.629984207425455
443,176,85.23316347078412,14.766836529215876
443,431,51.22858252684062,48.77141747315939
443,545,84.49447979619217,15.505520203807832
443,449,84.48724098142513,15.51275901857488
443,245,74.99853364471024,25.001466355289764
443,138,76.38320018430427,23.61679981569572
443,532,81.38029989506549,18.619700104934516
443,453,97.9036160789111,2.096383921088903
443,584,79.75739902730663,20.24260097269337
443,12,78.08960861952981,21.910391380470184
443,409,53.461187819905575,46.538812180094425
443,337,70.41920809194391,29.580791908056074
443,411,89.51035799156392,10.489642008436073
443,239,22.73898196346302,77.26101803653698
443,329,47.09634555230771,52.90365444769228
443,24,76.57792196017189,23.422078039828108
443,207,78.90116853727996,21.098831462720035
443,502,76.82010131378345,23.17989868621655
443,582,88.34078160121396,11.659218398786024
443,216,92.57375840907196,7.426241590928038
443,400,78.6322561740023,21.36774382599771
443,401,96.7360896423761,3.2639103576238964
443,104,48.376982310147795,51.623017689852205
443,663,86.30101033388698,13.698989666113015
443,664,92.5954383851257,7.404561614874296
443,501,81.64767776601019,18.35232223398981
443,48,28.422838304636095,71.5771616953639
443,402,32.34214805865483,67.65785194134517
443,35,23.322116386822206,76.6778836131778
443,38,90.43542387114093,9.564576128859063
443,189,70.75602703551006,29.243972964489934
443,450,57.69159196134376,42.308408038656246
443,398,30.865471991368267,69.13452800863173
443,448,85.14654864836227,14.853451351637739
443,574,88.35444785611614,11.645552143883862
443,652,92.38552270584557,7.614477294154427
443,22,70.70380607252288,29.29619392747711
443,498,44.36520418177743,55.63479581822257
443,568,46.80818348388923,53.19181651611077
443,451,81.52260463741305,18.47739536258694
443,335,60.906791409580954,39.09320859041905
443,336,61.076060941056994,38.923939058943006
443,661,73.37312663473669,26.626873365263297
443,111,44.62018799228058,55.37981200771942
443,332,64.65765097485438,35.34234902514562
443,445,95.23575265073094,4.764247349269055
443,439,58.157818235332435,41.842181764667565
443,63,57.29471003829275,42.70528996170725
443,44,48.389421642340274,51.61057835765973
239,23,70.32566943787438,29.674330562125622
239,109,86.399564462907,13.60043553709301
239,408,49.24810934013017,50.75189065986984
239,506,80.55422906027559,19.445770939724408
239,129,77.74028768882249,22.2597123111775
239,26,96.54018265297631,3.459817347023692
239,130,90.92364035458851,9.076359645411475
239,375,92.57458509288907,7.425414907110945
239,61,97.55475740963595,2.445242590364049
239,379,89.81456007658416,10.18543992341584
239,438,35.85538497476051,64.14461502523949
239,397,55.182466893715265,44.817533106284735
239,205,52.5414007637434,47.45859923625661
239,570,69.3955634036966,30.6044365963034
239,581,93.29000159669707,6.709998403302926
239,214,89.82663092484404,10.173369075155952
239,8,85.16575995019188,14.834240049808123
239,577,91.19187465404511,8.808125345954897
239,504,95.02610356120401,4.973896438795988
239,331,90.16698178394196,9.833018216058035
239,406,82.41399489647306,17.586005103526954
239,269,83.71044086542267,16.289559134577335
239,499,80.32938218174412,19.67061781825587
239,215,94.90972143719966,5.090278562800329
239,446,89.37114994922646,10.628850050773533
239,491,90.70080111772654,9.299198882273469
239,176,95.0673274992442,4.932672500755801
239,431,78.10666207647618,21.89333792352382
239,545,94.79289383620645,5.207106163793554
239,449,94.79018967071696,5.209810329283048
239,245,90.97449057045151,9.025509429548487
239,138,91.5675841738737,8.432415826126299
239,532,93.60207905902492,6.397920940975074
239,453,99.35713891005587,0.642861089944137
239,584,92.95875565116785,7.0412443488321514
239,12,92.28045184583283,7.71954815416717
239,409,79.58706158877041,20.41293841122959
239,337,88.91273159377444,11.087268406225563
239,411,96.5999496242142,3.4000503757858027
239,443,77.26101803653698,22.73898196346302
239,329,75.16835763840169,24.83164236159832
239,24,91.64992307203852,8.350076927961483
239,207,92.61274428768134,7.387255712318663
239,502,91.75196886013792,8.24803113986207
239,582,96.19011243004655,3.8098875699534434
239,216,97.64238859129975,2.3576114087002504
239,400,92.50311024180957,7.496889758190428
239,401,98.99164043114943,1.0083595688505709
239,104,76.108144382992,23.891855617008012
239,663,95.45883759984082,4.54116240015918
239,664,97.64961160984772,2.3503883901522737
239,501,93.7065353161603,6.293464683839694
239,48,57.474674714482056,42.52532528551794
239,402,61.94615163705887,38.053848362941146
239,35,50.828263318734926,49.171736681265074
239,38,96.91938822079581,3.0806117792041996
239,189,89.06990874014699,10.930091259853013
239,450,82.20909387585918,17.79090612414081
239,398,60.31951189824569,39.6804881017543
239,448,95.03530275725994,4.964697242740057
239,574,96.19494043682239,3.805059563177605
239,652,97.57958589891491,2.420414101085084
239,22,89.04559961725592,10.954400382744083
239,498,73.06930077952605,26.930699220473947
239,568,74.95309222255173,25.04690777744827
239,451,93.65772627056647,6.342273729433518
239,335,84.05753228576891,15.942467714231078
239,336,84.15166230357654,15.848337696423458
239,661,90.26080917752142,9.739190822478584
239,111,73.27098519262628,26.72901480737372
239,332,86.07388479058098,13.92611520941902
239,445,98.51379657293678,1.4862034270632172
239,439,82.48447457501928,17.515525424980723
239,63,81.97263315305644,18.02736684694357
239,44,76.11714019399912,23.882859806000887
329,23,43.88135574000726,56.11864425999274
329,109,67.8685118735378,32.1314881264622
329,408,24.277981383943008,75.722018616057
329,506,57.836228843587776,42.163771156412224
329,129,53.592941276758346,46.40705872324165
329,26,90.38054012047611,9.619459879523884
329,130,76.99100984800221,23.008990151997796
329,375,80.66871585000688,19.33128414999311
329,61,93.08333553882329,6.916664461176716
329,379,74.63011479543276,25.36988520456723
329,438,15.65083534299847,84.34916465700152
329,397,28.891891451144947,71.10810854885506
329,205,26.7675486832938,73.23245131670619
329,570,42.79288962438748,57.20711037561252
329,581,82.326124576959,17.673875423040993
329,214,74.65535341270362,25.34464658729639
329,8,65.59944648670108,34.40055351329891
329,577,77.57498487830547,22.425015121694525
329,504,86.51778449270745,13.482215507292558
329,331,75.3710753877926,24.62892461220739
329,406,60.83819713813834,39.16180286186166
329,269,63.03177673253716,36.96822326746283
329,499,57.48431834389856,42.51568165610144
329,215,86.2290319389249,13.770968061075095
329,446,73.70981227767551,26.290187722324482
329,491,76.50975928190711,23.49024071809289
329,176,86.62033807223548,13.379661927764516
329,431,54.12620776935878,45.87379223064122
329,545,85.9403187291237,14.059681270876311
329,449,85.9336495263214,14.066350473678588
329,245,77.10132133929642,22.898678660703577
329,138,78.40166112223844,21.598338877761563
329,532,83.06164331469657,16.93835668530344
329,453,98.12445216347058,1.8755478365294134
329,584,81.55379843249409,18.44620156750592
329,12,79.99868502148964,20.001314978510358
329,409,56.338752621008204,43.66124737899179
329,337,72.77212525191648,27.227874748083526
329,411,90.53715957703503,9.462840422964971
329,443,52.90365444769228,47.09634555230771
329,239,24.83164236159832,75.16835763840169
329,24,78.58420465588097,21.415795344119022
329,207,80.75612362167706,19.24387637832295
329,502,78.81112816088881,21.18887183911119
329,582,89.46959457647543,10.530405423524574
329,216,93.32124007254133,6.678759927458673
329,400,80.50529359096232,19.494706409037676
329,401,97.07660927914938,2.9233907208506205
329,104,51.283113727886146,48.71688627211387
329,663,87.60150321087534,12.398496789124666
329,664,93.34088148499589,6.659118515004117
329,501,83.30955744400026,16.690442555999738
329,48,30.836516940110627,69.16348305988937
329,402,34.93005787816174,65.06994212183825
329,35,25.451446363694135,74.54855363630587
329,38,91.37971720285975,8.62028279714025
329,189,73.09206847199226,26.907931528007733
329,450,60.49926526835375,39.50073473164625
329,398,33.39223848140045,66.60776151859955
329,448,86.54065706444382,13.459342935556187
329,574,89.48208380038662,10.517916199613383
329,652,93.15066793783615,6.8493320621638505
329,22,73.04247991237465,26.957520087625348
329,498,47.250433667002405,52.74956633299759
329,568,49.7107398179658,50.2892601820342
329,451,83.19360681101755,16.80639318898246
329,335,63.633817468813135,36.366182531186865
329,336,63.79819000336594,36.20180999663407
329,661,75.56978285101123,24.430217148988774
329,111,47.50789814928799,52.492101850712004
329,332,67.26106452055318,32.738935479446816
329,445,95.72654475206792,4.27345524793208
329,439,60.95526058685249,39.044739413147504
329,63,60.11069928772014,39.88930071227986
329,44,51.2955579144686,48.70444208553139
24,23,17.59849268169465,82.40150731830536
24,109,36.4702983665569,63.5297016334431
24,408,8.126676842956797,91.8733231570432
24,506,27.170488352837648,72.82951164716235
24,129,23.9189900339579,76.0810099660421
24,26,72.11861896437914,27.881381035620873
24,130,47.678153499316124,52.321846500683876
24,375,53.2379523493131,46.7620476506869
24,61,78.8134281020463,21.186571897953698
24,379,44.45813726269737,55.54186273730263
24,438,4.895466830209267,95.10453316979074
24,397,10.055216643446153,89.94478335655384
24,205,9.148051570858073,90.85194842914193
24,570,16.971209788717744,83.02879021128227
24,581,55.98951918832557,44.01048081167442
24,214,44.49125307999724,55.50874692000275
24,8,34.13431474727307,65.86568525272692
24,577,48.51460624780095,51.48539375219906
24,504,63.751872264209275,36.248127735790725
24,331,45.441812303113274,54.558187696886726
24,406,29.69242446922531,70.30757553077468
24,269,31.666665991204052,68.33333400879594
24,499,26.887484668468765,73.11251533153124
24,215,63.17645273548248,36.82354726451752
24,446,43.268906358372114,56.731093641627886
24,491,47.00111575540394,52.998884244596056
24,176,63.95780086629485,36.04219913370515
24,431,24.30914300710233,75.69085699289766
24,545,62.60752300030422,37.39247699969578
24,449,62.59445583183548,37.405544168164525
24,245,47.83489388723875,52.16510611276125
24,138,49.72750094379371,50.272499056206286
24,532,57.26481387921829,42.73518612078171
24,453,93.59366273576092,6.40633726423908
24,584,54.686819873859605,45.313180126140395
24,12,52.171170675553746,47.82882932444626
24,409,25.98353654630527,74.01646345369473
24,337,42.09279635553907,57.90720364446093
24,411,72.4862693360743,27.513730663925696
24,443,23.422078039828108,76.57792196017189
24,239,8.350076927961483,91.64992307203852
24,329,21.415795344119022,78.58420465588097
24,207,53.37900100198699,46.62099899801301
24,502,50.3411541133808,49.658845886619204
24,582,70.02652995625958,29.973470043740413
24,216,79.44020704831186,20.559792951688145
24,400,52.9754163407796,47.024583659220404
24,401,90.24407499562666,9.75592500437333
24,104,22.285513135810145,77.71448686418985
24,663,65.97042172696831,34.02957827303168
24,664,79.49224011824109,20.507759881758915
24,501,57.70252372359725,42.29747627640275
24,48,10.916292057903036,89.08370794209696
24,402,12.832811388537907,87.1671886114621
24,35,8.602675384241124,91.39732461575888
24,38,74.50559400150955,25.494405998490453
24,189,42.4901501867753,57.5098498132247
24,450,29.397635368216772,70.60236463178323
24,398,12.095549932717697,87.9044500672823
24,448,63.79772927063766,36.20227072936235
24,574,70.05468919400823,29.945310805991767
24,652,78.99017339037198,21.009826609628025
24,22,42.42829910897964,57.57170089102036
24,498,19.636056832461808,80.3639431675382
24,568,21.223275077220688,78.77672492277932
24,451,57.497304035630684,42.502695964369316
24,335,32.229493043854134,67.77050695614587
24,336,32.3847949906634,67.61520500933659
24,661,45.70970186703861,54.29029813296139
24,111,19.798063241556324,80.20193675844368
24,332,35.8297719510624,64.1702280489376
24,445,86.15325503847595,13.846744961524045
24,439,29.79486121325781,70.2051387867422
24,63,29.062921366254617,70.93707863374539
24,44,22.29407613241641,77.70592386758359
207,23,15.74034896297679,84.2596510370232
207,109,33.401495563128975,66.59850443687102
207,408,7.187762458669043,92.81223754133096
207,506,24.59017514048404,75.40982485951596
207,129,21.559731602647965,78.44026839735203
207,26,69.329076233862,30.670923766138003
207,130,44.31741181993711,55.6825881800629
207,375,49.85831638506246,50.141683614937534
207,61,76.48327732902493,23.516722670975074
207,379,41.14701153534721,58.85298846465279
207,438,4.313909713536447,95.68609028646355
207,397,8.913387292210619,91.08661270778939
207,205,8.100692657146148,91.89930734285386
207,570,15.167817251474263,84.83218274852574
207,581,52.632336864522,47.367663135478004
207,214,41.17947463711917,58.82052536288083
207,8,31.16774570665678,68.83225429334323
207,577,45.145584697149125,54.85441530285088
207,504,60.57386703854794,39.42613296145207
207,331,42.11255582576368,57.88744417423632
207,406,26.958329188250158,73.04167081174985
207,269,28.823143482659436,71.17685651734055
207,499,24.325398269466206,75.6746017305338
207,215,59.97922960735871,40.02077039264128
207,446,39.98316863093976,60.01683136906024
207,491,43.64847321968796,56.351526780312035
207,176,60.786906089499496,39.213093910500504
207,431,21.92202112520394,78.07797887479605
207,545,59.39223959233719,40.607760407662816
207,449,59.37876859376612,40.62123140623389
207,245,44.47245520557813,55.52754479442188
207,138,46.3498765956694,53.65012340433061
207,532,53.92527130533635,46.074728694663655
207,453,92.74951964843733,7.250480351562672
207,584,51.31635742460764,48.68364257539236
207,12,48.788529071601346,51.21147092839865
207,409,23.480969039794065,76.51903096020594
207,337,38.835880005289184,61.16411999471081
207,411,69.71850970283865,30.28149029716137
207,443,21.098831462720035,78.90116853727996
207,239,7.387255712318663,92.61274428768134
207,329,19.24387637832295,80.75612362167706
207,24,46.62099899801301,53.37900100198699
207,502,46.960718012998,53.039281987002
207,582,67.12061813604794,32.87938186395206
207,216,77.15987952210484,22.840120477895148
207,400,49.59474641952345,50.40525358047655
207,401,89.00636582423186,10.993634175768145
207,104,20.04683149609662,79.95316850390337
207,663,62.8754980801532,37.1245019198468
207,664,77.21610131142303,22.78389868857697
207,501,54.37009739604295,45.62990260395704
207,48,9.686413744262587,90.31358625573742
207,402,11.41269221059197,88.58730778940803
207,35,7.61294884166161,92.38705115833838
207,38,71.8646021171728,28.135397882827196
207,189,39.223084702418646,60.77691529758135
207,450,26.68070912539117,73.31929087460884
207,398,10.747672319703373,89.25232768029663
207,448,60.62129680013684,39.37870319986317
207,574,67.15025813842769,32.84974186157231
207,652,76.6739539099628,23.3260460900372
207,22,39.16278584280358,60.83721415719642
207,498,17.606252097284962,82.39374790271503
207,568,19.066373908479147,80.93362609152085
207,451,54.16147357265003,45.838526427349976
207,335,29.356556011224118,70.64344398877589
207,336,29.503881471403144,70.49611852859687
207,661,42.37595955917949,57.624040440820515
207,111,17.755018549915683,82.24498145008432
207,332,32.787611521031884,67.21238847896811
207,445,84.47991967577934,15.520080324220661
207,439,27.05485010507807,72.94514989492194
207,63,26.365749359680375,73.63425064031964
207,44,20.05474598754848,79.94525401245153
502,23,17.40351755541268,82.59648244458731
502,109,36.15527810550702,63.84472189449297
502,408,8.02714150921432,91.97285849078567
502,506,26.90267487238026,73.09732512761974
502,129,23.67319694610824,76.32680305389175
502,26,71.84469531931961,28.15530468068038
502,130,47.33786316393478,52.66213683606522
502,375,52.89810956310238,47.10189043689762
502,61,78.58652283960272,21.41347716039728
502,379,44.121534657226874,55.87846534277313
502,438,4.833608489159133,95.16639151084087
502,397,9.934416355910805,90.0655836440892
502,205,9.03713923732039,90.96286076267961
502,570,16.781847764191475,83.21815223580853
502,581,55.65309559486771,44.34690440513228
502,214,44.1545978450463,55.8454021549537
502,8,33.828933719906715,66.1710662800933
502,577,48.173831217367784,51.82616878263222
502,504,63.4364985043393,36.5635014956607
502,331,45.10377656899641,54.89622343100358
502,406,29.409486811810297,70.5905131881897
502,269,31.373089886783994,68.62691011321601
502,499,26.621475306357407,73.3785246936426
502,215,62.85894174330768,37.141058256692325
502,446,42.93439597789383,57.065604022106164
502,491,46.66136075427746,53.33863924572254
502,176,63.643214361398826,36.35678563860117
502,431,24.060558592236752,75.93944140776324
502,545,62.2879895260465,37.7120104739535
502,449,62.27487696449885,37.725123035501156
502,245,47.4944978540768,52.5055021459232
502,138,49.38637019903364,50.613629800966365
502,532,56.930693201700755,43.069306798299245
502,453,93.51292763035939,6.487072369640614
502,584,54.34851351221086,45.65148648778914
502,12,51.830571989974125,48.169428010025875
502,409,25.72343374709637,74.27656625290363
502,337,41.76074178815442,58.23925821184558
502,411,72.21461015778917,27.78538984221084
502,443,23.17989868621655,76.82010131378345
502,239,8.24803113986207,91.75196886013792
502,329,21.18887183911119,78.81112816088881
502,24,49.658845886619204,50.3411541133808
502,207,53.039281987002,46.960718012998
502,582,69.74042785753312,30.259572142466872
502,216,79.2183263978533,20.781673602146707
502,400,52.63535799679755,47.36464200320245
502,401,90.12522518180252,9.874774818197483
502,104,22.05184555982738,77.94815444017263
502,663,65.66415009132264,34.33584990867736
502,664,79.27078135239447,20.729218647605535
502,501,57.3692982841971,42.6307017158029
502,48,10.786295994138593,89.2137040058614
502,402,12.683016378929715,87.31698362107028
502,35,8.497805861420575,91.50219413857943
502,38,74.24703283732474,25.752967162675265
502,189,42.157222934741704,57.842777065258296
502,450,29.116376918921855,70.88362308107816
502,398,11.953261758944922,88.04673824105508
502,448,63.48252979857101,36.51747020142899
502,574,69.76874301391831,30.231256986081682
502,652,78.76467429610639,21.235325703893608
502,22,42.09550481571544,57.90449518428456
502,498,19.423554458371047,80.57644554162896
502,568,20.997871401635557,79.00212859836444
502,451,57.16365219582173,42.83634780417827
502,335,31.933078179674766,68.06692182032523
502,336,32.08761201663373,67.91238798336627
502,661,45.37132253944358,54.62867746055643
502,111,19.584213765604165,80.41578623439584
502,332,35.51724568615391,64.48275431384609
502,445,85.99177685971922,14.008223140280776
502,439,29.511345553425038,70.48865444657496
502,63,28.783598053419773,71.21640194658023
502,44,22.060343149241124,77.93965685075888
582,23,8.458629530638891,91.54137046936111
582,109,19.775872561205375,80.22412743879462
582,408,3.70349149135278,96.29650850864722
582,506,13.847368761685791,86.1526312383142
582,129,11.943253985174575,88.05674601482542
582,26,52.55358068645132,47.44641931354869
582,130,28.067718134527457,71.93228186547255
582,375,32.7547891059216,67.24521089407838
582,61,61.48505502107513,38.51494497892487
582,379,25.538564459633335,74.46143554036667
582,438,2.1929986711521763,97.80700132884782
582,397,4.630649194336959,95.36935080566303
582,205,4.192065678012175,95.80793432198783
582,570,8.127271235097345,91.87272876490266
582,581,35.23985517436478,64.76014482563521
582,214,25.56393246232689,74.43606753767311
582,8,18.214060654515176,81.78593934548482
582,577,28.7460762980562,71.25392370194379
582,504,42.930015438451626,57.06998456154837
582,331,26.297686885293427,73.70231311470657
582,406,15.381301360354287,84.6186986396457
582,269,16.61899255639961,83.38100744360038
582,499,13.678416103867368,86.32158389613264
582,215,42.32235217011822,57.677647829881785
582,446,24.636102464505946,75.36389753549405
582,491,27.525234813143566,72.47476518685644
582,176,43.14905315686284,56.85094684313715
582,431,12.167531939532704,87.83246806046729
582,545,41.72781713975082,58.27218286024919
582,449,41.714234399879416,58.28576560012058
582,245,28.194143663219744,71.80585633678025
582,138,29.746083751749918,70.25391624825008
582,532,36.43195633074508,63.56804366925491
582,453,86.36369124068932,13.636308759310674
582,584,34.04883883153691,65.9511611684631
582,12,31.821927891291686,68.17807210870832
582,409,13.142940271390128,86.85705972860987
582,337,23.759614026266636,76.24038597373337
582,411,53.0133209230326,46.986679076967384
582,443,11.659218398786024,88.34078160121396
582,239,3.8098875699534434,96.19011243004655
582,329,10.530405423524574,89.46959457647543
582,24,29.973470043740413,70.02652995625958
582,207,32.87938186395206,67.12061813604794
582,502,30.259572142466872,69.74042785753312
582,216,62.38601532207307,37.61398467792693
582,400,32.52366609211491,67.47633390788509
582,401,79.99038522665684,20.009614773343163
582,104,11.016246158445657,88.98375384155435
582,663,45.33448656848727,54.665513431512736
582,664,62.46134422791523,37.53865577208478
582,501,36.84723334668802,63.15276665331198
582,48,5.0510700623600355,94.94892993763997
582,402,6.001600542657474,93.99839945734252
582,35,3.9305035450939623,96.06949645490603
582,38,55.59954845674543,44.400451543254576
582,189,24.05398635761562,75.94601364238439
582,450,15.19931899316522,84.80068100683478
582,398,5.633492614086255,94.36650738591375
582,448,42.978719612410785,57.021280387589215
582,574,50.03368046311203,49.96631953688798
582,652,61.73791933896323,38.26208066103677
582,22,24.008048359970946,75.99195164002906
582,498,9.552429780255355,90.44757021974465
582,568,10.423571651443387,89.57642834855662
582,451,36.652136573790415,63.34786342620959
582,335,16.978007346308026,83.02199265369198
582,336,17.07756274384894,82.92243725615106
582,661,26.50644721426382,73.49355278573618
582,111,9.640568012957274,90.35943198704273
582,332,19.34244068349763,80.65755931650237
582,445,72.83055460590656,27.169445394093444
582,439,15.444708212093955,84.55529178790606
582,63,14.993562588661655,85.00643741133834
582,44,11.021055989593386,88.97894401040661
216,23,5.323500729286012,94.67649927071399
216,109,13.001271408217683,86.99872859178231
216,408,2.2909019894903278,97.70909801050968
216,506,8.893952344554506,91.1060476554455
216,129,7.615351494882,92.384648505118
216,26,40.03864950049608,59.96135049950393
216,130,19.096109080673997,80.903890919326
216,375,22.741118130977586,77.25888186902242
216,61,49.043364041958114,50.956635958041886
216,379,17.191035610469083,82.80896438953091
216,438,1.3492950000786748,98.65070499992132
216,397,2.8739460079488244,97.12605399205117
216,205,2.5976558009364785,97.40234419906352
216,570,5.108701290326421,94.89129870967358
216,581,24.737214862402645,75.26278513759735
216,214,17.2099370600697,82.7900629399303
216,8,11.900040106782928,88.09995989321708
216,577,19.61428763532362,80.38571236467638
216,504,31.216140052890047,68.78385994710995
216,331,17.758447442572944,82.24155255742704
216,406,9.937989153603665,90.06201084639633
216,269,10.789742667240516,89.2102573327595
216,499,8.779730047941447,91.22026995205854
216,215,30.686720612286056,69.31327938771393
216,446,16.52129783823152,83.4787021617685
216,491,18.6839387744985,81.3160612255015
216,176,31.407740119306688,68.5922598806933
216,431,7.764969091838219,92.23503090816179
216,545,30.171740025117018,69.82825997488298
216,449,30.16000924319811,69.83999075680188
216,245,19.192447507297896,80.8075524927021
216,138,20.383850964344678,79.61614903565533
216,532,25.711085477605845,74.28891452239415
216,453,79.3325465896604,20.667453410339604
216,584,23.774877157536288,76.2251228424637
216,12,22.003400802883235,77.99659919711677
216,409,8.418715092622854,91.58128490737714
216,337,15.87577436386465,84.12422563613535
216,411,40.48194590608632,59.51805409391368
216,443,7.426241590928038,92.57375840907196
216,239,2.3576114087002504,97.64238859129975
216,329,6.678759927458673,93.32124007254133
216,24,20.559792951688145,79.44020704831186
216,207,22.840120477895148,77.15987952210484
216,502,20.781673602146707,79.2183263978533
216,582,37.61398467792693,62.38601532207307
216,400,22.55776227539022,77.44223772460977
216,401,70.73911007083986,29.260889929160154
216,104,6.9996810395628595,93.00031896043713
216,663,33.3420047440472,66.6579952559528
216,664,50.08040574686571,49.919594253134306
216,501,26.052881594920578,73.94711840507941
216,48,3.1396206370254456,96.86037936297456
216,402,3.7432962200487125,96.25670377995128
216,35,2.4332983768510834,97.56670162314892
216,38,43.015293807103184,56.98470619289681
216,189,16.092037664699966,83.90796233530004
216,450,9.813461717535578,90.18653828246443
216,398,3.5090151522486694,96.49098484775133
216,448,31.258708104779725,68.74129189522027
216,574,37.6455567652626,62.35444323473741
216,652,49.3109178747508,50.68908212524921
216,22,16.058253155903458,83.94174684409654
216,498,6.036360696775034,93.96363930322497
216,568,6.608351104890923,93.39164889510907
216,451,25.89214131416001,74.10785868583999
216,335,11.038397676533068,88.96160232346693
216,336,11.107477787288172,88.89252221271182
216,661,17.915142147538514,82.0848578524615
216,111,6.094059949144777,93.90594005085522
216,332,12.694241749622165,87.30575825037783
216,445,61.807290241712465,38.19270975828754
216,439,9.981419816211286,90.01858018378871
216,63,9.67288315781469,90.32711684218532
216,44,7.0028641469996185,92.99713585300039
400,23,15.954035387719461,84.04596461228054
400,109,33.76211343420793,66.23788656579207
400,408,7.2946494807819615,92.70535051921803
400,506,24.890119619802906,75.1098803801971
400,129,21.832965732355667,78.16703426764433
400,26,69.67142357196163,30.328576428038378
400,130,44.71768353253521,55.28231646746479
400,375,50.26357616514737,49.73642383485263
400,61,76.7715862609819,23.22841373901809
400,379,41.53983957681983,58.46016042318018
400,438,4.379895552534002,95.62010444746599
400,397,9.04363657562189,90.95636342437811
400,205,8.22005205678529,91.77994794321471
400,570,15.375064696022669,84.62493530397734
400,581,53.03626369763704,46.963736302362946
400,214,41.572395820094734,58.427604179905266
400,8,31.515390792846464,68.48460920715353
400,577,45.54725054983181,54.452749450168184
400,504,60.959901777624594,39.04009822237541
400,331,42.508004528818255,57.491995471181745
400,406,27.27707492081226,72.72292507918775
400,269,29.155407778307147,70.84459222169286
400,499,24.623127398307087,75.37687260169291
400,215,60.36732391235453,39.63267608764546
400,446,40.37242626667684,59.62757373332316
400,491,44.04745239889839,55.95254760110161
400,176,61.17217471217232,38.827825287827686
400,431,22.198604418737588,77.80139558126241
400,545,59.782253047437194,40.217746952562806
400,449,59.76882476250584,40.231175237494156
400,245,44.87300526300664,55.12699473699336
400,138,46.75316292267695,53.24683707732305
400,532,54.32770520693685,45.672294793063145
400,453,92.85580514286154,7.144194857138446
400,584,51.721234870294644,48.278765129705356
400,12,49.193620475908325,50.80637952409168
400,409,23.77148125268077,76.22851874731923
400,337,39.22117797112998,60.77882202887002
400,411,70.05833654099155,29.941663459008446
400,443,21.36774382599771,78.6322561740023
400,239,7.496889758190428,92.50311024180957
400,329,19.494706409037676,80.50529359096232
400,24,47.024583659220404,52.9754163407796
400,207,50.40525358047655,49.59474641952345
400,502,47.36464200320245,52.63535799679755
400,582,67.47633390788509,32.52366609211491
400,216,77.44223772460977,22.55776227539022
400,401,89.1616036385959,10.838396361404092
400,104,20.30562405955828,79.69437594044172
400,663,63.25246815335025,36.74753184664974
400,664,77.49795856872939,22.502041431270616
400,501,54.7718896802594,45.2281103197406
400,48,9.826834263467441,90.17316573653255
400,402,11.575164160483116,88.42483583951687
400,35,7.725676158496725,92.27432384150327
400,38,72.18966525173866,27.810334748261344
400,189,39.60976786353966,60.39023213646034
400,450,26.997345220049624,73.00265477995038
400,398,10.901758016295455,89.09824198370454
400,448,61.00716226432875,38.992837735671245
400,574,67.50580492792116,32.49419507207884
400,652,76.9606004053983,23.03939959460171
400,22,39.549256558928086,60.45074344107192
400,498,17.840205211384916,82.15979478861509
400,568,19.315415930728882,80.68458406927111
400,451,54.56357493084973,45.43642506915027
400,335,29.692477958038786,70.3075220419612
400,336,29.840797211741453,70.15920278825854
400,661,42.772069416577885,57.227930583422115
400,111,17.990540038976807,82.0094599610232
400,332,33.144827957826486,66.85517204217352
400,445,84.68878947744626,15.31121052255374
400,439,27.37432341358271,72.62567658641727
400,63,26.679961658601876,73.32003834139812
400,44,20.31361600912011,79.68638399087989
401,23,2.313102121226546,97.68689787877346
401,109,5.896596019267749,94.10340398073225
401,408,0.9794846588969416,99.02051534110306
401,506,3.940854185234171,96.05914581476583
401,129,3.3505095413925394,96.64949045860746
401,26,21.681693606537365,78.31830639346263
401,130,8.980213683119294,91.01978631688071
401,375,10.939138863597686,89.06086113640231
401,61,28.47846094457565,71.52153905542436
401,379,7.991616957953222,92.00838304204679
401,438,0.5740652946148898,99.42593470538512
401,397,1.2325426011981633,98.76745739880184
401,205,1.1124301896399706,98.88756981036003
401,570,2.2172027710983095,97.7827972289017
401,581,12.05161927474823,87.94838072525178
401,214,8.001311473968919,91.99868852603107
401,8,5.3630740515791056,94.6369259484209
401,577,9.253198439254817,90.74680156074518
401,504,15.875148916479262,84.12485108352074
401,331,8.283626526825394,91.7163734731746
401,406,4.429259042223509,95.5707409577765
401,269,4.832046940334507,95.16795305966549
401,499,3.887770473002809,96.11222952699718
401,215,15.549743342552555,84.45025665744744
401,446,7.649556354719862,92.35044364528014
401,491,8.764337825221903,91.2356621747781
401,176,15.993514150826057,84.00648584917394
401,431,3.419153492509708,96.58084650749029
401,545,15.235522035848245,84.76447796415177
401,449,15.228390675953186,84.77160932404682
401,245,9.030832046747143,90.96916795325286
401,138,9.661920082200691,90.3380799177993
401,532,12.605111920562598,87.39488807943741
401,453,61.42143659791151,38.57856340208849
401,584,11.511646334674722,88.48835366532528
401,12,10.535259776950188,89.46474022304982
401,409,3.720441135342351,96.27955886465764
401,337,7.322499761138249,92.67750023886174
401,411,21.994133620708446,78.00586637929156
401,443,3.2639103576238964,96.7360896423761
401,239,1.0083595688505709,98.99164043114943
401,329,2.9233907208506205,97.07660927914938
401,24,9.75592500437333,90.24407499562666
401,207,10.993634175768145,89.00636582423186
401,502,9.874774818197483,90.12522518180252
401,582,20.009614773343163,79.99038522665684
401,216,29.260889929160154,70.73911007083986
401,400,10.838396361404092,89.1616036385959
401,104,3.0692426663793975,96.9307573336206
401,663,17.206659221856423,82.79334077814357
401,664,29.327228589867367,70.67277141013263
401,501,12.801079939815798,87.19892006018421
401,48,1.3483724790069092,98.65162752099309
401,402,1.6127868447604568,98.38721315523955
401,35,1.0411449872409597,98.95885501275905
401,38,23.82145899791618,76.17854100208382
401,189,7.431784298382,92.568215701618
401,450,4.370699417921282,95.62930058207871
401,398,1.5099676655304992,98.4900323344695
401,448,15.901418652296288,84.09858134770371
401,574,20.030996143167496,79.96900385683251
401,652,28.696029198509283,71.30397080149072
401,22,7.414693014299449,92.58530698570054
401,498,2.6329802464410195,97.36701975355898
401,568,2.8914605226707213,97.10853947732929
401,451,12.708808180178528,87.29119181982148
401,335,4.9503799183445985,95.0496200816554
401,336,4.983314944495085,95.01668505550491
401,661,8.364628032016798,91.6353719679832
401,111,2.6589806748723652,97.34101932512763
401,332,5.747153535953015,94.252846464047
401,445,40.07563961982293,59.92436038017708
401,439,4.449702113218403,95.55029788678159
401,63,4.304691557162672,95.69530844283733
401,44,3.0706919184375163,96.92930808156248
104,23,42.621960745970064,57.378039254029936
104,109,66.74221825348177,33.25778174651825
104,408,23.35289683386701,76.64710316613298
104,506,56.580205609032284,43.419794390967716
104,129,52.31419762635281,47.685802373647185
104,26,89.9323514475067,10.067648552493301
104,130,76.07546665920665,23.924533340793342
104,375,79.86297852917221,20.137021470827786
104,61,92.75179546821137,7.248204531788625
104,379,73.65158166484346,26.34841833515655
104,438,14.992797260871468,85.00720273912854
104,397,27.85345270770478,72.14654729229522
104,205,25.77870575870741,74.2212942412926
104,570,41.541799698013776,58.45820030198622
104,581,81.57450103705375,18.425498962946264
104,214,73.67746254883755,26.322537451162447
104,8,64.43444659679561,35.5655534032044
104,577,76.67592877520592,23.32407122479408
104,504,85.9157493938455,14.084250606154491
104,331,74.4116781796892,25.5883218203108
104,406,59.60977690186924,40.390223098130754
104,269,61.82958057022921,38.170419429770774
104,499,56.22568561432052,43.774314385679475
104,215,85.61610995929817,14.383890040701836
104,446,72.7083194714701,27.291680528529895
104,491,75.58089907437254,24.419100925627454
104,176,86.02219020030961,13.977809799690396
104,431,52.849272929752,47.150727070247996
104,545,85.3165971428294,14.683402857170599
104,449,85.30967948616961,14.690320513830393
104,245,76.18886502187316,23.811134978126848
104,138,77.52655745338068,22.473442546619328
104,532,82.33495110563246,17.665048894367548
104,453,98.02992484110953,1.9700751588904553
104,584,80.77660216370481,19.223397836295185
104,12,79.17188589383744,20.82811410616256
104,409,55.072534535300974,44.927465464699026
104,337,71.74816070478627,28.25183929521374
104,411,90.09552922777347,9.90447077222654
104,443,51.623017689852205,48.376982310147795
104,239,23.891855617008012,76.108144382992
104,329,48.71688627211387,51.283113727886146
104,24,77.71448686418985,22.285513135810145
104,207,79.95316850390337,20.04683149609662
104,502,77.94815444017263,22.05184555982738
104,582,88.98375384155435,11.016246158445657
104,216,93.00031896043713,6.9996810395628595
104,400,79.69437594044172,20.30562405955828
104,401,96.9307573336206,3.0692426663793975
104,663,87.04109163459405,12.95890836540595
104,664,93.02083960320309,6.979160396796901
104,501,82.59139531965222,17.408604680347764
104,48,29.756595722718465,70.24340427728153
104,402,33.77517926626324,66.22482073373676
104,35,24.495555103813647,75.50444489618636
104,38,90.97379403755394,9.026205962446056
104,189,72.07566677111382,27.92433322888619
104,450,59.26724929352175,40.73275070647825
104,398,32.263542234720845,67.73645776527916
104,448,85.93948799881571,14.060512001184284
104,574,88.99675358383186,11.00324641616815
104,652,92.82212753175037,7.17787246824963
104,22,72.02489893456399,27.97510106543602
104,498,45.97313907757444,54.02686092242557
104,568,48.427865117414896,51.5721348825851
104,451,82.4714471780102,17.528552821989805
104,335,62.43971341961814,37.56028658038186
104,336,62.60636229537887,37.39363770462113
104,661,74.61561601336223,25.384383986637776
104,111,46.229722675770994,53.770277324229
104,332,66.12387233123563,33.876127668764354
104,445,95.51615014551864,4.483849854481362
104,439,59.728110641240576,40.27188935875943
104,63,58.874711172256596,41.125288827743404
104,44,50.01245266646824,49.987547333531765
663,23,9.997195992309447,90.00280400769056
663,109,22.887092538892347,77.11290746110765
663,408,4.4151933822281215,95.58480661777187
663,506,16.20414160175145,83.79585839824854
663,129,14.025350569160377,85.97464943083962
663,26,57.18404518534901,42.815954814650986
663,130,31.980726469061693,68.0192735309383
663,375,36.99252419067204,63.00747580932795
663,61,65.80428489639615,34.19571510360386
663,379,29.238039056164194,70.7619609438358
663,438,2.6215540715627994,97.3784459284372
663,397,5.511268203489792,94.48873179651021
663,205,4.9932434740323375,95.00675652596766
663,570,9.61140126695394,90.38859873304605
663,581,39.61280350890136,60.387196491098635
663,214,29.2656832876218,70.7343167123782
663,8,21.141287077356814,78.85871292264319
663,577,32.71176855121874,67.28823144878126
663,504,47.562605464616844,52.437394535383156
663,331,30.064095091870758,69.93590490812925
663,406,17.947887262677046,82.05211273732296
663,269,19.34742618918655,80.65257381081345
663,499,16.011454336029853,83.98854566397014
663,215,46.94302657002033,53.05697342997966
663,446,28.252821973332747,71.74717802666726
663,491,31.394718081392085,68.60528191860791
663,176,47.78558122438159,52.21441877561842
663,431,14.282801040388254,85.71719895961174
663,545,46.33542048315292,53.66457951684707
663,449,46.32152276004978,53.678477239950205
663,245,32.11711742055345,67.88288257944656
663,138,33.7859177283847,66.2140822716153
663,532,40.86078322409416,59.13921677590582
663,453,88.3952985483954,11.604701451604598
663,584,38.360153258902265,61.639846741097735
663,12,36.002327834513466,63.99767216548654
663,409,15.399934379674685,84.60006562032531
663,337,27.292642107589522,72.70735789241049
663,411,57.63488162412026,42.36511837587973
663,443,13.698989666113015,86.30101033388698
663,239,4.54116240015918,95.45883759984082
663,329,12.398496789124666,87.60150321087534
663,24,34.02957827303168,65.97042172696831
663,207,37.1245019198468,62.8754980801532
663,502,34.33584990867736,65.66415009132264
663,582,54.665513431512736,45.33448656848727
663,216,66.6579952559528,33.3420047440472
663,400,36.74753184664974,63.25246815335025
663,401,82.79334077814357,17.206659221856423
663,104,12.95890836540595,87.04109163459405
663,664,66.72924496050197,33.27075503949802
663,501,41.29416615411589,58.7058338458841
663,48,6.00705861723257,93.99294138276743
663,402,7.125168144224421,92.87483185577557
663,35,4.68390806719886,95.31609193280114
663,38,60.1564438366579,39.8435561633421
663,189,27.615487743179173,72.38451225682083
663,450,17.74154739590587,82.25845260409413
663,398,6.692627468965746,93.30737253103426
663,448,47.61220162172579,52.38779837827422
663,574,54.69889148209228,45.30110851790772
663,652,66.044175181064,33.955824818935994
663,22,27.565130706919938,72.43486929308006
663,498,11.267297651744032,88.73270234825597
663,568,12.275127479891601,87.7248725201084
663,451,41.09065055822155,58.909349441778446
663,335,19.752145360604008,80.247854639396
663,336,19.864275786741715,80.13572421325829
663,661,30.290834260047582,69.70916573995243
663,111,11.369415552026842,88.63058444797316
663,332,22.403654135330687,77.59634586466932
663,445,76.35262861006098,23.647371389939014
663,439,18.01974706111314,81.98025293888685
663,63,17.508078274974633,82.49192172502538
663,44,12.964451312775328,87.03554868722466
664,23,5.3076384221586315,94.69236157784137
664,109,12.965429577278357,87.03457042272164
664,408,2.2838790520756396,97.71612094792435
664,506,8.868364959022133,91.13163504097787
664,129,7.593160953314832,92.40683904668518
664,26,39.961534505634866,60.038465494365134
664,130,19.046936027142525,80.95306397285748
664,375,22.685071414939102,77.3149285850609
664,61,48.96299097076779,51.037009029232216
664,379,17.14578431173866,82.85421568826133
664,438,1.34512300577055,98.65487699422944
664,397,2.865182876963886,97.13481712303611
664,205,2.5897149029096194,97.41028509709038
664,570,5.093447716871689,94.9065522831283
664,581,24.677757810159946,75.32224218984005
664,214,17.16464574913721,82.83535425086278
664,8,11.866848472309126,88.13315152769088
664,577,19.564086807435967,80.43591319256403
664,504,31.147361311989414,68.85263868801059
664,331,17.71200460018622,82.28799539981378
664,406,9.909699733020695,90.09030026697931
664,269,10.759296856241667,89.24070314375834
664,499,8.754442194961525,91.24555780503847
664,215,30.61860260864373,69.38139739135627
664,446,16.477478501736417,83.52252149826359
664,491,18.635595150134314,81.36440484986569
664,176,31.338726706528945,68.66127329347106
664,431,7.742376093864413,92.25762390613559
664,545,30.10428205855618,69.89571794144382
664,449,30.092566510482342,69.90743348951766
664,245,19.143082108948096,80.8569178910519
664,138,20.332154618115574,79.66784538188442
664,532,25.650056128552627,74.34994387144738
664,453,79.28020898938881,20.71979101061119
664,584,23.717032832804904,76.28296716719511
664,12,21.948678069495042,78.05132193050495
664,409,8.39437901821649,91.6056209817835
664,337,15.833361314747474,84.16663868525252
664,411,40.40454593888665,59.59545406111335
664,443,7.404561614874296,92.5954383851257
664,239,2.3503883901522737,97.64961160984772
664,329,6.659118515004117,93.34088148499589
664,24,20.507759881758915,79.49224011824109
664,207,22.78389868857697,77.21610131142303
664,502,20.729218647605535,79.27078135239447
664,582,37.53865577208478,62.46134422791523
664,216,49.919594253134306,50.08040574686571
664,400,22.502041431270616,77.49795856872939
664,401,70.67277141013263,29.327228589867367
664,104,6.979160396796901,93.02083960320309
664,663,33.27075503949802,66.72924496050197
664,501,25.991314706484186,74.00868529351582
664,48,3.130070954050399,96.8699290459496
664,402,3.7319742516505965,96.2680257483494
664,35,2.425848655782712,97.5741513442173
664,38,42.93651239127293,57.06348760872707
664,189,16.049150632225118,83.95084936777488
664,450,9.785491184386922,90.21450881561309
664,398,3.4983785233192566,96.50162147668074
664,448,31.189877021930336,68.81012297806967
664,574,37.5702021347115,62.429797865288506
664,652,49.2305295925411,50.769470407458904
664,22,16.015439979730647,83.98456002026936
664,498,6.0184973029266615,93.98150269707334
664,568,6.5889033959317445,93.41109660406826
664,451,25.830826294864856,74.16917370513515
664,335,11.007330510880104,88.99266948911989
664,336,11.076238656485456,88.92376134351454
664,661,17.868373756193687,82.13162624380631
664,111,6.076035875447274,93.92396412455273
664,332,12.659131454735798,87.3408685452642
664,445,61.73144130182742,38.268558698172576
664,439,9.95301939613261,90.04698060386738
664,63,9.64527372301033,90.35472627698967
664,44,6.982334813570301,93.0176651864297
501,23,13.57828510316196,86.42171489683803
501,109,29.634617224228286,70.3653827757717
501,408,6.121725301094054,93.87827469890594
501,506,21.507488484338,78.492511515662
501,129,18.76679259266423,81.23320740733577
501,26,65.49357699387836,34.506423006121636
501,130,40.0484830577498,59.951516942250194
501,375,45.48936287841563,54.510637121584374
501,61,73.20717399202678,26.792826007973215
501,379,36.98296989789624,63.01703010210377
501,438,3.6588475974492307,96.34115240255076
501,397,7.610658785684446,92.38934121431555
501,205,6.908480763877142,93.09151923612286
501,570,13.072971127153563,86.92702887284645
501,581,48.254012700182244,51.74598729981776
501,214,37.01418635408372,62.98581364591628
501,8,27.551473360751366,72.44852663924863
501,577,40.85491683919009,59.14508316080992
501,504,56.32337574211065,43.67662425788936
501,331,37.91295536922952,62.087044630770485
501,406,23.668285611752175,76.33171438824782
501,269,25.381816916026466,74.61818308397353
501,499,21.266943092701084,78.73305690729893
501,215,55.71109103178705,44.28890896821295
501,446,35.866159043700044,64.13384095629996
501,491,39.39882416981641,60.60117583018359
501,176,56.54305941307071,43.45694058692929
501,431,19.09302064049735,80.90697935950266
501,545,55.107976652937104,44.892023347062896
501,449,55.094150697619135,44.905849302380865
501,245,40.199277048533254,59.800722951466746
501,138,42.031824686080476,57.968175313919524
501,532,49.55202646679589,50.447973533204106
501,453,91.50323317785147,8.496766822148526
501,584,46.93904770967839,53.060952290321616
501,12,44.430507909666375,55.56949209033362
501,409,20.501187478047523,79.49881252195247
501,337,34.76966391135281,65.23033608864719
501,411,65.90830792000422,34.09169207999578
501,443,18.35232223398981,81.64767776601019
501,239,6.293464683839694,93.7065353161603
501,329,16.690442555999738,83.30955744400026
501,24,42.29747627640275,57.70252372359725
501,207,45.62990260395704,54.37009739604295
501,502,42.6307017158029,57.3692982841971
501,582,63.15276665331198,36.84723334668802
501,216,73.94711840507941,26.052881594920578
501,400,45.2281103197406,54.7718896802594
501,401,87.19892006018421,12.801079939815798
501,104,17.408604680347764,82.59139531965222
501,663,58.7058338458841,41.29416615411589
501,664,74.00868529351582,25.991314706484186
501,48,8.280153844546483,91.71984615545352
501,402,9.7808932276001,90.2191067723999
501,35,6.487881609630099,93.5121183903699
501,38,68.20440242630887,31.795597573691126
501,189,35.139236342542745,64.86076365745726
501,450,23.4140966606786,76.5859033393214
501,398,9.201826830802123,90.79817316919787
501,448,56.37227010111721,43.6277298988828
501,574,63.18405831747448,36.81594168252553
501,652,73.41551765081687,26.584482349183148
501,22,35.08165059235316,64.91834940764684
501,498,15.231451226048392,84.76854877395161
501,568,16.531933708936894,83.46806629106311
501,451,49.789810541938444,50.21018945806156
501,335,25.873925287802123,74.12607471219788
501,336,26.009998135668265,73.99000186433175
501,661,38.16720605027421,61.8327939497258
501,111,15.36367647948694,84.63632352051306
501,332,29.0605454797707,70.93945452022929
501,445,82.06910232574684,17.930897674253167
501,439,23.756715121181283,76.24328487881871
501,63,23.126002965487245,76.87399703451275
501,44,17.4156926061506,82.58430739384941
48,23,63.70119812274392,36.29880187725608
48,109,82.50777459168235,17.49222540831765
48,408,41.7923205634678,58.20767943653221
48,506,75.44218861190495,24.55781138809506
48,129,72.1345546770963,27.865445322903692
48,26,95.40811294099363,4.5918870590063685
48,130,88.16091793023053,11.83908206976947
48,375,90.26470051738133,9.735299482618665
48,61,96.74455445903955,3.255445540960452
48,379,86.75993310634526,13.240066893654742
48,438,29.27553369704019,70.72446630295981
48,397,47.67084616053661,52.32915383946338
48,205,45.02805063824666,54.97194936175334
48,570,62.67142819141208,37.32857180858792
48,581,91.18317819162533,8.816821808374671
48,214,86.77512787518646,13.224872124813544
48,8,80.9942162713371,19.0057837286629
48,577,88.5012331052055,11.498766894794496
48,504,93.42927940127576,6.570720598724241
48,331,87.20404138770552,12.79595861229447
48,406,77.66142528138296,22.338574718617036
48,269,79.22426304151159,20.77573695848841
48,499,75.1756802090041,24.8243197909959
48,215,93.27794425707042,6.722055742929569
48,446,86.20257687913838,13.797423120861616
48,491,87.87863622295512,12.121363777044886
48,176,93.4829104962173,6.517089503782712
48,431,72.56181420511314,27.43818579488686
48,545,93.12614044912063,6.873859550879363
48,449,93.12262801422435,6.877371985775664
48,245,88.22538836959114,11.774611630408852
48,138,88.97887761194119,11.021122388058812
48,532,91.58513128060213,8.414868719397875
48,453,99.13941239180531,0.8605876081946952
48,584,90.75739829479917,9.242601705200826
48,12,89.88828101504446,10.11171898495554
48,409,74.29855602621697,25.701443973783032
48,337,85.62800749620186,14.371992503798134
48,411,95.48660824669494,4.513391753305063
48,443,71.5771616953639,28.422838304636095
48,239,42.52532528551794,57.474674714482056
48,329,69.16348305988937,30.836516940110627
48,24,89.08370794209696,10.916292057903036
48,207,90.31358625573742,9.686413744262587
48,502,89.2137040058614,10.786295994138593
48,582,94.94892993763997,5.0510700623600355
48,216,96.86037936297456,3.1396206370254456
48,400,90.17316573653255,9.826834263467441
48,401,98.65162752099309,1.3483724790069092
48,104,70.24340427728153,29.756595722718465
48,663,93.99294138276743,6.00705861723257
48,664,96.8699290459496,3.130070954050399
48,501,91.71984615545352,8.280153844546483
48,402,54.64107551233499,45.358924487665014
48,35,43.33669719150073,56.66330280849926
48,38,95.90663785674246,4.093362143257532
48,189,85.82482014828375,14.17517985171624
48,450,77.41561333336215,22.584386666637858
48,398,52.937588830158745,47.06241116984126
48,448,93.44124608051445,6.558753919485564
48,574,94.95525599613589,5.044744003864107
48,652,96.77736470664028,3.222635293359722
48,22,85.79436808368969,14.205631916310308
48,498,66.77493268333652,33.225067316663484
48,568,68.91703893095989,31.082961069040117
48,451,91.6568872349951,8.3431127650049
48,335,79.64489178107533,20.355108218924663
48,336,79.75912681182753,20.240873188172472
48,661,87.32244679811554,12.67755320188446
48,111,67.00303195368726,32.996968046312745
48,332,82.107085835514,17.892914164485994
48,445,98.0155517591161,1.9844482408839015
48,439,77.74605209210867,22.25394790789132
48,63,77.13234345533256,22.867656544667437
48,44,70.25377315154927,29.74622684845073
402,23,59.30211073449687,40.697889265503115
402,109,79.68497842843074,20.315021571569257
402,408,37.34844636587303,62.65155363412698
402,506,71.85266993860925,28.14733006139075
402,129,68.25893352921668,31.741066470783313
402,26,94.53947348380231,5.4605265161976835
402,130,86.10595462911395,13.89404537088605
402,375,88.53073543149179,11.469264568508207
402,61,96.11941455345384,3.8805854465461724
402,379,84.50182193854266,15.498178061457335
402,438,25.591639308082893,74.4083606919171
402,397,43.06048997038729,56.93951002961272
402,205,40.47693886002115,59.52306113997885
402,570,58.22836070754107,41.77163929245892
402,581,89.59535806009737,10.404641939902632
402,214,84.51917449379648,15.480825506203505
402,8,77.98920799786274,22.010792002137265
402,577,86.49689783628627,13.503102163713729
402,504,92.21420933457749,7.785790665422512
402,331,85.0094089967758,14.990591003224193
402,406,74.28978769909585,25.710212300904132
402,269,76.0186370357182,23.981362964281793
402,499,71.56140046666603,28.43859953333397
402,215,92.0370750530152,7.962924946984799
402,446,83.86600582242194,16.133994177578057
402,491,85.7820584135213,14.2179415864787
402,176,92.27700700303086,7.722992996969145
402,431,68.72056253729251,31.279437462707488
402,545,91.85949149771429,8.14050850228571
402,449,91.85538374847536,8.14461625152464
402,245,86.17997775840335,13.820022241596652
402,138,87.04644541673004,12.953554583269963
402,532,90.06241579160466,9.937584208395334
402,453,98.96975849170391,1.0302415082960945
402,584,89.10137603429419,10.898623965705813
402,12,88.09547523474419,11.9045247652558
402,409,70.60490296368059,29.395097036319413
402,337,83.21195812562856,16.78804187437144
402,411,94.63205848274593,5.367941517254073
402,443,67.65785194134517,32.34214805865483
402,239,38.053848362941146,61.94615163705887
402,329,65.06994212183825,34.93005787816174
402,24,87.1671886114621,12.832811388537907
402,207,88.58730778940803,11.41269221059197
402,502,87.31698362107028,12.683016378929715
402,582,93.99839945734252,6.001600542657474
402,216,96.25670377995128,3.7432962200487125
402,400,88.42483583951687,11.575164160483116
402,401,98.38721315523955,1.6127868447604568
402,104,66.22482073373676,33.77517926626324
402,663,92.87483185577557,7.125168144224421
402,664,96.2680257483494,3.7319742516505965
402,501,90.2191067723999,9.7808932276001
402,48,45.358924487665014,54.64107551233499
402,35,38.83691878856852,61.16308121143147
402,38,95.12793240197708,4.872067598022927
402,189,83.4358346934811,16.56416530651889
402,450,74.01881193387918,25.98118806612082
402,398,48.28694736754648,51.71305263245352
402,448,92.22822027124647,7.771779728753519
402,574,94.00584754534253,5.994152454657463
402,652,96.1582992574137,3.8417007425863012
402,22,83.4011841955193,16.598815804480683
402,498,62.53273394086092,37.46726605913909
402,568,64.80707010640116,35.192929893598844
402,451,90.14586756939383,9.854132430606175
402,335,76.48572788839438,23.51427211160562
402,336,76.61271181809502,23.387288181904974
402,661,85.14488267081313,14.855117329186857
402,111,62.77401487081187,37.22598512918813
402,332,79.23509431374809,20.764905686251904
402,445,97.62909398215595,2.370906017844041
402,439,74.38313729209641,25.616862707903593
402,63,73.70686248876915,26.293137511230864
402,44,66.23593279402155,33.76406720597845
35,23,69.63231125239625,30.367688747603744
35,109,86.01068478005777,13.989315219942226
35,408,48.420249032108536,51.57975096789147
35,506,80.03472896843617,19.965271031563827
35,129,77.16596433950204,22.834035660497943
35,26,96.43027775368996,3.569722246310046
35,130,90.65113610164234,9.34886389835766
35,375,92.34781445801015,7.652185541989858
35,61,97.4763225891778,2.5236774108222004
35,379,89.51230792726406,10.48769207273593
35,438,35.098501526636745,64.90149847336325
35,397,54.361871881165015,45.638128118834985
35,205,51.714615875632454,48.28538412436754
35,570,68.68989319117883,31.310106808821182
35,581,93.08358527033242,6.916414729667589
35,214,89.524698303661,10.475301696338994
35,8,84.74744283238692,15.252557167613077
35,577,90.92668299076999,9.07331700923
35,504,94.87041918204038,5.129580817959621
35,331,89.87409704242395,10.125902957576038
35,406,81.93361391160761,18.066386088392385
35,269,83.25868051557623,16.741319484423766
35,499,79.80530780905522,20.19469219094478
35,215,94.75057716180646,5.249422838193539
35,446,89.05722505507173,10.942774944928276
35,491,90.42225672743575,9.577743272564259
35,176,94.91287068335754,5.087129316642464
35,431,77.5391778326811,22.4608221673189
35,545,94.63028492462423,5.369715075375779
35,449,94.62750066540691,5.372499334593089
35,245,90.70336907021586,9.296630929784133
35,138,91.31271212103317,8.68728787896682
35,532,93.40464272825848,6.595357271741527
35,453,99.3361659967804,0.6638340032196002
35,584,92.74287488736704,7.25712511263295
35,12,92.04540665795703,7.954593342042966
35,409,79.04812389127245,20.95187610872755
35,337,88.58687167326315,11.413128326736855
35,411,96.49188098445701,3.508119015542979
35,443,76.6778836131778,23.322116386822206
35,239,49.171736681265074,50.828263318734926
35,329,74.54855363630587,25.451446363694135
35,24,91.39732461575888,8.602675384241124
35,207,92.38705115833838,7.61294884166161
35,502,91.50219413857943,8.497805861420575
35,582,96.06949645490603,3.9305035450939623
35,216,97.56670162314892,2.4332983768510834
35,400,92.27432384150327,7.725676158496725
35,401,98.95885501275905,1.0411449872409597
35,104,75.50444489618636,24.495555103813647
35,663,95.31609193280114,4.68390806719886
35,664,97.5741513442173,2.425848655782712
35,501,93.5121183903699,6.487881609630099
35,48,56.66330280849926,43.33669719150073
35,402,61.16308121143147,38.83691878856852
35,38,96.82117129507877,3.178828704921224
35,189,88.7481257347847,11.251874265215294
35,450,81.72429081655382,18.27570918344619
35,398,59.52456815910053,40.47543184089947
35,448,94.87989221917836,5.120107780821654
35,574,96.07447166809118,3.9255283319088203
35,652,97.50192914726792,2.4980708527320825
35,22,88.723185034186,11.276814965813998
35,498,72.41567161067009,27.584328389329922
35,568,74.32968286846537,25.67031713153463
35,451,93.46189762020019,6.53810237979981
35,335,83.61362199850569,16.386378001494304
35,336,83.70989455787058,16.29010544212942
35,661,89.97043178496203,10.02956821503796
35,111,72.6204771492009,27.37952285079911
35,332,85.67713828995565,14.322861710044348
35,445,98.46569027724742,1.5343097227525808
35,439,82.00562105217499,17.99437894782501
35,63,81.48276136593073,18.517238634069273
35,44,75.51359772697636,24.486402273023653
38,23,6.897689533075332,93.10231046692466
38,109,16.478456156307153,83.52154384369285
38,408,2.994009659577351,97.00599034042264
38,506,11.406788824567965,88.59321117543203
38,129,9.802827242152343,90.19717275784765
38,26,46.93608906864436,53.06391093135564
38,130,23.780118833788947,76.21988116621105
38,375,28.021484648445128,71.97851535155488
38,61,56.044609165782155,43.95539083421786
38,379,21.526273520720164,78.47372647927983
38,438,1.7681064490500547,98.23189355094996
38,397,3.7498041203688444,96.25019587963115
38,205,3.3919650309430325,96.60803496905697
38,570,6.623426612095631,93.37657338790437
38,581,30.30521267485506,69.69478732514493
38,214,21.548761594563214,78.45123840543678
38,8,15.130712573466711,84.86928742653329
38,577,24.38873469787786,75.61126530212213
38,504,37.532444730738845,62.467555269261155
38,331,22.20024953983132,77.79975046016868
38,406,12.70761202204554,87.29238797795446
38,269,13.762958651025926,86.23704134897407
38,499,11.263988635806811,88.73601136419319
38,215,36.952322752826326,63.047677247173674
38,446,20.72781051518075,79.27218948481925
38,491,23.294663829276512,76.70533617072348
38,176,37.74194324335986,62.25805675664014
38,431,9.991137524256057,90.00886247574394
38,545,36.38626103094407,63.61373896905592
38,449,36.37334638287558,63.62665361712442
38,245,23.893413966891913,76.10658603310809
38,138,25.28913357643967,74.71086642356033
38,532,31.40954021587402,68.59045978412598
38,453,83.529220077398,16.470779922602006
38,584,29.207614949697696,70.7923850503023
38,12,27.170527518528036,72.82947248147197
38,409,10.812020512444352,89.18797948755565
38,337,19.955190781669696,80.0448092183303
38,411,47.39577559060355,52.60422440939645
38,443,9.564576128859063,90.43542387114093
38,239,3.0806117792041996,96.91938822079581
38,329,8.62028279714025,91.37971720285975
38,24,25.494405998490453,74.50559400150955
38,207,28.135397882827196,71.8646021171728
38,502,25.752967162675265,74.24703283732474
38,582,44.400451543254576,55.59954845674543
38,216,56.98470619289681,43.015293807103184
38,400,27.810334748261344,72.18966525173866
38,401,76.17854100208382,23.82145899791618
38,104,9.026205962446056,90.97379403755394
38,663,39.8435561633421,60.1564438366579
38,664,57.06348760872707,42.93651239127293
38,501,31.795597573691126,68.20440242630887
38,48,4.093362143257532,95.90663785674246
38,402,4.872067598022927,95.12793240197708
38,35,3.178828704921224,96.82117129507877
38,189,20.214365195825557,79.78563480417444
38,450,12.55287518290508,87.44712481709492
38,398,4.570178827662095,95.42982117233791
38,448,37.57900999278111,62.42099000721889
38,574,44.43370208562522,55.56629791437477
38,652,56.3080564277471,43.69194357225289
38,22,20.1738991594656,79.82610084053441
38,498,7.805453260936557,92.19454673906344
38,568,8.531123439060392,91.4688765609396
38,451,31.614140505484194,68.3858594945158
38,335,14.07005153253927,85.92994846746073
38,336,14.155286630867337,85.84471336913266
38,661,22.385970503835555,77.61402949616445
38,111,7.87876421149584,92.12123578850415
38,332,16.103580768144877,83.89641923185512
38,445,68.17926077756616,31.820739222433847
38,439,12.761551979553994,87.238448020446
38,63,12.378057136104472,87.62194286389553
38,44,9.030228379806916,90.96977162019309
189,23,22.378383122092803,77.6216168779072
189,109,43.71904410167689,56.280955898323114
189,408,10.645072797906854,89.35492720209314
189,506,33.5278795146382,66.4721204853618
189,129,29.81787659472014,70.18212340527987
189,26,77.75133980881047,22.24866019118953
189,130,55.22531250370367,44.77468749629633
189,375,60.641881314143816,39.358118685856184
189,61,83.39041776640896,16.609582233591034
189,379,52.00210708850113,47.997892911498866
189,438,6.477226779655706,93.52277322034429
189,397,13.092236089924135,86.90776391007586
189,205,11.94486226801267,88.05513773198733
189,570,21.623281780992606,78.3767182190074
189,581,63.25541589059359,36.744584109406404
189,214,52.035586198129394,47.964413801870606
189,8,41.21617409838117,58.78382590161883
189,577,56.05210037499289,43.94789962500711
189,504,70.40119223024173,29.598807769758267
189,331,52.99362500923254,47.006374990767476
189,406,36.35214671268772,63.64785328731229
189,269,38.53118981252995,61.46881018747005
189,499,33.20806451666227,66.79193548333772
189,215,69.8826061684519,30.117393831548107
189,446,50.795215601302125,49.20478439869789
189,491,54.55295391840681,45.44704608159319
189,176,70.58636047417906,29.41363952582095
189,431,30.267185548441333,69.73281445155868
189,545,69.36815715025901,30.63184284974098
189,449,69.35632121759978,30.64367878240022
189,245,55.38056781947036,44.619432180529635
189,138,57.24342007752837,42.75657992247163
189,532,64.45212679124221,35.54787320875779
189,453,95.15892659842326,4.8410734015767325
189,584,62.02348178033397,37.97651821966603
189,12,59.61683006307439,40.38316993692562
189,409,32.18260194888989,67.81739805111012
189,337,49.59274466100372,50.40725533899628
189,411,78.06642354828503,21.933576451714963
189,443,29.243972964489934,70.75602703551006
189,239,10.930091259853013,89.06990874014699
189,329,26.907931528007733,73.09206847199226
189,24,57.5098498132247,42.4901501867753
189,207,60.77691529758135,39.223084702418646
189,502,57.842777065258296,42.157222934741704
189,582,75.94601364238439,24.05398635761562
189,216,83.90796233530004,16.092037664699966
189,400,60.39023213646034,39.60976786353966
189,401,92.568215701618,7.431784298382
189,104,27.92433322888619,72.07566677111382
189,663,72.38451225682083,27.615487743179173
189,664,83.95084936777488,16.049150632225118
189,501,64.86076365745726,35.139236342542745
189,48,14.17517985171624,85.82482014828375
189,402,16.56416530651889,83.4358346934811
189,35,11.251874265215294,88.7481257347847
189,38,79.78563480417444,20.214365195825557
189,450,36.024389086947885,63.975610913052115
189,398,15.648629605436401,84.3513703945636
189,448,70.44244540338524,29.557554596614754
189,574,75.97045398184575,24.029546018154246
189,652,83.53653554502,16.46346445498001
189,22,49.936674596377436,50.063325403622564
189,498,24.810068420782628,75.18993157921737
189,568,26.682165105408956,73.31783489459104
189,451,64.66930782672476,35.33069217327524
189,335,39.14734222448277,60.85265777551724
189,336,39.31696588741347,60.68303411258653
189,661,53.26259721331028,46.73740278668973
189,111,25.002036538160162,74.99796346183984
189,332,43.03647473460192,56.96352526539808
189,445,89.34535631665578,10.654643683344215
189,439,36.46589376986853,63.53410623013147
189,63,35.651484164131105,64.34851583586891
189,44,27.934311951301343,72.06568804869865
450,23,33.80743588319051,66.19256411680949
450,109,57.98126988342497,42.01873011657503
450,408,17.359719423631734,82.64028057636827
450,506,47.24415593347827,52.75584406652174
450,129,42.9853604325273,57.0146395674727
450,26,86.05680615254339,13.943193847456614
450,130,68.64459292845284,31.35540707154715
450,375,73.20886585142816,26.791134148571842
450,61,89.84815901926207,10.151840980737926
450,379,65.79701380947074,34.20298619052926
450,438,10.85977949710348,89.14022050289651
450,397,21.00810270842659,78.99189729157341
450,205,19.31260880607881,80.68739119392119
450,570,32.82492230861783,67.17507769138217
450,581,75.31840553386255,24.68159446613745
450,214,65.8271219291755,34.17287807082449
450,8,55.46630297969135,44.53369702030866
450,577,69.35878196804633,30.641218031953677
450,504,80.8042065309016,19.1957934690984
450,331,66.68391408390795,33.31608591609204
450,406,50.35548601018643,49.64451398981357
450,269,52.682681632907205,47.317318367092795
450,499,46.884855111303864,53.11514488869614
450,215,80.41925025143706,19.580749748562937
450,446,64.70400772830415,35.295992271695845
450,491,68.05898505215606,31.94101494784394
450,176,80.94118249610725,19.05881750389275
450,431,43.51188608652443,56.48811391347558
450,545,80.03540194409779,19.964598055902215
450,449,80.02654759368976,19.973452406310237
450,245,68.77920005943136,31.22079994056864
450,138,70.3765504489938,29.623449551006193
450,532,76.26526139648779,23.734738603512213
450,453,97.18233611438238,2.8176638856176113
450,584,74.3312623888451,25.668737611154885
450,12,72.36542833353244,27.63457166646756
450,409,45.72297054218946,54.27702945781054
450,337,63.60001085912995,36.399989140870055
450,411,86.27386770883629,13.726132291163703
450,443,42.308408038656246,57.69159196134376
450,239,17.79090612414081,82.20909387585918
450,329,39.50073473164625,60.49926526835375
450,24,70.60236463178323,29.397635368216772
450,207,73.31929087460884,26.68070912539117
450,502,70.88362308107816,29.116376918921855
450,582,84.80068100683478,15.19931899316522
450,216,90.18653828246443,9.813461717535578
450,400,73.00265477995038,26.997345220049624
450,401,95.62930058207871,4.370699417921282
450,104,40.73275070647825,59.26724929352175
450,663,82.25845260409413,17.74154739590587
450,664,90.21450881561309,9.785491184386922
450,501,76.5859033393214,23.4140966606786
450,48,22.584386666637858,77.41561333336215
450,402,25.98118806612082,74.01881193387918
450,35,18.27570918344619,81.72429081655382
450,38,87.44712481709492,12.55287518290508
450,189,63.975610913052115,36.024389086947885
450,398,24.69234403692118,75.30765596307882
450,448,80.8347447694122,19.165255230587796
450,574,84.81782941819961,15.182170581800388
450,652,89.94385107315873,10.056148926841285
450,22,63.917322336351276,36.08267766364872
450,498,36.905818271992366,63.09418172800763
450,568,39.22486641695646,60.77513358304354
450,451,76.43584349143526,23.56415650856473
450,335,53.3295238678283,46.6704761321717
450,336,53.50674455271168,46.49325544728831
450,661,66.92281182492648,33.077188175073516
450,111,37.14623276247175,62.853767237528245
450,332,57.3028388139512,42.69716118604881
450,445,93.65054001572649,6.349459984273508
450,439,50.4785192399993,49.5214807600007
450,63,49.59378613241843,50.40621386758156
450,44,40.74476617443554,59.255233825564446
398,23,60.943791912760595,39.056208087239405
398,109,80.7625473737164,19.2374526262836
398,408,38.96364080869642,61.03635919130358
398,506,73.2114124027856,26.7885875972144
398,129,69.72013358127053,30.27986641872947
398,26,94.8760406858916,5.123959314108405
398,130,86.89562962459465,13.104370375405356
398,375,89.19867894140856,10.801321058591443
398,61,96.36199462446604,3.6380053755339725
398,379,85.36814874035765,14.631851259642339
398,438,26.911239475341326,73.08876052465867
398,397,44.74797527330731,55.252024726692696
398,205,42.13748436095044,57.86251563904955
398,570,59.88438143841057,40.11561856158943
398,581,90.20764936413514,9.792350635864858
398,214,85.38468880141953,14.615311198580471
398,8,79.1342764743051,20.8657235256949
398,577,87.26742157186517,12.732578428134838
398,504,92.6839602477177,7.3160397522822995
398,331,85.8518180890369,14.148181910963102
398,406,75.56946076468112,24.43053923531887
398,269,77.23757840929797,22.762421590702033
398,499,72.92907706074917,27.07092293925083
398,215,92.51671791379938,7.4832820862006155
398,446,84.76185049933922,15.238149500660786
398,491,86.58746095477477,13.412539045225236
398,176,92.74324234506834,7.25675765493166
398,431,70.1695524711412,29.8304475288588
398,545,92.34901508183302,7.650984918166983
398,449,92.34513545651679,7.654864543483223
398,245,86.96604065698672,13.033959343013276
398,138,87.78973829471863,12.210261705281365
398,532,90.64987142351335,9.35012857648665
398,453,99.0357645754819,0.9642354245180982
398,584,89.73965594316708,10.260344056832919
398,12,88.78578590996068,11.214214090039318
398,409,72.00113928765572,27.998860712344282
398,337,84.13765217714919,15.862347822850808
398,411,94.96319545584232,5.036804544157676
398,443,69.13452800863173,30.865471991368267
398,239,39.6804881017543,60.31951189824569
398,329,66.60776151859955,33.39223848140045
398,24,87.9044500672823,12.095549932717697
398,207,89.25232768029663,10.747672319703373
398,502,88.04673824105508,11.953261758944922
398,582,94.36650738591375,5.633492614086255
398,216,96.49098484775133,3.5090151522486694
398,400,89.09824198370454,10.901758016295455
398,401,98.4900323344695,1.5099676655304992
398,104,67.73645776527916,32.263542234720845
398,663,93.30737253103426,6.692627468965746
398,664,96.50162147668074,3.4983785233192566
398,501,90.79817316919787,9.201826830802123
398,48,47.06241116984126,52.937588830158745
398,402,51.71305263245352,48.28694736754648
398,35,40.47543184089947,59.52456815910053
398,38,95.42982117233791,4.570178827662095
398,189,84.3513703945636,15.648629605436401
398,450,75.30765596307882,24.69234403692118
398,448,92.6971872104152,7.302812789584796
398,574,94.37352355622966,5.626476443770346
398,652,96.3985309171582,3.6014690828418017
398,22,84.31829617002128,15.681703829978721
398,498,64.12178795783102,35.878212042168975
398,568,66.35059969914165,33.649400300858346
398,451,90.72885876740354,9.271141232596456
398,335,77.68760517936121,22.31239482063878
398,336,77.8099019933746,22.190098006625405
398,661,85.98085536146917,14.019144638530841
398,111,64.35856998360143,35.64143001639857
398,332,80.33092283122856,19.669077168771445
398,445,97.77926585721993,2.2207341427800604
398,439,75.65962911553821,24.34037088446179
398,63,75.00614699098166,24.993853009018345
398,44,67.74730924840688,32.252690751593114
448,23,10.876280698065695,89.1237193019343
448,109,24.60564617186103,75.39435382813899
448,408,4.827518773646799,95.1724812263532
448,506,17.529341830296833,82.47065816970317
448,129,15.202771704867624,84.79722829513237
448,26,59.505094096142365,40.49490590385764
448,130,34.08881509105355,65.91118490894645
448,375,39.24364371943197,60.75635628056803
448,61,67.91583866562095,32.08416133437903
448,379,31.246332325935246,68.75366767406476
448,438,2.870918902750688,97.12908109724931
448,397,6.0200889008198875,93.97991109918011
448,205,5.456751755673616,94.54324824432638
448,570,10.460210709174728,89.53978929082527
448,581,41.91855755125396,58.08144244874603
448,214,31.275058564612955,68.72494143538704
448,8,22.765828072404414,77.23417192759558
448,577,34.843883040811484,65.15611695918851
448,504,49.9502853212611,50.0497146787389
448,331,32.10405112236485,67.89594887763515
448,406,19.3844520978405,80.61554790215949
448,269,20.86891941818282,79.13108058181719
448,499,17.323971381944965,82.67602861805503
448,215,49.32881811384317,50.67118188615684
448,446,30.221540170506593,69.77845982949341
448,491,33.482765669321786,66.51723433067822
448,176,50.17375594973256,49.82624405026744
448,431,15.478182553034593,84.52181744696541
448,545,48.718626147360496,51.28137385263951
448,449,48.70466076480707,51.29533923519291
448,245,34.229770691295556,65.77022930870446
448,138,35.951372056456876,64.04862794354311
448,532,43.187719453807475,56.812280546192525
448,453,89.3267232310092,10.673276768990805
448,584,40.641508636986565,59.358491363013435
448,12,38.229207131944676,61.770792868055324
448,409,16.6717030766177,83.3282969233823
448,337,29.220893604997688,70.77910639500232
448,411,59.948437999136836,40.05156200086316
448,443,14.853451351637739,85.14654864836227
448,239,4.964697242740057,95.03530275725994
448,329,13.459342935556187,86.54065706444382
448,24,36.20227072936235,63.79772927063766
448,207,39.37870319986317,60.62129680013684
448,502,36.51747020142899,63.48252979857101
448,582,57.021280387589215,42.978719612410785
448,216,68.74129189522027,31.258708104779725
448,400,38.992837735671245,61.00716226432875
448,401,84.09858134770371,15.901418652296288
448,104,14.060512001184284,85.93948799881571
448,663,52.38779837827422,47.61220162172579
448,664,68.81012297806967,31.189877021930336
448,501,43.6277298988828,56.37227010111721
448,48,6.558753919485564,93.44124608051445
448,402,7.771779728753519,92.22822027124647
448,35,5.120107780821654,94.87989221917836
448,38,62.42099000721889,37.57900999278111
448,189,29.557554596614754,70.44244540338524
448,450,19.165255230587796,80.8347447694122
448,398,7.302812789584796,92.6971872104152
448,574,57.05427777896512,42.94572222103487
448,652,68.14792368069592,31.85207631930406
448,22,29.5050566020041,70.4949433979959
448,498,12.243956393066222,87.75604360693377
448,568,13.326916637314678,86.67308336268532
448,451,43.42114875238432,56.57885124761568
448,335,21.297458004428904,78.7025419955711
448,336,21.41612899133727,78.58387100866273
448,661,32.339238977223054,67.66076102277695
448,111,12.353779414288788,87.6462205857112
448,332,24.096794349793385,75.90320565020662
448,445,78.0229486685866,21.97705133141341
448,439,19.460769227193058,80.53923077280695
448,63,18.917134751095105,81.0828652489049
448,44,14.066454926586083,85.93354507341392
574,23,8.448383496155069,91.55161650384494
574,109,19.754699525860314,80.2453004741397
574,408,3.69879362630509,96.3012063736949
574,506,13.831512527167408,86.1684874728326
574,129,11.929296611969514,88.0707033880305
574,26,52.51998900298172,47.48001099701829
574,130,28.040653730355906,71.9593462696441
574,375,32.72520790062829,67.27479209937172
574,61,61.45318730306622,38.54681269693378
574,379,25.513103459061554,74.48689654093845
574,438,2.190177621319501,97.8098223786805
574,397,4.624826401046363,95.37517359895364
574,205,4.1867724418254175,95.81322755817459
574,570,8.117393865546887,91.8826061344531
574,581,35.20918092600294,64.79081907399706
574,214,25.538454530744715,74.46154546925528
574,8,18.194200030112555,81.80579996988745
574,577,28.718610987045214,71.28138901295479
574,504,42.89702752888867,57.10297247111132
574,331,26.27172666291641,73.72827333708359
574,406,15.363982585993108,84.63601741400689
574,269,16.60053770435329,83.39946229564671
574,499,13.662724632784537,86.33727536721547
574,215,42.28948804717622,57.710511952823786
574,446,24.611254930569405,75.3887450694306
574,491,27.498499902954222,72.50150009704578
574,176,43.116023117917614,56.88397688208238
574,431,12.153346134565373,87.84665386543462
574,545,41.69508395604573,58.30491604395427
574,449,41.68150432113348,58.31849567886651
574,245,28.167003605049857,71.83299639495014
574,138,29.718050008251755,70.28194999174823
574,532,36.40081742465591,63.59918257534408
574,453,86.34802562150205,13.651974378497961
574,584,34.01866749088987,65.98133250911015
574,12,31.79280028902287,68.20719971097714
574,409,13.127775798826255,86.87222420117374
574,337,23.73538302641772,76.26461697358228
574,411,52.97976433460888,47.02023566539111
574,443,11.645552143883862,88.35444785611614
574,239,3.805059563177605,96.19494043682239
574,329,10.517916199613383,89.48208380038662
574,24,29.945310805991767,70.05468919400823
574,207,32.84974186157231,67.15025813842769
574,502,30.231256986081682,69.76874301391831
574,582,49.96631953688798,50.03368046311203
574,216,62.35444323473741,37.6455567652626
574,400,32.49419507207884,67.50580492792116
574,401,79.96900385683251,20.030996143167496
574,104,11.00324641616815,88.99675358383186
574,663,45.30110851790772,54.69889148209228
574,664,62.429797865288506,37.5702021347115
574,501,36.81594168252553,63.18405831747448
574,48,5.044744003864107,94.95525599613589
574,402,5.994152454657463,94.00584754534253
574,35,3.9255283319088203,96.07447166809118
574,38,55.56629791437477,44.43370208562522
574,189,24.029546018154246,75.97045398184575
574,450,15.182170581800388,84.81782941819961
574,398,5.626476443770346,94.37352355622966
574,448,42.94572222103487,57.05427777896512
574,652,61.70613234792012,38.293867652079896
574,22,23.98364053745302,76.01635946254697
574,498,9.540986123645592,90.4590138763544
574,568,10.41119548149954,89.58880451850047
574,451,36.62091608862214,63.37908391137786
574,335,16.959230342874047,83.04076965712596
574,336,17.058696997173488,82.9413030028265
574,661,26.48035240196503,73.51964759803498
574,111,9.629029147486982,90.37097085251303
574,332,19.3216254898782,80.6783745101218
574,445,72.80402352798158,27.19597647201841
574,439,15.427330279006469,84.57266972099353
574,63,14.976607819472381,85.02339218052762
574,44,11.008051222790987,88.99194877720902
652,23,5.461306607698439,94.53869339230157
652,109,13.311965987288918,86.68803401271109
652,408,2.351966137243235,97.64803386275676
652,506,9.11602084160672,90.88397915839327
652,129,7.808009793465271,92.19199020653474
652,26,40.70160720715864,59.29839279284136
652,130,19.521594177012226,80.47840582298778
652,375,23.225545180978887,76.77445481902112
652,61,49.732373897642574,50.26762610235743
652,379,17.58281006196383,82.41718993803616
652,438,1.3855796784849816,98.61442032151501
652,397,2.9501288236044387,97.04987117639557
652,205,2.6666957467892987,97.3333042532107
652,570,5.241226703854706,94.7587732961453
652,581,25.250805353694222,74.74919464630578
652,214,17.60205571463419,82.39794428536581
652,8,12.187854133892053,87.81214586610794
652,577,20.048598131853286,79.95140186814672
652,504,31.80906488845044,68.19093511154955
652,331,18.160469804499982,81.83953019550002
652,406,10.183434380382064,89.81656561961793
652,269,11.053832129183274,88.94616787081672
652,499,8.999206145772522,91.00079385422748
652,215,31.27404594655634,68.72595405344366
652,446,16.900750472802727,83.09924952719727
652,491,19.1022987832731,80.8977012167269
652,176,32.0026525811942,67.99734741880582
652,431,7.96111315324014,92.03888684675987
652,545,30.7534673362755,69.24653266372451
652,449,30.741607299990353,69.25839270000964
652,245,19.61958455165595,80.38041544834405
652,138,20.830996070076928,79.16900392992308
652,532,26.238100141184162,73.76189985881584
652,453,79.77703540239798,20.222964597602026
652,584,24.2746839107633,75.7253160892367
652,12,22.476490396918315,77.52350960308168
652,409,8.629952445896826,91.37004755410317
652,337,16.24311977962833,83.75688022037167
652,411,41.147260777494346,58.85273922250565
652,443,7.614477294154427,92.38552270584557
652,239,2.420414101085084,97.57958589891491
652,329,6.8493320621638505,93.15066793783615
652,24,21.009826609628025,78.99017339037198
652,207,23.3260460900372,76.6739539099628
652,502,21.235325703893608,78.76467429610639
652,582,38.26208066103677,61.73791933896323
652,216,50.68908212524921,49.3109178747508
652,400,23.03939959460171,76.9606004053983
652,401,71.30397080149072,28.696029198509283
652,104,7.17787246824963,92.82212753175037
652,663,33.955824818935994,66.044175181064
652,664,50.769470407458904,49.2305295925411
652,501,26.584482349183148,73.41551765081687
652,48,3.222635293359722,96.77736470664028
652,402,3.8417007425863012,96.1582992574137
652,35,2.4980708527320825,97.50192914726792
652,38,43.69194357225289,56.3080564277471
652,189,16.46346445498001,83.53653554502
652,450,10.056148926841285,89.94385107315873
652,398,3.6014690828418017,96.3985309171582
652,448,31.85207631930406,68.14792368069592
652,574,38.293867652079896,61.70613234792012
652,22,16.429044030057604,83.57095596994239
652,498,6.191520140693922,93.80847985930608
652,568,6.777244425942537,93.22275557405746
652,451,26.421593434786395,73.57840656521361
652,335,11.307857379560676,88.69214262043931
652,336,11.378423587660873,88.62157641233914
652,661,18.319963569067816,81.68003643093218
652,111,6.250612491279858,93.74938750872013
652,332,12.998622389488975,87.00137761051103
652,445,62.45491528039907,37.54508471960093
652,439,10.227825009727592,89.77217499027242
652,63,9.912446996231523,90.08755300376848
652,44,7.181130880186551,92.81886911981346
22,23,22.422084683274925,77.57791531672508
22,109,43.781356621737565,56.21864337826244
22,408,10.66881840097658,89.33118159902342
22,506,33.58420740783113,66.41579259216887
22,129,29.870701959987638,70.12929804001236
22,26,77.79479592783596,22.20520407216403
22,130,55.28792130227295,44.71207869772706
22,375,60.70225523728041,39.29774476271959
22,61,83.42508652725513,16.57491347274486
22,379,52.06532522916882,47.93467477083117
22,438,6.492295732993147,93.50770426700686
22,397,13.120694183515042,86.87930581648496
22,205,11.9711464117316,88.02885358826839
22,570,21.66590223035843,78.33409776964156
22,581,63.3141703210501,36.6858296789499
22,214,52.098800777659505,47.901199222340495
22,8,41.27751333492265,58.72248666507735
22,577,56.11446613320731,43.885533866792684
22,504,70.45373363568032,29.54626636431969
22,331,53.05671305337979,46.943286946620205
22,406,36.41066894122782,63.58933105877218
22,269,38.59112489292222,61.40887510707779
22,499,33.26411815768806,66.73588184231193
22,215,69.9356859331527,30.064314066847302
22,446,50.85852329468666,49.14147670531333
22,491,54.615734264416375,45.38426573558363
22,176,70.63870635227252,29.361293647727482
22,431,30.320472422297414,69.67952757770259
22,545,69.42175751322881,30.578242486771202
22,449,69.40993340001192,30.59006659998807
22,245,55.44313367849527,44.55686632150473
22,138,57.30537343018288,42.69462656981712
22,532,64.51002255855938,35.489977441440615
22,453,95.17034309765968,4.8296569023403215
22,584,62.083043353771885,37.916956646228115
22,12,59.67774315416915,40.32225684583085
22,409,32.23774095149563,67.76225904850438
22,337,49.656066431078415,50.34393356892159
22,411,78.109429927119,21.89057007288099
22,443,29.29619392747711,70.70380607252288
22,239,10.954400382744083,89.04559961725592
22,329,26.957520087625348,73.04247991237465
22,24,57.57170089102036,42.42829910897964
22,207,60.83721415719642,39.16278584280358
22,502,57.90449518428456,42.09550481571544
22,582,75.99195164002906,24.008048359970946
22,216,83.94174684409654,16.058253155903458
22,400,60.45074344107192,39.549256558928086
22,401,92.58530698570054,7.414693014299449
22,104,27.97510106543602,72.02489893456399
22,663,72.43486929308006,27.565130706919938
22,664,83.98456002026936,16.015439979730647
22,501,64.91834940764684,35.08165059235316
22,48,14.205631916310308,85.79436808368969
22,402,16.598815804480683,83.4011841955193
22,35,11.276814965813998,88.723185034186
22,38,79.82610084053441,20.1738991594656
22,189,50.063325403622564,49.936674596377436
22,450,36.08267766364872,63.917322336351276
22,398,15.681703829978721,84.31829617002128
22,448,70.4949433979959,29.5050566020041
22,574,76.01635946254697,23.98364053745302
22,652,83.57095596994239,16.429044030057604
22,498,24.857058301204173,75.14294169879582
22,568,26.731484641368127,73.26851535863187
22,451,64.72703989191936,35.27296010808064
22,335,39.207632434501335,60.792367565498665
22,336,39.377350424785426,60.622649575214574
22,661,53.3256411763352,46.67435882366479
22,111,25.04927341021086,74.95072658978914
22,332,43.098553982469525,56.90144601753047
22,445,89.36907384964547,10.630926150354524
22,439,36.52449579550371,63.47550420449628
22,63,35.709500190828486,64.29049980917152
22,44,27.98509110682936,72.01490889317064
498,23,46.607547947797265,53.392452052202735
498,109,70.21262037003582,29.787379629964185
498,408,26.346053787539418,73.65394621246058
498,506,60.49325191471764,39.50674808528237
498,129,56.31695022015906,43.68304977984094
498,26,91.28152106683048,8.718478933169516
498,130,78.86916755162584,21.130832448374168
498,375,82.31223500269107,17.687764997308932
498,61,93.74721761246192,6.252782387538069
498,379,76.64492534051428,23.355074659485716
498,438,17.14234098998112,82.85765901001888
498,397,31.196014116312686,68.80398588368732
498,205,28.96924136536001,71.03075863464
498,570,45.50598755429082,54.494012445709174
498,581,83.85538061976597,16.14461938023404
498,214,76.66876162128577,23.33123837871423
498,8,68.03298455244354,31.967015447556474
498,577,79.41764426951323,20.582355730486768
498,504,87.73496346272405,12.265036537275957
498,331,77.34418760933328,22.65581239066673
498,406,63.42411061504839,36.5758893849516
498,269,65.55347238911492,34.44652761088508
498,499,60.14839735370108,39.851602646298915
498,215,87.468756496704,12.531243503296007
498,446,75.77488799861618,24.225112001383813
498,491,78.41666715919649,21.58333284080351
498,176,87.82947284215726,12.170527157842749
498,431,56.84397630788233,43.15602369211767
498,545,87.20243226402744,12.797567735972562
498,449,87.19627842406452,12.803721575935494
498,245,78.97282477939002,21.027175220609966
498,138,80.19292768624976,19.807072313750247
498,532,84.53851987408241,15.461480125917596
498,453,98.31239476655414,1.6876052334458727
498,584,83.13695104816603,16.86304895183397
498,12,81.68690433101311,18.313095668986882
498,409,59.02392807503127,40.97607192496873
498,337,74.8866677604188,25.113332239581197
498,411,91.42475355850867,8.575246441491329
498,443,55.63479581822257,44.36520418177743
498,239,26.930699220473947,73.06930077952605
498,329,52.74956633299759,47.250433667002405
498,24,80.3639431675382,19.636056832461808
498,207,82.39374790271503,17.606252097284962
498,502,80.57644554162896,19.423554458371047
498,582,90.44757021974465,9.552429780255355
498,216,93.96363930322497,6.036360696775034
498,400,82.15979478861509,17.840205211384916
498,401,97.36701975355898,2.6329802464410195
498,104,54.02686092242557,45.97313907757444
498,663,88.73270234825597,11.267297651744032
498,664,93.98150269707334,6.0184973029266615
498,501,84.76854877395161,15.231451226048392
498,48,33.225067316663484,66.77493268333652
498,402,37.46726605913909,62.53273394086092
498,35,27.584328389329922,72.41567161067009
498,38,92.19454673906344,7.805453260936557
498,189,75.18993157921737,24.810068420782628
498,450,63.09418172800763,36.905818271992366
498,398,35.878212042168975,64.12178795783102
498,448,87.75604360693377,12.243956393066222
498,574,90.4590138763544,9.540986123645592
498,652,93.80847985930608,6.191520140693922
498,22,75.14294169879582,24.857058301204173
498,568,52.461107956437246,47.538892043562754
498,451,84.66097756525971,15.339022434740293
498,335,66.13609436030377,33.86390563969621
498,336,66.29503144833423,33.70496855166577
498,661,77.53152697035665,22.468473029643356
498,111,50.25818917391922,49.74181082608078
498,332,69.63016621856454,30.369833781435464
498,445,96.14626186819588,3.8537381318041164
498,439,63.538007169314945,36.46199283068505
498,63,62.71563300054073,37.28436699945927
498,44,54.03923062740825,45.96076937259175
568,23,44.166387733187776,55.83361226681222
568,109,68.11951890496742,31.880481095032582
568,408,24.489951226864513,75.51004877313548
568,506,58.11795535533854,41.88204464466147
568,129,53.880549536552145,46.11945046344785
568,26,90.47904108251318,9.520958917486832
568,130,77.19387552003055,22.80612447996946
568,375,80.84684298001385,19.153157019986168
568,61,93.15608421371722,6.843915786282771
568,379,74.84725909277938,25.15274090722061
568,438,15.802402414342575,84.19759758565742
568,397,29.12915693408126,70.87084306591875
568,205,26.99378049137357,73.00621950862643
568,570,43.07623950684078,56.92376049315923
568,581,82.49211893909893,17.507881060901077
568,214,74.87235173999794,25.12764826000205
568,8,65.85945634863658,34.14054365136342
568,577,77.77412468244442,22.22587531755557
568,504,86.65040339393936,13.34959660606065
568,331,75.58387412985562,24.416125870144384
568,406,61.113200352594255,38.88679964740576
568,269,63.30053017785511,36.699469822144884
568,499,57.76669418008253,42.23330581991747
568,215,86.36407261515039,13.635927384849614
568,446,73.93218038341594,26.067819616584053
568,491,76.71563771694171,23.28436228305829
568,176,86.75209251852404,13.247907481475957
568,431,54.413310479113086,45.586689520886914
568,545,86.07776281734631,13.922237182653685
568,449,86.07114891947087,13.92885108052912
568,245,77.30348908101857,22.696510918981424
568,138,78.59539561742255,21.404604382577443
568,532,83.22205923162107,16.777940768378933
568,453,98.14513398943335,1.8548660105666661
568,584,81.72552206536629,18.2744779346337
568,12,80.18154416036043,19.81845583963957
568,409,56.62304003373657,43.37695996626343
568,337,72.9996175352932,27.000382464706806
568,411,90.63421017355061,9.36578982644939
568,443,53.19181651611077,46.80818348388923
568,239,25.04690777744827,74.95309222255173
568,329,50.2892601820342,49.7107398179658
568,24,78.77672492277932,21.223275077220688
568,207,80.93362609152085,19.066373908479147
568,502,79.00212859836444,20.997871401635557
568,582,89.57642834855662,10.423571651443387
568,216,93.39164889510907,6.608351104890923
568,400,80.68458406927111,19.315415930728882
568,401,97.10853947732929,2.8914605226707213
568,104,51.5721348825851,48.427865117414896
568,663,87.7248725201084,12.275127479891601
568,664,93.41109660406826,6.5889033959317445
568,501,83.46806629106311,16.531933708936894
568,48,31.082961069040117,68.91703893095989
568,402,35.192929893598844,64.80707010640116
568,35,25.67031713153463,74.32968286846537
568,38,91.4688765609396,8.531123439060392
568,189,73.31783489459104,26.682165105408956
568,450,60.77513358304354,39.22486641695646
568,398,33.649400300858346,66.35059969914165
568,448,86.67308336268532,13.326916637314678
568,574,89.58880451850047,10.41119548149954
568,652,93.22275557405746,6.777244425942537
568,22,73.26851535863187,26.731484641368127
568,498,47.538892043562754,52.461107956437246
568,451,83.35300928345379,16.6469907165462
568,335,63.90065879975071,36.09934120024929
568,336,64.06449457144416,35.93550542855585
568,661,75.7813950700204,24.218604929979605
568,111,47.79650766782755,52.20349233217245
568,332,67.51459868799374,32.48540131200626
568,445,95.77264030629986,4.227359693700131
568,439,61.229958744366066,38.77004125563393
568,63,60.38752622266445,39.612473777335566
568,44,51.5845748413415,48.41542515865849
451,23,13.675945657813001,86.32405434218701
451,109,29.809533259897236,70.19046674010276
451,408,6.169282436084318,93.83071756391568
451,506,21.648634086725576,78.35136591327442
451,129,18.894070482289763,81.10592951771024
451,26,65.682890287145,34.317109712855
451,130,40.250325633166355,59.74967436683364
451,375,45.69788175499869,54.30211824500131
451,61,73.37089220530466,26.62910779469535
451,379,37.17881067980294,62.82118932019707
451,438,3.687953384602269,96.31204661539773
451,397,7.668917874522825,92.33108212547718
451,205,6.961735637379764,93.03826436262024
451,570,13.167514619169902,86.83248538083011
451,581,48.46397124284964,51.53602875715036
451,214,37.21009637103103,62.78990362896897
451,8,27.718790043851737,72.28120995614826
451,577,41.058070337553026,58.94192966244698
451,504,56.530011136913636,43.469988863086364
451,331,38.11078718431655,61.889212815683436
451,406,23.819488230024955,76.18051176997504
451,269,25.54044168336638,74.45955831663362
451,499,21.406921191698018,78.59307880830198
451,215,55.91837102790059,44.0816289720994
451,446,36.059413131917395,63.940586868082605
451,491,39.599529437867155,60.400470562132845
451,176,56.74944785096342,43.25055214903657
451,431,19.22201406924624,80.77798593075376
451,545,55.31582868880254,44.68417131119746
451,449,55.30201511480095,44.69798488519904
451,245,40.4013732437009,59.5986267562991
451,138,42.236690759187766,57.76330924081224
451,532,49.762206752639976,50.23779324736003
451,453,91.56725350247198,8.432746497528008
451,584,47.14848568143438,52.85151431856563
451,12,44.63812674186271,55.36187325813729
451,409,20.637385203888662,79.36261479611134
451,337,34.96017087927778,65.03982912072222
451,411,66.09649969816766,33.90350030183234
451,443,18.47739536258694,81.52260463741305
451,239,6.342273729433518,93.65772627056647
451,329,16.80639318898246,83.19360681101755
451,24,42.502695964369316,57.497304035630684
451,207,45.838526427349976,54.16147357265003
451,502,42.83634780417827,57.16365219582173
451,582,63.34786342620959,36.652136573790415
451,216,74.10785868583999,25.89214131416001
451,400,45.43642506915027,54.56357493084973
451,401,87.29119181982148,12.708808180178528
451,104,17.528552821989805,82.4714471780102
451,663,58.909349441778446,41.09065055822155
451,664,74.16917370513515,25.830826294864856
451,501,50.21018945806156,49.789810541938444
451,48,8.3431127650049,91.6568872349951
451,402,9.854132430606175,90.14586756939383
451,35,6.53810237979981,93.46189762020019
451,38,68.3858594945158,31.614140505484194
451,189,35.33069217327524,64.66930782672476
451,450,23.56415650856473,76.43584349143526
451,398,9.271141232596456,90.72885876740354
451,448,56.57885124761568,43.42114875238432
451,574,63.37908391137786,36.62091608862214
451,652,73.57840656521361,26.421593434786395
451,22,35.27296010808064,64.72703989191936
451,498,15.339022434740293,84.66097756525971
451,568,16.6469907165462,83.35300928345379
451,335,26.03459080681781,73.96540919318218
451,336,26.171220776193955,73.82877922380604
451,661,38.36555640084619,61.63444359915381
451,111,15.47202131943469,84.52797868056533
451,332,29.233440443347387,70.76655955665261
451,445,82.19124134020012,17.808758659799885
451,439,23.908312771320713,76.09168722867928
451,63,23.274754602378195,76.7252453976218
451,44,17.535679782206124,82.46432021779387
335,23,30.898567338864446,69.10143266113555
335,109,54.70291953364323,45.29708046635677
335,408,15.548094519897315,84.45190548010268
335,506,43.93741443984295,56.06258556015705
335,129,39.75379478033998,60.24620521966001
335,26,84.39968984642519,15.600310153574801
335,130,65.7135769491726,34.2864230508274
335,375,70.52626001101619,29.473739988983798
335,61,88.58594122424569,11.414058775754302
335,379,62.74149822937678,37.25850177062321
335,438,9.652675335309883,90.3473246646901
335,397,18.898253298081478,81.10174670191851
335,205,17.33759550143451,82.6624044985655
335,570,29.96327709517093,70.03672290482908
335,581,72.7710629798038,27.2289370201962
335,214,62.77280086625665,37.22719913374334
335,8,52.152826647682325,47.847173352317675
335,577,66.46265499625747,33.53734500374253
335,504,78.66946040856085,21.330539591439155
335,331,63.664675385169275,36.335324614830725
335,406,47.0245195791026,52.975480420897405
335,269,49.35078247160932,50.64921752839068
335,499,43.58259035841749,56.41740964158251
335,215,78.25267766356053,21.747322336439463
335,446,61.60688550156581,38.39311449843419
335,491,65.10045958099015,34.89954041900985
335,176,78.81786564201389,21.182134357986122
335,431,40.26842354594126,59.73157645405875
335,545,77.83752666610759,22.1624733338924
335,449,77.82795533838541,22.17204466161459
335,245,65.85464718886598,34.14535281113401
335,138,67.53268997593867,32.46731002406133
335,532,73.78285088200546,26.21714911799454
335,453,96.80240792149299,3.1975920785070207
335,584,71.71901014390082,28.280989856099186
335,12,69.63236684943931,30.367633150560692
335,409,42.43754588846143,57.56245411153857
335,337,60.4643294986451,39.5356705013549
335,411,84.6382271025512,15.3617728974488
335,443,39.09320859041905,60.906791409580954
335,239,15.942467714231078,84.05753228576891
335,329,36.366182531186865,63.633817468813135
335,24,67.77050695614587,32.229493043854134
335,207,70.64344398877589,29.356556011224118
335,502,68.06692182032523,31.933078179674766
335,582,83.02199265369198,16.978007346308026
335,216,88.96160232346693,11.038397676533068
335,400,70.3075220419612,29.692477958038786
335,401,95.0496200816554,4.9503799183445985
335,104,37.56028658038186,62.43971341961814
335,663,80.247854639396,19.752145360604008
335,664,88.99266948911989,11.007330510880104
335,501,74.12607471219788,25.873925287802123
335,48,20.355108218924663,79.64489178107533
335,402,23.51427211160562,76.48572788839438
335,35,16.386378001494304,83.61362199850569
335,38,85.92994846746073,14.07005153253927
335,189,60.85265777551724,39.14734222448277
335,450,46.6704761321717,53.3295238678283
335,398,22.31239482063878,77.68760517936121
335,448,78.7025419955711,21.297458004428904
335,574,83.04076965712596,16.959230342874047
335,652,88.69214262043931,11.307857379560676
335,22,60.792367565498665,39.207632434501335
335,498,33.86390563969621,66.13609436030377
335,568,36.09934120024929,63.90065879975071
335,451,73.96540919318218,26.03459080681781
335,336,50.178072311586575,49.82192768841343
335,661,63.913730815114256,36.08626918488576
335,111,34.095012987966726,65.90498701203327
335,332,54.01327520425221,45.9867247957478
335,445,92.82637242210515,7.173627577894848
335,439,47.14713355389094,52.85286644610906
335,63,46.26633067105676,53.73366932894324
335,44,37.57195168502439,62.42804831497561
336,23,30.747232805361563,69.25276719463844
336,109,54.5263997737828,45.47360022621721
336,408,15.45589030811053,84.54410969188947
336,506,43.762099895317675,56.237900104682325
336,129,39.58350063741739,60.41649936258261
336,26,84.30677448639284,15.693225513607151
336,130,65.55329358673563,34.44670641326436
336,375,70.3785860378302,29.621413962169786
336,61,88.51479198418741,11.485208015812583
336,379,62.57509710652482,37.42490289347517
336,438,9.591739896125114,90.40826010387488
336,397,18.790361718844547,81.20963828115545
336,205,17.236821857563374,82.76317814243662
336,570,29.814600559154304,70.1853994408457
336,581,72.63040653659077,27.36959346340922
336,214,62.60645751024477,37.39354248975523
336,8,51.97506449354251,48.02493550645748
336,577,66.30411507891122,33.69588492108878
336,504,78.55065305375241,21.449346946247584
336,331,63.500037604553874,36.499962395446126
336,406,46.84713154913894,53.15286845086106
336,269,49.17274933724779,50.82725066275222
336,499,43.40760298825508,56.59239701174492
336,215,78.1321653968908,21.867834603109205
336,446,61.43848649761517,38.56151350238483
336,491,64.93880953191773,35.06119046808227
336,176,78.69967123711085,21.300328762889155
336,431,40.097374943491864,59.90262505650814
336,545,77.7153403845511,22.28465961544889
336,449,77.70573074768384,22.294269252316155
336,245,65.69468596904888,34.30531403095112
336,138,67.37678091049486,32.62321908950514
336,532,73.64559232558182,26.354407674418173
336,453,96.78077703854323,3.219222961456765
336,584,71.57497524642099,28.42502475357901
336,12,69.48209911769142,30.51790088230858
336,409,42.263739122118224,57.736260877881776
336,337,60.29410753215233,39.70589246784766
336,411,84.54648787909039,15.45351212090961
336,443,38.923939058943006,61.076060941056994
336,239,15.848337696423458,84.15166230357654
336,329,36.20180999663407,63.79819000336594
336,24,67.61520500933659,32.3847949906634
336,207,70.49611852859687,29.503881471403144
336,502,67.91238798336627,32.08761201663373
336,582,82.92243725615106,17.07756274384894
336,216,88.89252221271182,11.107477787288172
336,400,70.15920278825854,29.840797211741453
336,401,95.01668505550491,4.983314944495085
336,104,37.39363770462113,62.60636229537887
336,663,80.13572421325829,19.864275786741715
336,664,88.92376134351454,11.076238656485456
336,501,73.99000186433175,26.009998135668265
336,48,20.240873188172472,79.75912681182753
336,402,23.387288181904974,76.61271181809502
336,35,16.29010544212942,83.70989455787058
336,38,85.84471336913266,14.155286630867337
336,189,60.68303411258653,39.31696588741347
336,450,46.49325544728831,53.50674455271168
336,398,22.190098006625405,77.8099019933746
336,448,78.58387100866273,21.41612899133727
336,574,82.9413030028265,17.058696997173488
336,652,88.62157641233914,11.378423587660873
336,22,60.622649575214574,39.377350424785426
336,498,33.70496855166577,66.29503144833423
336,568,35.93550542855585,64.06449457144416
336,451,73.82877922380604,26.171220776193955
336,335,49.82192768841343,50.178072311586575
336,661,63.749589903046115,36.250410096953885
336,111,33.93553621327004,66.06446378672996
336,332,53.83632584925506,46.163674150744946
336,445,92.7796719295231,7.220328070476888
336,439,46.96969182642484,53.03030817357515
336,63,46.08932333441975,53.91067666558025
336,44,37.405281585777836,62.594718414222164
661,23,20.20733104104138,79.79266895895863
661,109,40.53584520750497,59.464154792495016
661,408,9.482170106515238,90.51782989348476
661,506,30.689163082466575,69.31083691753344
661,129,27.16852009492234,72.83147990507766
661,26,75.42568169690236,24.574318303097645
661,130,51.97651617262677,48.02348382737323
661,375,57.485667567499235,42.514332432500765
661,61,81.52088956279526,18.47911043720474
661,379,48.73612818097944,51.26387181902056
661,438,5.742814270039535,94.25718572996047
661,397,11.694490725917598,88.30550927408241
661,205,10.655657361058397,89.3443426389416
661,570,19.50794283495312,80.49205716504689
661,581,60.17280711094275,39.82719288905725
661,214,48.76964191381377,51.23035808618622
661,8,38.093215797944005,61.90678420205599
661,577,52.81224510508646,47.18775489491353
661,504,67.61736505741736,32.38263494258265
661,331,49.7299473996025,50.2700526003975
661,406,33.39184900118831,66.6081509988117
661,269,35.49064416556711,64.5093558344329
661,499,30.38435365735009,69.61564634264991
661,215,67.07225344549303,32.92774655450697
661,446,47.52999341516832,52.47000658483167
661,491,51.298255571458725,48.701744428541275
661,176,67.81218914985428,32.18781085014572
661,431,27.5931258226687,72.40687417733129
661,545,66.53224249994484,33.467757500055164
661,449,66.5198272723284,33.4801727276716
661,245,52.13330870626199,47.86669129373801
661,138,54.019723911649706,45.980276088350294
661,532,61.409565773262365,38.59043422673763
661,453,94.53374338140688,5.466256618593119
661,584,58.9038151077138,41.0961848922862
661,12,56.43691348335326,43.56308651664674
661,409,29.408690054553006,70.591309945447
661,337,46.33214366365656,53.667856336343434
661,411,75.76385119591286,24.236148804087144
661,443,26.626873365263297,73.37312663473669
661,239,9.739190822478584,90.26080917752142
661,329,24.430217148988774,75.56978285101123
661,24,54.29029813296139,45.70970186703861
661,207,57.624040440820515,42.37595955917949
661,502,54.62867746055643,45.37132253944358
661,582,73.49355278573618,26.50644721426382
661,216,82.0848578524615,17.915142147538514
661,400,57.227930583422115,42.772069416577885
661,401,91.6353719679832,8.364628032016798
661,104,25.384383986637776,74.61561601336223
661,663,69.70916573995243,30.290834260047582
661,664,82.13162624380631,17.868373756193687
661,501,61.8327939497258,38.16720605027421
661,48,12.67755320188446,87.32244679811554
661,402,14.855117329186857,85.14488267081313
661,35,10.02956821503796,89.97043178496203
661,38,77.61402949616445,22.385970503835555
661,189,46.73740278668973,53.26259721331028
661,450,33.077188175073516,66.92281182492648
661,398,14.019144638530841,85.98085536146917
661,448,67.66076102277695,32.339238977223054
661,574,73.51964759803498,26.48035240196503
661,652,81.68003643093218,18.319963569067816
661,22,46.67435882366479,53.3256411763352
661,498,22.468473029643356,77.53152697035665
661,568,24.218604929979605,75.7813950700204
661,451,61.63444359915381,38.36555640084619
661,335,36.08626918488576,63.913730815114256
661,336,36.250410096953885,63.749589903046115
661,111,22.64755885606584,77.35244114393417
661,332,39.868105611982806,60.131894388017194
661,445,88.05625882213582,11.943741177864178
661,439,33.501113363894454,66.49888663610555
661,63,32.719508767925774,67.28049123207424
661,44,25.393763805225056,74.60623619477495
111,23,46.35066804278004,53.64933195721996
111,109,69.99702549136812,30.002974508631887
111,408,26.147234867225183,73.8527651327748
111,506,60.246423656624636,39.75357634337537
111,129,56.06281036857528,43.937189631424715
111,26,91.20038748616362,8.79961251383638
111,130,78.69794421894078,21.30205578105923
111,375,82.16292085431427,17.837079145685745
111,61,93.68757647861783,6.312423521382174
111,379,76.46082961971634,23.53917038028366
111,438,16.99770562308621,83.0022943769138
111,397,30.975539553236807,69.02446044676319
111,205,28.758111189317802,71.2418888106822
111,570,45.250055682434535,54.74994431756547
111,581,83.71666138616976,16.283338613830242
111,214,76.4847984860689,23.5152015139311
111,8,67.80866348355201,32.19133651644799
111,577,79.24975019011913,20.750249809880867
111,504,87.62497619734066,12.375023802659332
111,331,77.16402978727272,22.835970212727283
111,406,63.18461155352465,36.81538844647535
111,269,65.32043198722332,34.67956801277668
111,499,59.900825803246484,40.099174196753516
111,215,87.35670261801488,12.64329738198512
111,446,75.58603258552627,24.41396741447373
111,491,78.24274324218374,21.757256757816272
111,176,87.72022262021089,12.2797773797891
111,431,56.590555888244346,43.409444111755654
111,545,87.08832481173273,12.911675188267274
111,449,87.08212368579441,12.917876314205593
111,245,78.8022259566618,21.197774043338203
111,138,80.02984381175106,19.970156188248936
111,532,84.40464310335194,15.595356896648038
111,453,98.29558310176112,1.7044168982388708
111,584,82.99323983325705,17.00676016674295
111,12,81.53343297973893,18.466567020261067
111,409,58.77410725711353,41.22589274288647
111,337,74.69311360416803,25.306886395831974
111,411,91.3448365542752,8.655163445724808
111,443,55.37981200771942,44.62018799228058
111,239,26.72901480737372,73.27098519262628
111,329,52.492101850712004,47.50789814928799
111,24,80.20193675844368,19.798063241556324
111,207,82.24498145008432,17.755018549915683
111,502,80.41578623439584,19.584213765604165
111,582,90.35943198704273,9.640568012957274
111,216,93.90594005085522,6.094059949144777
111,400,82.0094599610232,17.990540038976807
111,401,97.34101932512763,2.6589806748723652
111,104,53.770277324229,46.229722675770994
111,663,88.63058444797316,11.369415552026842
111,664,93.92396412455273,6.076035875447274
111,501,84.63632352051306,15.36367647948694
111,48,32.996968046312745,67.00303195368726
111,402,37.22598512918813,62.77401487081187
111,35,27.37952285079911,72.6204771492009
111,38,92.12123578850415,7.87876421149584
111,189,74.99796346183984,25.002036538160162
111,450,62.853767237528245,37.14623276247175
111,398,35.64143001639857,64.35856998360143
111,448,87.6462205857112,12.353779414288788
111,574,90.37097085251303,9.629029147486982
111,652,93.74938750872013,6.250612491279858
111,22,74.95072658978914,25.04927341021086
111,498,49.74181082608078,50.25818917391922
111,568,52.20349233217245,47.79650766782755
111,451,84.52797868056533,15.47202131943469
111,335,65.90498701203327,34.095012987966726
111,336,66.06446378672996,33.93553621327004
111,661,77.35244114393417,22.64755885606584
111,332,69.41214248171623,30.587857518283773
111,445,96.10864153354355,3.8913584664564502
111,439,63.29882944614036,36.70117055385963
111,63,62.47419640319769,37.525803596802305
111,44,53.78265724801354,46.217342751986465
332,23,27.5863523697175,72.41364763028251
332,109,50.69501710688849,49.30498289311151
332,408,13.574070657638229,86.42592934236177
332,506,40.023508056289295,59.976491943710705
332,129,35.9764117374901,64.02358826250989
332,26,82.1881999337598,17.811800066240195
332,130,62.00999649238251,37.990003507617494
332,375,67.08773059877768,32.912269401222304
332,61,86.88148533555989,13.11851466444011
332,379,58.91474840466727,41.08525159533272
332,438,8.358473096321386,91.64152690367861
332,397,16.577564283379644,83.42243571662036
332,205,15.174742838607258,84.82525716139274
332,570,26.71375190883407,73.28624809116593
332,581,69.48419695139528,30.515803048604724
332,214,58.9471885432389,41.0528114567611
332,8,48.13294404695982,51.867055953040186
332,577,62.7949766280773,37.2050233719227
332,504,75.86705378789416,24.13294621210583
332,331,59.87289798532054,40.12710201467946
332,406,43.04525438730336,56.95474561269664
332,269,45.34247755991245,54.65752244008756
332,499,39.67813547590072,60.32186452409929
332,215,75.41192831747313,24.58807168252687
332,446,57.74118906699318,42.25881093300682
332,491,61.36895322720161,38.63104677279839
332,176,76.02926330207146,23.97073669792854
332,431,36.471309213303286,63.528690786696714
332,545,74.95920804604529,25.040791953954706
332,449,74.94877789022726,25.05122210977274
332,245,62.157677948931486,37.84232205106851
332,138,63.919708276476584,36.08029172352341
332,532,70.57021752079206,29.429782479207944
332,453,96.27774153467571,3.7222584653242907
332,584,68.35883215161975,31.64116784838026
332,12,66.13842790852556,33.86157209147444
332,409,38.566295217186614,61.43370478281338
332,337,56.563892314148845,43.436107685851155
332,411,82.45391811894712,17.546081881052896
332,443,35.34234902514562,64.65765097485438
332,239,13.92611520941902,86.07388479058098
332,329,32.738935479446816,67.26106452055318
332,24,64.1702280489376,35.8297719510624
332,207,67.21238847896811,32.787611521031884
332,502,64.48275431384609,35.51724568615391
332,582,80.65755931650237,19.34244068349763
332,216,87.30575825037783,12.694241749622165
332,400,66.85517204217352,33.144827957826486
332,401,94.252846464047,5.747153535953015
332,104,33.876127668764354,66.12387233123563
332,663,77.59634586466932,22.403654135330687
332,664,87.3408685452642,12.659131454735798
332,501,70.93945452022929,29.0605454797707
332,48,17.892914164485994,82.107085835514
332,402,20.764905686251904,79.23509431374809
332,35,14.322861710044348,85.67713828995565
332,38,83.89641923185512,16.103580768144877
332,189,56.96352526539808,43.03647473460192
332,450,42.69716118604881,57.3028388139512
332,398,19.669077168771445,80.33092283122856
332,448,75.90320565020662,24.096794349793385
332,574,80.6783745101218,19.3216254898782
332,652,87.00137761051103,12.998622389488975
332,22,56.90144601753047,43.098553982469525
332,498,30.369833781435464,69.63016621856454
332,568,32.48540131200626,67.51459868799374
332,451,70.76655955665261,29.233440443347387
332,335,45.9867247957478,54.01327520425221
332,336,46.163674150744946,53.83632584925506
332,661,60.131894388017194,39.868105611982806
332,111,30.587857518283773,69.41214248171623
332,445,91.70035016810925,8.299649831890752
332,439,43.165901539776826,56.83409846022318
332,63,42.30029950049982,57.699700499500175
332,44,33.88725813527924,66.11274186472075
445,23,3.3902085157555497,96.60979148424444
445,109,8.509971679283355,91.49002832071665
445,408,1.4438238183768972,98.5561761816231
445,506,5.735623489985836,94.26437651001417
445,129,4.888831637280982,95.11116836271903
445,26,29.229116242252474,70.77088375774754
445,130,12.788622670250504,87.2113773297495
445,375,15.446790584579661,84.55320941542034
445,61,37.294782523370564,62.705217476629436
445,379,11.429549597236095,88.5704504027639
445,438,0.8476798695335633,99.15232013046644
445,397,1.814878294658006,98.185121705342
445,205,1.6388602520113589,98.36113974798863
445,570,3.250992211553622,96.74900778844638
445,581,16.935942587095926,83.06405741290406
445,214,11.44293481890759,88.55706518109241
445,8,7.757839271437253,92.24216072856275
445,577,13.161820737074335,86.83817926292568
445,504,21.94323429638385,78.05676570361615
445,331,11.832225403779393,88.16777459622061
445,406,6.432907469546589,93.56709253045341
445,269,7.005725306780876,92.99427469321913
445,499,5.659658062141807,94.3403419378582
445,215,21.523683460568833,78.47631653943117
445,446,10.956532843723979,89.04346715627601
445,491,12.49285970050745,87.50714029949255
445,176,22.095543456717877,77.90445654328212
445,431,4.987518346339064,95.01248165366093
445,545,21.117397966231298,78.8826020337687
445,449,21.108163986700028,78.89183601329998
445,245,12.857891217425973,87.14210878257403
445,138,13.718902464045673,86.28109753595433
445,532,17.671377575475727,82.32862242452427
445,453,70.40123584770774,29.598764152292254
445,584,16.214978491756433,83.78502150824356
445,12,14.90251541858559,85.0974845814144
445,409,5.4199714382251765,94.58002856177482
445,337,10.50292818054733,89.49707181945269
445,411,29.610604097001286,70.38939590299871
445,443,4.764247349269055,95.23575265073094
445,239,1.4862034270632172,98.51379657293678
445,329,4.27345524793208,95.72654475206792
445,24,13.846744961524045,86.15325503847595
445,207,15.520080324220661,84.47991967577934
445,502,14.008223140280776,85.99177685971922
445,582,27.169445394093444,72.83055460590656
445,216,38.19270975828754,61.807290241712465
445,400,15.31121052255374,84.68878947744626
445,401,59.92436038017708,40.07563961982293
445,104,4.483849854481362,95.51615014551864
445,663,23.647371389939014,76.35262861006098
445,664,38.268558698172576,61.73144130182742
445,501,17.930897674253167,82.06910232574684
445,48,1.9844482408839015,98.0155517591161
445,402,2.370906017844041,97.62909398215595
445,35,1.5343097227525808,98.46569027724742
445,38,31.820739222433847,68.17926077756616
445,189,10.654643683344215,89.34535631665578
445,450,6.349459984273508,93.65054001572649
445,398,2.2207341427800604,97.77926585721993
445,448,21.97705133141341,78.0229486685866
445,574,27.19597647201841,72.80402352798158
445,652,37.54508471960093,62.45491528039907
445,22,10.630926150354524,89.36907384964547
445,498,3.8537381318041164,96.14626186819588
445,568,4.227359693700131,95.77264030629986
445,451,17.808758659799885,82.19124134020012
445,335,7.173627577894848,92.82637242210515
445,336,7.220328070476888,92.7796719295231
445,661,11.943741177864178,88.05625882213582
445,111,3.8913584664564502,96.10864153354355
445,332,8.299649831890752,91.70035016810925
445,439,6.462028807498765,93.53797119250123
445,63,6.255347604724114,93.74465239527588
445,44,4.485939095631591,95.51406090436842
439,23,33.38153828961426,66.61846171038573
439,109,57.51450095444623,42.48549904555377
439,408,17.08970177605766,82.91029822394233
439,506,46.76738285704668,53.23261714295332
439,129,42.51712562206532,57.48287437793468
439,26,85.82851882462778,14.171481175372232
439,130,68.23250576323285,31.767494236767146
439,375,72.83373101746675,27.16626898253326
439,61,89.67502281893543,10.324977181064568
439,379,65.36597304604035,34.63402695395965
439,438,10.678664512924717,89.32133548707529
439,397,20.69484042512933,79.30515957487067
439,205,19.018840150650217,80.98115984934978
439,570,32.40547807245553,67.59452192754448
439,581,74.96306918178854,25.036930818211456
439,214,65.39626502607386,34.60373497392614
439,8,54.993132723805424,45.006867276194576
439,577,68.95194368288509,31.048056317114913
439,504,80.50832952415836,19.491670475841648
439,331,66.25843761913039,33.741562380869624
439,406,49.8769581961371,50.12304180386291
439,269,52.20532204789323,47.79467795210676
439,499,46.408528766073374,53.591471233926626
439,215,80.11882748127873,19.88117251872127
439,446,64.26653208077346,35.73346791922655
439,491,67.64274202612573,32.35725797387426
439,176,80.64693648676095,19.35306351323904
439,431,43.042212392511026,56.95778760748899
439,545,79.73050233219308,20.269497667806906
439,449,79.72154537153048,20.278454628469518
439,245,68.36808701363893,31.631912986361073
439,138,69.97753455205994,30.022465447940057
439,532,75.91936749073352,24.080632509266476
439,453,97.13064485459053,2.8693551454094672
439,584,73.96644829739218,26.033551702607816
439,12,71.98285759112851,28.0171424088715
439,409,45.24843430489673,54.751565695103274
439,337,63.156509687785785,36.8434903122142
439,411,86.04859496789213,13.95140503210787
439,443,41.842181764667565,58.157818235332435
439,239,17.515525424980723,82.48447457501928
439,329,39.044739413147504,60.95526058685249
439,24,70.2051387867422,29.79486121325781
439,207,72.94514989492194,27.05485010507807
439,502,70.48865444657496,29.511345553425038
439,582,84.55529178790606,15.444708212093955
439,216,90.01858018378871,9.981419816211286
439,400,72.62567658641727,27.37432341358271
439,401,95.55029788678159,4.449702113218403
439,104,40.27188935875943,59.728110641240576
439,663,81.98025293888685,18.01974706111314
439,664,90.04698060386738,9.95301939613261
439,501,76.24328487881871,23.756715121181283
439,48,22.25394790789132,77.74605209210867
439,402,25.616862707903593,74.38313729209641
439,35,17.99437894782501,82.00562105217499
439,38,87.238448020446,12.761551979553994
439,189,63.53410623013147,36.46589376986853
439,450,49.5214807600007,50.4785192399993
439,398,24.34037088446179,75.65962911553821
439,448,80.53923077280695,19.460769227193058
439,574,84.57266972099353,15.427330279006469
439,652,89.77217499027242,10.227825009727592
439,22,63.47550420449628,36.52449579550371
439,498,36.46199283068505,63.538007169314945
439,568,38.77004125563393,61.229958744366066
439,451,76.09168722867928,23.908312771320713
439,335,52.85286644610906,47.14713355389094
439,336,53.03030817357515,46.96969182642484
439,661,66.49888663610555,33.501113363894454
439,111,36.70117055385963,63.29882944614036
439,332,56.83409846022318,43.165901539776826
439,445,93.53797119250123,6.462028807498765
439,63,49.11533733604255,50.88466266395745
439,44,40.28386026767398,59.71613973232601
63,23,34.17109673646665,65.82890326353335
63,109,58.37636557332699,41.62363442667301
63,408,17.5916091087271,82.4083908912729
63,506,47.649291861526635,52.350708138473365
63,129,43.38385467769433,56.616145322305655
63,26,86.24814183655579,13.751858163444203
63,130,68.99207093219071,31.007929067809286
63,375,73.52467453531708,26.475325464682925
63,61,89.99308771099965,10.006912289000361
63,379,66.16084319336413,33.83915680663587
63,438,11.015659329815964,88.98434067018404
63,397,21.27679449826905,78.72320550173096
63,205,19.56472749435005,80.43527250564995
63,570,33.18319839636873,66.81680160363128
63,581,75.61732543919548,24.382674560804514
63,214,66.19079220524728,33.80920779475271
63,8,55.86718147519484,44.13281852480517
63,577,69.70174695194706,30.298253048052942
63,504,81.05263440723716,18.94736559276283
63,331,67.04293297542459,32.9570670245754
63,406,50.76165482246784,49.23834517753215
63,269,53.08751729946487,46.91248270053513
63,499,47.28966411329275,52.71033588670726
63,215,80.67152826868185,19.328471731318146
63,446,65.07341314613817,34.92658685386184
63,491,68.41004051357785,31.589959486422153
63,176,81.18822931688065,18.81177068311936
63,431,43.91152883587435,56.08847116412565
63,545,80.2914731837322,19.708526816267813
63,449,80.28270579210647,19.71729420789353
63,245,69.12584007323623,30.874159926763767
63,138,70.71279970308314,29.287200296916872
63,532,76.55614179455232,23.44385820544769
63,453,97.2255036975456,2.774496302454398
63,584,74.63826141375382,25.361738586246176
63,12,72.6875926845734,27.31240731542659
63,409,46.12642792435118,53.87357207564882
63,337,63.97465255471801,36.025347445281994
63,411,86.46266300716611,13.537336992833874
63,443,42.70528996170725,57.29471003829275
63,239,18.02736684694357,81.97263315305644
63,329,39.88930071227986,60.11069928772014
63,24,70.93707863374539,29.062921366254617
63,207,73.63425064031964,26.365749359680375
63,502,71.21640194658023,28.783598053419773
63,582,85.00643741133834,14.993562588661655
63,216,90.32711684218532,9.67288315781469
63,400,73.32003834139812,26.679961658601876
63,401,95.69530844283733,4.304691557162672
63,104,41.125288827743404,58.874711172256596
63,663,82.49192172502538,17.508078274974633
63,664,90.35472627698967,9.64527372301033
63,501,76.87399703451275,23.126002965487245
63,48,22.867656544667437,77.13234345533256
63,402,26.293137511230864,73.70686248876915
63,35,18.517238634069273,81.48276136593073
63,38,87.62194286389553,12.378057136104472
63,189,64.34851583586891,35.651484164131105
63,450,50.40621386758156,49.59378613241843
63,398,24.993853009018345,75.00614699098166
63,448,81.0828652489049,18.917134751095105
63,574,85.02339218052762,14.976607819472381
63,652,90.08755300376848,9.912446996231523
63,22,64.29049980917152,35.709500190828486
63,498,37.28436699945927,62.71563300054073
63,568,39.612473777335566,60.38752622266445
63,451,76.7252453976218,23.274754602378195
63,335,53.73366932894324,46.26633067105676
63,336,53.91067666558025,46.08932333441975
63,661,67.28049123207424,32.719508767925774
63,111,37.525803596802305,62.47419640319769
63,332,57.699700499500175,42.30029950049982
63,445,93.74465239527588,6.255347604724114
63,439,50.88466266395745,49.11533733604255
63,44,41.13734054764947,58.86265945235052
44,23,42.609786089397595,57.39021391060242
44,109,66.7311909260486,33.2688090739514
44,408,23.34404422538411,76.65595577461588
44,506,56.567973325100326,43.43202667489966
44,129,52.301772131568015,47.698227868431985
44,26,89.92791238174476,10.072087618255242
44,130,76.06645989122113,23.93354010877887
44,375,79.8550369696134,20.144963030386606
44,61,92.7485074131757,7.251492586824297
44,379,73.64196701568493,26.358032984315077
44,438,14.98652698230739,85.0134730176926
44,397,27.843492062123794,72.15650793787621
44,205,25.76923109388166,74.23076890611834
44,570,41.52971226594828,58.47028773405173
44,581,81.5670865677329,18.432913432267103
44,214,73.66785408407536,26.332145915924638
44,8,64.42305396139888,35.57694603860112
44,577,76.66708152973804,23.33291847026196
44,504,85.9097979752958,14.090202024704194
44,331,74.40224791820192,25.59775208179808
44,406,59.59779434590382,40.402205654096186
44,269,61.81784016079486,38.182159839205134
44,499,56.213430209477345,43.78656979052266
44,215,85.61005179456627,14.389948205433722
44,446,72.69848394872047,27.301516051279524
44,491,75.5717635755401,24.42823642445991
44,176,86.01627690552486,13.983723094475147
44,431,52.83686149346497,47.16313850653503
44,545,85.31043312640595,14.689566873594043
44,449,85.30351303499981,14.696486965000194
44,245,76.17988810898805,23.82011189101195
44,138,77.51794223939966,22.48205776060034
44,532,82.32777989383744,17.67222010616256
44,453,98.0289851117428,1.971014888257195
44,584,80.76893844644863,19.23106155355139
44,12,79.16373954083214,20.83626045916787
44,409,55.06021277751437,44.93978722248562
44,337,71.7381094132739,28.261890586726086
44,411,90.09115478225547,9.908845217744531
44,443,51.61057835765973,48.389421642340274
44,239,23.882859806000887,76.11714019399912
44,329,48.70444208553139,51.2955579144686
44,24,77.70592386758359,22.29407613241641
44,207,79.94525401245153,20.05474598754848
44,502,77.93965685075888,22.060343149241124
44,582,88.97894401040661,11.021055989593386
44,216,92.99713585300039,7.0028641469996185
44,400,79.68638399087989,20.31361600912011
44,401,96.92930808156248,3.0706919184375163
44,104,49.987547333531765,50.01245266646824
44,663,87.03554868722466,12.964451312775328
44,664,93.0176651864297,6.982334813570301
44,501,82.58430739384941,17.4156926061506
44,48,29.74622684845073,70.25377315154927
44,402,33.76406720597845,66.23593279402155
44,35,24.486402273023653,75.51359772697636
44,38,90.96977162019309,9.030228379806916
44,189,72.06568804869865,27.934311951301343
44,450,59.255233825564446,40.74476617443554
44,398,32.252690751593114,67.74730924840688
44,448,85.93354507341392,14.066454926586083
44,574,88.99194877720902,11.008051222790987
44,652,92.81886911981346,7.181130880186551
44,22,72.01490889317064,27.98509110682936
44,498,45.96076937259175,54.03923062740825
44,568,48.41542515865849,51.5845748413415
44,451,82.46432021779387,17.535679782206124
44,335,62.42804831497561,37.57195168502439
44,336,62.594718414222164,37.405281585777836
44,661,74.60623619477495,25.393763805225056
44,111,46.217342751986465,53.78265724801354
44,332,66.11274186472075,33.88725813527924
44,445,95.51406090436842,4.485939095631591
44,439,59.71613973232601,40.28386026767398
44,63,58.86265945235052,41.13734054764947
