ID game,ID team,ID opponent,result,GT,timeT,TB_T,ShotT,BT_T,PM_T,As_T,As_T_2,GO,timeO,TB_O,ShotO,BT_O,PM_O,As_O,As_O_2,refl_sh_T,refl_sh_O,ID season,stage,division,date,ELO,ELO_O,E_S,E_S_O,ELO_old,ELO_O_old
1111,61,63,W,8.00,17177.00,65.00,49.00,47.00,30.00,7.00,2.00,2.00,7280.00,60.00,39.00,59.00,-30.00,1.00,1.00,94.87,83.67,14.00,1,3,2018-11-25,1221.50,1178.50,0.50,0.50,1200.00,1200.00
6995,442,1,L,3.00,13065.00,16.00,38.00,5.00,-30.00,2.00,0.00,8.00,13428.00,18.00,40.00,6.00,30.00,6.00,2.00,,92.11,68.00,1,0,2022-01-10,1478.50,1521.50,0.50,0.50,1500.00,1500.00
7263,208,187,L,1.00,12982.00,18.00,28.00,1.00,-30.00,1.00,0.00,6.00,12817.00,13.00,18.00,10.00,30.00,6.00,2.00,66.67,96.43,67.00,1,0,2022-01-10,1478.50,1521.50,0.50,0.50,1500.00,1500.00
7264,333,109,W,7.00,13044.00,26.00,36.00,8.00,25.00,7.00,3.00,1.00,13240.00,20.00,20.00,6.00,-24.00,1.00,0.00,95.00,80.56,67.00,1,0,2022-01-10,1521.50,1478.50,0.50,0.50,1500.00,1500.00
7265,129,23,L,3.00,12098.00,24.00,25.00,3.00,0.00,3.00,0.00,4.00,12188.00,17.00,35.00,7.00,0.00,2.00,1.00,88.57,88.00,67.00,1,2,2022-01-10,1278.50,1321.50,0.50,0.50,1300.00,1300.00
7266,214,64,W,4.00,12753.00,16.00,33.00,11.00,11.00,4.00,1.00,2.00,12699.00,22.00,19.00,2.00,-11.00,1.00,0.00,89.47,87.88,67.00,1,2,2022-01-10,1321.50,1278.50,0.50,0.50,1300.00,1300.00
7268,403,441,L,1.00,12411.00,20.00,25.00,9.00,-25.00,1.00,0.00,9.00,13232.00,20.00,34.00,2.00,25.00,7.00,0.00,73.53,96.00,67.00,1,2,2022-01-10,1278.50,1321.50,0.50,0.50,1300.00,1300.00
7269,22,336,L,1.00,11680.00,21.00,21.00,5.00,-15.00,1.00,1.00,4.00,12862.00,12.00,22.00,3.00,14.00,2.00,0.00,81.82,95.24,67.00,1,2,2022-01-10,1278.50,1321.50,0.50,0.50,1300.00,1300.00
7270,132,61,W,5.00,12873.00,19.00,22.00,2.00,14.00,2.00,0.00,0.00,12607.00,14.00,26.00,4.00,-15.00,0.00,0.00,100.00,77.27,67.00,1,4,2022-01-10,1128.73,1192.77,0.33,0.67,1100.00,1221.50
7272,205,215,W,7.00,12574.00,21.00,25.00,3.00,30.00,4.00,0.00,0.00,12833.00,7.00,13.00,6.00,-30.00,0.00,0.00,100.00,,67.00,1,4,2022-01-10,1121.50,1078.50,0.50,0.50,1100.00,1100.00
7274,216,406,W,3.00,12707.00,13.00,21.00,3.00,10.00,3.00,1.00,2.00,12751.00,13.00,17.00,6.00,-10.00,1.00,0.00,88.24,85.71,67.00,1,4,2022-01-10,1121.50,1078.50,0.50,0.50,1100.00,1100.00
7275,438,404,W,7.00,12745.00,15.00,29.00,3.00,10.00,7.00,1.00,1.00,12373.00,12.00,18.00,6.00,-10.00,1.00,1.00,94.44,75.86,67.00,1,4,2022-01-10,1121.50,1078.50,0.50,0.50,1100.00,1100.00
7276,176,130,L,1.00,12331.00,10.00,16.00,5.00,-14.00,1.00,0.00,4.00,12208.00,16.00,32.00,3.00,14.00,2.00,0.00,87.50,93.75,67.00,1,5,2022-01-10,978.50,1021.50,0.50,0.50,1000.00,1000.00
7277,401,411,L,3.00,12396.00,8.00,13.00,7.00,-16.00,3.00,1.00,10.00,13303.00,7.00,31.00,2.00,15.00,9.00,1.00,67.74,76.92,67.00,1,5,2022-01-10,978.50,1021.50,0.50,0.50,1000.00,1000.00
7280,331,448,W,2.00,12587.00,16.00,25.00,3.00,10.00,2.00,0.00,0.00,13192.00,9.00,6.00,4.00,-10.00,0.00,0.00,100.00,92.00,67.00,1,3,2022-01-10,1221.50,1178.50,0.50,0.50,1200.00,1200.00
7281,269,26,L,1.00,13236.00,19.00,20.00,5.00,-10.00,1.00,0.00,3.00,12284.00,12.00,15.00,13.00,9.00,2.00,0.00,80.00,95.00,67.00,1,3,2022-01-10,1178.50,1221.50,0.50,0.50,1200.00,1200.00
7283,44,38,L,1.00,12800.00,35.00,21.00,4.00,-15.00,0.00,0.00,5.00,12339.00,15.00,22.00,10.00,15.00,4.00,0.00,77.27,95.24,67.00,1,3,2022-01-10,1178.50,1221.50,0.50,0.50,1200.00,1200.00
7286,400,439,L,1.00,12337.00,12.00,15.00,10.00,0.00,0.00,0.00,2.00,13130.00,18.00,36.00,4.00,0.00,2.00,2.00,94.44,93.33,67.00,1,5,2022-01-10,978.50,1021.50,0.50,0.50,1000.00,1000.00
7287,453,431,L,0.00,12471.00,13.00,8.00,4.00,-45.00,0.00,0.00,9.00,12365.00,26.00,35.00,0.00,44.00,7.00,4.00,74.29,100.00,67.00,1,5,2022-01-10,978.50,1021.50,0.50,0.50,1000.00,1000.00
7288,63,409,W,5.00,12585.00,14.00,31.00,5.00,15.00,2.00,0.00,3.00,12788.00,15.00,24.00,3.00,-15.00,2.00,2.00,87.50,83.87,67.00,1,0,2022-01-10,1215.66,1462.84,0.14,0.86,1178.50,1500.00
6556,239,35,L,3.00,0.00,0.00,0.00,0.00,-7.00,3.00,1.00,4.00,12747.00,24.00,23.00,8.00,9.00,4.00,1.00,82.61,-inf,60.00,6,1,2022-02-04,1378.50,1421.50,0.50,0.50,1400.00,1400.00
6557,31,209,L,2.00,0.00,0.00,0.00,0.00,5.00,2.00,1.00,3.00,11858.00,10.00,32.00,5.00,-5.00,3.00,2.00,90.62,-inf,60.00,3,1,2022-02-04,1378.50,1421.50,0.50,0.50,1400.00,1400.00
6992,17,49,W,3.00,12989.00,19.00,28.00,5.00,5.00,2.00,1.00,2.00,13265.00,17.00,36.00,3.00,-6.00,1.00,1.00,94.44,89.29,68.00,1,0,2022-02-10,1521.50,1478.50,0.50,0.50,1500.00,1500.00
6993,447,4,L,1.00,11856.00,12.00,20.00,4.00,-6.00,1.00,0.00,4.00,11618.00,17.00,22.00,1.00,5.00,2.00,1.00,81.82,95.00,68.00,1,0,2022-02-10,1478.50,1521.50,0.50,0.50,1500.00,1500.00
6994,56,46,L,6.00,12772.00,24.00,40.00,8.00,-4.00,5.00,4.00,7.00,13089.00,14.00,37.00,7.00,5.00,6.00,2.00,81.08,85.00,68.00,1,0,2022-02-10,1478.50,1521.50,0.50,0.50,1500.00,1500.00
6996,442,29,L,0.00,12983.00,16.00,34.00,10.00,-15.00,0.00,0.00,5.00,13014.00,22.00,18.00,8.00,14.00,4.00,1.00,72.22,100.00,68.00,1,0,2022-02-10,1458.33,1520.17,0.47,0.53,1478.50,1500.00
7065,15,399,W,7.00,13492.00,21.00,47.00,5.00,15.00,6.00,4.00,5.00,13061.00,9.00,27.00,3.00,-15.00,4.00,0.00,81.48,85.11,68.00,1,1,2022-02-10,1421.50,1378.50,0.50,0.50,1400.00,1400.00
7066,452,239,L,2.00,12988.00,12.00,28.00,6.00,-5.00,2.00,2.00,3.00,12925.00,19.00,36.00,2.00,3.00,2.00,0.00,91.67,92.86,68.00,1,1,2022-02-10,1377.17,1401.33,0.53,0.47,1400.00,1378.50
7068,31,35,W,4.00,13268.00,20.00,33.00,4.00,5.00,4.00,3.00,3.00,12616.00,21.00,21.00,5.00,-5.00,1.00,1.00,85.71,87.88,68.00,1,1,2022-02-10,1402.65,1397.35,0.44,0.56,1378.50,1421.50
7262,379,131,W,3.00,12878.00,17.00,36.00,9.00,14.00,1.00,0.00,0.00,12457.00,20.00,28.00,6.00,-14.00,0.00,0.00,100.00,91.67,67.00,1,0,2022-02-10,1521.50,1478.50,0.50,0.50,1500.00,1500.00
7267,440,335,L,3.00,12434.00,11.00,27.00,5.00,-5.00,2.00,1.00,6.00,12357.00,22.00,44.00,7.00,4.00,4.00,2.00,86.36,88.89,67.00,1,2,2022-02-10,1278.50,1321.50,0.50,0.50,1300.00,1300.00
7271,446,104,L,1.00,13154.00,13.00,18.00,4.00,-15.00,0.00,0.00,7.00,11940.00,16.00,32.00,5.00,13.00,7.00,3.00,,94.44,67.00,1,4,2022-02-10,1078.50,1121.50,0.50,0.50,1100.00,1100.00
7273,445,65,L,3.00,13124.00,9.00,24.00,6.00,-25.00,1.00,0.00,6.00,10560.00,26.00,37.00,2.00,19.00,3.00,1.00,83.78,,67.00,1,4,2022-02-10,1078.50,1121.50,0.50,0.50,1100.00,1100.00
7282,402,189,L,3.00,13316.00,36.00,25.00,3.00,-10.00,3.00,0.00,4.00,12294.00,16.00,22.00,10.00,9.00,0.00,0.00,81.82,88.00,67.00,1,3,2022-02-10,1178.50,1221.50,0.50,0.50,1200.00,1200.00
7284,407,110,W,6.00,13042.00,14.00,45.00,10.00,9.00,2.00,0.00,4.00,13068.00,20.00,23.00,0.00,-10.00,1.00,0.00,82.61,86.67,67.00,1,3,2022-02-10,1221.50,1178.50,0.50,0.50,1200.00,1200.00
7285,375,397,W,6.00,12951.00,12.00,23.00,15.00,4.00,2.00,1.00,5.00,12146.00,12.00,34.00,5.00,-3.00,3.00,1.00,85.29,73.91,67.00,1,5,2022-02-10,1021.50,978.50,0.50,0.50,1000.00,1000.00
7289,405,450,L,2.00,13527.00,35.00,27.00,7.00,-5.00,1.00,0.00,5.00,12754.00,12.00,23.00,11.00,5.00,3.00,0.00,78.26,92.59,67.00,1,1,2022-02-10,1378.50,1421.50,0.50,0.50,1400.00,1400.00
7290,449,451,L,0.00,12752.00,8.00,14.00,7.00,-40.00,0.00,0.00,8.00,12447.00,37.00,38.00,3.00,40.00,5.00,0.00,78.95,100.00,67.00,1,5,2022-02-10,978.50,1021.50,0.50,0.50,1000.00,1000.00
6315,111,200,W,7.00,13164.00,12.00,17.00,0.00,18.00,6.00,3.00,5.00,0.00,0.00,0.00,0.00,-20.00,5.00,3.00,-inf,58.82,63.00,1,0,2022-02-19,1521.50,1478.50,0.50,0.50,1500.00,1500.00
6353,63,27,W,5.00,0.00,0.00,0.00,0.00,9.00,4.00,0.00,3.00,13136.00,22.00,14.00,4.00,-10.00,3.00,0.00,78.57,,63.00,1,1,2022-02-26,1247.61,1368.05,0.26,0.74,1215.66,1400.00
6358,138,38,W,9.00,0.00,0.00,0.00,0.00,12.00,9.00,3.00,3.00,12709.00,4.00,15.00,1.00,-15.00,3.00,0.00,80.00,-inf,63.00,1,2,2022-02-26,1316.72,1204.78,0.61,0.39,1300.00,1221.50
7031,56,442,L,2.00,12934.00,8.00,31.00,3.00,-20.00,0.00,0.00,6.00,12566.00,8.00,32.00,3.00,19.00,5.00,2.00,81.25,93.55,68.00,1,0,2022-03-12,1455.75,1481.08,0.53,0.47,1478.50,1458.33
7637,63,208,L,4.00,13500.00,19.00,23.00,2.00,10.00,3.00,1.00,5.00,13264.00,10.00,31.00,11.00,-10.00,3.00,1.00,83.87,82.61,70.00,1,0,2022-03-12,1238.61,1487.50,0.21,0.79,1247.61,1478.50
7638,53,409,L,3.00,11758.00,10.00,20.00,3.00,-12.00,2.00,2.00,7.00,11898.00,9.00,29.00,1.00,12.00,6.00,3.00,75.86,85.00,70.00,1,0,2022-03-12,1476.21,1486.63,0.55,0.45,1500.00,1462.84
7639,131,379,W,4.00,11691.00,18.00,20.00,3.00,5.00,4.00,3.00,2.00,12799.00,15.00,33.00,7.00,-5.00,0.00,0.00,93.94,80.00,70.00,1,0,2022-03-12,1502.65,1497.35,0.44,0.56,1478.50,1521.50
7656,187,410,W,3.00,12507.00,11.00,21.00,0.00,10.00,3.00,0.00,1.00,13427.00,13.00,24.00,4.00,-10.00,0.00,0.00,95.83,85.71,70.00,1,1,2022-03-12,1535.77,1385.73,0.67,0.33,1521.50,1400.00
7657,335,450,W,5.00,12281.00,12.00,32.00,1.00,20.00,5.00,2.00,1.00,13635.00,1.00,11.00,5.00,-20.00,1.00,0.00,90.91,84.38,70.00,1,1,2022-03-12,1349.02,1393.98,0.36,0.64,1321.50,1421.50
7659,64,441,L,5.00,13294.00,22.00,22.00,1.00,-29.00,5.00,1.00,11.00,11830.00,11.00,33.00,5.00,29.00,8.00,5.00,66.67,77.27,70.00,1,2,2022-03-12,1259.65,1340.35,0.44,0.56,1278.50,1321.50
7661,129,200,L,1.00,11419.00,11.00,22.00,2.00,0.00,1.00,1.00,2.00,11810.00,13.00,16.00,4.00,0.00,1.00,1.00,87.50,95.45,70.00,1,2,2022-03-12,1268.17,1488.83,0.24,0.76,1278.50,1478.50
7693,189,407,W,5.00,12922.00,15.00,32.00,6.00,18.00,3.00,0.00,2.00,13089.00,14.00,20.00,4.00,-20.00,2.00,0.00,90.00,,70.00,1,3,2022-03-12,1243.00,1200.00,0.50,0.50,1221.50,1221.50
7694,110,8,L,2.00,12975.00,6.00,17.00,4.00,-10.00,0.00,0.00,5.00,13306.00,12.00,36.00,3.00,10.00,4.00,0.00,86.11,88.24,70.00,1,3,2022-03-12,1158.33,1220.17,0.47,0.53,1178.50,1200.00
7695,38,26,W,7.00,13309.00,24.00,36.00,7.00,15.00,4.00,2.00,3.00,12574.00,12.00,25.00,4.00,-15.00,1.00,0.00,88.00,80.56,70.00,1,3,2022-03-12,1227.31,1198.97,0.48,0.52,1204.78,1221.50
7699,61,132,L,1.00,12996.00,16.00,22.00,4.00,-10.00,1.00,0.00,4.00,12334.00,12.00,27.00,3.00,10.00,2.00,0.00,85.19,95.45,70.00,1,4,2022-03-12,1167.35,1154.15,0.59,0.41,1192.77,1128.73
7700,404,215,L,0.00,13007.00,5.00,20.00,1.00,-5.00,0.00,0.00,1.00,12351.00,6.00,18.00,3.00,5.00,1.00,0.00,94.44,100.00,70.00,1,4,2022-03-12,1057.00,1100.00,0.50,0.50,1078.50,1078.50
7701,406,65,L,0.00,12734.00,19.00,30.00,3.00,-54.00,0.00,0.00,12.00,12358.00,15.00,36.00,0.00,56.00,10.00,2.00,66.67,100.00,70.00,1,4,2022-03-12,1059.65,1140.35,0.44,0.56,1078.50,1121.50
7702,332,130,L,2.00,13003.00,8.00,21.00,0.00,-19.00,2.00,0.00,6.00,12267.00,12.00,20.00,4.00,19.00,5.00,0.00,70.00,90.48,70.00,1,4,2022-03-12,1073.72,1047.78,0.61,0.39,1100.00,1021.50
7706,397,375,L,2.00,13399.00,25.00,21.00,2.00,-5.00,0.00,0.00,3.00,13190.00,7.00,18.00,6.00,5.00,1.00,1.00,83.33,90.48,70.00,1,5,2022-03-12,959.65,1040.35,0.44,0.56,978.50,1021.50
7707,439,216,W,7.00,12351.00,11.00,25.00,2.00,12.00,6.00,0.00,6.00,12369.00,18.00,23.00,3.00,-10.00,4.00,1.00,73.91,72.00,70.00,1,5,2022-03-12,1049.02,1093.98,0.36,0.64,1021.50,1121.50
7030,46,447,W,6.00,12615.00,7.00,28.00,1.00,20.00,4.00,2.00,1.00,12977.00,13.00,34.00,2.00,-20.00,1.00,1.00,97.06,78.57,68.00,1,0,2022-04-12,1540.35,1459.65,0.56,0.44,1521.50,1478.50
7032,29,1,W,5.00,13338.00,6.00,27.00,4.00,5.00,4.00,1.00,3.00,13081.00,14.00,36.00,2.00,-5.00,3.00,2.00,91.67,81.48,68.00,1,0,2022-04-12,1541.75,1499.92,0.50,0.50,1520.17,1521.50
7033,17,442,L,6.00,12949.00,21.00,27.00,8.00,-26.00,5.00,3.00,9.00,13009.00,20.00,30.00,6.00,24.00,7.00,4.00,70.00,77.78,68.00,1,0,2022-04-12,1497.51,1505.07,0.56,0.44,1521.50,1481.08
7097,452,111,W,3.00,14065.00,15.00,41.00,2.00,-5.00,2.00,0.00,2.00,13080.00,7.00,23.00,6.00,5.00,1.00,0.00,91.30,92.68,68.00,1,1,2022-04-12,1407.12,1491.55,0.30,0.70,1377.17,1521.50
7098,396,15,L,1.00,12594.00,12.00,14.00,4.00,-13.00,0.00,0.00,5.00,12301.00,9.00,26.00,8.00,15.00,5.00,4.00,,92.86,68.00,1,1,2022-04-12,1379.83,1441.67,0.47,0.53,1400.00,1421.50
7100,239,31,W,4.00,13332.00,21.00,37.00,5.00,10.00,4.00,4.00,2.00,12951.00,18.00,25.00,6.00,-11.00,2.00,2.00,92.00,89.19,68.00,1,1,2022-04-12,1422.91,1381.07,0.50,0.50,1401.33,1402.65
7640,333,399,W,4.00,12540.00,21.00,34.00,4.00,15.00,4.00,3.00,1.00,13306.00,8.00,24.00,4.00,-15.00,0.00,0.00,95.83,88.24,70.00,1,0,2022-04-12,1534.62,1365.38,0.69,0.31,1521.50,1378.50
7654,408,329,W,5.00,12839.00,13.00,27.00,3.00,20.00,3.00,0.00,0.00,12619.00,13.00,16.00,2.00,-20.00,0.00,0.00,100.00,81.48,70.00,1,1,2022-04-12,1421.50,1378.50,0.50,0.50,1400.00,1400.00
7655,211,443,L,1.00,12933.00,8.00,24.00,6.00,-4.00,1.00,0.00,2.00,12486.00,17.00,29.00,4.00,4.00,1.00,0.00,93.10,95.83,70.00,1,1,2022-04-12,1378.50,1421.50,0.50,0.50,1400.00,1400.00
7658,109,23,L,2.00,13283.00,24.00,46.00,4.00,-18.00,2.00,1.00,5.00,12656.00,21.00,22.00,11.00,19.00,5.00,1.00,77.27,95.65,70.00,1,1,2022-04-12,1447.90,1352.10,0.71,0.29,1478.50,1321.50
7660,440,214,W,5.00,13024.00,12.00,38.00,4.00,13.00,4.00,1.00,1.00,12636.00,11.00,27.00,2.00,-14.00,1.00,0.00,96.30,86.84,70.00,1,2,2022-04-12,1302.65,1297.35,0.44,0.56,1278.50,1321.50
7662,44,402,W,3.00,12904.00,29.00,25.00,5.00,4.00,2.00,0.00,2.00,12954.00,19.00,26.00,13.00,-5.00,1.00,1.00,,88.00,70.00,1,2,2022-04-12,1200.00,1157.00,0.50,0.50,1178.50,1178.50
7696,331,269,W,3.00,12640.00,3.00,24.00,2.00,-6.00,2.00,2.00,2.00,11938.00,15.00,21.00,0.00,5.00,1.00,0.00,90.48,87.50,70.00,1,3,2022-04-12,1240.35,1159.65,0.56,0.44,1221.50,1178.50
7697,205,22,L,3.00,13386.00,23.00,25.00,4.00,-10.00,1.00,0.00,6.00,12981.00,14.00,21.00,7.00,9.00,5.00,3.00,71.43,88.00,70.00,1,3,2022-04-12,1109.10,1290.90,0.29,0.71,1121.50,1278.50
7698,448,438,L,3.00,12600.00,12.00,30.00,1.00,-10.00,2.00,1.00,5.00,12329.00,21.00,23.00,2.00,10.00,4.00,1.00,78.26,90.00,70.00,1,4,2022-04-12,1153.50,1146.50,0.58,0.42,1178.50,1121.50
7703,104,446,W,4.00,13210.00,10.00,22.00,4.00,5.00,3.00,0.00,3.00,12532.00,19.00,11.00,6.00,-5.00,2.00,0.00,72.73,,70.00,1,4,2022-04-12,1140.35,1059.65,0.56,0.44,1121.50,1078.50
7704,451,401,W,6.00,13113.00,12.00,20.00,8.00,14.00,4.00,2.00,3.00,13609.00,23.00,24.00,1.00,-14.00,2.00,0.00,87.50,70.00,70.00,1,6,2022-04-12,1040.35,959.65,0.56,0.44,1021.50,978.50
6737,31,35,W,3.00,296.00,0.00,1.00,0.00,10.00,2.00,2.00,0.00,0.00,0.00,0.00,0.00,-10.00,0.00,0.00,,-200.00,60.00,5,1,2022-04-24,1403.57,1374.85,0.48,0.52,1381.07,1397.35
7013,46,442,L,3.00,12363.00,14.00,17.00,6.00,-5.00,3.00,1.00,5.00,11276.00,15.00,28.00,1.00,4.00,5.00,3.00,82.14,82.35,68.00,1,0,2022-05-11,1516.68,1528.74,0.55,0.45,1540.35,1505.07
7014,4,29,L,2.00,13198.00,30.00,37.00,0.00,-10.00,2.00,1.00,3.00,13073.00,9.00,17.00,3.00,10.00,3.00,0.00,82.35,94.59,68.00,1,0,2022-05-11,1501.25,1562.00,0.47,0.53,1521.50,1541.75
7015,1,17,W,4.00,12575.00,10.00,33.00,6.00,-1.00,4.00,2.00,3.00,11901.00,14.00,29.00,1.00,1.00,2.00,1.00,89.66,87.88,68.00,1,0,2022-05-11,1521.27,1476.16,0.50,0.50,1499.92,1497.51
7016,49,56,L,3.00,13372.00,15.00,35.00,5.00,-5.00,3.00,1.00,4.00,12785.00,14.00,14.00,6.00,5.00,2.00,1.00,71.43,91.43,68.00,1,0,2022-05-11,1455.59,1478.66,0.53,0.47,1478.50,1455.75
7085,452,31,W,2.00,12750.00,6.00,16.00,2.00,5.00,2.00,0.00,1.00,12984.00,17.00,27.00,8.00,-5.00,1.00,0.00,96.30,87.50,68.00,1,1,2022-05-11,1428.40,1382.29,0.51,0.49,1407.12,1403.57
7444,48,187,W,10.00,12945.00,18.00,30.00,6.00,19.00,9.00,2.00,8.00,13341.00,14.00,23.00,9.00,-20.00,6.00,2.00,65.22,66.67,67.00,1,0,2022-05-11,1523.71,1512.07,0.45,0.55,1500.00,1535.77
7445,109,131,L,1.00,13351.00,20.00,21.00,5.00,-35.00,1.00,0.00,9.00,12708.00,13.00,34.00,2.00,37.00,9.00,1.00,73.53,95.24,67.00,1,0,2022-05-11,1429.76,1520.79,0.42,0.58,1447.90,1502.65
7448,214,23,W,5.00,13250.00,28.00,39.00,7.00,9.00,3.00,1.00,4.00,13565.00,21.00,25.00,8.00,-10.00,4.00,1.00,84.00,87.18,67.00,1,2,2022-05-11,1322.21,1327.24,0.42,0.58,1297.35,1352.10
7449,440,403,L,5.00,12211.00,18.00,31.00,5.00,-10.00,5.00,3.00,7.00,10970.00,14.00,35.00,5.00,9.00,5.00,1.00,80.00,83.87,67.00,1,2,2022-05-11,1279.66,1301.49,0.53,0.47,1302.65,1278.50
7451,336,64,L,2.00,12321.00,18.00,26.00,7.00,-6.00,1.00,1.00,3.00,13071.00,18.00,21.00,2.00,5.00,3.00,0.00,85.71,92.31,67.00,1,2,2022-05-11,1296.21,1284.94,0.59,0.41,1321.50,1259.65
7453,189,207,W,6.00,13258.00,19.00,44.00,2.00,15.00,2.00,1.00,1.00,12985.00,7.00,15.00,8.00,-15.00,1.00,1.00,93.33,86.36,67.00,1,3,2022-05-11,1261.85,1181.15,0.56,0.44,1243.00,1200.00
7456,331,38,W,6.00,13219.00,27.00,29.00,3.00,20.00,5.00,3.00,2.00,11239.00,7.00,11.00,6.00,-20.00,1.00,0.00,81.82,79.31,67.00,1,3,2022-05-11,1261.05,1206.62,0.52,0.48,1240.35,1227.31
7461,215,332,W,7.00,12470.00,14.00,28.00,1.00,20.00,6.00,2.00,3.00,12885.00,13.00,21.00,3.00,-20.00,1.00,0.00,85.71,75.00,67.00,1,4,2022-05-11,1119.88,1053.85,0.54,0.46,1100.00,1073.72
7462,431,449,W,3.00,11928.00,30.00,43.00,1.00,10.00,2.00,0.00,1.00,12755.00,6.00,11.00,6.00,-11.00,1.00,0.00,90.91,93.02,67.00,1,5,2022-05-11,1040.35,959.65,0.56,0.44,1021.50,978.50
7466,400,397,L,0.00,12270.00,6.00,4.00,4.00,-20.00,0.00,0.00,4.00,12349.00,20.00,25.00,3.00,20.00,4.00,1.00,84.00,100.00,67.00,1,5,2022-05-11,955.83,982.31,0.53,0.47,978.50,959.65
7467,438,205,L,2.00,12501.00,10.00,13.00,5.00,-15.00,2.00,0.00,6.00,12669.00,30.00,29.00,6.00,14.00,6.00,1.00,79.31,84.62,67.00,1,4,2022-05-11,1122.69,1132.91,0.55,0.45,1146.50,1109.10
7469,138,329,W,6.00,12507.00,7.00,20.00,1.00,6.00,5.00,4.00,4.00,13297.00,8.00,24.00,6.00,-5.00,3.00,3.00,83.33,70.00,67.00,1,1,2022-05-11,1342.01,1353.22,0.41,0.59,1316.72,1378.50
7470,53,405,L,4.00,12206.00,22.00,29.00,0.00,-4.00,3.00,0.00,5.00,13128.00,7.00,18.00,11.00,4.00,3.00,2.00,72.22,86.21,67.00,1,1,2022-05-11,1448.82,1405.89,0.64,0.36,1476.21,1378.50
7471,410,408,W,3.00,12094.00,19.00,25.00,0.00,10.00,2.00,0.00,0.00,13268.00,5.00,11.00,6.00,-10.00,0.00,0.00,100.00,88.00,67.00,1,1,2022-05-11,1409.43,1397.79,0.45,0.55,1385.73,1421.50
7086,399,12,L,3.00,12984.00,13.00,23.00,6.00,-15.00,1.00,0.00,7.00,12697.00,17.00,35.00,1.00,14.00,6.00,4.00,80.00,86.96,68.00,1,1,2022-06-11,1346.02,1419.36,0.45,0.55,1365.38,1400.00
7087,111,396,W,6.00,12687.00,18.00,22.00,5.00,4.00,4.00,2.00,4.00,12493.00,15.00,27.00,6.00,-6.00,4.00,0.00,85.19,72.73,68.00,1,1,2022-06-11,1506.36,1365.01,0.66,0.34,1491.55,1379.83
7088,15,239,L,3.00,12939.00,17.00,26.00,5.00,-7.00,1.00,1.00,8.00,13331.00,22.00,35.00,4.00,5.00,7.00,4.00,77.14,88.46,68.00,1,1,2022-06-11,1419.01,1445.57,0.53,0.47,1441.67,1422.91
7443,333,379,W,5.00,12751.00,20.00,30.00,7.00,-5.00,3.00,1.00,4.00,12814.00,33.00,32.00,11.00,5.00,3.00,1.00,87.50,83.33,67.00,1,0,2022-06-11,1553.82,1478.15,0.55,0.45,1534.62,1497.35
7446,409,208,W,2.00,13167.00,15.00,27.00,2.00,5.00,1.00,0.00,0.00,13000.00,16.00,25.00,4.00,-5.00,0.00,0.00,100.00,92.59,67.00,1,0,2022-06-11,1508.18,1465.95,0.50,0.50,1486.63,1487.50
7447,22,335,W,6.00,13170.00,25.00,28.00,4.00,20.00,2.00,0.00,3.00,12997.00,13.00,39.00,11.00,-21.00,3.00,0.00,92.31,,67.00,1,2,2022-06-11,1315.96,1323.96,0.42,0.58,1290.90,1349.02
7450,129,441,L,3.00,11747.00,11.00,29.00,4.00,4.00,2.00,1.00,6.00,12393.00,13.00,18.00,4.00,-4.00,6.00,3.00,66.67,89.66,67.00,1,2,2022-06-11,1251.07,1357.45,0.40,0.60,1268.17,1340.35
7452,110,448,L,6.00,13706.00,19.00,27.00,6.00,6.00,6.00,0.00,7.00,14411.00,27.00,33.00,9.00,-5.00,5.00,1.00,78.79,77.78,67.00,1,3,2022-06-11,1136.53,1175.30,0.51,0.49,1158.33,1153.50
7454,8,44,W,4.00,12384.00,11.00,25.00,6.00,6.00,3.00,1.00,2.00,12657.00,22.00,25.00,6.00,-5.00,2.00,1.00,92.00,,67.00,1,3,2022-06-11,1240.42,1179.75,0.53,0.47,1220.17,1200.00
7455,407,269,L,2.00,13122.00,25.00,28.00,5.00,-15.00,0.00,0.00,6.00,12901.00,15.00,25.00,7.00,14.00,3.00,1.00,76.00,92.86,67.00,1,3,2022-06-11,1176.01,1183.63,0.56,0.44,1200.00,1159.65
7457,104,445,W,12.00,13227.00,13.00,29.00,3.00,39.00,9.00,4.00,2.00,13755.00,7.00,7.00,2.00,-44.00,2.00,0.00,71.43,58.62,67.00,1,4,2022-06-11,1158.06,1060.79,0.59,0.41,1140.35,1078.50
7458,404,216,W,6.00,13067.00,6.00,30.00,1.00,20.00,6.00,2.00,1.00,13242.00,8.00,23.00,5.00,-20.00,0.00,0.00,95.65,,67.00,1,4,2022-06-11,1080.78,1070.20,0.45,0.55,1057.00,1093.98
7459,446,61,L,5.00,13191.00,4.00,15.00,3.00,-10.00,4.00,0.00,7.00,12689.00,7.00,12.00,2.00,10.00,7.00,3.00,41.67,66.67,67.00,1,4,2022-06-11,1044.61,1182.39,0.35,0.65,1059.65,1167.35
7460,401,130,L,3.00,12909.00,10.00,20.00,5.00,-15.00,3.00,0.00,6.00,13046.00,18.00,34.00,3.00,15.00,6.00,0.00,82.35,85.00,67.00,1,5,2022-06-11,943.49,1063.94,0.38,0.62,959.65,1047.78
7463,176,375,L,0.00,12466.00,14.00,17.00,8.00,-10.00,0.00,0.00,2.00,13249.00,29.00,21.00,2.00,9.00,0.00,0.00,90.48,100.00,67.00,1,5,2022-06-11,960.79,1058.06,0.41,0.59,978.50,1040.35
7464,453,439,L,0.00,12017.00,11.00,5.00,3.00,-70.00,0.00,0.00,16.00,12880.00,18.00,46.00,3.00,67.00,10.00,2.00,65.22,100.00,67.00,1,5,2022-06-11,961.31,1066.22,0.40,0.60,978.50,1049.02
7465,451,411,L,0.00,12738.00,7.00,8.00,7.00,-35.00,0.00,0.00,8.00,12327.00,15.00,27.00,1.00,35.00,6.00,1.00,70.37,100.00,67.00,1,5,2022-06-11,1017.69,1044.17,0.53,0.47,1040.35,1021.50
7468,211,443,W,4.00,12317.00,9.00,24.00,6.00,4.00,3.00,1.00,3.00,12305.00,22.00,28.00,5.00,-4.00,2.00,2.00,89.29,83.33,67.00,1,1,2022-06-11,1402.65,1397.35,0.44,0.56,1378.50,1421.50
7491,65,406,W,5.00,12112.00,16.00,30.00,3.00,23.00,3.00,1.00,2.00,12238.00,16.00,21.00,4.00,-24.00,1.00,0.00,90.48,83.33,67.00,1,4,2022-06-11,1156.95,1043.05,0.61,0.39,1140.35,1059.65
6998,56,29,W,10.00,13458.00,28.00,53.00,6.00,15.00,8.00,6.00,5.00,13574.00,17.00,19.00,3.00,-15.00,4.00,0.00,73.68,81.13,68.00,1,0,2022-08-10,1505.22,1535.44,0.38,0.62,1478.66,1562.00
6999,49,46,W,4.00,12794.00,18.00,18.00,2.00,-5.00,4.00,1.00,3.00,12082.00,17.00,20.00,5.00,5.00,3.00,2.00,85.00,77.78,68.00,1,0,2022-08-10,1480.84,1491.44,0.41,0.59,1455.59,1516.68
7000,447,442,W,3.00,12599.00,12.00,28.00,5.00,-6.00,3.00,2.00,2.00,13007.00,12.00,33.00,5.00,5.00,2.00,1.00,93.94,89.29,68.00,1,0,2022-08-10,1485.37,1503.02,0.40,0.60,1459.65,1528.74
7069,15,31,W,3.00,13161.00,29.00,33.00,8.00,5.00,3.00,2.00,2.00,13019.00,18.00,23.00,19.00,-5.00,2.00,1.00,91.30,90.91,68.00,1,1,2022-08-10,1438.25,1363.06,0.55,0.45,1419.01,1382.29
7071,452,35,W,3.00,13010.00,19.00,26.00,2.00,9.00,2.00,0.00,1.00,12866.00,22.00,34.00,4.00,-10.00,0.00,0.00,97.06,88.46,68.00,1,1,2022-08-10,1446.61,1356.63,0.58,0.42,1428.40,1374.85
7291,110,26,L,4.00,12408.00,12.00,18.00,3.00,-1.00,3.00,0.00,5.00,13065.00,19.00,27.00,7.00,0.00,5.00,2.00,81.48,77.78,67.00,1,3,2022-08-10,1118.85,1216.64,0.41,0.59,1136.53,1198.97
7293,379,409,W,4.00,13041.00,17.00,38.00,9.00,3.00,4.00,0.00,1.00,13352.00,14.00,25.00,6.00,-5.00,1.00,1.00,96.00,89.47,67.00,1,0,2022-08-10,1501.50,1484.83,0.46,0.54,1478.15,1508.18
7294,48,131,L,0.00,10795.00,17.00,28.00,5.00,-30.00,0.00,0.00,7.00,10676.00,16.00,19.00,5.00,29.00,7.00,2.00,63.16,100.00,67.00,1,0,2022-08-10,1502.03,1542.47,0.50,0.50,1523.71,1520.79
7295,109,208,L,4.00,12144.00,21.00,29.00,4.00,5.00,3.00,0.00,5.00,12384.00,12.00,20.00,3.00,-5.00,5.00,1.00,75.00,86.21,67.00,1,0,2022-08-10,1410.49,1485.21,0.45,0.55,1429.76,1465.95
7296,63,333,L,1.00,13181.00,15.00,30.00,4.00,-18.00,0.00,0.00,4.00,13029.00,14.00,36.00,11.00,20.00,2.00,0.00,88.89,96.67,67.00,1,0,2022-08-10,1232.58,1559.85,0.14,0.86,1238.61,1553.82
7298,450,200,W,3.00,12699.00,6.00,18.00,13.00,0.00,2.00,1.00,1.00,12353.00,23.00,19.00,0.00,0.00,1.00,0.00,94.74,83.33,67.00,1,1,2022-08-10,1421.21,1461.60,0.37,0.63,1393.98,1488.83
7299,408,138,L,4.00,12858.00,20.00,25.00,7.00,-5.00,3.00,1.00,5.00,12802.00,5.00,14.00,4.00,3.00,3.00,0.00,64.29,84.00,67.00,1,1,2022-08-10,1372.87,1366.93,0.58,0.42,1397.79,1342.01
7300,410,329,L,2.00,14220.00,14.00,11.00,6.00,5.00,1.00,1.00,3.00,13776.00,19.00,27.00,8.00,-5.00,2.00,0.00,,81.82,67.00,1,1,2022-08-10,1384.48,1378.17,0.58,0.42,1409.43,1353.22
7302,64,403,L,3.00,13319.00,45.00,34.00,10.00,-20.00,2.00,0.00,5.00,12826.00,10.00,24.00,20.00,19.00,5.00,2.00,79.17,91.18,67.00,1,2,2022-08-10,1264.46,1321.97,0.48,0.52,1284.94,1301.49
7309,449,130,L,0.00,12257.00,2.00,5.00,5.00,-45.00,0.00,0.00,9.00,12624.00,26.00,45.00,1.00,44.00,6.00,0.00,80.00,100.00,67.00,1,5,2022-08-10,944.41,1079.17,0.35,0.65,959.65,1063.94
7313,446,404,L,1.00,13149.00,11.00,12.00,4.00,-20.00,0.00,0.00,5.00,8451.00,15.00,22.00,4.00,19.00,2.00,1.00,77.27,91.67,67.00,1,4,2022-08-10,1025.34,1100.05,0.45,0.55,1044.61,1080.78
7314,332,61,W,7.00,12639.00,10.00,31.00,1.00,15.00,4.00,0.00,3.00,12414.00,7.00,17.00,0.00,-16.00,1.00,1.00,82.35,77.42,67.00,1,4,2022-08-10,1082.96,1153.28,0.32,0.68,1053.85,1182.39
7321,400,451,W,7.00,12664.00,11.00,31.00,2.00,25.00,7.00,3.00,1.00,12871.00,14.00,12.00,3.00,-25.00,1.00,1.00,,77.42,67.00,1,5,2022-08-10,981.12,992.40,0.41,0.59,955.83,1017.69
7322,397,439,W,9.00,12726.00,9.00,24.00,2.00,25.00,7.00,1.00,0.00,13213.00,11.00,16.00,4.00,-25.00,0.00,0.00,100.00,62.50,67.00,1,5,2022-08-10,1008.91,1039.62,0.38,0.62,982.31,1066.22
6068,205,65,W,3.00,0.00,0.00,0.00,0.00,0.00,2.00,0.00,2.00,0.00,0.00,0.00,0.00,0.00,2.00,0.00,-inf,-inf,63.00,1,3,2022-09-01,1155.89,1133.96,0.47,0.53,1132.91,1156.95
6997,17,4,W,3.00,13352.00,15.00,32.00,15.00,4.00,1.00,0.00,2.00,13904.00,13.00,27.00,5.00,-4.00,1.00,2.00,92.59,90.62,68.00,1,0,2022-09-10,1499.21,1478.20,0.46,0.54,1476.16,1501.25
7070,396,399,L,5.00,12784.00,20.00,35.00,9.00,4.00,4.00,0.00,6.00,13183.00,9.00,31.00,2.00,-5.00,5.00,4.00,80.65,85.71,68.00,1,1,2022-09-10,1342.34,1368.69,0.53,0.47,1365.01,1346.02
7072,239,12,W,8.00,12898.00,22.00,43.00,4.00,25.00,6.00,2.00,3.00,12857.00,16.00,22.00,9.00,-27.00,3.00,1.00,,81.40,68.00,1,1,2022-09-10,1465.45,1399.48,0.54,0.46,1445.57,1419.36
7297,443,53,L,6.00,12970.00,19.00,29.00,7.00,10.00,4.00,1.00,7.00,13725.00,32.00,35.00,6.00,-9.00,7.00,1.00,80.00,79.31,67.00,1,1,2022-09-10,1379.01,1467.16,0.43,0.57,1397.35,1448.82
7301,405,211,L,3.00,12956.00,13.00,22.00,8.00,-25.00,2.00,0.00,8.00,12822.00,13.00,22.00,2.00,25.00,8.00,1.00,63.64,86.36,67.00,1,1,2022-09-10,1384.19,1424.35,0.50,0.50,1405.89,1402.65
7303,440,23,L,4.00,12779.00,11.00,32.00,5.00,-1.00,3.00,0.00,5.00,13097.00,7.00,29.00,1.00,-1.00,4.00,2.00,82.76,87.50,67.00,1,2,2022-09-10,1261.08,1345.82,0.43,0.57,1279.66,1327.24
7305,132,205,L,0.00,12055.00,11.00,13.00,7.00,-29.00,0.00,0.00,6.00,12193.00,14.00,21.00,0.00,29.00,5.00,0.00,71.43,100.00,67.00,1,4,2022-09-10,1132.75,1177.29,0.50,0.50,1154.15,1155.89
7306,441,335,L,1.00,11963.00,11.00,22.00,8.00,-19.00,1.00,0.00,4.00,12801.00,14.00,25.00,1.00,19.00,4.00,2.00,84.00,95.45,67.00,1,2,2022-09-10,1333.88,1347.53,0.55,0.45,1357.45,1323.96
7307,406,445,W,13.00,12668.00,23.00,33.00,4.00,43.00,10.00,0.00,0.00,12337.00,13.00,16.00,4.00,-43.00,0.00,0.00,100.00,60.61,67.00,1,4,2022-09-10,1065.65,1038.19,0.47,0.53,1043.05,1060.79
7308,22,129,L,1.00,13214.00,20.00,13.00,5.00,-26.00,1.00,0.00,6.00,12634.00,11.00,33.00,5.00,25.00,4.00,0.00,81.82,92.31,67.00,1,2,2022-09-10,1290.49,1276.54,0.59,0.41,1315.96,1251.07
7311,8,402,W,5.00,12266.00,13.00,20.00,2.00,-16.00,3.00,1.00,4.00,12764.00,12.00,20.00,1.00,15.00,4.00,1.00,80.00,75.00,67.00,1,3,2022-09-10,1256.86,1140.57,0.62,0.38,1240.42,1157.00
7312,269,189,W,5.00,11926.00,17.00,23.00,8.00,15.00,3.00,0.00,0.00,12635.00,20.00,14.00,7.00,-15.00,0.00,0.00,100.00,78.26,67.00,1,3,2022-09-10,1209.89,1235.59,0.39,0.61,1183.63,1261.85
7315,176,431,W,3.00,13306.00,7.00,13.00,3.00,15.00,1.00,0.00,2.00,12413.00,16.00,17.00,3.00,-15.00,1.00,1.00,88.24,76.92,67.00,1,5,2022-09-10,987.13,1014.01,0.39,0.61,960.79,1040.35
7316,38,207,L,3.00,13002.00,25.00,40.00,7.00,-1.00,3.00,1.00,4.00,12553.00,20.00,13.00,13.00,0.00,4.00,0.00,69.23,92.50,67.00,1,3,2022-09-10,1183.54,1204.22,0.54,0.46,1206.62,1181.15
7317,438,65,W,7.00,13198.00,15.00,35.00,2.00,9.00,5.00,1.00,5.00,13132.00,14.00,22.00,3.00,-10.00,4.00,2.00,77.27,80.00,67.00,1,4,2022-09-10,1144.89,1111.76,0.48,0.52,1122.69,1133.96
7318,104,215,W,2.00,12089.00,5.00,18.00,2.00,4.00,1.00,0.00,1.00,11349.00,13.00,16.00,4.00,-3.00,1.00,0.00,93.75,88.89,67.00,1,4,2022-09-10,1177.21,1100.73,0.55,0.45,1158.06,1119.88
7319,411,375,L,2.00,13049.00,18.00,28.00,9.00,-9.00,1.00,0.00,3.00,11819.00,8.00,12.00,7.00,8.00,1.00,1.00,75.00,92.86,67.00,1,5,2022-09-10,1023.53,1078.71,0.48,0.52,1044.17,1058.06
7320,453,401,L,2.00,12836.00,9.00,17.00,1.00,-27.00,0.00,0.00,7.00,12330.00,8.00,18.00,1.00,23.00,4.00,2.00,61.11,88.24,67.00,1,5,2022-09-10,938.70,966.09,0.53,0.47,961.31,943.49
6985,447,17,W,8.00,13800.00,14.00,25.00,1.00,-17.00,7.00,7.00,7.00,13139.00,18.00,31.00,4.00,15.00,7.00,4.00,77.42,68.00,68.00,1,0,2022-09-17,1507.72,1476.85,0.48,0.52,1485.37,1499.21
6986,1,46,W,6.00,13487.00,16.00,28.00,1.00,20.00,5.00,5.00,1.00,12731.00,10.00,22.00,3.00,-20.00,1.00,0.00,95.45,78.57,68.00,1,0,2022-09-17,1540.93,1471.78,0.54,0.46,1521.27,1491.44
6987,4,56,L,2.00,12394.00,13.00,24.00,7.00,-10.00,1.00,1.00,4.00,12437.00,18.00,22.00,3.00,10.00,4.00,2.00,81.82,91.67,68.00,1,0,2022-09-17,1458.37,1525.05,0.46,0.54,1478.20,1505.22
7201,207,26,L,0.00,12181.00,11.00,10.00,3.00,-5.00,0.00,0.00,1.00,12963.00,15.00,24.00,6.00,5.00,1.00,0.00,95.83,100.00,67.00,1,3,2022-09-17,1183.49,1237.37,0.48,0.52,1204.22,1216.64
7202,38,448,W,7.00,12597.00,21.00,34.00,3.00,21.00,6.00,0.00,2.00,13184.00,17.00,19.00,8.00,-20.00,0.00,0.00,89.47,,67.00,1,3,2022-09-17,1204.53,1154.31,0.51,0.49,1183.54,1175.30
7203,441,214,L,4.00,12915.00,15.00,40.00,6.00,0.00,3.00,2.00,6.00,13169.00,18.00,25.00,6.00,2.00,4.00,1.00,76.00,90.00,67.00,1,2,2022-09-17,1311.66,1344.43,0.52,0.48,1333.88,1322.21
7204,200,410,L,2.00,12794.00,24.00,22.00,2.00,-20.00,1.00,0.00,7.00,13111.00,19.00,29.00,7.00,20.00,5.00,1.00,75.86,90.91,67.00,1,1,2022-09-17,1435.41,1410.68,0.61,0.39,1461.60,1384.48
7205,48,208,W,6.00,12619.00,14.00,23.00,6.00,5.00,4.00,0.00,5.00,12972.00,16.00,21.00,4.00,-5.00,4.00,2.00,76.19,73.91,67.00,1,0,2022-09-17,1522.49,1464.75,0.52,0.48,1502.03,1485.21
7206,379,63,L,0.00,12557.00,16.00,16.00,5.00,-49.00,0.00,0.00,14.00,12448.00,16.00,20.00,8.00,53.00,11.00,2.00,30.00,100.00,67.00,1,0,2022-09-17,1466.04,1268.04,0.82,0.18,1501.50,1232.58
7207,405,408,L,1.00,13227.00,3.00,13.00,5.00,-45.00,1.00,0.00,10.00,13682.00,25.00,26.00,1.00,45.00,7.00,2.00,61.54,92.31,67.00,1,1,2022-09-17,1361.99,1395.07,0.52,0.48,1384.19,1372.87
7208,53,211,W,6.00,13331.00,12.00,19.00,5.00,15.00,5.00,3.00,3.00,13270.00,15.00,24.00,0.00,-15.00,2.00,0.00,87.50,68.42,67.00,1,1,2022-09-17,1486.02,1405.48,0.56,0.44,1467.16,1424.35
7209,440,129,L,2.00,13039.00,16.00,31.00,10.00,-5.00,1.00,0.00,3.00,13196.00,26.00,32.00,5.00,5.00,3.00,2.00,90.62,93.55,67.00,1,2,2022-09-17,1240.54,1297.09,0.48,0.52,1261.08,1276.54
7210,130,411,W,6.00,12739.00,18.00,30.00,4.00,20.00,4.00,2.00,1.00,13080.00,9.00,27.00,5.00,-20.00,1.00,0.00,96.30,80.00,67.00,1,5,2022-09-17,1097.26,1005.44,0.58,0.42,1079.17,1023.53
7211,109,409,L,3.00,12989.00,22.00,35.00,11.00,-14.00,2.00,2.00,6.00,12751.00,25.00,30.00,6.00,13.00,4.00,2.00,80.00,91.43,67.00,1,0,2022-09-17,1393.52,1501.80,0.39,0.61,1410.49,1484.83
7212,187,333,L,2.00,12928.00,9.00,25.00,6.00,-35.00,1.00,0.00,9.00,12664.00,13.00,39.00,4.00,35.00,6.00,3.00,76.92,92.00,67.00,1,0,2022-09-17,1493.51,1578.41,0.43,0.57,1512.07,1559.85
7216,132,446,W,3.00,12187.00,22.00,11.00,4.00,9.00,0.00,0.00,0.00,12070.00,10.00,7.00,2.00,-10.00,0.00,0.00,100.00,72.73,67.00,1,4,2022-09-17,1147.81,1010.28,0.65,0.35,1132.75,1025.34
7217,65,404,L,5.00,12386.00,17.00,26.00,0.00,-11.00,5.00,4.00,6.00,12452.00,12.00,18.00,3.00,9.00,4.00,0.00,66.67,80.77,67.00,1,4,2022-09-17,1089.54,1122.27,0.52,0.48,1111.76,1100.05
7220,269,110,W,5.00,12971.00,24.00,40.00,8.00,-5.00,4.00,2.00,3.00,12889.00,20.00,21.00,2.00,5.00,0.00,0.00,85.71,87.50,67.00,1,3,2022-09-17,1225.89,1102.86,0.63,0.37,1209.89,1118.85
7057,452,15,L,1.00,13043.00,27.00,18.00,5.00,-35.00,0.00,0.00,8.00,13392.00,8.00,25.00,3.00,34.00,6.00,4.00,68.00,94.44,68.00,1,1,2022-09-18,1424.60,1460.27,0.51,0.49,1446.61,1438.25
7058,35,12,W,10.00,12238.00,16.00,45.00,4.00,15.00,9.00,7.00,4.00,12973.00,10.00,24.00,2.00,-16.00,4.00,2.00,83.33,77.78,68.00,1,1,2022-09-18,1380.77,1375.35,0.44,0.56,1356.63,1399.48
7060,239,111,W,6.00,12192.00,15.00,39.00,3.00,6.00,6.00,3.00,1.00,12067.00,6.00,14.00,3.00,-5.00,1.00,0.00,92.86,84.62,68.00,1,1,2022-09-18,1489.47,1482.34,0.44,0.56,1465.45,1506.36
7213,138,450,L,1.00,11383.00,8.00,30.00,3.00,-5.00,0.00,0.00,4.00,12016.00,10.00,24.00,5.00,5.00,2.00,1.00,83.33,96.67,67.00,1,1,2022-09-18,1348.76,1439.37,0.42,0.58,1366.93,1421.21
7214,329,443,W,11.00,11383.00,8.00,32.00,14.00,50.00,8.00,2.00,1.00,12079.00,28.00,14.00,3.00,-50.00,0.00,0.00,92.86,,67.00,1,1,2022-09-18,1399.72,1357.46,0.50,0.50,1378.17,1379.01
7215,438,332,W,8.00,12982.00,23.00,29.00,7.00,15.00,4.00,3.00,4.00,12546.00,19.00,17.00,10.00,-15.00,2.00,0.00,76.47,72.41,67.00,1,4,2022-09-18,1162.60,1065.25,0.59,0.41,1144.89,1082.96
7218,61,445,W,5.00,11956.00,19.00,35.00,6.00,-4.00,4.00,2.00,4.00,12687.00,15.00,17.00,6.00,3.00,3.00,1.00,76.47,85.71,67.00,1,4,2022-09-18,1167.91,1023.56,0.66,0.34,1153.28,1038.19
7219,205,216,W,9.00,12640.00,24.00,31.00,1.00,30.00,7.00,5.00,0.00,12890.00,12.00,18.00,9.00,-30.00,0.00,0.00,100.00,70.97,67.00,1,4,2022-09-18,1192.36,1055.12,0.65,0.35,1177.29,1070.20
7221,104,406,L,1.00,13334.00,18.00,27.00,6.00,-3.00,0.00,0.00,3.00,12544.00,12.00,13.00,2.00,4.00,2.00,0.00,,96.30,67.00,1,4,2022-09-18,1149.04,1093.83,0.66,0.34,1177.21,1065.65
7222,336,23,L,1.00,12831.00,14.00,25.00,2.00,-10.00,0.00,0.00,3.00,13760.00,14.00,17.00,2.00,10.00,2.00,1.00,82.35,96.00,67.00,1,2,2022-09-18,1277.76,1364.27,0.43,0.57,1296.21,1345.82
7223,335,403,W,9.00,12318.00,33.00,48.00,2.00,30.00,4.00,3.00,2.00,12027.00,7.00,11.00,12.00,-30.00,2.00,2.00,81.82,81.25,67.00,1,2,2022-09-18,1367.45,1302.05,0.54,0.46,1347.53,1321.97
7224,439,449,W,10.00,12893.00,26.00,55.00,1.00,21.00,8.00,1.00,1.00,12737.00,10.00,5.00,15.00,-25.00,0.00,0.00,80.00,80.00,67.00,1,5,2022-09-18,1055.38,928.66,0.63,0.37,1039.62,944.41
7226,44,189,W,5.00,12563.00,21.00,24.00,6.00,-2.00,5.00,2.00,3.00,12581.00,21.00,14.00,3.00,0.00,2.00,1.00,78.57,79.17,67.00,1,3,2022-09-18,1204.67,1210.67,0.42,0.58,1179.75,1235.59
7227,402,407,W,5.00,12969.00,26.00,31.00,3.00,15.00,4.00,1.00,2.00,12788.00,15.00,19.00,7.00,-14.00,1.00,0.00,89.47,83.87,67.00,1,3,2022-09-18,1164.25,1152.33,0.45,0.55,1140.57,1176.01
7228,176,453,W,7.00,12358.00,33.00,25.00,4.00,33.00,4.00,0.00,0.00,12899.00,9.00,7.00,10.00,-35.00,0.00,0.00,100.00,72.00,67.00,1,5,2022-09-18,1005.65,920.18,0.57,0.43,987.13,938.70
7229,375,451,W,7.00,13281.00,41.00,46.00,0.00,35.00,7.00,2.00,0.00,13338.00,7.00,6.00,18.00,-35.00,0.00,0.00,100.00,84.78,67.00,1,5,2022-09-18,1094.97,976.13,0.62,0.38,1078.71,992.40
7230,8,331,L,4.00,12710.00,12.00,14.00,7.00,-5.00,3.00,1.00,7.00,12787.00,16.00,19.00,2.00,4.00,4.00,2.00,63.16,71.43,67.00,1,3,2022-09-18,1235.62,1282.29,0.49,0.51,1256.86,1261.05
7231,401,400,W,5.00,12934.00,14.00,20.00,1.00,5.00,1.00,0.00,4.00,12804.00,8.00,18.00,4.00,-5.00,2.00,0.00,77.78,75.00,67.00,1,5,2022-09-18,988.52,958.69,0.48,0.52,966.09,981.12
7232,22,64,L,4.00,12734.00,27.00,37.00,8.00,-10.00,2.00,0.00,8.00,13349.00,21.00,39.00,9.00,10.00,4.00,0.00,79.49,89.19,67.00,1,2,2022-09-18,1267.38,1287.57,0.54,0.46,1290.49,1264.46
6988,4,442,L,1.00,12636.00,20.00,24.00,11.00,-7.00,1.00,1.00,5.00,12763.00,35.00,35.00,15.00,4.00,4.00,3.00,85.71,95.83,68.00,1,0,2022-09-24,1439.62,1521.77,0.44,0.56,1458.37,1503.02
6989,29,17,W,5.00,13179.00,9.00,28.00,11.00,5.00,4.00,2.00,2.00,13031.00,24.00,48.00,2.00,-5.00,2.00,1.00,95.83,82.14,68.00,1,0,2022-09-24,1553.35,1458.94,0.58,0.42,1535.44,1476.85
7233,407,26,L,3.00,13044.00,19.00,25.00,8.00,-1.00,1.00,0.00,4.00,12783.00,25.00,25.00,14.00,1.00,2.00,1.00,84.00,88.00,67.00,1,3,2022-09-24,1135.99,1253.71,0.38,0.62,1152.33,1237.37
7234,207,331,W,4.00,13153.00,24.00,20.00,8.00,-6.00,4.00,0.00,3.00,13352.00,28.00,26.00,12.00,4.00,1.00,0.00,88.46,80.00,67.00,1,3,2022-09-24,1210.94,1254.83,0.36,0.64,1183.49,1282.29
7235,110,189,W,4.00,12871.00,8.00,15.00,3.00,4.00,1.00,1.00,3.00,12194.00,15.00,28.00,2.00,-6.00,0.00,0.00,89.29,73.33,67.00,1,3,2022-09-24,1130.83,1182.70,0.35,0.65,1102.86,1210.67
7236,405,138,L,2.00,12333.00,5.00,12.00,5.00,-11.00,1.00,0.00,5.00,11460.00,14.00,24.00,4.00,11.00,4.00,4.00,79.17,83.33,67.00,1,1,2022-09-24,1339.67,1371.08,0.52,0.48,1361.99,1348.76
7237,53,410,L,4.00,11758.00,17.00,32.00,11.00,-5.00,3.00,0.00,6.00,12745.00,21.00,27.00,9.00,5.00,6.00,3.00,77.78,,67.00,1,1,2022-09-24,1459.93,1436.77,0.61,0.39,1486.02,1410.68
7238,333,131,W,4.00,12847.00,28.00,32.00,4.00,15.00,4.00,0.00,2.00,12425.00,18.00,27.00,10.00,-14.00,1.00,1.00,92.59,87.50,67.00,1,0,2022-09-24,1597.69,1523.18,0.55,0.45,1578.41,1542.47
7239,191,379,D,5.00,13841.00,26.00,24.00,6.00,0.00,5.00,3.00,5.00,14055.00,23.00,33.00,11.00,0.00,1.00,0.00,81.82,79.17,67.00,1,0,2022-09-24,1497.91,1468.14,0.55,0.45,1500.00,1466.04
7241,404,61,W,3.00,13202.00,20.00,19.00,5.00,0.00,3.00,1.00,2.00,13184.00,17.00,33.00,4.00,0.00,1.00,1.00,93.94,84.21,67.00,1,4,2022-09-24,1146.58,1143.60,0.43,0.57,1122.27,1167.91
7242,332,65,W,7.00,12168.00,29.00,29.00,2.00,4.00,4.00,1.00,4.00,12741.00,11.00,28.00,11.00,-6.00,4.00,1.00,85.71,75.86,67.00,1,4,2022-09-24,1088.25,1066.54,0.47,0.53,1065.25,1089.54
7243,176,449,W,4.00,12598.00,43.00,42.00,6.00,15.00,2.00,0.00,0.00,12967.00,11.00,9.00,24.00,-15.00,0.00,0.00,100.00,,67.00,1,5,2022-09-24,1022.46,911.85,0.61,0.39,1005.65,928.66
7250,453,130,L,0.00,13775.00,6.00,9.00,14.00,-50.00,0.00,0.00,11.00,13374.00,34.00,50.00,1.00,49.00,7.00,1.00,78.00,100.00,67.00,1,5,2022-09-24,908.78,1108.66,0.27,0.73,920.18,1097.26
7251,216,215,L,4.00,14216.00,23.00,35.00,5.00,-5.00,2.00,1.00,5.00,13592.00,14.00,17.00,7.00,5.00,3.00,1.00,,,67.00,1,4,2022-09-24,1036.43,1119.42,0.43,0.57,1055.12,1100.73
7252,446,445,W,6.00,12990.00,18.00,35.00,5.00,15.00,3.00,1.00,2.00,13323.00,20.00,14.00,7.00,-15.00,2.00,0.00,,,67.00,1,4,2022-09-24,1032.60,1001.24,0.48,0.52,1010.28,1023.56
7255,397,401,W,7.00,12040.00,24.00,31.00,4.00,19.00,3.00,1.00,1.00,12881.00,15.00,14.00,6.00,-20.00,1.00,1.00,92.86,77.42,67.00,1,5,2022-09-24,1029.15,968.28,0.53,0.47,1008.91,988.52
7258,406,132,L,0.00,12698.00,23.00,34.00,6.00,-10.00,0.00,0.00,3.00,11715.00,14.00,15.00,11.00,10.00,3.00,1.00,80.00,100.00,67.00,1,4,2022-09-24,1075.64,1166.00,0.42,0.58,1093.83,1147.81
7259,439,451,W,14.00,12481.00,20.00,48.00,1.00,46.00,10.00,3.00,1.00,11977.00,9.00,10.00,9.00,-43.00,1.00,1.00,90.00,70.83,67.00,1,5,2022-09-24,1072.06,959.45,0.61,0.39,1055.38,976.13
7260,375,400,W,6.00,12360.00,23.00,30.00,2.00,15.00,6.00,1.00,1.00,12486.00,12.00,19.00,8.00,-15.00,1.00,0.00,94.74,80.00,67.00,1,5,2022-09-24,1108.45,945.22,0.69,0.31,1094.97,958.69
6990,1,49,W,6.00,12372.00,21.00,31.00,8.00,1.00,5.00,3.00,5.00,12815.00,19.00,24.00,7.00,-1.00,4.00,2.00,79.17,80.65,68.00,1,0,2022-09-25,1558.75,1463.02,0.59,0.41,1540.93,1480.84
6991,56,447,W,5.00,10848.00,19.00,22.00,5.00,14.00,4.00,2.00,2.00,11360.00,17.00,9.00,7.00,-16.00,0.00,0.00,77.78,77.27,68.00,1,0,2022-09-25,1545.48,1487.30,0.52,0.48,1525.05,1507.72
7061,12,31,W,4.00,13412.00,11.00,21.00,8.00,-5.00,1.00,0.00,3.00,14017.00,30.00,49.00,4.00,4.00,1.00,0.00,93.88,80.95,68.00,1,1,2022-09-25,1396.08,1342.32,0.52,0.48,1375.35,1363.06
7062,239,396,W,3.00,11764.00,30.00,30.00,2.00,10.00,3.00,3.00,1.00,11531.00,4.00,11.00,12.00,-10.00,1.00,0.00,90.91,90.00,68.00,1,1,2022-09-25,1502.37,1329.44,0.70,0.30,1489.47,1342.34
7063,399,111,L,2.00,10880.00,18.00,21.00,2.00,-18.00,2.00,1.00,6.00,10560.00,10.00,29.00,6.00,18.00,6.00,3.00,79.31,90.48,68.00,1,1,2022-09-25,1353.98,1497.05,0.34,0.66,1368.69,1482.34
7064,35,15,W,8.00,12105.00,24.00,29.00,6.00,13.00,8.00,7.00,5.00,13411.00,15.00,28.00,4.00,-16.00,5.00,2.00,82.14,72.41,68.00,1,1,2022-09-25,1407.11,1433.93,0.39,0.61,1380.77,1460.27
7240,191,208,W,7.00,12558.00,13.00,39.00,2.00,14.00,6.00,0.00,1.00,12311.00,12.00,28.00,8.00,-15.00,1.00,0.00,96.43,82.05,67.00,1,0,2022-09-25,1517.36,1445.30,0.55,0.45,1497.91,1464.75
7244,448,44,L,1.00,12843.00,9.00,17.00,3.00,-30.00,0.00,0.00,8.00,12725.00,12.00,32.00,5.00,30.00,6.00,4.00,75.00,94.12,67.00,1,3,2022-09-25,1135.91,1223.08,0.43,0.57,1154.31,1204.67
7246,450,443,L,4.00,7906.00,10.00,10.00,3.00,-15.00,3.00,0.00,7.00,8126.00,18.00,24.00,4.00,15.00,5.00,3.00,70.83,60.00,67.00,1,1,2022-09-25,1412.90,1383.94,0.62,0.38,1439.37,1357.46
7247,408,329,W,7.00,12110.00,17.00,33.00,2.00,25.00,6.00,0.00,1.00,12553.00,11.00,23.00,1.00,-25.00,0.00,0.00,95.65,,67.00,1,1,2022-09-25,1416.86,1377.93,0.49,0.51,1395.07,1399.72
7248,187,63,L,3.00,12295.00,7.00,16.00,6.00,-11.00,1.00,1.00,8.00,12800.00,14.00,30.00,2.00,11.00,5.00,2.00,73.33,,67.00,1,0,2022-09-25,1459.73,1301.82,0.79,0.21,1493.51,1268.04
7249,109,48,L,2.00,12752.00,16.00,24.00,4.00,-19.00,2.00,2.00,8.00,12473.00,6.00,24.00,7.00,18.00,7.00,1.00,66.67,91.67,67.00,1,0,2022-09-25,1379.65,1536.35,0.32,0.68,1393.52,1522.49
7253,402,38,W,4.00,13096.00,17.00,29.00,4.00,5.00,4.00,1.00,3.00,12779.00,10.00,22.00,6.00,-5.00,3.00,0.00,86.36,,67.00,1,3,2022-09-25,1188.23,1180.55,0.44,0.56,1164.25,1204.53
7254,411,431,W,2.00,12806.00,11.00,28.00,1.00,5.00,2.00,0.00,1.00,12735.00,7.00,10.00,6.00,-6.00,0.00,0.00,90.00,92.86,67.00,1,5,2022-09-25,1027.47,991.98,0.49,0.51,1005.44,1014.01
7256,205,104,W,3.00,13000.00,11.00,25.00,1.00,15.00,3.00,2.00,0.00,13114.00,10.00,14.00,7.00,-13.00,0.00,0.00,100.00,88.00,67.00,1,4,2022-09-25,1211.19,1130.20,0.56,0.44,1192.36,1149.04
7257,8,269,L,4.00,11972.00,21.00,19.00,3.00,-5.00,3.00,0.00,8.00,11362.00,12.00,30.00,6.00,6.00,6.00,3.00,73.33,78.95,67.00,1,3,2022-09-25,1213.52,1247.99,0.51,0.49,1235.62,1225.89
7642,191,63,W,8.00,12715.00,21.00,27.00,10.00,24.00,6.00,1.00,5.00,13141.00,32.00,26.00,7.00,-25.00,5.00,2.00,80.77,70.37,70.00,1,0,2022-10-12,1527.01,1292.17,0.78,0.22,1517.36,1301.82
7644,48,131,W,5.00,11888.00,15.00,27.00,7.00,13.00,2.00,1.00,2.00,12870.00,24.00,31.00,4.00,-15.00,2.00,1.00,93.55,81.48,70.00,1,0,2022-10-12,1557.04,1502.50,0.52,0.48,1536.35,1523.18
7668,336,64,L,4.00,11850.00,23.00,31.00,4.00,-3.00,3.00,0.00,5.00,11637.00,14.00,20.00,4.00,3.00,5.00,1.00,75.00,87.10,70.00,1,2,2022-10-12,1256.87,1308.46,0.49,0.51,1277.76,1287.57
7670,403,440,L,3.00,13085.00,21.00,31.00,7.00,-20.00,1.00,0.00,7.00,12258.00,21.00,32.00,9.00,20.00,2.00,0.00,78.12,90.32,70.00,1,2,2022-10-12,1276.78,1265.81,0.59,0.41,1302.05,1240.54
7746,207,26,W,3.00,12530.00,23.00,20.00,3.00,0.00,2.00,0.00,2.00,12368.00,10.00,19.00,7.00,0.00,1.00,0.00,89.47,85.00,70.00,1,3,2022-10-12,1235.08,1229.58,0.44,0.56,1210.94,1253.71
7749,110,407,L,1.00,13387.00,10.00,9.00,3.00,-25.00,1.00,0.00,8.00,13049.00,18.00,46.00,1.00,25.00,7.00,4.00,82.61,88.89,70.00,1,3,2022-10-12,1109.65,1157.17,0.49,0.51,1130.83,1135.99
7752,132,404,W,6.00,12313.00,13.00,31.00,2.00,10.00,3.00,2.00,3.00,12435.00,9.00,17.00,4.00,-10.00,3.00,0.00,82.35,80.65,70.00,1,4,2022-10-12,1186.30,1126.28,0.53,0.47,1166.00,1146.58
7754,446,61,W,5.00,13011.00,23.00,23.00,3.00,-10.00,4.00,2.00,3.00,12733.00,11.00,14.00,3.00,10.00,2.00,0.00,78.57,78.26,70.00,1,4,2022-10-12,1060.75,1115.46,0.35,0.65,1032.60,1143.60
7755,130,215,L,1.00,12128.00,16.00,15.00,2.00,0.00,1.00,0.00,2.00,11725.00,17.00,20.00,4.00,0.00,2.00,1.00,90.00,93.33,70.00,1,4,2022-10-12,1087.82,1140.26,0.48,0.52,1108.66,1119.42
7757,438,332,W,8.00,12603.00,12.00,23.00,4.00,38.00,6.00,1.00,0.00,13089.00,21.00,15.00,1.00,-40.00,0.00,0.00,100.00,65.22,70.00,1,4,2022-10-12,1179.56,1071.28,0.61,0.39,1162.60,1088.25
7759,445,216,L,4.00,12046.00,14.00,25.00,2.00,-15.00,3.00,2.00,6.00,12718.00,9.00,19.00,2.00,14.00,5.00,2.00,68.42,84.00,70.00,1,5,2022-10-12,981.91,1055.76,0.45,0.55,1001.24,1036.43
7760,400,397,L,3.00,12600.00,10.00,20.00,6.00,-15.00,2.00,1.00,7.00,12831.00,22.00,33.00,0.00,15.00,5.00,2.00,,85.00,70.00,1,5,2022-10-12,928.81,1045.55,0.38,0.62,945.22,1029.15
7761,411,439,W,4.00,12396.00,13.00,11.00,3.00,15.00,3.00,0.00,2.00,12951.00,21.00,22.00,6.00,-15.00,2.00,2.00,90.91,63.64,70.00,1,5,2022-10-12,1051.71,1047.81,0.44,0.56,1027.47,1072.06
7762,401,453,L,3.00,12788.00,23.00,23.00,5.00,-10.00,0.00,0.00,5.00,12696.00,17.00,23.00,10.00,10.00,1.00,0.00,78.26,86.96,70.00,1,6,2022-10-12,943.13,933.93,0.58,0.42,968.28,908.78
7001,17,46,W,3.00,12795.00,15.00,23.00,7.00,4.00,2.00,3.00,2.00,12413.00,14.00,28.00,1.00,-5.00,2.00,0.00,92.86,86.96,68.00,1,0,2022-10-15,1481.24,1449.48,0.48,0.52,1458.94,1471.78
7002,1,56,L,3.00,13102.00,14.00,28.00,5.00,-9.00,3.00,2.00,5.00,12394.00,28.00,25.00,10.00,9.00,4.00,3.00,80.00,89.29,68.00,1,0,2022-10-15,1536.42,1567.80,0.52,0.48,1558.75,1545.48
7292,26,8,L,1.00,11978.00,15.00,22.00,5.00,-5.00,0.00,0.00,2.00,12357.00,28.00,23.00,4.00,5.00,1.00,0.00,91.30,95.45,67.00,1,3,2022-10-15,1207.09,1236.01,0.52,0.48,1229.58,1213.52
7331,333,208,W,6.00,13250.00,9.00,19.00,1.00,17.00,5.00,2.00,3.00,12724.00,20.00,39.00,3.00,-15.00,3.00,1.00,92.31,68.42,67.00,1,0,2022-10-15,1610.32,1432.67,0.71,0.29,1597.69,1445.30
7332,48,191,W,3.00,12447.00,11.00,14.00,2.00,15.00,2.00,0.00,1.00,13125.00,16.00,25.00,2.00,-15.00,1.00,0.00,96.00,78.57,67.00,1,0,2022-10-15,1576.68,1507.36,0.54,0.46,1557.04,1527.01
7334,187,131,W,5.00,12522.00,8.00,21.00,2.00,19.00,3.00,0.00,2.00,12810.00,20.00,38.00,5.00,-20.00,2.00,0.00,94.74,76.19,67.00,1,0,2022-10-15,1483.86,1478.37,0.44,0.56,1459.73,1502.50
7335,129,214,W,4.00,13105.00,19.00,25.00,6.00,15.00,3.00,0.00,1.00,13179.00,17.00,19.00,4.00,-15.00,1.00,1.00,94.74,84.00,67.00,1,2,2022-10-15,1321.50,1320.02,0.43,0.57,1297.09,1344.43
7336,130,431,L,2.00,12921.00,36.00,24.00,4.00,-15.00,2.00,1.00,5.00,12940.00,11.00,17.00,11.00,15.00,4.00,0.00,70.59,91.67,67.00,1,5,2022-10-15,1060.54,1019.27,0.63,0.37,1087.82,991.98
7340,336,403,W,3.00,12381.00,17.00,27.00,11.00,10.00,3.00,2.00,1.00,12654.00,22.00,12.00,4.00,-10.00,1.00,0.00,91.67,88.89,67.00,1,2,2022-10-15,1279.60,1254.05,0.47,0.53,1256.87,1276.78
7344,215,132,L,2.00,12666.00,23.00,25.00,1.00,-5.00,1.00,0.00,3.00,12746.00,13.00,22.00,6.00,5.00,2.00,2.00,86.36,92.00,67.00,1,4,2022-10-15,1121.59,1204.96,0.43,0.57,1140.26,1186.30
7345,331,110,L,3.00,12329.00,17.00,30.00,3.00,-15.00,3.00,0.00,5.00,12364.00,20.00,11.00,12.00,13.00,3.00,0.00,54.55,90.00,67.00,1,3,2022-10-15,1224.84,1139.64,0.70,0.30,1254.83,1109.65
7346,207,402,L,3.00,12971.00,14.00,12.00,5.00,-16.00,1.00,0.00,7.00,12138.00,12.00,22.00,1.00,15.00,5.00,2.00,68.18,75.00,67.00,1,3,2022-10-15,1210.70,1212.61,0.57,0.43,1235.08,1188.23
7347,448,407,L,2.00,12941.00,12.00,32.00,8.00,-11.00,2.00,0.00,6.00,12892.00,15.00,29.00,4.00,15.00,5.00,0.00,79.31,93.75,67.00,1,3,2022-10-15,1115.72,1177.35,0.47,0.53,1135.91,1157.17
7349,332,446,L,4.00,12980.00,23.00,32.00,4.00,-10.00,2.00,0.00,8.00,12044.00,13.00,28.00,6.00,10.00,5.00,1.00,71.43,,67.00,1,4,2022-10-15,1049.13,1082.90,0.52,0.48,1071.28,1060.75
7350,61,438,W,5.00,12111.00,9.00,21.00,9.00,6.00,5.00,1.00,4.00,12839.00,18.00,33.00,4.00,-6.00,4.00,1.00,87.88,76.19,67.00,1,4,2022-10-15,1140.88,1154.14,0.41,0.59,1115.46,1179.56
7351,449,400,L,3.00,13766.00,17.00,24.00,11.00,4.00,2.00,0.00,4.00,14052.00,31.00,31.00,3.00,-5.00,4.00,1.00,87.10,87.50,67.00,1,5,2022-10-15,891.40,949.26,0.48,0.52,911.85,928.81
7352,397,451,W,6.00,13166.00,33.00,43.00,1.00,25.00,5.00,2.00,2.00,12676.00,9.00,8.00,10.00,-25.00,2.00,0.00,75.00,86.05,67.00,1,5,2022-10-15,1061.83,943.17,0.62,0.38,1045.55,959.45
7353,404,406,L,4.00,13073.00,15.00,16.00,7.00,-1.00,4.00,1.00,8.00,12937.00,19.00,36.00,3.00,0.00,7.00,2.00,77.78,75.00,67.00,1,4,2022-10-15,1101.67,1100.25,0.57,0.43,1126.28,1075.64
7003,49,442,W,4.00,13236.00,15.00,24.00,8.00,4.00,4.00,2.00,3.00,13133.00,6.00,25.00,3.00,-5.00,2.00,1.00,88.00,83.33,68.00,1,0,2022-10-16,1488.12,1496.67,0.42,0.58,1463.02,1521.77
7004,29,447,W,3.00,12761.00,9.00,15.00,4.00,-6.00,2.00,1.00,2.00,12751.00,14.00,41.00,1.00,5.00,2.00,1.00,95.12,80.00,68.00,1,0,2022-10-16,1570.81,1469.83,0.59,0.41,1553.35,1487.30
7074,396,35,L,2.00,11774.00,14.00,18.00,2.00,-20.00,2.00,0.00,5.00,11374.00,11.00,35.00,3.00,20.00,3.00,3.00,85.71,88.89,68.00,1,1,2022-10-16,1312.66,1423.88,0.39,0.61,1329.44,1407.11
7076,399,239,L,3.00,13307.00,12.00,26.00,1.00,-31.00,3.00,2.00,8.00,13264.00,24.00,56.00,2.00,30.00,8.00,6.00,85.71,88.46,68.00,1,1,2022-10-16,1341.15,1515.21,0.30,0.70,1353.98,1502.37
7333,191,109,W,3.00,13133.00,21.00,34.00,7.00,4.00,3.00,1.00,2.00,13132.00,17.00,20.00,9.00,-5.00,1.00,1.00,90.00,91.18,67.00,1,0,2022-10-16,1521.29,1365.72,0.68,0.32,1507.36,1379.65
7337,23,335,L,5.00,11890.00,13.00,13.00,2.00,-24.00,4.00,2.00,11.00,12486.00,15.00,34.00,3.00,25.00,9.00,3.00,67.65,61.54,67.00,1,2,2022-10-16,1342.96,1388.75,0.50,0.50,1364.27,1367.45
7338,176,401,W,9.00,12147.00,21.00,39.00,7.00,29.00,5.00,1.00,3.00,13103.00,12.00,21.00,6.00,-30.00,1.00,0.00,85.71,76.92,67.00,1,5,2022-10-16,1039.14,926.46,0.61,0.39,1022.46,943.13
7339,22,440,L,2.00,12927.00,25.00,23.00,3.00,-15.00,2.00,1.00,6.00,12142.00,14.00,22.00,11.00,15.00,5.00,1.00,72.73,91.30,67.00,1,2,2022-10-16,1245.78,1287.40,0.50,0.50,1267.38,1265.81
7341,64,441,L,4.00,12992.00,22.00,36.00,2.00,-20.00,4.00,0.00,8.00,12021.00,12.00,21.00,5.00,18.00,4.00,1.00,61.90,,67.00,1,2,2022-10-16,1287.16,1332.96,0.50,0.50,1308.46,1311.66
7342,104,216,W,5.00,7702.00,24.00,35.00,5.00,9.00,5.00,1.00,3.00,7856.00,10.00,22.00,3.00,-10.00,1.00,0.00,86.36,85.71,67.00,1,4,2022-10-16,1147.17,1038.80,0.61,0.39,1130.20,1055.76
7343,445,205,L,2.00,14266.00,10.00,15.00,11.00,-32.00,2.00,0.00,10.00,11242.00,17.00,25.00,1.00,30.00,8.00,1.00,60.00,86.67,67.00,1,4,2022-10-16,972.85,1220.26,0.21,0.79,981.91,1211.19
7348,44,269,W,3.00,13467.00,30.00,27.00,13.00,0.00,2.00,1.00,2.00,14161.00,28.00,22.00,6.00,0.00,2.00,1.00,90.91,88.89,67.00,1,3,2022-10-16,1246.12,1224.95,0.46,0.54,1223.08,1247.99
7354,375,453,W,10.00,12417.00,23.00,44.00,0.00,37.00,5.00,1.00,1.00,12921.00,2.00,10.00,3.00,-39.00,0.00,0.00,90.00,77.27,67.00,1,5,2022-10-16,1119.97,922.40,0.73,0.27,1108.45,933.93
7355,411,439,L,3.00,12224.00,17.00,20.00,11.00,-20.00,3.00,1.00,6.00,12395.00,17.00,17.00,4.00,20.00,4.00,1.00,64.71,85.00,67.00,1,5,2022-10-16,1029.97,1069.55,0.51,0.49,1051.71,1047.81
7006,17,442,L,3.00,13513.00,14.00,27.00,8.00,-11.00,3.00,1.00,5.00,13798.00,20.00,34.00,7.00,10.00,5.00,3.00,85.29,88.89,68.00,1,0,2022-10-22,1460.69,1517.22,0.48,0.52,1481.24,1496.67
7077,12,15,L,4.00,13017.00,9.00,18.00,5.00,-16.00,3.00,1.00,5.00,13024.00,25.00,38.00,3.00,15.00,5.00,4.00,86.84,77.78,68.00,1,1,2022-10-22,1376.92,1453.10,0.45,0.55,1396.08,1433.93
7356,200,53,L,0.00,12122.00,7.00,21.00,13.00,-20.00,0.00,0.00,8.00,12524.00,18.00,34.00,5.00,20.00,6.00,3.00,76.47,100.00,67.00,1,1,2022-10-22,1415.42,1479.91,0.46,0.54,1435.41,1459.93
7362,216,438,L,5.00,12806.00,8.00,23.00,4.00,-40.00,4.00,1.00,13.00,13264.00,27.00,35.00,2.00,39.00,7.00,1.00,62.86,78.26,67.00,1,4,2022-10-22,1024.18,1168.75,0.34,0.66,1038.80,1154.14
7365,441,336,W,3.00,10921.00,9.00,16.00,7.00,4.00,2.00,1.00,1.00,11611.00,24.00,25.00,1.00,-5.00,0.00,0.00,96.00,81.25,67.00,1,2,2022-10-22,1351.19,1261.38,0.58,0.42,1332.96,1279.60
7366,26,331,L,2.00,11429.00,11.00,20.00,6.00,-10.00,1.00,0.00,4.00,11683.00,11.00,20.00,7.00,10.00,3.00,0.00,80.00,90.00,67.00,1,3,2022-10-22,1186.69,1245.24,0.47,0.53,1207.09,1224.84
7367,439,130,L,3.00,14490.00,11.00,25.00,0.00,-5.00,3.00,2.00,5.00,13129.00,10.00,23.00,4.00,5.00,4.00,1.00,78.26,88.00,67.00,1,5,2022-10-22,1047.50,1082.60,0.51,0.49,1069.55,1060.54
7368,129,403,W,2.00,13256.00,16.00,27.00,7.00,5.00,1.00,0.00,1.00,12897.00,22.00,15.00,5.00,-5.00,1.00,0.00,93.33,92.59,67.00,1,2,2022-10-22,1338.88,1236.67,0.60,0.40,1321.50,1254.05
7372,449,401,W,4.00,12514.00,14.00,15.00,1.00,14.00,3.00,0.00,2.00,13029.00,22.00,25.00,2.00,-14.00,2.00,0.00,92.00,73.33,67.00,1,5,2022-10-22,915.06,902.80,0.45,0.55,891.40,926.46
7375,269,402,L,2.00,13380.00,17.00,12.00,5.00,-20.00,1.00,0.00,6.00,12737.00,18.00,36.00,8.00,19.00,4.00,1.00,83.33,83.33,67.00,1,3,2022-10-22,1202.69,1234.88,0.52,0.48,1224.95,1212.61
7376,407,44,L,4.00,12854.00,17.00,24.00,6.00,-4.00,4.00,1.00,7.00,13043.00,23.00,23.00,6.00,4.00,7.00,2.00,69.57,83.33,67.00,1,3,2022-10-22,1160.06,1263.42,0.40,0.60,1177.35,1246.12
7377,214,440,L,7.00,14287.00,25.00,37.00,12.00,5.00,4.00,2.00,8.00,14571.00,22.00,49.00,10.00,-5.00,3.00,0.00,83.67,81.08,67.00,1,2,2022-10-22,1296.51,1310.92,0.55,0.45,1320.02,1287.40
7380,404,132,W,5.00,12571.00,12.00,21.00,4.00,0.00,3.00,1.00,3.00,12405.00,18.00,26.00,2.00,1.00,2.00,0.00,88.46,76.19,67.00,1,4,2022-10-22,1129.38,1177.25,0.36,0.64,1101.67,1204.96
7381,215,65,L,2.00,12618.00,8.00,14.00,4.00,-10.00,2.00,0.00,3.00,12501.00,17.00,29.00,3.00,9.00,2.00,0.00,89.66,85.71,67.00,1,4,2022-10-22,1096.71,1091.42,0.58,0.42,1121.59,1066.54
7382,446,406,L,3.00,13638.00,15.00,14.00,7.00,0.00,2.00,0.00,4.00,13300.00,16.00,23.00,4.00,-1.00,3.00,1.00,82.61,78.57,67.00,1,4,2022-10-22,1062.47,1120.68,0.48,0.52,1082.90,1100.25
7005,4,46,W,6.00,13913.00,16.00,32.00,4.00,0.00,3.00,2.00,4.00,14029.00,17.00,26.00,6.00,-1.00,2.00,0.00,84.62,81.25,68.00,1,0,2022-10-23,1461.73,1427.37,0.49,0.51,1439.62,1449.48
7007,49,29,W,3.00,13488.00,16.00,34.00,3.00,-5.00,1.00,0.00,2.00,13710.00,14.00,33.00,2.00,5.00,1.00,0.00,93.94,91.18,68.00,1,0,2022-10-23,1514.64,1544.29,0.38,0.62,1488.12,1570.81
7008,1,447,W,10.00,12953.00,17.00,28.00,8.00,45.00,10.00,7.00,0.00,12377.00,10.00,20.00,3.00,-45.00,0.00,0.00,100.00,64.29,68.00,1,0,2022-10-23,1553.85,1452.41,0.59,0.41,1536.42,1469.83
7078,452,396,L,0.00,13119.00,15.00,37.00,3.00,-11.00,0.00,0.00,3.00,8698.00,8.00,15.00,4.00,10.00,3.00,1.00,80.00,100.00,68.00,1,1,2022-10-23,1396.40,1340.86,0.66,0.34,1424.60,1312.66
7079,31,399,W,3.00,13151.00,17.00,52.00,6.00,10.00,3.00,1.00,0.00,11982.00,11.00,10.00,2.00,-10.00,0.00,0.00,100.00,94.23,68.00,1,1,2022-10-23,1363.74,1319.72,0.50,0.50,1342.32,1341.15
7357,450,408,L,1.00,13056.00,20.00,18.00,12.00,-5.00,1.00,0.00,5.00,12760.00,21.00,36.00,11.00,5.00,4.00,2.00,86.11,94.44,67.00,1,1,2022-10-23,1391.64,1438.11,0.49,0.51,1412.90,1416.86
7358,211,410,W,3.00,13114.00,13.00,20.00,3.00,0.00,3.00,2.00,2.00,12147.00,11.00,14.00,6.00,0.00,1.00,1.00,85.71,85.00,67.00,1,1,2022-10-23,1428.91,1413.34,0.46,0.54,1405.48,1436.77
7360,405,443,L,2.00,12695.00,12.00,19.00,11.00,-10.00,2.00,1.00,7.00,13101.00,35.00,34.00,7.00,10.00,6.00,3.00,79.41,89.47,67.00,1,1,2022-10-23,1320.90,1402.71,0.44,0.56,1339.67,1383.94
7361,205,61,W,6.00,11934.00,21.00,21.00,4.00,29.00,5.00,2.00,0.00,11314.00,5.00,3.00,3.00,-30.00,0.00,0.00,100.00,71.43,67.00,1,4,2022-10-23,1236.93,1124.21,0.61,0.39,1220.26,1140.88
7363,64,335,W,7.00,13721.00,6.00,21.00,4.00,-7.00,5.00,0.00,6.00,14081.00,24.00,40.00,8.00,5.00,5.00,3.00,85.00,66.67,67.00,1,2,2022-10-23,1314.77,1361.14,0.36,0.64,1287.16,1388.75
7364,397,411,L,3.00,12390.00,27.00,27.00,6.00,7.00,2.00,0.00,5.00,13420.00,20.00,21.00,12.00,-10.00,3.00,0.00,76.19,88.89,67.00,1,5,2022-10-23,1038.36,1053.44,0.55,0.45,1061.83,1029.97
7369,22,23,L,1.00,13325.00,12.00,20.00,5.00,-5.00,1.00,0.00,3.00,13645.00,18.00,35.00,1.00,5.00,3.00,2.00,91.43,95.00,67.00,1,2,2022-10-23,1230.15,1358.60,0.36,0.64,1245.78,1342.96
7370,176,451,W,5.00,13429.00,12.00,36.00,1.00,26.00,3.00,1.00,0.00,13455.00,1.00,6.00,1.00,-25.00,0.00,0.00,100.00,86.11,67.00,1,5,2022-10-23,1054.84,927.47,0.63,0.37,1039.14,943.17
7371,453,400,L,1.00,12969.00,2.00,7.00,7.00,-35.00,0.00,0.00,8.00,12748.00,16.00,27.00,1.00,35.00,4.00,1.00,70.37,,67.00,1,5,2022-10-23,902.56,969.11,0.46,0.54,922.40,949.26
7373,104,332,W,3.00,12627.00,18.00,26.00,9.00,9.00,4.00,0.00,1.00,11866.00,15.00,21.00,2.00,-10.00,1.00,0.00,95.24,84.62,67.00,1,4,2022-10-23,1162.75,1033.54,0.64,0.36,1147.17,1049.13
7378,189,38,W,3.00,12117.00,11.00,29.00,6.00,10.00,2.00,1.00,0.00,13098.00,19.00,26.00,4.00,-10.00,0.00,0.00,100.00,89.66,67.00,1,3,2022-10-23,1204.07,1159.19,0.50,0.50,1182.70,1180.55
7379,375,431,L,1.00,12479.00,9.00,23.00,1.00,-5.00,0.00,0.00,2.00,12615.00,18.00,20.00,1.00,5.00,2.00,1.00,90.00,95.65,67.00,1,5,2022-10-23,1092.41,1046.83,0.64,0.36,1119.97,1019.27
7009,49,4,W,7.00,13097.00,17.00,31.00,3.00,30.00,5.00,1.00,3.00,13118.00,13.00,33.00,2.00,-30.00,3.00,1.00,90.91,77.42,68.00,1,0,2022-10-29,1532.89,1443.48,0.58,0.42,1514.64,1461.73
7011,56,442,W,4.00,12926.00,15.00,34.00,6.00,-1.00,4.00,1.00,2.00,10585.00,10.00,27.00,3.00,1.00,1.00,0.00,92.59,,68.00,1,0,2022-10-29,1586.19,1498.83,0.57,0.43,1567.80,1517.22
7383,48,379,L,2.00,11437.00,20.00,25.00,2.00,-11.00,2.00,0.00,3.00,11954.00,10.00,27.00,16.00,7.00,3.00,0.00,88.89,92.00,67.00,1,0,2022-10-29,1548.68,1496.15,0.65,0.35,1576.68,1468.14
7384,208,63,W,10.00,12184.00,17.00,22.00,7.00,15.00,6.00,2.00,5.00,12648.00,8.00,20.00,3.00,-15.00,2.00,1.00,75.00,,67.00,1,0,2022-10-29,1445.92,1278.92,0.69,0.31,1432.67,1292.17
7385,191,131,L,4.00,13224.00,28.00,29.00,8.00,-6.00,2.00,0.00,5.00,11895.00,10.00,25.00,3.00,4.00,5.00,0.00,80.00,86.21,67.00,1,0,2022-10-29,1497.15,1502.51,0.56,0.44,1521.29,1478.37
7386,409,333,L,2.00,12521.00,17.00,26.00,2.00,-20.00,2.00,1.00,10.00,11405.00,7.00,27.00,1.00,20.00,8.00,4.00,62.96,92.31,67.00,1,0,2022-10-29,1486.80,1625.32,0.35,0.65,1501.80,1610.32
7387,401,431,L,1.00,12591.00,6.00,13.00,2.00,-35.00,1.00,0.00,9.00,12136.00,18.00,38.00,4.00,34.00,5.00,0.00,76.32,92.31,67.00,1,5,2022-10-29,889.73,1059.90,0.30,0.70,902.80,1046.83
7389,408,200,L,0.00,13435.00,9.00,26.00,13.00,-35.00,0.00,0.00,7.00,12399.00,24.00,30.00,4.00,32.00,7.00,1.00,76.67,100.00,67.00,1,1,2022-10-29,1415.21,1438.32,0.53,0.47,1438.11,1415.42
7397,207,448,W,4.00,12434.00,19.00,21.00,3.00,20.00,4.00,2.00,0.00,12983.00,14.00,26.00,7.00,-20.00,0.00,0.00,100.00,80.95,67.00,1,3,2022-10-29,1226.46,1099.96,0.63,0.37,1210.70,1115.72
7399,38,110,W,5.00,12891.00,24.00,40.00,1.00,5.00,2.00,1.00,2.00,12044.00,2.00,10.00,3.00,-5.00,2.00,1.00,80.00,87.50,67.00,1,3,2022-10-29,1179.48,1119.35,0.53,0.47,1159.19,1139.64
7402,404,215,W,5.00,12391.00,11.00,30.00,5.00,20.00,4.00,2.00,4.00,12994.00,9.00,12.00,2.00,-20.00,2.00,0.00,66.67,83.33,67.00,1,4,2022-10-29,1148.86,1077.23,0.55,0.45,1129.38,1096.71
7403,438,406,W,6.00,12680.00,16.00,27.00,9.00,16.00,6.00,2.00,4.00,13392.00,15.00,23.00,1.00,-16.00,4.00,0.00,82.61,77.78,67.00,1,4,2022-10-29,1187.30,1102.14,0.57,0.43,1168.75,1120.68
7490,214,336,L,3.00,12942.00,17.00,24.00,4.00,-22.00,2.00,1.00,6.00,13045.00,13.00,18.00,7.00,20.00,4.00,1.00,66.67,87.50,67.00,1,2,2022-10-29,1272.84,1285.04,0.55,0.45,1296.51,1261.38
7010,46,447,W,3.00,12251.00,13.00,21.00,9.00,4.00,1.00,0.00,2.00,12713.00,13.00,25.00,2.00,-5.00,2.00,1.00,92.00,,68.00,1,0,2022-10-30,1450.42,1429.36,0.46,0.54,1427.37,1452.41
7083,111,15,L,4.00,12858.00,14.00,29.00,2.00,-4.00,2.00,2.00,7.00,12354.00,7.00,26.00,4.00,5.00,6.00,5.00,73.08,86.21,68.00,1,1,2022-10-30,1472.85,1477.30,0.56,0.44,1497.05,1453.10
7084,35,239,L,2.00,12208.00,13.00,27.00,11.00,-20.00,2.00,1.00,4.00,13039.00,25.00,51.00,4.00,20.00,3.00,2.00,92.16,92.59,68.00,1,1,2022-10-30,1407.90,1531.19,0.37,0.63,1423.88,1515.21
7390,329,450,W,4.00,13030.00,33.00,58.00,3.00,-2.00,2.00,1.00,3.00,13439.00,8.00,9.00,11.00,2.00,3.00,1.00,66.67,93.10,67.00,1,1,2022-10-30,1400.28,1369.29,0.48,0.52,1377.93,1391.64
7391,138,211,L,3.00,13298.00,15.00,24.00,4.00,-15.00,3.00,1.00,6.00,11748.00,13.00,28.00,0.00,14.00,4.00,0.00,78.57,87.50,67.00,1,1,2022-10-30,1353.13,1446.87,0.42,0.58,1371.08,1428.91
7393,26,189,W,5.00,13441.00,25.00,28.00,7.00,-5.00,4.00,0.00,4.00,12998.00,11.00,19.00,5.00,5.00,3.00,2.00,78.95,,67.00,1,3,2022-10-30,1209.26,1181.49,0.48,0.52,1186.69,1204.07
7394,332,205,L,2.00,11657.00,9.00,5.00,2.00,0.00,1.00,0.00,4.00,12479.00,26.00,36.00,6.00,0.00,1.00,0.00,88.89,60.00,67.00,1,4,2022-10-30,1023.36,1247.11,0.24,0.76,1033.54,1236.93
7398,44,402,W,3.00,12687.00,12.00,16.00,8.00,4.00,3.00,1.00,1.00,12957.00,26.00,29.00,6.00,-5.00,1.00,1.00,,81.25,67.00,1,3,2022-10-30,1283.15,1215.14,0.54,0.46,1263.42,1234.88
7400,8,407,W,4.00,12395.00,9.00,21.00,3.00,0.00,3.00,2.00,2.00,12133.00,14.00,19.00,6.00,-1.00,2.00,1.00,89.47,80.95,67.00,1,3,2022-10-30,1252.88,1143.18,0.61,0.39,1236.01,1160.06
7401,445,216,L,2.00,12426.00,12.00,16.00,1.00,-10.00,1.00,0.00,4.00,12649.00,26.00,30.00,4.00,10.00,3.00,1.00,86.67,87.50,67.00,1,4,2022-10-30,954.50,1042.53,0.43,0.57,972.85,1024.18
7404,65,446,W,8.00,12610.00,31.00,35.00,4.00,30.00,7.00,1.00,2.00,12673.00,16.00,21.00,7.00,-29.00,1.00,0.00,90.48,,67.00,1,4,2022-10-30,1111.13,1042.76,0.54,0.46,1091.42,1062.47
7405,132,104,L,3.00,13181.00,11.00,18.00,6.00,-15.00,3.00,0.00,6.00,12811.00,16.00,26.00,4.00,12.00,6.00,0.00,76.92,83.33,67.00,1,4,2022-10-30,1154.86,1185.15,0.52,0.48,1177.25,1162.75
7406,451,453,L,3.00,12704.00,10.00,11.00,4.00,0.00,3.00,1.00,4.00,12561.00,25.00,28.00,4.00,0.00,2.00,1.00,85.71,72.73,67.00,1,5,2022-10-30,904.43,925.60,0.54,0.46,927.47,902.56
7407,397,449,W,5.00,13500.00,33.00,47.00,1.00,20.00,1.00,0.00,2.00,12632.00,4.00,6.00,5.00,-20.00,1.00,0.00,66.67,89.36,67.00,1,5,2022-10-30,1052.54,900.89,0.67,0.33,1038.36,915.06
7408,400,411,L,4.00,13589.00,3.00,19.00,7.00,0.00,2.00,1.00,5.00,14064.00,26.00,25.00,3.00,0.00,3.00,1.00,80.00,78.95,67.00,1,5,2022-10-30,952.72,1069.82,0.38,0.62,969.11,1053.44
7192,400,431,L,1.00,13057.00,8.00,20.00,6.00,-5.00,1.00,0.00,7.00,0.00,0.00,0.00,0.00,5.00,4.00,0.00,-inf,95.00,67.00,1,5,2022-11-09,937.65,1074.97,0.35,0.65,952.72,1059.90
7102,31,35,W,3.00,12871.00,13.00,25.00,11.00,10.00,3.00,3.00,1.00,13122.00,18.00,40.00,2.00,-10.00,1.00,1.00,97.50,88.00,68.00,1,1,2022-11-12,1387.96,1383.69,0.44,0.56,1363.74,1407.90
7103,452,239,W,5.00,13774.00,21.00,32.00,7.00,10.00,3.00,2.00,3.00,13503.00,25.00,42.00,6.00,-10.00,3.00,2.00,92.86,84.38,68.00,1,1,2022-11-12,1425.85,1501.74,0.32,0.68,1396.40,1531.19
7104,12,111,W,3.00,12741.00,15.00,34.00,8.00,-5.00,3.00,2.00,2.00,13026.00,19.00,32.00,6.00,4.00,1.00,0.00,93.75,91.18,68.00,1,1,2022-11-12,1404.21,1445.56,0.37,0.63,1376.92,1472.85
7643,191,399,W,4.00,13031.00,18.00,31.00,6.00,5.00,4.00,0.00,2.00,13562.00,7.00,23.00,4.00,-5.00,2.00,1.00,91.30,87.10,70.00,1,0,2022-11-12,1508.54,1308.33,0.74,0.26,1497.15,1319.72
7663,335,443,L,1.00,12701.00,18.00,32.00,9.00,-10.00,1.00,1.00,4.00,12122.00,14.00,18.00,1.00,10.00,2.00,2.00,77.78,96.88,70.00,1,1,2022-11-12,1342.20,1421.65,0.44,0.56,1361.14,1402.71
7664,187,408,W,3.00,13617.00,23.00,33.00,5.00,0.00,1.00,0.00,2.00,14059.00,18.00,27.00,6.00,0.00,2.00,0.00,92.59,90.91,70.00,1,1,2022-11-12,1501.17,1397.91,0.60,0.40,1483.86,1415.21
7665,23,211,L,0.00,13275.00,15.00,27.00,2.00,-20.00,0.00,0.00,4.00,13234.00,5.00,24.00,5.00,20.00,3.00,3.00,83.33,100.00,70.00,1,1,2022-11-12,1342.45,1463.02,0.38,0.62,1358.60,1446.87
7669,214,441,L,1.00,12699.00,18.00,26.00,4.00,-35.00,1.00,1.00,9.00,12554.00,13.00,41.00,4.00,35.00,7.00,2.00,78.05,96.15,70.00,1,2,2022-11-12,1256.11,1367.92,0.39,0.61,1272.84,1351.19
7671,129,405,L,2.00,12948.00,14.00,21.00,2.00,-5.00,2.00,0.00,4.00,13624.00,14.00,27.00,2.00,5.00,3.00,1.00,85.19,90.48,70.00,1,2,2022-11-12,1316.26,1343.51,0.53,0.47,1338.88,1320.90
7747,189,38,L,4.00,13221.00,29.00,32.00,6.00,-10.00,3.00,1.00,5.00,12993.00,18.00,24.00,7.00,10.00,3.00,0.00,79.17,87.50,70.00,1,3,2022-11-12,1159.87,1201.10,0.50,0.50,1181.49,1179.48
7748,22,8,L,3.00,11950.00,18.00,21.00,4.00,5.00,2.00,0.00,4.00,12654.00,16.00,30.00,5.00,-5.00,2.00,0.00,86.67,85.71,70.00,1,3,2022-11-12,1210.05,1272.98,0.47,0.53,1230.15,1252.88
7751,406,104,L,4.00,12700.00,18.00,20.00,4.00,-4.00,3.00,0.00,5.00,12904.00,19.00,24.00,6.00,2.00,2.00,0.00,79.17,80.00,70.00,1,4,2022-11-12,1085.68,1201.61,0.38,0.62,1102.14,1185.15
7756,449,451,W,3.00,13274.00,28.00,30.00,6.00,5.00,2.00,0.00,2.00,13269.00,19.00,26.00,10.00,-5.00,2.00,0.00,92.31,90.00,70.00,1,6,2022-11-12,922.61,882.71,0.49,0.51,900.89,904.43
7019,1,46,W,7.00,13798.00,17.00,35.00,3.00,-5.00,4.00,2.00,6.00,13957.00,21.00,33.00,2.00,5.00,5.00,4.00,81.82,80.00,68.00,1,0,2022-11-13,1569.14,1435.14,0.64,0.36,1553.85,1450.42
7020,29,442,W,4.00,13598.00,11.00,25.00,14.00,5.00,4.00,1.00,2.00,12964.00,24.00,65.00,5.00,-5.00,2.00,0.00,96.92,84.00,68.00,1,0,2022-11-13,1562.99,1480.12,0.57,0.43,1544.29,1498.83
7089,12,31,L,2.00,13466.00,6.00,12.00,5.00,-5.00,1.00,0.00,3.00,13995.00,25.00,36.00,3.00,5.00,3.00,1.00,91.67,83.33,68.00,1,1,2022-11-13,1381.70,1410.47,0.52,0.48,1404.21,1387.96
7090,396,239,L,1.00,12468.00,3.00,12.00,3.00,-20.00,1.00,0.00,8.00,13416.00,26.00,46.00,0.00,20.00,8.00,3.00,82.61,91.67,68.00,1,1,2022-11-13,1328.66,1513.94,0.28,0.72,1340.86,1501.74
7091,399,111,L,4.00,13029.00,22.00,20.00,2.00,-15.00,4.00,0.00,7.00,13011.00,21.00,33.00,2.00,15.00,7.00,4.00,78.79,80.00,68.00,1,1,2022-11-13,1294.91,1458.98,0.31,0.69,1308.33,1445.56
7092,35,15,W,5.00,12080.00,15.00,25.00,5.00,5.00,4.00,0.00,4.00,13070.00,21.00,31.00,5.00,-5.00,4.00,1.00,87.10,80.00,68.00,1,1,2022-11-13,1410.84,1450.15,0.37,0.63,1383.69,1477.30
7495,109,379,L,3.00,12653.00,16.00,25.00,2.00,-30.00,2.00,2.00,10.00,11931.00,12.00,28.00,8.00,29.00,8.00,2.00,64.29,88.00,67.00,1,0,2022-11-13,1351.93,1509.93,0.32,0.68,1365.72,1496.15
7506,53,408,W,12.00,12477.00,18.00,40.00,1.00,34.00,10.00,4.00,5.00,13380.00,10.00,33.00,10.00,-35.00,5.00,1.00,84.85,70.00,67.00,1,1,2022-11-13,1496.43,1381.39,0.62,0.38,1479.91,1397.91
7508,211,450,L,0.00,12968.00,12.00,14.00,2.00,-5.00,0.00,0.00,2.00,13054.00,12.00,18.00,0.00,5.00,2.00,0.00,88.89,100.00,67.00,1,1,2022-11-13,1435.86,1396.46,0.63,0.37,1463.02,1369.29
7509,138,443,L,1.00,12924.00,16.00,27.00,9.00,-5.00,1.00,0.00,4.00,12705.00,26.00,45.00,5.00,5.00,2.00,1.00,91.11,96.30,67.00,1,1,2022-11-13,1335.81,1438.97,0.40,0.60,1353.13,1421.65
7510,410,405,W,4.00,12853.00,13.00,20.00,1.00,13.00,4.00,2.00,1.00,12969.00,16.00,35.00,3.00,-15.00,1.00,0.00,97.14,80.00,67.00,1,1,2022-11-13,1430.57,1326.27,0.60,0.40,1413.34,1343.51
7518,441,440,W,6.00,12886.00,18.00,37.00,7.00,20.00,5.00,1.00,2.00,12351.00,17.00,20.00,5.00,-20.00,2.00,0.00,90.00,83.78,67.00,1,2,2022-11-13,1385.92,1292.91,0.58,0.42,1367.92,1310.92
7522,451,130,L,2.00,12792.00,4.00,11.00,4.00,-80.00,2.00,1.00,19.00,11715.00,20.00,45.00,0.00,80.00,14.00,9.00,57.78,81.82,67.00,1,5,2022-11-13,872.37,1092.93,0.24,0.76,882.71,1082.60
7525,44,207,W,5.00,12876.00,28.00,45.00,6.00,0.00,3.00,1.00,3.00,13508.00,6.00,23.00,9.00,0.00,2.00,0.00,,88.89,67.00,1,3,2022-11-13,1301.18,1208.44,0.58,0.42,1283.15,1226.46
7526,402,331,W,4.00,13049.00,17.00,22.00,7.00,15.00,3.00,0.00,3.00,12795.00,16.00,23.00,6.00,-15.00,2.00,0.00,86.96,81.82,67.00,1,3,2022-11-13,1238.50,1221.88,0.46,0.54,1215.14,1245.24
7528,404,104,W,5.00,13089.00,10.00,27.00,0.00,5.00,3.00,1.00,3.00,12772.00,6.00,15.00,4.00,-3.00,3.00,1.00,80.00,81.48,67.00,1,4,2022-11-13,1173.60,1176.87,0.42,0.58,1148.86,1201.61
7529,332,216,W,6.00,12684.00,7.00,30.00,3.00,15.00,2.00,1.00,5.00,13272.00,20.00,40.00,5.00,-15.00,1.00,0.00,87.50,,67.00,1,4,2022-11-13,1046.05,1019.84,0.47,0.53,1023.36,1042.53
7530,438,215,W,6.00,12612.00,14.00,29.00,1.00,13.00,4.00,1.00,2.00,13283.00,13.00,22.00,4.00,-15.00,2.00,0.00,90.91,,67.00,1,4,2022-11-13,1202.21,1062.32,0.65,0.35,1187.30,1077.23
7022,46,49,L,3.00,13349.00,12.00,26.00,4.00,-10.00,3.00,1.00,5.00,13105.00,22.00,28.00,7.00,9.00,5.00,2.00,82.14,88.46,68.00,1,0,2022-11-19,1419.53,1548.50,0.36,0.64,1435.14,1532.89
7023,442,447,W,8.00,13064.00,17.00,44.00,3.00,30.00,7.00,2.00,2.00,12343.00,18.00,20.00,8.00,-30.00,1.00,0.00,90.00,81.82,68.00,1,0,2022-11-19,1498.50,1410.98,0.57,0.43,1480.12,1429.36
7497,48,333,L,2.00,11779.00,7.00,26.00,3.00,-5.00,2.00,2.00,3.00,12119.00,9.00,31.00,0.00,4.00,1.00,0.00,90.32,92.31,67.00,1,0,2022-11-19,1531.84,1642.15,0.39,0.61,1548.68,1625.32
7498,409,187,W,7.00,12534.00,7.00,30.00,2.00,5.00,4.00,0.00,3.00,12202.00,11.00,22.00,2.00,-5.00,3.00,1.00,,76.67,67.00,1,0,2022-11-19,1509.19,1478.78,0.48,0.52,1486.80,1501.17
7513,405,329,L,1.00,12852.00,5.00,24.00,9.00,-10.00,0.00,0.00,5.00,12377.00,21.00,33.00,0.00,10.00,5.00,1.00,84.85,95.83,67.00,1,1,2022-11-19,1309.28,1417.27,0.40,0.60,1326.27,1400.28
7551,445,215,L,2.00,12896.00,14.00,13.00,8.00,-30.00,0.00,0.00,8.00,13049.00,21.00,34.00,5.00,30.00,5.00,1.00,76.47,84.62,67.00,1,4,2022-11-19,939.47,1077.35,0.35,0.65,954.50,1062.32
7552,402,26,W,5.00,12364.00,8.00,28.00,1.00,9.00,2.00,0.00,2.00,11843.00,13.00,25.00,0.00,-9.00,0.00,0.00,92.00,82.14,67.00,1,3,2022-11-19,1258.19,1189.56,0.54,0.46,1238.50,1209.26
7553,8,448,W,6.00,10872.00,13.00,24.00,3.00,15.00,6.00,3.00,4.00,12942.00,5.00,28.00,5.00,-16.00,3.00,0.00,85.71,75.00,67.00,1,3,2022-11-19,1284.58,1088.36,0.73,0.27,1272.98,1099.96
7556,110,207,L,2.00,12797.00,11.00,23.00,3.00,-5.00,2.00,0.00,6.00,12658.00,11.00,30.00,4.00,5.00,3.00,0.00,80.00,91.30,67.00,1,3,2022-11-19,1103.24,1224.54,0.37,0.63,1119.35,1208.44
7557,38,407,L,7.00,12476.00,13.00,26.00,0.00,-6.00,5.00,1.00,10.00,12963.00,14.00,28.00,5.00,4.00,5.00,0.00,64.29,73.08,67.00,1,3,2022-11-19,1176.05,1168.23,0.58,0.42,1201.10,1143.18
7559,411,453,W,16.00,11285.00,19.00,43.00,1.00,79.00,14.00,1.00,0.00,12533.00,6.00,5.00,4.00,-79.00,0.00,0.00,100.00,62.79,67.00,1,5,2022-11-19,1082.87,912.54,0.70,0.30,1069.82,925.60
7560,439,176,W,6.00,12816.00,15.00,21.00,4.00,11.00,4.00,2.00,4.00,11738.00,10.00,20.00,5.00,-9.00,4.00,1.00,,71.43,67.00,1,5,2022-11-19,1069.45,1032.89,0.49,0.51,1047.50,1054.84
7561,205,404,W,5.00,12948.00,13.00,39.00,4.00,20.00,4.00,1.00,1.00,11775.00,11.00,7.00,2.00,-20.00,1.00,1.00,85.71,87.18,67.00,1,4,2022-11-19,1264.13,1156.59,0.60,0.40,1247.11,1173.60
7563,406,332,W,8.00,12904.00,15.00,36.00,5.00,20.00,6.00,4.00,4.00,13217.00,12.00,24.00,1.00,-20.00,2.00,1.00,83.33,77.78,67.00,1,4,2022-11-19,1104.73,1026.99,0.56,0.44,1085.68,1046.05
7564,61,65,L,3.00,12182.00,11.00,19.00,3.00,-5.00,3.00,2.00,6.00,13594.00,16.00,21.00,5.00,5.00,3.00,1.00,71.43,84.21,67.00,1,4,2022-11-19,1101.90,1133.44,0.52,0.48,1124.21,1111.13
7567,375,130,L,2.00,12209.00,16.00,14.00,5.00,-6.00,1.00,0.00,3.00,12202.00,18.00,25.00,3.00,6.00,3.00,0.00,88.00,85.71,67.00,1,5,2022-11-19,1070.94,1114.40,0.50,0.50,1092.41,1092.93
7021,4,17,L,0.00,11524.00,16.00,19.00,7.00,-25.00,0.00,0.00,7.00,12464.00,21.00,25.00,2.00,25.00,7.00,2.00,72.00,100.00,68.00,1,0,2022-11-20,1423.04,1481.13,0.48,0.52,1443.48,1460.69
7024,56,29,W,7.00,13541.00,33.00,42.00,3.00,-10.00,6.00,5.00,6.00,13406.00,8.00,28.00,9.00,10.00,5.00,1.00,78.57,83.33,68.00,1,0,2022-11-20,1606.26,1542.92,0.53,0.47,1586.19,1562.99
7093,31,111,W,4.00,13022.00,18.00,29.00,6.00,10.00,3.00,1.00,3.00,13688.00,17.00,26.00,6.00,-10.00,3.00,1.00,88.46,86.21,68.00,1,1,2022-11-20,1434.95,1434.50,0.43,0.57,1410.47,1458.98
7094,396,35,L,0.00,12312.00,18.00,15.00,9.00,-20.00,0.00,0.00,8.00,12862.00,25.00,39.00,5.00,20.00,8.00,6.00,79.49,100.00,68.00,1,1,2022-11-20,1312.15,1427.35,0.38,0.62,1328.66,1410.84
7095,12,452,W,4.00,12956.00,8.00,30.00,2.00,15.00,4.00,3.00,1.00,13410.00,21.00,25.00,3.00,-15.00,0.00,0.00,96.00,86.67,68.00,1,1,2022-11-20,1405.92,1401.63,0.44,0.56,1381.70,1425.85
7096,15,399,W,5.00,12974.00,10.00,41.00,3.00,15.00,5.00,4.00,3.00,13123.00,17.00,17.00,1.00,-15.00,3.00,1.00,82.35,87.80,68.00,1,1,2022-11-20,1462.63,1282.42,0.71,0.29,1450.15,1294.91
7496,208,131,L,3.00,12546.00,18.00,40.00,4.00,-10.00,3.00,0.00,6.00,12707.00,16.00,24.00,10.00,10.00,5.00,4.00,75.00,92.50,67.00,1,0,2022-11-20,1427.89,1520.54,0.42,0.58,1445.92,1502.51
7499,63,109,W,13.00,12094.00,12.00,31.00,1.00,64.00,10.00,2.00,1.00,13347.00,7.00,18.00,7.00,-65.00,1.00,1.00,94.44,58.06,67.00,1,0,2022-11-20,1304.87,1325.98,0.40,0.60,1278.92,1351.93
7511,443,410,W,5.00,12933.00,19.00,23.00,6.00,15.00,4.00,3.00,1.00,12601.00,13.00,32.00,8.00,-15.00,1.00,0.00,96.88,78.26,67.00,1,1,2022-11-20,1459.95,1409.59,0.51,0.49,1438.97,1430.57
7512,53,450,W,5.00,12949.00,15.00,19.00,1.00,15.00,5.00,3.00,1.00,12944.00,13.00,31.00,6.00,-14.00,1.00,1.00,96.77,73.68,67.00,1,1,2022-11-20,1511.91,1380.98,0.64,0.36,1496.43,1396.46
7514,200,138,L,4.00,12744.00,14.00,20.00,3.00,-16.00,4.00,2.00,7.00,13001.00,16.00,38.00,4.00,15.00,4.00,1.00,81.58,80.00,67.00,1,1,2022-11-20,1410.66,1363.48,0.64,0.36,1438.32,1335.81
7555,331,44,L,1.00,12710.00,8.00,10.00,4.00,-5.00,1.00,0.00,4.00,12480.00,13.00,23.00,4.00,5.00,3.00,1.00,82.61,,67.00,1,3,2022-11-20,1205.21,1317.85,0.39,0.61,1221.88,1301.18
7562,446,438,L,3.00,12904.00,11.00,13.00,2.00,-54.00,2.00,1.00,15.00,12621.00,16.00,31.00,4.00,53.00,12.00,4.00,51.61,76.92,67.00,1,4,2022-11-20,1030.49,1214.48,0.29,0.71,1042.76,1202.21
7565,216,132,L,2.00,11649.00,10.00,15.00,1.00,-26.00,1.00,0.00,7.00,12521.00,23.00,30.00,5.00,25.00,4.00,0.00,,86.67,67.00,1,4,2022-11-20,1006.30,1168.40,0.31,0.69,1019.84,1154.86
7568,397,431,W,3.00,12978.00,16.00,11.00,6.00,5.00,0.00,0.00,0.00,13194.00,12.00,24.00,4.00,-5.00,0.00,0.00,100.00,72.73,67.00,1,5,2022-11-20,1075.42,1052.08,0.47,0.53,1052.54,1074.97
7025,17,49,L,4.00,12887.00,6.00,34.00,3.00,-20.00,3.00,1.00,8.00,12484.00,23.00,25.00,1.00,20.00,7.00,5.00,,88.24,68.00,1,0,2022-11-26,1463.75,1565.88,0.40,0.60,1481.13,1548.50
7028,442,1,L,4.00,14522.00,21.00,31.00,7.00,-5.00,4.00,1.00,5.00,15470.00,20.00,20.00,5.00,6.00,4.00,2.00,75.00,87.10,68.00,1,0,2022-11-26,1481.32,1586.32,0.40,0.60,1498.50,1569.14
7566,269,331,L,4.00,12728.00,9.00,14.00,0.00,-7.00,4.00,0.00,5.00,12769.00,17.00,22.00,2.00,5.00,4.00,3.00,77.27,71.43,67.00,1,3,2022-11-26,1181.34,1226.55,0.50,0.50,1202.69,1205.21
7569,404,445,W,8.00,13242.00,19.00,41.00,4.00,25.00,7.00,1.00,3.00,13251.00,16.00,16.00,10.00,-25.00,2.00,0.00,81.25,80.49,67.00,1,4,2022-11-26,1166.16,929.89,0.78,0.22,1156.59,939.47
7570,446,205,L,2.00,12451.00,15.00,16.00,4.00,-11.00,2.00,0.00,5.00,12783.00,17.00,30.00,9.00,10.00,3.00,1.00,83.33,87.50,67.00,1,4,2022-11-26,1021.60,1273.02,0.21,0.79,1030.49,1264.13
7571,216,65,L,3.00,12320.00,5.00,20.00,6.00,-5.00,2.00,1.00,4.00,12756.00,21.00,29.00,3.00,5.00,4.00,2.00,86.21,85.00,67.00,1,4,2022-11-26,992.34,1147.40,0.32,0.68,1006.30,1133.44
7572,132,332,L,3.00,13111.00,6.00,29.00,5.00,-20.00,2.00,0.00,7.00,12794.00,16.00,35.00,2.00,20.00,4.00,1.00,80.00,89.66,67.00,1,4,2022-11-26,1138.60,1056.79,0.69,0.31,1168.40,1026.99
7573,104,438,L,3.00,13435.00,19.00,14.00,2.00,-15.00,3.00,0.00,7.00,12700.00,9.00,29.00,5.00,14.00,4.00,1.00,75.86,71.43,67.00,1,4,2022-11-26,1157.69,1233.66,0.45,0.55,1176.87,1214.48
7574,215,61,W,5.00,11965.00,7.00,23.00,0.00,0.00,5.00,0.00,3.00,12339.00,13.00,18.00,2.00,0.00,3.00,2.00,83.33,78.26,67.00,1,4,2022-11-26,1100.37,1078.88,0.46,0.54,1077.35,1101.90
7608,53,379,L,2.00,11567.00,8.00,26.00,1.00,-6.00,2.00,1.00,3.00,11763.00,20.00,25.00,5.00,6.00,0.00,0.00,88.00,92.31,70.00,1,0,2022-11-26,1490.29,1531.56,0.50,0.50,1511.91,1509.93
7609,409,399,W,9.00,12096.00,7.00,36.00,3.00,28.00,7.00,2.00,2.00,12363.00,6.00,22.00,1.00,-29.00,2.00,0.00,90.91,75.00,70.00,1,0,2022-11-26,1518.36,1273.25,0.79,0.21,1509.19,1282.42
7610,48,63,L,3.00,13091.00,15.00,23.00,6.00,-1.00,3.00,0.00,4.00,12049.00,16.00,23.00,4.00,-1.00,2.00,1.00,82.61,86.96,70.00,1,0,2022-11-26,1498.01,1338.71,0.79,0.21,1531.84,1304.87
7612,440,64,L,4.00,13016.00,22.00,21.00,0.00,5.00,3.00,2.00,5.00,13294.00,12.00,22.00,2.00,-5.00,4.00,1.00,77.27,80.95,70.00,1,2,2022-11-26,1272.76,1334.92,0.47,0.53,1292.91,1314.77
7026,447,4,L,2.00,12311.00,21.00,37.00,5.00,0.00,1.00,0.00,3.00,12975.00,15.00,28.00,7.00,0.00,3.00,0.00,89.29,94.59,68.00,1,0,2022-11-27,1390.22,1443.80,0.48,0.52,1410.98,1423.04
7027,46,56,L,2.00,12106.00,18.00,12.00,3.00,-15.00,2.00,1.00,6.00,12810.00,26.00,53.00,3.00,15.00,6.00,3.00,88.68,83.33,68.00,1,0,2022-11-27,1408.59,1617.20,0.25,0.75,1419.53,1606.26
7261,239,31,L,3.00,12949.00,19.00,30.00,2.00,-25.00,2.00,1.00,9.00,12804.00,18.00,29.00,3.00,25.00,9.00,3.00,68.97,90.00,68.00,1,1,2022-11-27,1487.64,1461.26,0.61,0.39,1513.94,1434.95
7442,35,111,L,5.00,12412.00,17.00,27.00,2.00,-6.00,4.00,1.00,7.00,13200.00,12.00,13.00,4.00,5.00,6.00,2.00,46.15,81.48,68.00,1,1,2022-11-27,1406.29,1455.56,0.49,0.51,1427.35,1434.50
7554,189,448,L,5.00,13830.00,16.00,25.00,11.00,0.00,4.00,2.00,6.00,13910.00,26.00,21.00,6.00,0.00,3.00,1.00,71.43,80.00,67.00,1,3,2022-11-27,1134.00,1114.22,0.60,0.40,1159.87,1088.36
7558,207,8,W,8.00,12403.00,23.00,27.00,3.00,19.00,5.00,1.00,3.00,12645.00,14.00,26.00,10.00,-21.00,1.00,0.00,88.46,70.37,67.00,1,3,2022-11-27,1249.72,1259.40,0.41,0.59,1224.54,1284.58
7611,44,129,W,3.00,12775.00,10.00,27.00,2.00,-1.00,3.00,0.00,2.00,13265.00,21.00,21.00,5.00,1.00,2.00,0.00,90.48,88.89,70.00,1,2,2022-11-27,1339.26,1294.86,0.50,0.50,1317.85,1316.26
7613,441,336,L,1.00,11972.00,18.00,17.00,2.00,-10.00,1.00,1.00,5.00,12885.00,20.00,22.00,4.00,10.00,2.00,0.00,77.27,94.12,70.00,1,2,2022-11-27,1358.35,1312.62,0.64,0.36,1385.92,1285.04
7614,214,405,L,3.00,13190.00,14.00,17.00,7.00,0.00,2.00,0.00,4.00,12472.00,19.00,19.00,3.00,0.00,2.00,2.00,78.95,82.35,70.00,1,2,2022-11-27,1237.88,1327.52,0.42,0.58,1256.11,1309.28
7615,403,200,L,3.00,13297.00,24.00,18.00,10.00,-8.00,2.00,0.00,5.00,12002.00,14.00,25.00,5.00,5.00,5.00,0.00,80.00,83.33,70.00,1,2,2022-11-27,1225.12,1422.21,0.27,0.73,1236.67,1410.66
7616,131,333,L,2.00,11923.00,11.00,34.00,3.00,-19.00,2.00,2.00,5.00,12876.00,14.00,41.00,3.00,19.00,4.00,1.00,87.80,94.12,70.00,1,0,2022-11-27,1506.27,1656.42,0.33,0.67,1520.54,1642.15
7017,17,447,W,6.00,11850.00,13.00,19.00,2.00,10.00,5.00,2.00,3.00,12732.00,17.00,31.00,3.00,-10.00,3.00,1.00,90.32,68.42,68.00,1,0,2022-12-11,1480.76,1373.21,0.60,0.40,1463.75,1390.22
7018,4,56,L,1.00,12643.00,9.00,19.00,6.00,-16.00,1.00,0.00,5.00,13287.00,21.00,34.00,2.00,14.00,5.00,0.00,85.29,94.74,68.00,1,0,2022-12-11,1432.22,1628.78,0.27,0.73,1443.80,1617.20
7492,63,191,L,5.00,13698.00,13.00,31.00,7.00,-1.00,4.00,1.00,7.00,13846.00,19.00,24.00,4.00,-1.00,2.00,0.00,70.83,83.87,67.00,1,0,2022-12-11,1326.96,1520.29,0.27,0.73,1338.71,1508.54
7494,48,409,W,5.00,12783.00,8.00,27.00,3.00,14.00,5.00,1.00,2.00,11940.00,14.00,19.00,1.00,-14.00,2.00,1.00,89.47,81.48,67.00,1,0,2022-12-11,1520.76,1495.60,0.47,0.53,1498.01,1518.36
7507,200,329,W,3.00,13141.00,12.00,21.00,1.00,-5.00,3.00,2.00,2.00,11908.00,20.00,15.00,4.00,5.00,0.00,0.00,86.67,85.71,67.00,1,1,2022-12-11,1443.40,1396.07,0.51,0.49,1422.21,1417.27
7515,335,336,W,3.00,12353.00,20.00,21.00,2.00,9.00,2.00,1.00,1.00,12563.00,15.00,18.00,5.00,-10.00,0.00,0.00,94.44,85.71,67.00,1,2,2022-12-11,1361.87,1292.94,0.54,0.46,1342.20,1312.62
7517,403,23,L,2.00,13180.00,6.00,21.00,8.00,-5.00,1.00,1.00,3.00,12594.00,17.00,23.00,3.00,5.00,2.00,2.00,86.96,90.48,67.00,1,2,2022-12-11,1210.62,1356.95,0.34,0.66,1225.12,1342.45
7519,129,64,W,5.00,12072.00,11.00,23.00,2.00,5.00,4.00,0.00,4.00,11623.00,12.00,18.00,1.00,-6.00,2.00,0.00,77.78,78.26,67.00,1,2,2022-12-11,1318.83,1310.95,0.44,0.56,1294.86,1334.92
7520,26,448,W,4.00,11232.00,8.00,22.00,6.00,15.00,3.00,1.00,0.00,12443.00,13.00,16.00,2.00,-15.00,0.00,0.00,100.00,81.82,67.00,1,3,2022-12-11,1206.47,1097.31,0.61,0.39,1189.56,1114.22
7521,8,110,W,4.00,12705.00,12.00,26.00,3.00,0.00,2.00,0.00,3.00,13682.00,14.00,19.00,3.00,-1.00,2.00,0.00,84.21,84.62,67.00,1,3,2022-12-11,1271.84,1090.81,0.71,0.29,1259.40,1103.24
7523,407,189,W,5.00,13445.00,15.00,27.00,3.00,0.00,1.00,0.00,3.00,12583.00,8.00,18.00,5.00,0.00,0.00,0.00,83.33,81.48,67.00,1,3,2022-12-11,1187.62,1114.62,0.55,0.45,1168.23,1134.00
7524,269,38,W,5.00,11494.00,7.00,21.00,5.00,13.00,4.00,2.00,2.00,12314.00,19.00,19.00,3.00,-16.00,2.00,0.00,89.47,76.19,67.00,1,3,2022-12-11,1202.51,1154.88,0.51,0.49,1181.34,1176.05
7527,132,445,L,1.00,12868.00,24.00,34.00,1.00,-20.00,1.00,0.00,6.00,12111.00,4.00,15.00,2.00,20.00,4.00,1.00,60.00,97.06,67.00,1,4,2022-12-11,1105.54,962.95,0.77,0.23,1138.60,929.89
7531,205,65,W,5.00,11677.00,10.00,17.00,4.00,10.00,3.00,1.00,1.00,12497.00,10.00,27.00,2.00,-10.00,1.00,0.00,96.30,70.59,67.00,1,4,2022-12-11,1287.07,1133.36,0.67,0.33,1273.02,1147.40
7532,406,61,L,4.00,12054.00,19.00,22.00,3.00,-16.00,4.00,0.00,7.00,11854.00,17.00,18.00,4.00,15.00,5.00,4.00,,81.82,67.00,1,4,2022-12-11,1081.64,1101.98,0.54,0.46,1104.73,1078.88
7533,401,375,W,7.00,13262.00,24.00,41.00,6.00,-5.00,6.00,3.00,6.00,12913.00,16.00,20.00,1.00,4.00,4.00,0.00,70.00,82.93,67.00,1,5,2022-12-11,921.53,1039.14,0.26,0.74,889.73,1070.94
7534,176,400,L,0.00,13175.00,21.00,24.00,4.00,-10.00,0.00,0.00,2.00,12987.00,4.00,10.00,7.00,10.00,2.00,1.00,80.00,100.00,67.00,1,5,2022-12-11,1005.64,964.90,0.63,0.37,1032.89,937.65
7535,439,431,L,2.00,13485.00,8.00,20.00,6.00,-22.00,1.00,0.00,7.00,12925.00,19.00,30.00,4.00,23.00,7.00,2.00,,90.00,67.00,1,5,2022-12-11,1046.88,1074.65,0.52,0.48,1069.45,1052.08
7536,453,397,L,1.00,13297.00,9.00,13.00,5.00,-55.00,0.00,0.00,12.00,13343.00,16.00,38.00,0.00,55.00,11.00,5.00,68.42,92.31,67.00,1,5,2022-12-11,900.44,1087.52,0.28,0.72,912.54,1075.42
7537,449,411,L,2.00,12260.00,5.00,5.00,0.00,-25.00,2.00,1.00,10.00,12962.00,21.00,32.00,1.00,25.00,7.00,1.00,,60.00,67.00,1,5,2022-12-11,910.38,1095.11,0.28,0.72,922.61,1082.87
7034,49,447,W,14.00,13101.00,13.00,33.00,1.00,55.00,11.00,5.00,5.00,13176.00,13.00,33.00,3.00,-55.00,4.00,0.00,84.85,57.58,68.00,1,0,2022-12-17,1576.55,1362.54,0.75,0.25,1565.88,1373.21
7035,17,56,L,2.00,13057.00,8.00,33.00,9.00,-20.00,2.00,0.00,6.00,12877.00,17.00,37.00,2.00,19.00,5.00,5.00,83.78,93.94,68.00,1,0,2022-12-17,1467.91,1641.64,0.30,0.70,1480.76,1628.78
7107,31,15,W,8.00,12229.00,22.00,19.00,5.00,21.00,5.00,2.00,3.00,13142.00,12.00,24.00,9.00,-20.00,3.00,2.00,87.50,,68.00,1,1,2022-12-17,1482.84,1441.05,0.50,0.50,1461.26,1462.63
7645,208,191,W,6.00,12980.00,8.00,21.00,13.00,-5.00,5.00,1.00,5.00,13341.00,32.00,26.00,3.00,5.00,5.00,1.00,80.77,71.43,70.00,1,0,2022-12-17,1454.98,1493.20,0.37,0.63,1427.89,1520.29
7673,214,336,L,4.00,13465.00,4.00,28.00,2.00,5.00,2.00,0.00,5.00,12916.00,14.00,18.00,2.00,-5.00,3.00,1.00,,85.71,70.00,1,2,2022-12-17,1219.76,1311.06,0.42,0.58,1237.88,1292.94
7674,403,441,L,2.00,12567.00,13.00,22.00,6.00,-25.00,2.00,0.00,9.00,12663.00,19.00,30.00,7.00,25.00,5.00,0.00,70.00,90.91,70.00,1,2,2022-12-17,1197.74,1371.22,0.30,0.70,1210.62,1358.35
7675,129,440,L,3.00,13040.00,30.00,21.00,5.00,-10.00,3.00,1.00,4.00,13032.00,14.00,38.00,8.00,10.00,3.00,2.00,89.47,85.71,70.00,1,2,2022-12-17,1294.50,1297.10,0.57,0.43,1318.83,1272.76
7767,110,26,L,1.00,13134.00,10.00,8.00,7.00,-10.00,0.00,0.00,3.00,13210.00,22.00,35.00,0.00,10.00,3.00,2.00,91.43,87.50,70.00,1,3,2022-12-17,1076.21,1221.07,0.34,0.66,1090.81,1206.47
7770,38,269,L,1.00,13069.00,31.00,20.00,4.00,-30.00,1.00,0.00,7.00,12760.00,13.00,24.00,14.00,30.00,6.00,3.00,,95.00,70.00,1,3,2022-12-17,1136.31,1221.08,0.43,0.57,1154.88,1202.51
7771,331,407,W,7.00,12932.00,19.00,21.00,9.00,5.00,5.00,3.00,4.00,13015.00,23.00,30.00,6.00,-6.00,2.00,2.00,86.67,66.67,70.00,1,3,2022-12-17,1245.65,1168.52,0.56,0.44,1226.55,1187.62
7774,448,132,L,3.00,14252.00,11.00,23.00,6.00,0.00,3.00,1.00,4.00,13851.00,19.00,32.00,2.00,0.00,2.00,1.00,87.50,86.96,70.00,1,4,2022-12-17,1076.32,1126.53,0.49,0.51,1097.31,1105.54
7775,446,406,L,1.00,13209.00,8.00,24.00,4.00,-25.00,0.00,0.00,6.00,12342.00,11.00,28.00,3.00,25.00,1.00,0.00,,95.83,70.00,1,4,2022-12-17,1003.78,1099.46,0.41,0.59,1021.60,1081.64
7776,332,215,L,1.00,13049.00,11.00,11.00,10.00,-5.00,0.00,0.00,3.00,12708.00,19.00,11.00,0.00,5.00,3.00,1.00,72.73,90.91,70.00,1,4,2022-12-17,1037.97,1119.19,0.44,0.56,1056.79,1100.37
7777,404,438,W,8.00,13490.00,13.00,27.00,7.00,9.00,6.00,1.00,5.00,12702.00,10.00,36.00,3.00,-10.00,3.00,2.00,86.11,70.37,70.00,1,4,2022-12-17,1191.79,1208.04,0.40,0.60,1166.16,1233.66
7778,65,61,W,7.00,12447.00,15.00,27.00,7.00,8.00,7.00,3.00,4.00,12742.00,5.00,27.00,1.00,-10.00,4.00,1.00,85.19,74.07,70.00,1,4,2022-12-17,1152.92,1082.42,0.55,0.45,1133.36,1101.98
7036,4,1,L,2.00,12441.00,15.00,32.00,5.00,-9.00,2.00,1.00,4.00,12841.00,17.00,24.00,6.00,10.00,4.00,3.00,83.33,93.75,68.00,1,0,2022-12-18,1419.67,1598.87,0.29,0.71,1432.22,1586.32
7646,191,379,W,4.00,12909.00,27.00,25.00,3.00,15.00,3.00,0.00,2.00,12611.00,14.00,26.00,7.00,-16.00,1.00,0.00,92.31,84.00,70.00,1,0,2022-12-18,1517.07,1507.69,0.45,0.55,1493.20,1531.56
7649,333,409,W,2.00,12485.00,13.00,30.00,6.00,5.00,1.00,1.00,1.00,12959.00,14.00,15.00,2.00,-5.00,1.00,1.00,93.33,93.33,70.00,1,0,2022-12-18,1668.62,1483.40,0.72,0.28,1656.42,1495.60
7676,405,402,L,4.00,12509.00,4.00,11.00,6.00,-6.00,3.00,1.00,5.00,13469.00,28.00,31.00,7.00,5.00,3.00,0.00,83.87,63.64,70.00,1,2,2022-12-18,1301.79,1283.93,0.60,0.40,1327.52,1258.19
7677,44,200,W,10.00,12876.00,28.00,31.00,7.00,35.00,9.00,1.00,3.00,13153.00,12.00,18.00,9.00,-35.00,2.00,0.00,,67.74,70.00,1,2,2022-12-18,1367.01,1415.65,0.35,0.65,1339.26,1443.40
7678,450,211,L,1.00,12756.00,10.00,10.00,6.00,-10.00,1.00,0.00,5.00,13040.00,25.00,23.00,4.00,10.00,4.00,4.00,78.26,90.00,70.00,1,1,2022-12-18,1362.85,1453.99,0.42,0.58,1380.98,1435.86
7681,23,335,W,6.00,13227.00,20.00,35.00,8.00,-1.00,4.00,3.00,5.00,13287.00,21.00,33.00,9.00,0.00,4.00,1.00,84.85,82.86,70.00,1,1,2022-12-18,1378.76,1340.07,0.49,0.51,1356.95,1361.87
7768,205,8,L,1.00,11956.00,11.00,17.00,5.00,-1.00,0.00,0.00,2.00,12908.00,19.00,26.00,7.00,0.00,2.00,0.00,92.31,94.12,70.00,1,3,2022-12-18,1264.62,1294.28,0.52,0.48,1287.07,1271.84
7769,22,207,W,4.00,13006.00,19.00,24.00,6.00,5.00,4.00,2.00,2.00,10447.00,10.00,19.00,3.00,-5.00,1.00,1.00,89.47,83.33,70.00,1,3,2022-12-18,1234.00,1225.78,0.44,0.56,1210.05,1249.72
7772,104,130,W,2.00,14493.00,19.00,25.00,1.00,0.00,1.00,0.00,1.00,13777.00,14.00,19.00,5.00,0.00,1.00,0.00,94.74,92.00,70.00,1,4,2022-12-18,1176.52,1095.57,0.56,0.44,1157.69,1114.40
7037,29,46,W,6.00,9638.00,11.00,23.00,4.00,19.00,5.00,0.00,2.00,12878.00,19.00,20.00,7.00,-20.00,2.00,0.00,90.00,73.91,68.00,1,0,2022-12-24,1556.50,1395.01,0.68,0.32,1542.92,1408.59
7651,399,379,L,2.00,13297.00,23.00,31.00,2.00,-5.00,2.00,2.00,3.00,12237.00,7.00,28.00,8.00,4.00,3.00,0.00,89.29,93.55,70.00,1,0,2022-12-24,1264.40,1516.55,0.21,0.79,1273.25,1507.69
7652,208,48,L,5.00,13174.00,9.00,35.00,7.00,15.00,4.00,2.00,6.00,13293.00,26.00,32.00,6.00,-15.00,5.00,1.00,81.25,85.71,70.00,1,0,2022-12-24,1437.50,1538.24,0.41,0.59,1454.98,1520.76
7683,329,335,L,1.00,11607.00,24.00,12.00,5.00,-5.00,0.00,0.00,3.00,12655.00,11.00,29.00,3.00,5.00,2.00,1.00,89.66,91.67,70.00,1,1,2022-12-24,1371.14,1365.00,0.58,0.42,1396.07,1340.07
7684,187,23,W,4.00,13199.00,21.00,21.00,3.00,4.00,2.00,2.00,3.00,12941.00,22.00,28.00,2.00,-5.00,2.00,0.00,89.29,80.95,70.00,1,1,2022-12-24,1494.26,1363.28,0.64,0.36,1478.78,1378.76
7685,211,109,W,6.00,12585.00,15.00,16.00,7.00,20.00,5.00,3.00,3.00,12918.00,13.00,25.00,1.00,-21.00,3.00,0.00,88.00,62.50,70.00,1,1,2022-12-24,1467.91,1312.06,0.68,0.32,1453.99,1325.98
7688,64,214,L,1.00,13230.00,41.00,23.00,16.00,-10.00,1.00,0.00,3.00,13356.00,20.00,24.00,8.00,10.00,3.00,0.00,87.50,95.65,70.00,1,2,2022-12-24,1283.94,1246.77,0.63,0.37,1310.95,1219.76
7690,129,441,L,4.00,13807.00,16.00,28.00,3.00,5.00,2.00,3.00,5.00,14030.00,18.00,29.00,9.00,-5.00,2.00,0.00,82.76,85.71,70.00,1,2,2022-12-24,1277.67,1388.05,0.39,0.61,1294.50,1371.22
7764,176,445,W,3.00,12550.00,11.00,17.00,7.00,14.00,3.00,2.00,0.00,13031.00,27.00,25.00,1.00,-14.00,0.00,0.00,100.00,82.35,70.00,1,5,2022-12-24,1024.51,944.07,0.56,0.44,1005.64,962.95
7779,38,110,W,8.00,13187.00,40.00,40.00,1.00,30.00,8.00,5.00,1.00,12768.00,7.00,10.00,6.00,-30.00,1.00,0.00,90.00,80.00,70.00,1,3,2022-12-24,1154.13,1058.39,0.59,0.41,1136.31,1076.21
7780,331,205,L,3.00,12537.00,27.00,23.00,5.00,-15.00,3.00,0.00,8.00,11474.00,6.00,16.00,6.00,14.00,4.00,1.00,50.00,86.96,70.00,1,3,2022-12-24,1225.32,1284.95,0.47,0.53,1245.65,1264.62
7784,65,438,L,3.00,13292.00,19.00,32.00,9.00,0.00,3.00,1.00,4.00,13061.00,11.00,22.00,3.00,0.00,3.00,0.00,81.82,90.62,70.00,1,4,2022-12-24,1134.80,1226.15,0.42,0.58,1152.92,1208.04
7788,401,449,L,1.00,13877.00,27.00,23.00,7.00,0.00,1.00,0.00,2.00,13245.00,18.00,16.00,3.00,0.00,0.00,0.00,87.50,95.65,70.00,1,6,2022-12-24,899.34,932.56,0.52,0.48,921.53,910.38
7789,451,453,W,3.00,12807.00,22.00,19.00,4.00,10.00,1.00,0.00,1.00,13040.00,12.00,27.00,3.00,-10.00,0.00,0.00,96.30,84.21,70.00,1,6,2022-12-24,895.61,877.21,0.46,0.54,872.37,900.44
7790,332,61,L,2.00,12831.00,30.00,18.00,2.00,-1.00,1.00,1.00,6.00,0.00,0.00,0.00,1.00,0.00,6.00,2.00,-inf,88.89,70.00,1,4,2022-12-24,1019.20,1101.18,0.44,0.56,1037.97,1082.42
7823,400,439,L,3.00,13303.00,11.00,20.00,4.00,-15.00,1.00,0.00,5.00,13017.00,26.00,29.00,3.00,14.00,4.00,1.00,82.76,85.00,70.00,1,5,2022-12-24,948.38,1063.40,0.38,0.62,964.90,1046.88
7686,443,410,W,8.00,12407.00,11.00,31.00,1.00,14.00,8.00,2.00,2.00,11613.00,11.00,21.00,1.00,-14.00,2.00,0.00,90.48,74.19,70.00,1,1,2022-12-25,1478.35,1391.19,0.57,0.43,1459.95,1409.59
7687,408,450,L,1.00,12258.00,11.00,25.00,6.00,-5.00,0.00,0.00,2.00,12144.00,19.00,21.00,2.00,5.00,1.00,0.00,90.48,96.00,70.00,1,1,2022-12-25,1358.74,1385.49,0.53,0.47,1381.39,1362.85
7763,411,431,L,2.00,13442.00,13.00,24.00,3.00,-5.00,0.00,0.00,3.00,14220.00,12.00,12.00,8.00,5.00,1.00,0.00,75.00,91.67,70.00,1,5,2022-12-25,1072.34,1097.42,0.53,0.47,1095.11,1074.65
7781,207,189,W,2.00,11836.00,24.00,16.00,5.00,0.00,2.00,1.00,1.00,12192.00,16.00,25.00,10.00,0.00,1.00,0.00,96.00,87.50,70.00,1,3,2022-12-25,1240.62,1099.77,0.65,0.35,1225.78,1114.62
7782,407,22,L,4.00,12922.00,27.00,24.00,14.00,-10.00,1.00,0.00,5.00,12560.00,21.00,23.00,4.00,10.00,5.00,2.00,78.26,83.33,70.00,1,3,2022-12-25,1151.03,1251.49,0.41,0.59,1168.52,1234.00
7783,269,8,W,4.00,9575.00,11.00,15.00,3.00,8.00,1.00,0.00,3.00,12282.00,20.00,26.00,5.00,-10.00,3.00,0.00,88.46,73.33,70.00,1,3,2022-12-25,1247.05,1268.31,0.40,0.60,1221.08,1294.28
7785,215,446,W,6.00,12446.00,11.00,22.00,9.00,9.00,6.00,1.00,3.00,13562.00,23.00,22.00,4.00,-10.00,3.00,1.00,86.36,,70.00,1,4,2022-12-25,1133.80,989.17,0.66,0.34,1119.19,1003.78
7786,132,104,L,1.00,12770.00,15.00,19.00,2.00,-10.00,1.00,1.00,3.00,13557.00,8.00,12.00,6.00,10.00,2.00,1.00,75.00,94.74,70.00,1,4,2022-12-25,1108.11,1194.95,0.43,0.57,1126.53,1176.52
7791,404,448,W,6.00,12879.00,16.00,26.00,2.00,18.00,3.00,1.00,2.00,12591.00,8.00,26.00,4.00,-20.00,0.00,0.00,92.31,76.92,70.00,1,4,2022-12-25,1206.39,1061.72,0.66,0.34,1191.79,1076.32
8344,29,49,L,3.00,13012.00,13.00,24.00,9.00,-15.00,3.00,3.00,7.00,12679.00,16.00,30.00,4.00,15.00,7.00,4.00,76.67,87.50,68.00,3,0,2023-01-04,1536.24,1596.81,0.47,0.53,1556.50,1576.55
8345,1,17,L,4.00,14236.00,17.00,40.00,3.00,-10.00,4.00,2.00,5.00,13490.00,13.00,39.00,3.00,10.00,5.00,3.00,87.18,90.00,68.00,3,0,2023-01-04,1569.63,1497.15,0.68,0.32,1598.87,1467.91
8350,12,31,L,1.00,12169.00,16.00,19.00,3.00,-15.00,1.00,1.00,5.00,12794.00,18.00,40.00,4.00,15.00,4.00,1.00,87.50,94.74,68.00,3,1,2023-01-04,1389.10,1499.66,0.39,0.61,1405.92,1482.84
8390,452,239,L,2.00,13039.00,16.00,30.00,4.00,-5.00,2.00,1.00,3.00,13186.00,19.00,31.00,10.00,5.00,3.00,2.00,90.32,93.33,68.00,3,1,2023-01-04,1385.35,1503.92,0.38,0.62,1401.63,1487.64
8392,333,131,L,2.00,12797.00,19.00,37.00,2.00,-5.00,2.00,1.00,4.00,12449.00,15.00,20.00,8.00,5.00,4.00,1.00,80.00,94.59,70.00,3,0,2023-01-04,1637.75,1537.14,0.72,0.28,1668.62,1506.27
8393,208,191,L,2.00,10758.00,8.00,18.00,7.00,5.00,2.00,1.00,4.00,12625.00,17.00,36.00,1.00,-5.00,3.00,0.00,88.89,88.89,70.00,3,0,2023-01-04,1420.84,1533.73,0.39,0.61,1437.50,1517.07
8399,205,331,L,2.00,12800.00,24.00,19.00,7.00,-10.00,2.00,0.00,3.00,12627.00,11.00,23.00,3.00,10.00,3.00,0.00,86.96,89.47,70.00,6,3,2023-01-04,1259.80,1250.48,0.58,0.42,1284.95,1225.32
8401,406,215,W,2.00,12642.00,19.00,22.00,4.00,4.00,1.00,0.00,1.00,12929.00,20.00,25.00,7.00,-5.00,0.00,0.00,96.00,90.91,70.00,6,4,2023-01-04,1123.08,1110.18,0.45,0.55,1099.46,1133.80
8402,411,216,W,5.00,13283.00,33.00,23.00,4.00,-1.00,5.00,0.00,3.00,12775.00,10.00,21.00,10.00,1.00,2.00,0.00,,,70.00,3,5,2023-01-04,1088.98,975.70,0.61,0.39,1072.34,992.34
8772,396,12,W,4.00,12344.00,21.00,27.00,6.00,3.00,4.00,1.00,2.00,12701.00,24.00,34.00,7.00,-4.00,0.00,0.00,94.12,85.19,74.00,1,1,2023-01-10,1338.34,1362.92,0.39,0.61,1312.15,1389.10
8773,333,35,L,4.00,13115.00,17.00,23.00,7.00,-1.00,2.00,1.00,5.00,12981.00,23.00,35.00,9.00,0.00,4.00,3.00,85.71,82.61,74.00,1,1,2023-01-10,1603.72,1440.32,0.79,0.21,1637.75,1406.29
8808,443,111,L,0.00,13151.00,23.00,27.00,7.00,-20.00,0.00,0.00,4.00,12825.00,17.00,28.00,8.00,20.00,3.00,2.00,85.71,100.00,75.00,1,0,2023-01-10,1455.44,1478.46,0.53,0.47,1478.35,1455.56
8809,92,409,W,7.00,12004.00,17.00,26.00,6.00,22.00,4.00,1.00,2.00,12344.00,18.00,21.00,6.00,-21.00,2.00,1.00,90.48,73.08,75.00,1,0,2023-01-10,1520.47,1462.93,0.52,0.48,1500.00,1483.40
8810,44,23,W,3.00,12793.00,20.00,28.00,11.00,5.00,3.00,1.00,1.00,12784.00,21.00,22.00,5.00,-5.00,1.00,0.00,95.45,89.29,75.00,1,1,2023-01-10,1388.28,1342.01,0.51,0.49,1367.01,1363.28
8811,48,402,W,4.00,12527.00,17.00,33.00,9.00,10.00,2.00,1.00,1.00,12406.00,21.00,28.00,9.00,-10.00,0.00,0.00,96.43,87.88,75.00,1,1,2023-01-10,1546.32,1275.85,0.81,0.19,1538.24,1283.93
8813,53,497,L,3.00,12728.00,11.00,32.00,2.00,5.00,2.00,0.00,4.00,14202.00,18.00,29.00,9.00,-5.00,3.00,1.00,86.21,90.62,75.00,1,1,2023-01-10,1463.32,1426.96,0.63,0.37,1490.29,1400.00
8814,329,331,L,1.00,13053.00,10.00,18.00,9.00,-24.00,1.00,0.00,7.00,12941.00,16.00,21.00,3.00,24.00,7.00,3.00,66.67,94.44,75.00,1,1,2023-01-10,1342.46,1279.16,0.67,0.33,1371.14,1250.48
8820,269,129,W,4.00,13295.00,14.00,30.00,4.00,9.00,2.00,1.00,2.00,12640.00,18.00,21.00,6.00,-10.00,2.00,0.00,90.48,86.67,75.00,1,2,2023-01-10,1270.44,1254.28,0.46,0.54,1247.05,1277.67
8822,104,446,W,5.00,12536.00,3.00,32.00,8.00,8.00,4.00,0.00,2.00,12844.00,12.00,15.00,0.00,-10.00,2.00,1.00,86.67,,75.00,1,3,2023-01-10,1205.02,979.10,0.77,0.23,1194.95,989.17
8823,61,448,L,2.00,12693.00,17.00,24.00,3.00,-5.00,1.00,0.00,3.00,12508.00,21.00,24.00,8.00,5.00,2.00,0.00,87.50,91.67,75.00,1,3,2023-01-10,1077.25,1085.65,0.56,0.44,1101.18,1061.72
8824,215,406,W,9.00,11463.00,19.00,30.00,6.00,5.00,9.00,4.00,6.00,12738.00,13.00,22.00,5.00,-6.00,4.00,0.00,,70.00,75.00,1,3,2023-01-10,1132.48,1100.78,0.48,0.52,1110.18,1123.08
8828,499,500,L,2.00,12863.00,13.00,13.00,6.00,-6.00,1.00,0.00,3.00,13899.00,18.00,28.00,5.00,5.00,1.00,0.00,89.29,84.62,75.00,1,4,2023-01-10,1078.50,1121.50,0.50,0.50,1100.00,1100.00
8829,375,130,W,3.00,0.00,0.00,0.00,0.00,6.00,3.00,0.00,1.00,12674.00,25.00,27.00,5.00,-6.00,0.00,0.00,96.30,-inf,75.00,1,4,2023-01-10,1064.11,1070.60,0.42,0.58,1039.14,1095.57
8830,176,400,L,1.00,12775.00,20.00,31.00,4.00,-5.00,0.00,0.00,3.00,12060.00,20.00,22.00,9.00,5.00,2.00,0.00,86.36,,75.00,1,4,2023-01-10,998.37,974.52,0.61,0.39,1024.51,948.38
8831,401,451,L,5.00,12480.00,29.00,34.00,4.00,-16.00,4.00,1.00,9.00,13193.00,14.00,24.00,8.00,15.00,5.00,2.00,62.50,,75.00,1,5,2023-01-10,877.61,917.34,0.51,0.49,899.34,895.61
8832,453,449,L,2.00,12007.00,13.00,20.00,7.00,-5.00,1.00,0.00,3.00,12614.00,24.00,25.00,1.00,4.00,2.00,0.00,88.00,90.00,75.00,1,5,2023-01-10,859.11,950.67,0.42,0.58,877.21,932.56
8868,442,1,W,7.00,12320.00,10.00,28.00,2.00,19.00,7.00,3.00,4.00,8264.00,2.00,17.00,1.00,-19.00,3.00,1.00,76.47,75.00,74.00,1,0,2023-01-10,1508.17,1542.78,0.38,0.62,1481.32,1569.63
7012,29,1,W,2.00,14138.00,20.00,35.00,5.00,0.00,1.00,0.00,1.00,13746.00,17.00,28.00,5.00,0.00,1.00,1.00,96.43,94.29,68.00,1,0,2023-01-14,1558.15,1520.87,0.49,0.51,1536.24,1542.78
7042,4,442,L,5.00,12486.00,16.00,37.00,10.00,-25.00,3.00,3.00,7.00,12159.00,14.00,22.00,5.00,25.00,7.00,4.00,68.18,86.49,68.00,1,0,2023-01-14,1403.53,1524.30,0.38,0.62,1419.67,1508.17
7067,12,111,L,2.00,12716.00,17.00,26.00,6.00,-20.00,1.00,0.00,6.00,12704.00,12.00,26.00,1.00,20.00,4.00,2.00,76.92,92.31,68.00,1,1,2023-01-14,1348.32,1493.07,0.34,0.66,1362.92,1478.46
7869,269,26,W,3.00,14151.00,20.00,42.00,9.00,0.00,2.00,0.00,2.00,14142.00,27.00,19.00,11.00,0.00,2.00,2.00,89.47,92.86,70.00,1,3,2023-01-14,1288.90,1202.60,0.57,0.43,1270.44,1221.07
7871,207,331,L,0.00,12352.00,7.00,14.00,9.00,-20.00,0.00,0.00,4.00,12677.00,16.00,39.00,1.00,20.00,4.00,2.00,89.74,100.00,70.00,1,3,2023-01-14,1221.50,1298.28,0.44,0.56,1240.62,1279.16
7874,131,208,W,5.00,13927.00,18.00,30.00,4.00,-5.00,3.00,3.00,3.00,13151.00,11.00,23.00,3.00,5.00,1.00,0.00,86.96,83.33,70.00,1,0,2023-01-14,1551.70,1406.28,0.66,0.34,1537.14,1420.84
7875,399,53,L,2.00,11352.00,11.00,16.00,3.00,0.00,1.00,0.00,3.00,12850.00,10.00,24.00,1.00,0.00,2.00,2.00,87.50,87.50,70.00,1,0,2023-01-14,1254.02,1473.70,0.24,0.76,1264.40,1463.32
7876,48,379,W,3.00,13375.00,17.00,20.00,11.00,0.00,3.00,0.00,2.00,12859.00,15.00,34.00,8.00,0.00,1.00,0.00,94.12,85.00,70.00,1,0,2023-01-14,1565.98,1496.89,0.54,0.46,1546.32,1516.55
7877,333,63,L,3.00,12870.00,21.00,29.00,6.00,-15.00,3.00,1.00,4.00,12807.00,14.00,29.00,5.00,15.00,4.00,2.00,86.21,89.66,70.00,1,0,2023-01-14,1567.99,1362.69,0.83,0.17,1603.72,1326.96
7878,403,64,L,4.00,12772.00,20.00,26.00,5.00,-5.00,2.00,1.00,6.00,13114.00,28.00,28.00,12.00,5.00,3.00,1.00,78.57,84.62,70.00,1,2,2023-01-14,1181.47,1300.21,0.38,0.62,1197.74,1283.94
7879,129,336,L,0.00,12972.00,10.00,23.00,5.00,-10.00,0.00,0.00,4.00,11800.00,19.00,25.00,5.00,9.00,3.00,2.00,84.00,100.00,70.00,1,2,2023-01-14,1236.26,1329.08,0.42,0.58,1254.28,1311.06
7882,200,405,W,6.00,11854.00,11.00,22.00,4.00,10.00,5.00,2.00,2.00,0.00,0.00,0.00,0.00,-10.00,2.00,1.00,-inf,72.73,70.00,1,2,2023-01-14,1430.34,1287.09,0.66,0.34,1415.65,1301.79
7888,446,130,W,4.00,14039.00,16.00,29.00,0.00,-5.00,1.00,0.00,2.00,13090.00,16.00,19.00,7.00,5.00,2.00,0.00,89.47,86.21,70.00,1,4,2023-01-14,1006.13,1043.57,0.37,0.63,979.10,1070.60
7889,438,132,W,5.00,12877.00,16.00,29.00,2.00,10.00,5.00,2.00,2.00,12738.00,13.00,15.00,1.00,-10.00,1.00,0.00,86.67,82.76,70.00,1,4,2023-01-14,1240.62,1093.64,0.66,0.34,1226.15,1108.11
7890,65,215,L,3.00,13025.00,18.00,17.00,7.00,-10.00,2.00,1.00,5.00,12070.00,10.00,32.00,6.00,10.00,5.00,0.00,84.38,82.35,70.00,1,4,2023-01-14,1113.16,1154.12,0.50,0.50,1134.80,1132.48
7894,375,431,L,1.00,12917.00,18.00,17.00,7.00,-5.00,0.00,0.00,2.00,12899.00,16.00,21.00,3.00,5.00,1.00,0.00,90.48,94.12,70.00,1,5,2023-01-14,1044.66,1116.86,0.45,0.55,1064.11,1097.42
7897,453,401,L,4.00,13132.00,14.00,18.00,2.00,-10.00,4.00,1.00,8.00,12993.00,16.00,25.00,5.00,10.00,4.00,0.00,68.00,77.78,70.00,1,6,2023-01-14,838.75,897.96,0.47,0.53,859.11,877.61
7898,411,216,L,2.00,12236.00,12.00,20.00,5.00,-5.00,1.00,0.00,4.00,12956.00,11.00,21.00,2.00,5.00,3.00,0.00,,90.00,70.00,1,5,2023-01-14,1060.70,1003.97,0.66,0.34,1088.98,975.70
7899,445,400,W,2.00,12923.00,13.00,24.00,7.00,5.00,2.00,0.00,1.00,13402.00,12.00,19.00,5.00,-5.00,0.00,0.00,94.74,91.67,70.00,1,5,2023-01-14,967.45,951.14,0.46,0.54,944.07,974.52
7049,56,447,W,11.00,12682.00,18.00,29.00,5.00,41.00,10.00,4.00,4.00,13348.00,22.00,34.00,9.00,-40.00,3.00,1.00,88.24,62.07,68.00,1,0,2023-01-15,1648.82,1355.36,0.83,0.17,1641.64,1362.54
7082,12,396,L,2.00,12947.00,15.00,32.00,9.00,-10.00,2.00,2.00,3.00,12934.00,21.00,24.00,7.00,10.00,2.00,0.00,87.50,93.75,68.00,1,1,2023-01-15,1326.20,1360.46,0.51,0.49,1348.32,1338.34
7870,22,189,W,5.00,13130.00,21.00,27.00,3.00,11.00,4.00,0.00,3.00,12874.00,11.00,12.00,9.00,-10.00,1.00,0.00,75.00,81.48,70.00,1,3,2023-01-15,1264.16,1087.10,0.71,0.29,1251.49,1099.77
7872,8,407,L,1.00,10287.00,15.00,12.00,2.00,-11.00,1.00,1.00,8.00,12054.00,17.00,32.00,4.00,11.00,7.00,2.00,75.00,91.67,70.00,1,3,2023-01-15,1239.82,1179.52,0.66,0.34,1268.31,1151.03
7873,205,38,W,4.00,13615.00,16.00,22.00,2.00,0.00,2.00,0.00,3.00,13266.00,17.00,24.00,3.00,-1.00,0.00,0.00,87.50,81.82,70.00,1,3,2023-01-15,1274.95,1138.97,0.65,0.35,1259.80,1154.13
7880,441,402,L,1.00,12348.00,11.00,20.00,6.00,-10.00,1.00,0.00,8.00,11604.00,18.00,28.00,2.00,10.00,8.00,3.00,71.43,95.00,70.00,1,2,2023-01-15,1359.84,1304.06,0.66,0.34,1388.05,1275.85
7881,44,440,L,3.00,12193.00,30.00,24.00,4.00,5.00,2.00,0.00,4.00,12200.00,17.00,25.00,14.00,-5.00,3.00,0.00,,87.50,70.00,1,2,2023-01-15,1361.27,1324.11,0.63,0.37,1388.28,1297.10
7883,410,23,W,6.00,12275.00,13.00,21.00,7.00,7.00,4.00,1.00,4.00,12390.00,28.00,32.00,6.00,-11.00,3.00,0.00,87.50,71.43,70.00,1,1,2023-01-15,1409.67,1323.54,0.57,0.43,1391.19,1342.01
7884,408,109,W,4.00,13382.00,17.00,15.00,8.00,3.00,4.00,2.00,3.00,13252.00,27.00,32.00,5.00,-3.00,2.00,0.00,90.62,73.33,70.00,1,1,2023-01-15,1377.37,1293.43,0.57,0.43,1358.74,1312.06
7885,450,443,L,2.00,12285.00,11.00,20.00,11.00,-20.00,2.00,0.00,6.00,12950.00,24.00,37.00,3.00,20.00,4.00,3.00,83.78,,70.00,1,1,2023-01-15,1368.26,1472.67,0.40,0.60,1385.49,1455.44
7886,187,335,W,6.00,12371.00,14.00,29.00,4.00,12.00,3.00,1.00,3.00,12642.00,11.00,26.00,2.00,-16.00,2.00,0.00,88.46,,70.00,1,1,2023-01-15,1508.11,1351.15,0.68,0.32,1494.26,1365.00
7887,329,211,L,1.00,12641.00,15.00,20.00,3.00,-4.00,1.00,0.00,3.00,13425.00,22.00,14.00,3.00,6.00,3.00,2.00,78.57,95.00,70.00,1,1,2023-01-15,1328.40,1481.97,0.33,0.67,1342.46,1467.91
7892,448,104,D,5.00,13155.00,13.00,26.00,0.00,-5.00,5.00,3.00,5.00,12659.00,15.00,27.00,6.00,3.00,4.00,3.00,77.78,80.77,70.00,1,4,2023-01-15,1092.76,1197.91,0.33,0.67,1085.65,1205.02
7893,61,404,L,2.00,12149.00,36.00,30.00,6.00,1.00,1.00,1.00,4.00,12277.00,15.00,18.00,8.00,-1.00,4.00,1.00,77.78,93.33,70.00,1,4,2023-01-15,1063.39,1220.25,0.32,0.68,1077.25,1206.39
7895,439,397,L,4.00,12658.00,13.00,24.00,5.00,-15.00,3.00,2.00,6.00,12723.00,19.00,24.00,1.00,14.00,4.00,1.00,,83.33,70.00,1,5,2023-01-15,1043.39,1107.53,0.47,0.53,1063.40,1087.52
7896,451,449,W,5.00,12716.00,15.00,19.00,4.00,5.00,1.00,0.00,3.00,13291.00,7.00,25.00,1.00,-5.00,2.00,0.00,88.00,73.68,70.00,1,6,2023-01-15,940.89,927.11,0.45,0.55,917.34,950.67
7038,17,46,W,11.00,12329.00,25.00,33.00,5.00,8.00,11.00,5.00,5.00,12437.00,7.00,35.00,4.00,-10.00,5.00,3.00,85.71,66.67,68.00,1,0,2023-01-21,1512.50,1379.66,0.64,0.36,1497.15,1395.01
7901,53,191,L,0.00,13222.00,14.00,24.00,2.00,-35.00,0.00,0.00,7.00,13158.00,24.00,34.00,6.00,35.00,7.00,3.00,79.41,100.00,70.00,1,0,2023-01-21,1455.88,1551.55,0.41,0.59,1473.70,1533.73
7903,48,399,W,7.00,12264.00,7.00,36.00,1.00,-6.00,5.00,1.00,6.00,13028.00,17.00,20.00,5.00,5.00,5.00,2.00,70.00,80.56,70.00,1,0,2023-01-21,1572.10,1247.90,0.86,0.14,1565.98,1254.02
7908,8,26,W,3.00,12661.00,24.00,25.00,9.00,5.00,3.00,1.00,0.00,12306.00,21.00,23.00,8.00,-5.00,0.00,0.00,100.00,88.00,70.00,1,3,2023-01-21,1259.03,1183.40,0.55,0.45,1239.82,1202.60
7919,441,200,L,4.00,13439.00,21.00,31.00,8.00,0.00,3.00,2.00,6.00,12736.00,21.00,28.00,8.00,0.00,5.00,5.00,78.57,87.10,70.00,1,2,2023-01-21,1342.64,1447.54,0.40,0.60,1359.84,1430.34
7921,44,336,W,7.00,0.00,25.00,25.00,4.00,21.00,6.00,1.00,2.00,0.00,6.00,20.00,5.00,-27.00,1.00,0.00,,72.00,70.00,1,2,2023-01-21,1380.78,1309.57,0.55,0.45,1361.27,1329.08
7922,214,129,W,6.00,12245.00,12.00,28.00,8.00,15.00,5.00,3.00,3.00,13011.00,24.00,29.00,9.00,-15.00,1.00,0.00,89.66,78.57,70.00,1,2,2023-01-21,1267.62,1215.41,0.52,0.48,1246.77,1236.26
7934,132,65,L,4.00,12631.00,8.00,17.00,4.00,-3.00,4.00,0.00,5.00,12725.00,17.00,31.00,5.00,4.00,4.00,1.00,83.87,76.47,70.00,1,4,2023-01-21,1073.35,1133.45,0.47,0.53,1093.64,1113.16
7935,332,448,L,2.00,12687.00,24.00,20.00,7.00,-5.00,2.00,0.00,3.00,12218.00,13.00,19.00,6.00,3.00,3.00,1.00,84.21,90.00,70.00,1,4,2023-01-21,1002.19,1109.77,0.40,0.60,1019.20,1092.76
7937,130,61,L,2.00,12621.00,17.00,13.00,6.00,-10.00,2.00,1.00,5.00,12285.00,18.00,29.00,7.00,10.00,4.00,2.00,82.76,84.62,70.00,1,4,2023-01-21,1023.29,1083.67,0.47,0.53,1043.57,1063.39
7938,406,215,W,6.00,12332.00,25.00,26.00,3.00,14.00,6.00,2.00,4.00,12652.00,13.00,26.00,1.00,-14.00,4.00,1.00,84.62,76.92,70.00,1,4,2023-01-21,1125.55,1129.35,0.42,0.58,1100.78,1154.12
7939,216,176,W,2.00,12014.00,8.00,29.00,6.00,5.00,2.00,0.00,0.00,13052.00,21.00,16.00,4.00,-5.00,0.00,0.00,100.00,93.10,70.00,1,5,2023-01-21,1025.13,977.22,0.51,0.49,1003.97,998.37
7940,439,375,L,1.00,12339.00,9.00,31.00,0.00,-10.00,1.00,0.00,5.00,12929.00,18.00,16.00,3.00,10.00,5.00,1.00,,96.77,70.00,1,5,2023-01-21,1021.96,1066.08,0.50,0.50,1043.39,1044.66
7941,445,397,L,1.00,12920.00,6.00,18.00,10.00,-45.00,1.00,0.00,11.00,12366.00,25.00,49.00,1.00,44.00,8.00,2.00,77.55,94.44,70.00,1,5,2023-01-21,954.18,1120.81,0.31,0.69,967.45,1107.53
7943,401,449,W,2.00,12180.00,6.00,23.00,2.00,5.00,1.00,1.00,1.00,12274.00,14.00,23.00,1.00,-5.00,1.00,1.00,95.65,91.30,70.00,1,6,2023-01-21,921.26,903.81,0.46,0.54,897.96,927.11
7944,451,453,W,5.00,13631.00,17.00,29.00,1.00,0.00,4.00,0.00,4.00,13727.00,12.00,33.00,8.00,-1.00,2.00,0.00,87.88,82.76,70.00,1,6,2023-01-21,956.25,823.40,0.64,0.36,940.89,838.75
7039,442,49,W,10.00,12861.00,10.00,49.00,2.00,25.00,10.00,5.00,4.00,12735.00,7.00,30.00,1.00,-25.00,4.00,2.00,86.67,79.59,68.00,1,0,2023-01-22,1550.23,1570.88,0.40,0.60,1524.30,1596.81
7040,447,29,L,3.00,12537.00,11.00,26.00,0.00,-46.00,2.00,0.00,14.00,13445.00,24.00,35.00,2.00,45.00,11.00,5.00,60.00,88.46,68.00,1,0,2023-01-22,1345.15,1568.35,0.24,0.76,1355.36,1558.15
7109,12,35,L,3.00,13373.00,9.00,17.00,11.00,-6.00,3.00,0.00,5.00,12479.00,24.00,48.00,3.00,5.00,5.00,2.00,89.58,82.35,68.00,1,1,2023-01-22,1311.52,1455.00,0.34,0.66,1326.20,1440.32
7110,31,396,W,7.00,13182.00,19.00,35.00,4.00,25.00,7.00,4.00,1.00,12146.00,10.00,34.00,1.00,-25.00,1.00,1.00,97.06,80.00,68.00,1,1,2023-01-22,1512.98,1347.14,0.69,0.31,1499.66,1360.46
7111,111,239,L,3.00,12892.00,10.00,26.00,1.00,-30.00,2.00,1.00,8.00,12142.00,10.00,26.00,2.00,29.00,5.00,4.00,69.23,88.46,68.00,1,1,2023-01-22,1472.24,1524.75,0.48,0.52,1493.07,1503.92
7112,15,452,W,9.00,13294.00,13.00,23.00,0.00,9.00,7.00,6.00,6.00,13504.00,12.00,25.00,3.00,-9.00,3.00,0.00,76.00,60.87,68.00,1,1,2023-01-22,1459.13,1367.26,0.58,0.42,1441.05,1385.35
7900,208,333,L,4.00,12935.00,7.00,13.00,5.00,-6.00,4.00,0.00,7.00,12277.00,14.00,37.00,5.00,7.00,7.00,2.00,81.08,69.23,70.00,1,0,2023-01-22,1394.12,1580.15,0.28,0.72,1406.28,1567.99
7902,191,409,L,2.00,13112.00,9.00,20.00,6.00,-5.00,1.00,0.00,3.00,12722.00,15.00,29.00,1.00,4.00,3.00,1.00,89.66,90.00,70.00,1,0,2023-01-22,1524.68,1489.80,0.62,0.38,1551.55,1462.93
7909,269,22,L,5.00,11811.00,10.00,35.00,1.00,-12.00,3.00,1.00,8.00,13129.00,21.00,36.00,3.00,9.00,6.00,0.00,77.78,85.71,70.00,1,3,2023-01-22,1265.87,1287.19,0.54,0.46,1288.90,1264.16
7910,110,331,L,0.00,12344.00,17.00,18.00,7.00,-10.00,0.00,0.00,4.00,13048.00,18.00,35.00,3.00,10.00,4.00,1.00,88.57,100.00,70.00,1,3,2023-01-22,1049.76,1306.92,0.20,0.80,1058.39,1298.28
7911,189,205,L,2.00,12639.00,5.00,19.00,3.00,-14.00,1.00,1.00,6.00,13106.00,19.00,30.00,0.00,15.00,4.00,1.00,80.00,89.47,70.00,1,3,2023-01-22,1076.21,1285.84,0.25,0.75,1087.10,1274.95
7912,407,207,W,5.00,12791.00,26.00,35.00,7.00,3.00,3.00,2.00,2.00,11997.00,14.00,22.00,12.00,-5.00,2.00,0.00,90.91,85.71,70.00,1,3,2023-01-22,1203.60,1197.41,0.44,0.56,1179.52,1221.50
7918,402,64,W,11.00,11841.00,21.00,36.00,6.00,40.00,10.00,3.00,1.00,13132.00,15.00,21.00,5.00,-40.00,1.00,0.00,95.24,69.44,70.00,1,2,2023-01-22,1325.32,1278.95,0.51,0.49,1304.06,1300.21
7920,405,440,L,1.00,12285.00,13.00,14.00,3.00,-20.00,1.00,0.00,5.00,12472.00,22.00,24.00,6.00,19.00,5.00,2.00,79.17,92.86,70.00,1,2,2023-01-22,1267.87,1343.33,0.45,0.55,1287.09,1324.11
7933,404,104,L,3.00,12817.00,19.00,21.00,1.00,5.00,3.00,1.00,4.00,13963.00,14.00,23.00,8.00,-5.00,4.00,1.00,82.61,85.71,70.00,1,4,2023-01-22,1197.37,1220.79,0.53,0.47,1220.25,1197.91
7936,446,438,W,7.00,13362.00,23.00,26.00,6.00,-10.00,3.00,0.00,6.00,13020.00,14.00,24.00,7.00,10.00,5.00,1.00,75.00,73.08,70.00,1,4,2023-01-22,1040.28,1206.47,0.21,0.79,1006.13,1240.62
7942,431,400,W,2.00,13072.00,26.00,19.00,5.00,5.00,2.00,0.00,1.00,12517.00,12.00,13.00,7.00,-5.00,0.00,0.00,92.31,89.47,70.00,1,5,2023-01-22,1128.82,939.18,0.72,0.28,1116.86,951.14
7043,442,46,W,7.00,12399.00,21.00,32.00,10.00,10.00,4.00,1.00,6.00,12823.00,28.00,37.00,11.00,-11.00,6.00,1.00,83.78,78.12,68.00,1,0,2023-01-28,1561.95,1367.94,0.73,0.27,1550.23,1379.66
7044,29,4,W,6.00,13550.00,8.00,37.00,2.00,10.00,3.00,1.00,3.00,12880.00,10.00,24.00,4.00,-12.00,0.00,0.00,87.50,83.78,68.00,1,0,2023-01-28,1580.35,1391.53,0.72,0.28,1568.35,1403.53
7045,1,17,W,4.00,12860.00,15.00,29.00,3.00,-1.00,3.00,3.00,3.00,13229.00,17.00,36.00,6.00,0.00,3.00,3.00,91.67,86.21,68.00,1,0,2023-01-28,1541.85,1491.52,0.51,0.49,1520.87,1512.50
7114,12,15,L,3.00,12661.00,11.00,23.00,6.00,5.00,3.00,1.00,5.00,13758.00,19.00,31.00,2.00,-4.00,2.00,1.00,83.87,86.96,68.00,1,1,2023-01-28,1298.64,1472.01,0.30,0.70,1311.52,1459.13
7904,409,48,W,6.00,12805.00,15.00,29.00,5.00,24.00,4.00,2.00,2.00,12485.00,18.00,22.00,3.00,-25.00,2.00,0.00,90.91,79.31,70.00,1,0,2023-01-28,1516.30,1545.60,0.38,0.62,1489.80,1572.10
7905,53,131,L,1.00,12298.00,19.00,16.00,6.00,-43.00,1.00,0.00,12.00,12225.00,23.00,41.00,11.00,40.00,6.00,3.00,70.73,93.75,70.00,1,0,2023-01-28,1440.16,1567.42,0.37,0.63,1455.88,1551.70
7913,26,407,L,3.00,12369.00,18.00,20.00,12.00,-6.00,2.00,0.00,5.00,13252.00,40.00,30.00,6.00,5.00,4.00,1.00,83.33,85.00,70.00,1,3,2023-01-28,1163.15,1223.86,0.47,0.53,1183.40,1203.60
7916,205,110,W,7.00,12729.00,11.00,35.00,1.00,20.00,5.00,0.00,3.00,13146.00,7.00,23.00,7.00,-20.00,3.00,1.00,86.96,80.00,70.00,1,3,2023-01-28,1294.63,1040.97,0.80,0.20,1285.84,1049.76
7924,403,44,L,5.00,12339.00,10.00,26.00,10.00,-16.00,3.00,1.00,9.00,11153.00,23.00,33.00,3.00,14.00,7.00,1.00,72.73,,70.00,1,2,2023-01-28,1171.11,1391.14,0.24,0.76,1181.47,1380.78
7927,440,336,L,2.00,12496.00,27.00,25.00,7.00,-1.00,0.00,0.00,4.00,12703.00,18.00,26.00,9.00,0.00,3.00,0.00,84.62,92.00,70.00,1,2,2023-01-28,1319.75,1333.15,0.55,0.45,1343.33,1309.57
7928,329,187,L,1.00,12426.00,15.00,25.00,5.00,5.00,0.00,0.00,4.00,11842.00,12.00,27.00,2.00,-5.00,4.00,3.00,85.19,96.00,70.00,1,1,2023-01-28,1317.12,1519.38,0.26,0.74,1328.40,1508.11
7945,446,448,W,10.00,13354.00,23.00,28.00,5.00,40.00,7.00,1.00,0.00,12142.00,9.00,14.00,6.00,-40.00,0.00,0.00,100.00,64.29,70.00,1,4,2023-01-28,1066.02,1084.03,0.40,0.60,1040.28,1109.77
7948,406,61,W,6.00,12798.00,9.00,22.00,3.00,0.00,3.00,0.00,2.00,13069.00,13.00,25.00,1.00,0.00,1.00,0.00,92.00,72.73,70.00,1,4,2023-01-28,1144.48,1064.75,0.56,0.44,1125.55,1083.67
7950,132,332,L,4.00,12628.00,16.00,24.00,6.00,-10.00,3.00,1.00,7.00,12722.00,20.00,28.00,7.00,10.00,5.00,1.00,75.00,83.33,70.00,1,4,2023-01-28,1047.51,1028.03,0.60,0.40,1073.35,1002.19
7951,404,65,L,5.00,12288.00,8.00,15.00,5.00,-30.00,3.00,1.00,8.00,13387.00,23.00,31.00,1.00,30.00,5.00,1.00,74.19,66.67,70.00,1,4,2023-01-28,1171.96,1158.86,0.59,0.41,1197.37,1133.45
7952,439,445,L,2.00,13242.00,18.00,31.00,6.00,-8.00,2.00,1.00,3.00,13329.00,22.00,23.00,3.00,10.00,2.00,1.00,86.96,93.55,70.00,1,5,2023-01-28,996.32,979.82,0.60,0.40,1021.96,954.18
7953,176,375,W,5.00,13083.00,24.00,25.00,3.00,8.00,4.00,3.00,3.00,12650.00,10.00,20.00,11.00,-10.00,2.00,1.00,85.00,80.00,70.00,1,5,2023-01-28,1004.10,1039.20,0.37,0.63,977.22,1066.08
7046,49,56,L,3.00,12885.00,25.00,32.00,5.00,0.00,3.00,2.00,5.00,13485.00,12.00,26.00,4.00,0.00,4.00,3.00,80.77,90.62,68.00,1,0,2023-01-29,1554.13,1665.58,0.39,0.61,1570.88,1648.82
7115,452,396,W,3.00,12311.00,8.00,41.00,0.00,5.00,1.00,0.00,2.00,13219.00,10.00,14.00,9.00,-5.00,1.00,1.00,85.71,92.68,68.00,1,1,2023-01-29,1387.52,1326.88,0.53,0.47,1367.26,1347.14
7116,111,35,L,2.00,12320.00,6.00,20.00,6.00,-28.00,0.00,0.00,10.00,12274.00,20.00,49.00,4.00,24.00,10.00,5.00,79.59,90.00,68.00,1,1,2023-01-29,1449.67,1477.56,0.52,0.48,1472.24,1455.00
7906,399,208,L,4.00,13160.00,20.00,23.00,1.00,-1.00,2.00,2.00,5.00,13116.00,20.00,34.00,7.00,-1.00,4.00,0.00,85.29,82.61,70.00,1,0,2023-01-29,1234.95,1407.07,0.30,0.70,1247.90,1394.12
7907,379,63,W,7.00,12145.00,10.00,27.00,3.00,4.00,6.00,2.00,5.00,13038.00,15.00,27.00,5.00,-4.00,4.00,0.00,81.48,74.07,70.00,1,0,2023-01-29,1510.47,1349.11,0.68,0.32,1496.89,1362.69
7914,189,8,W,3.00,13190.00,21.00,16.00,9.00,10.00,3.00,1.00,2.00,12883.00,24.00,18.00,5.00,-10.00,1.00,0.00,88.89,81.25,70.00,1,3,2023-01-29,1108.09,1227.15,0.26,0.74,1076.21,1259.03
7915,331,22,W,5.00,13012.00,15.00,33.00,5.00,1.00,4.00,1.00,4.00,13670.00,12.00,33.00,3.00,-1.00,3.00,0.00,87.88,84.85,70.00,1,3,2023-01-29,1327.20,1266.91,0.53,0.47,1306.92,1287.19
7917,38,207,W,5.00,13638.00,23.00,39.00,6.00,0.00,4.00,3.00,4.00,13426.00,16.00,28.00,6.00,0.00,4.00,4.00,85.71,87.18,70.00,1,3,2023-01-29,1164.05,1172.33,0.42,0.58,1138.97,1197.41
7923,402,129,W,2.00,14371.00,15.00,35.00,2.00,0.00,0.00,0.00,1.00,13579.00,12.00,13.00,8.00,0.00,1.00,0.00,92.31,94.29,70.00,1,2,2023-01-29,1340.24,1200.50,0.65,0.35,1325.32,1215.41
7926,405,64,L,1.00,12839.00,10.00,28.00,0.00,-10.00,0.00,0.00,5.00,13008.00,16.00,22.00,2.00,10.00,3.00,1.00,77.27,96.43,70.00,1,2,2023-01-29,1247.06,1299.76,0.48,0.52,1267.87,1278.95
7929,211,335,L,4.00,12717.00,21.00,18.00,6.00,0.00,4.00,0.00,6.00,13056.00,20.00,25.00,6.00,0.00,6.00,1.00,76.00,77.78,70.00,1,1,2023-01-29,1452.73,1380.38,0.68,0.32,1481.97,1351.15
7931,450,410,L,2.00,12604.00,4.00,16.00,2.00,-10.00,2.00,0.00,4.00,12743.00,18.00,28.00,1.00,10.00,4.00,1.00,85.71,87.50,70.00,1,1,2023-01-29,1349.31,1428.62,0.44,0.56,1368.26,1409.67
7932,408,23,W,2.00,12265.00,11.00,17.00,3.00,1.00,2.00,1.00,1.00,12993.00,18.00,27.00,6.00,0.00,1.00,0.00,96.30,88.24,70.00,1,1,2023-01-29,1395.57,1305.34,0.58,0.42,1377.37,1323.54
7946,130,438,L,0.00,12443.00,17.00,16.00,4.00,-10.00,0.00,0.00,2.00,12999.00,13.00,28.00,4.00,10.00,2.00,0.00,92.86,100.00,70.00,1,4,2023-01-29,1012.18,1217.58,0.26,0.74,1023.29,1206.47
7947,215,104,W,5.00,12021.00,6.00,16.00,4.00,10.00,5.00,1.00,4.00,13306.00,13.00,19.00,0.00,-7.00,4.00,1.00,78.95,68.75,70.00,1,4,2023-01-29,1156.38,1193.76,0.37,0.63,1129.35,1220.79
7949,397,431,W,6.00,12933.00,8.00,24.00,0.00,14.00,2.00,1.00,2.00,12577.00,8.00,13.00,1.00,-15.00,1.00,0.00,84.62,75.00,70.00,1,5,2023-01-29,1142.80,1106.82,0.49,0.51,1120.81,1128.82
7956,411,400,W,10.00,12324.00,9.00,29.00,0.00,39.00,8.00,1.00,2.00,13093.00,13.00,14.00,2.00,-40.00,1.00,1.00,85.71,65.52,70.00,1,5,2023-01-29,1074.98,924.91,0.67,0.33,1060.70,939.18
8346,29,49,W,10.00,13285.00,18.00,31.00,4.00,5.00,8.00,2.00,4.00,13198.00,14.00,33.00,9.00,-5.00,4.00,1.00,87.88,67.74,68.00,3,0,2023-02-04,1600.23,1534.25,0.54,0.46,1580.35,1554.13
8347,1,17,W,3.00,13847.00,26.00,43.00,4.00,-1.00,2.00,2.00,2.00,14097.00,21.00,31.00,5.00,0.00,2.00,1.00,93.55,93.02,68.00,3,0,2023-02-04,1560.26,1473.11,0.57,0.43,1541.85,1491.52
8352,31,12,W,3.00,12999.00,20.00,32.00,2.00,9.00,2.00,1.00,0.00,13092.00,12.00,10.00,6.00,-10.00,0.00,0.00,100.00,90.62,68.00,3,1,2023-02-04,1522.67,1288.94,0.77,0.23,1512.98,1298.64
8391,239,452,W,5.00,13344.00,8.00,28.00,3.00,15.00,4.00,4.00,1.00,12726.00,17.00,24.00,4.00,-15.00,1.00,1.00,95.83,82.14,68.00,3,1,2023-02-04,1538.17,1374.10,0.69,0.31,1524.75,1387.52
8394,191,208,W,6.00,12867.00,21.00,35.00,4.00,15.00,3.00,0.00,2.00,12856.00,18.00,19.00,4.00,-16.00,2.00,1.00,89.47,82.86,70.00,3,0,2023-02-04,1539.17,1392.58,0.66,0.34,1524.68,1407.07
8396,23,187,L,3.00,13022.00,16.00,22.00,4.00,-11.00,2.00,1.00,5.00,12227.00,15.00,32.00,6.00,10.00,3.00,1.00,84.38,86.36,70.00,6,1,2023-02-04,1295.63,1529.09,0.23,0.77,1305.34,1519.38
8397,440,441,L,4.00,13173.00,24.00,37.00,5.00,10.00,4.00,2.00,5.00,12184.00,16.00,35.00,2.00,-10.00,4.00,2.00,85.71,89.19,70.00,3,2,2023-02-04,1299.66,1362.73,0.47,0.53,1319.75,1342.64
8398,64,402,L,1.00,12938.00,9.00,7.00,17.00,-10.00,0.00,0.00,4.00,12554.00,33.00,37.00,4.00,10.00,3.00,2.00,89.19,85.71,70.00,3,2,2023-02-04,1280.76,1359.24,0.44,0.56,1299.76,1340.24
8400,22,207,W,5.00,12726.00,23.00,24.00,4.00,10.00,4.00,1.00,3.00,12360.00,21.00,34.00,10.00,-10.00,3.00,0.00,91.18,79.17,70.00,6,3,2023-02-04,1282.69,1156.54,0.63,0.37,1266.91,1172.33
8403,375,397,L,1.00,13256.00,18.00,19.00,1.00,-40.00,0.00,0.00,9.00,12866.00,13.00,35.00,7.00,40.00,6.00,3.00,74.29,,70.00,3,5,2023-02-04,1023.93,1158.07,0.36,0.64,1039.20,1142.80
9049,56,49,W,3.00,0.00,0.00,0.00,0.00,10.00,3.00,0.00,1.00,12458.00,16.00,31.00,1.00,-10.00,1.00,0.00,96.77,-inf,74.00,1,0,2023-02-12,1679.32,1520.51,0.68,0.32,1665.58,1534.25
9292,208,496,L,2.00,13112.00,13.00,26.00,8.00,-5.00,2.00,2.00,4.00,12097.00,23.00,34.00,3.00,5.00,4.00,1.00,88.24,92.31,75.00,1,0,2023-02-12,1377.53,1515.06,0.35,0.65,1392.58,1500.00
9294,409,63,L,4.00,12733.00,20.00,22.00,7.00,-1.00,0.00,0.00,5.00,12700.00,27.00,23.00,4.00,1.00,5.00,2.00,78.26,81.82,75.00,1,0,2023-02-12,1485.18,1380.22,0.72,0.28,1516.30,1349.11
9305,15,92,L,1.00,12934.00,18.00,42.00,5.00,-16.00,1.00,0.00,5.00,13052.00,17.00,19.00,7.00,14.00,5.00,0.00,73.68,97.62,74.00,1,1,2023-02-12,1453.49,1538.99,0.43,0.57,1472.01,1520.47
9425,26,205,L,3.00,13768.00,13.00,15.00,13.00,4.00,3.00,0.00,5.00,13720.00,35.00,42.00,4.00,-5.00,2.00,2.00,88.10,80.00,75.00,1,2,2023-02-12,1149.42,1308.36,0.32,0.68,1163.15,1294.63
9427,438,207,W,3.00,12794.00,26.00,24.00,6.00,0.00,2.00,2.00,1.00,12413.00,19.00,22.00,7.00,0.00,0.00,0.00,,87.50,75.00,1,2,2023-02-12,1235.34,1138.78,0.59,0.41,1217.58,1156.54
9429,445,65,L,3.00,11561.00,14.00,25.00,3.00,-25.00,1.00,0.00,7.00,10860.00,21.00,37.00,3.00,25.00,4.00,1.00,81.08,88.00,75.00,1,3,2023-02-12,968.52,1170.17,0.26,0.74,979.82,1158.86
9433,215,446,L,3.00,11907.00,24.00,18.00,4.00,-15.00,3.00,0.00,6.00,12308.00,18.00,23.00,5.00,14.00,5.00,0.00,73.91,83.33,75.00,1,3,2023-02-12,1129.41,1092.99,0.63,0.37,1156.38,1066.02
9434,502,400,L,4.00,12663.00,20.00,29.00,8.00,0.00,2.00,1.00,5.00,12661.00,11.00,15.00,6.00,0.00,4.00,1.00,66.67,86.21,75.00,1,4,2023-02-12,1068.50,956.41,0.73,0.27,1100.00,924.91
9438,332,216,W,7.00,11027.00,19.00,25.00,3.00,22.00,4.00,2.00,1.00,12375.00,18.00,34.00,5.00,-23.00,1.00,0.00,97.06,,75.00,1,4,2023-02-12,1049.35,1003.81,0.50,0.50,1028.03,1025.13
9440,53,498,L,2.00,12936.00,22.00,19.00,11.00,0.00,1.00,1.00,4.00,12108.00,24.00,31.00,10.00,-1.00,4.00,2.00,87.10,89.47,75.00,1,1,2023-02-12,1416.19,1423.97,0.56,0.44,1440.16,1400.00
8015,329,109,L,2.00,12245.00,7.00,16.00,9.00,-10.00,1.00,0.00,4.00,12648.00,21.00,28.00,3.00,10.00,4.00,2.00,85.71,87.50,70.00,1,1,2023-02-18,1294.16,1316.39,0.53,0.47,1317.12,1293.43
8067,441,405,W,5.00,12725.00,11.00,18.00,2.00,10.00,4.00,1.00,1.00,12756.00,17.00,50.00,8.00,-10.00,1.00,0.00,98.00,72.22,70.00,1,2,2023-02-18,1377.32,1232.46,0.66,0.34,1362.73,1247.06
8085,216,431,W,6.00,12835.00,22.00,34.00,5.00,5.00,5.00,2.00,3.00,12697.00,13.00,12.00,12.00,-7.00,1.00,0.00,75.00,82.35,70.00,1,5,2023-02-18,1031.50,1079.13,0.36,0.64,1003.81,1106.82
8091,438,61,W,5.00,13071.00,20.00,35.00,3.00,20.00,3.00,0.00,2.00,13330.00,11.00,12.00,5.00,-20.00,2.00,2.00,83.33,85.71,70.00,1,4,2023-02-18,1247.06,1053.03,0.73,0.27,1235.34,1064.75
8093,397,176,W,3.00,13071.00,13.00,20.00,7.00,10.00,1.00,0.00,0.00,13170.00,14.00,10.00,3.00,-10.00,0.00,0.00,100.00,85.00,70.00,1,5,2023-02-18,1170.62,991.55,0.71,0.29,1158.07,1004.10
8166,239,111,L,2.00,12995.00,21.00,26.00,2.00,-15.00,2.00,1.00,5.00,13111.00,10.00,15.00,3.00,15.00,2.00,0.00,66.67,92.31,68.00,6,1,2023-02-18,1511.31,1476.53,0.62,0.38,1538.17,1449.67
7050,46,4,L,3.00,12801.00,20.00,29.00,4.00,-16.00,3.00,2.00,8.00,13068.00,18.00,41.00,3.00,15.00,8.00,6.00,,89.66,68.00,1,0,2023-02-19,1347.90,1411.57,0.47,0.53,1367.94,1391.53
7051,29,49,W,9.00,13367.00,17.00,39.00,2.00,30.00,7.00,3.00,3.00,12848.00,13.00,29.00,4.00,-35.00,3.00,1.00,89.66,76.92,68.00,1,0,2023-02-19,1616.89,1503.86,0.61,0.39,1600.23,1520.51
7052,1,447,W,7.00,13258.00,14.00,21.00,3.00,15.00,7.00,6.00,2.00,13055.00,14.00,36.00,7.00,-16.00,2.00,0.00,94.44,,68.00,1,0,2023-02-19,1569.92,1335.49,0.78,0.22,1560.26,1345.15
8017,443,187,L,4.00,12738.00,22.00,28.00,1.00,-20.00,2.00,0.00,7.00,12343.00,7.00,36.00,6.00,19.00,7.00,3.00,80.56,85.71,70.00,1,1,2023-02-19,1454.63,1547.13,0.42,0.58,1472.67,1529.09
8019,23,450,W,3.00,12912.00,21.00,30.00,3.00,5.00,3.00,3.00,0.00,12133.00,12.00,14.00,4.00,-5.00,0.00,0.00,100.00,90.00,70.00,1,1,2023-02-19,1320.43,1324.52,0.42,0.58,1295.63,1349.31
8035,189,269,W,7.00,13161.00,21.00,30.00,10.00,30.00,6.00,3.00,1.00,13030.00,18.00,15.00,6.00,-30.00,1.00,0.00,93.33,76.67,70.00,1,3,2023-02-19,1138.73,1235.23,0.29,0.71,1108.09,1265.87
8036,22,110,W,10.00,12851.00,15.00,40.00,4.00,24.00,10.00,8.00,5.00,13493.00,16.00,32.00,2.00,-25.00,4.00,3.00,84.38,75.00,70.00,1,3,2023-02-19,1291.26,1032.40,0.80,0.20,1282.69,1040.97
8088,446,65,W,4.00,12827.00,14.00,27.00,3.00,5.00,3.00,0.00,2.00,12221.00,15.00,23.00,6.00,-5.00,1.00,1.00,91.30,85.19,70.00,1,4,2023-02-19,1119.19,1143.97,0.39,0.61,1092.99,1170.17
8095,332,104,L,2.00,13171.00,30.00,32.00,4.00,-25.00,0.00,0.00,6.00,12581.00,16.00,23.00,5.00,24.00,4.00,2.00,73.91,93.75,70.00,1,4,2023-02-19,1036.31,1206.81,0.30,0.70,1049.35,1193.76
8096,401,449,W,4.00,13472.00,16.00,16.00,7.00,5.00,3.00,0.00,3.00,12734.00,18.00,15.00,2.00,-5.00,2.00,1.00,80.00,75.00,70.00,1,6,2023-02-19,941.68,883.39,0.53,0.47,921.26,903.81
8167,239,111,W,4.00,12975.00,30.00,40.00,11.00,10.00,4.00,2.00,2.00,13222.00,20.00,20.00,5.00,-10.00,2.00,1.00,90.00,90.00,68.00,6,1,2023-02-19,1530.67,1457.18,0.55,0.45,1511.31,1476.53
8168,31,396,W,2.00,12314.00,20.00,25.00,1.00,10.00,1.00,0.00,0.00,11961.00,9.00,19.00,7.00,-10.00,0.00,0.00,100.00,92.00,68.00,6,1,2023-02-19,1533.20,1316.36,0.76,0.24,1522.67,1326.88
8002,409,208,W,4.00,12592.00,17.00,32.00,2.00,5.00,3.00,2.00,3.00,12530.00,9.00,32.00,4.00,-7.00,3.00,1.00,90.62,87.50,70.00,1,0,2023-02-25,1500.22,1362.48,0.65,0.35,1485.18,1377.53
8004,53,48,L,2.00,12894.00,13.00,21.00,5.00,-15.00,2.00,1.00,5.00,12966.00,27.00,34.00,6.00,15.00,5.00,2.00,85.29,90.48,70.00,1,0,2023-02-25,1402.35,1559.45,0.32,0.68,1416.19,1545.60
8038,189,26,W,2.00,13105.00,25.00,28.00,8.00,5.00,1.00,1.00,1.00,13379.00,20.00,18.00,9.00,-5.00,1.00,0.00,94.44,92.86,70.00,1,3,2023-02-25,1160.89,1127.26,0.48,0.52,1138.73,1149.42
8039,8,331,L,3.00,12332.00,13.00,18.00,9.00,-15.00,1.00,1.00,7.00,12724.00,15.00,24.00,4.00,14.00,6.00,1.00,70.83,83.33,70.00,1,3,2023-02-25,1211.68,1342.67,0.36,0.64,1227.15,1327.20
8043,207,110,W,4.00,13055.00,11.00,32.00,7.00,-1.00,4.00,1.00,3.00,12882.00,16.00,33.00,3.00,0.00,2.00,0.00,90.91,87.50,70.00,1,3,2023-02-25,1153.90,1017.29,0.65,0.35,1138.78,1032.40
8071,214,402,L,1.00,12108.00,11.00,22.00,7.00,-15.00,1.00,1.00,5.00,13287.00,16.00,28.00,3.00,15.00,5.00,2.00,82.14,95.45,70.00,1,2,2023-02-25,1251.66,1375.20,0.37,0.63,1267.62,1359.24
8112,65,130,W,6.00,13297.00,19.00,27.00,7.00,15.00,5.00,1.00,4.00,12856.00,13.00,25.00,4.00,-15.00,4.00,0.00,84.00,77.78,70.00,1,4,2023-02-25,1157.69,998.47,0.68,0.32,1143.97,1012.18
8113,448,406,L,4.00,13382.00,15.00,16.00,13.00,0.00,2.00,0.00,5.00,13212.00,23.00,37.00,1.00,0.00,2.00,0.00,86.49,75.00,70.00,1,4,2023-02-25,1066.23,1162.27,0.41,0.59,1084.03,1144.48
8116,397,216,W,2.00,13442.00,17.00,16.00,8.00,5.00,1.00,0.00,1.00,12597.00,16.00,31.00,5.00,-5.00,1.00,1.00,96.77,87.50,70.00,1,5,2023-02-25,1183.95,1018.18,0.69,0.31,1170.62,1031.50
8121,439,176,W,5.00,12114.00,17.00,20.00,7.00,23.00,4.00,1.00,0.00,10802.00,12.00,18.00,7.00,-25.00,0.00,0.00,100.00,75.00,70.00,1,5,2023-02-25,1017.53,970.35,0.51,0.49,996.32,991.55
8122,411,445,W,7.00,13307.00,23.00,34.00,4.00,15.00,3.00,1.00,4.00,12904.00,14.00,14.00,7.00,-16.00,2.00,0.00,71.43,79.41,70.00,1,5,2023-02-25,1090.09,953.41,0.65,0.35,1074.98,968.52
8182,12,35,L,3.00,14325.00,22.00,39.00,11.00,0.00,1.00,0.00,4.00,13826.00,21.00,53.00,8.00,0.00,2.00,1.00,92.45,92.31,68.00,6,1,2023-02-25,1278.09,1488.42,0.25,0.75,1288.94,1477.56
8185,452,15,W,4.00,13032.00,21.00,27.00,3.00,-10.00,4.00,1.00,3.00,12956.00,12.00,29.00,8.00,9.00,1.00,1.00,89.66,85.19,68.00,6,1,2023-02-25,1400.42,1427.16,0.39,0.61,1374.10,1453.49
8003,333,379,W,4.00,13268.00,21.00,35.00,7.00,20.00,4.00,3.00,3.00,12995.00,15.00,25.00,5.00,-20.00,1.00,2.00,88.00,88.57,70.00,1,0,2023-02-26,1597.39,1493.23,0.60,0.40,1580.15,1510.47
8020,187,109,L,4.00,11448.00,17.00,16.00,9.00,0.00,3.00,0.00,5.00,11146.00,23.00,34.00,2.00,0.00,5.00,4.00,85.29,75.00,70.00,1,1,2023-02-26,1513.14,1350.39,0.79,0.21,1547.13,1316.39
8041,407,269,L,3.00,13110.00,28.00,19.00,5.00,-20.00,2.00,0.00,6.00,13088.00,24.00,31.00,7.00,19.00,3.00,0.00,80.65,84.21,70.00,1,3,2023-02-26,1203.06,1256.03,0.48,0.52,1223.86,1235.23
8042,38,22,L,2.00,12353.00,17.00,27.00,6.00,-10.00,2.00,1.00,5.00,12975.00,12.00,33.00,2.00,10.00,3.00,3.00,84.85,92.59,70.00,1,3,2023-02-26,1150.09,1305.22,0.32,0.68,1164.05,1291.26
8070,64,200,W,5.00,13012.00,24.00,28.00,9.00,19.00,4.00,2.00,0.00,13062.00,18.00,25.00,6.00,-20.00,0.00,0.00,100.00,82.14,70.00,1,2,2023-02-26,1311.85,1416.44,0.28,0.72,1280.76,1447.54
8072,441,44,W,3.00,12640.00,13.00,26.00,8.00,9.00,3.00,1.00,0.00,12695.00,15.00,21.00,0.00,-10.00,0.00,0.00,100.00,,70.00,1,2,2023-02-26,1399.68,1368.79,0.48,0.52,1377.32,1391.14
8114,448,61,L,3.00,13728.00,26.00,21.00,17.00,-5.00,1.00,0.00,4.00,13428.00,23.00,37.00,10.00,5.00,2.00,0.00,89.19,85.71,70.00,1,4,2023-02-26,1043.91,1075.35,0.52,0.48,1066.23,1053.03
8115,438,104,W,5.00,13307.00,21.00,33.00,4.00,10.00,5.00,1.00,2.00,12421.00,10.00,20.00,7.00,-7.00,1.00,0.00,90.00,84.85,70.00,1,4,2023-02-26,1266.08,1187.79,0.56,0.44,1247.06,1206.81
8117,449,453,W,3.00,12408.00,10.00,14.00,6.00,5.00,1.00,0.00,2.00,12633.00,12.00,15.00,2.00,-5.00,2.00,1.00,86.67,78.57,70.00,1,6,2023-02-26,901.22,805.57,0.59,0.41,883.39,823.40
8119,446,332,W,7.00,13161.00,25.00,32.00,2.00,-12.00,6.00,0.00,6.00,12813.00,12.00,22.00,4.00,7.00,1.00,1.00,72.73,78.12,70.00,1,4,2023-02-26,1135.66,1019.84,0.62,0.38,1119.19,1036.31
8120,132,215,W,4.00,12610.00,26.00,23.00,4.00,9.00,2.00,1.00,2.00,12033.00,7.00,29.00,4.00,-10.00,0.00,0.00,93.10,82.61,70.00,1,4,2023-02-26,1073.98,1102.93,0.38,0.62,1047.51,1129.41
8183,35,12,L,2.00,13221.00,12.00,32.00,4.00,-30.00,1.00,1.00,9.00,13133.00,10.00,30.00,0.00,30.00,8.00,5.00,70.00,93.75,68.00,6,1,2023-02-26,1455.29,1311.22,0.77,0.23,1488.42,1278.09
8184,396,31,W,2.00,12671.00,12.00,16.00,7.00,10.00,2.00,1.00,0.00,13475.00,22.00,28.00,3.00,-10.00,0.00,0.00,100.00,87.50,68.00,6,1,2023-02-26,1349.77,1499.78,0.22,0.78,1316.36,1533.20
8186,452,15,L,3.00,14208.00,19.00,30.00,6.00,-6.00,2.00,0.00,4.00,13571.00,9.00,23.00,6.00,6.00,3.00,2.00,82.61,90.00,68.00,6,1,2023-02-26,1380.58,1447.01,0.46,0.54,1400.42,1427.16
8581,411,438,W,8.00,12207.00,22.00,21.00,6.00,10.00,6.00,1.00,3.00,12942.00,18.00,25.00,7.00,-10.00,3.00,2.00,88.00,61.90,73.00,1,2,2023-03-06,1121.63,1234.53,0.27,0.73,1090.09,1266.08
8587,214,409,L,1.00,12603.00,10.00,18.00,6.00,-30.00,0.00,0.00,7.00,12410.00,27.00,37.00,2.00,29.00,6.00,3.00,81.08,94.44,73.00,1,1,2023-03-06,1243.37,1508.52,0.19,0.81,1251.66,1500.22
8588,176,401,W,9.00,12726.00,27.00,41.00,2.00,35.00,7.00,1.00,2.00,13307.00,8.00,14.00,6.00,-35.00,0.00,0.00,85.71,78.05,73.00,1,3,2023-03-06,990.08,921.95,0.54,0.46,970.35,941.68
9048,1,46,W,10.00,13232.00,18.00,40.00,10.00,24.00,9.00,5.00,4.00,12737.00,21.00,28.00,2.00,-25.00,2.00,2.00,85.71,75.00,74.00,1,0,2023-03-12,1579.29,1338.53,0.78,0.22,1569.92,1347.90
9050,447,17,W,9.00,12757.00,20.00,34.00,8.00,10.00,6.00,1.00,8.00,12847.00,26.00,39.00,10.00,-10.00,7.00,2.00,79.49,73.53,74.00,1,0,2023-03-12,1365.09,1443.52,0.31,0.69,1335.49,1473.11
9291,506,111,W,6.00,11459.00,16.00,32.00,7.00,25.00,4.00,0.00,1.00,12444.00,15.00,35.00,7.00,-25.00,1.00,1.00,97.14,81.25,75.00,1,0,2023-03-12,1518.86,1438.31,0.56,0.44,1500.00,1457.18
9293,410,379,W,3.00,11720.00,14.00,19.00,5.00,5.00,3.00,1.00,2.00,12416.00,18.00,29.00,6.00,-5.00,2.00,1.00,93.10,84.21,75.00,1,0,2023-03-12,1454.07,1467.77,0.41,0.59,1428.62,1493.23
9295,109,443,L,3.00,12623.00,16.00,32.00,0.00,-7.00,1.00,0.00,5.00,12829.00,10.00,25.00,3.00,5.00,4.00,1.00,80.00,90.62,75.00,1,0,2023-03-12,1335.15,1469.87,0.35,0.65,1350.39,1454.63
9296,335,191,L,0.00,12003.00,15.00,20.00,5.00,-15.00,0.00,0.00,7.00,6918.00,7.00,26.00,2.00,15.00,6.00,0.00,73.08,100.00,75.00,1,0,2023-03-12,1368.08,1551.48,0.29,0.71,1380.38,1539.17
9303,31,35,L,2.00,12254.00,10.00,15.00,2.00,-10.00,2.00,2.00,3.00,12668.00,20.00,34.00,3.00,10.00,3.00,2.00,91.18,86.67,74.00,1,1,2023-03-12,1475.55,1479.53,0.56,0.44,1499.78,1455.29
9304,494,333,W,7.00,12171.00,19.00,32.00,4.00,30.00,7.00,2.00,1.00,12279.00,21.00,22.00,7.00,-31.00,1.00,0.00,95.45,78.12,74.00,1,1,2023-03-12,1432.55,1564.84,0.24,0.76,1400.00,1597.39
9306,452,92,W,6.00,14201.00,21.00,18.00,1.00,5.00,3.00,3.00,5.00,14362.00,6.00,47.00,7.00,-5.00,5.00,2.00,89.36,66.67,74.00,1,1,2023-03-12,1411.25,1508.32,0.29,0.71,1380.58,1538.99
9313,498,44,L,1.00,12871.00,28.00,34.00,6.00,-8.00,1.00,0.00,4.00,12532.00,11.00,24.00,6.00,10.00,2.00,1.00,83.33,97.06,75.00,1,1,2023-03-12,1399.09,1393.67,0.58,0.42,1423.97,1368.79
9314,23,189,L,3.00,12660.00,9.00,30.00,10.00,-27.00,3.00,2.00,7.00,12199.00,19.00,35.00,1.00,25.00,6.00,2.00,80.00,90.00,75.00,1,1,2023-03-12,1289.69,1191.62,0.71,0.29,1320.43,1160.89
9315,497,214,W,8.00,12496.00,20.00,26.00,2.00,18.00,7.00,2.00,5.00,13209.00,8.00,38.00,8.00,-19.00,2.00,1.00,,69.23,75.00,1,1,2023-03-12,1438.05,1232.28,0.74,0.26,1426.96,1243.37
9316,48,331,W,8.00,12378.00,21.00,41.00,12.00,28.00,6.00,2.00,1.00,12859.00,17.00,12.00,11.00,-30.00,1.00,0.00,91.67,80.49,75.00,1,1,2023-03-12,1569.04,1333.08,0.78,0.22,1559.45,1342.67
9426,491,129,L,1.00,12219.00,11.00,21.00,16.00,-29.00,1.00,0.00,8.00,12228.00,29.00,24.00,3.00,27.00,8.00,0.00,66.67,95.24,75.00,1,2,2023-03-12,1272.51,1227.99,0.64,0.36,1300.00,1200.50
9430,104,404,W,6.00,13030.00,19.00,35.00,8.00,3.00,4.00,1.00,5.00,13539.00,21.00,29.00,9.00,-2.00,3.00,1.00,82.76,82.86,75.00,1,3,2023-03-12,1208.31,1151.44,0.52,0.48,1187.79,1171.96
9432,54,61,W,5.00,11838.00,16.00,22.00,10.00,4.00,4.00,2.00,4.00,12169.00,12.00,21.00,7.00,-5.00,4.00,3.00,80.95,77.27,75.00,1,3,2023-03-12,1214.10,1061.25,0.67,0.33,1200.00,1075.35
9435,176,500,W,6.00,13492.00,14.00,26.00,3.00,20.00,6.00,2.00,3.00,12961.00,14.00,18.00,3.00,-20.00,3.00,0.00,83.33,76.92,75.00,1,4,2023-03-12,1019.34,1092.23,0.32,0.68,990.08,1121.50
9436,431,439,W,4.00,12953.00,11.00,17.00,3.00,5.00,2.00,0.00,3.00,13120.00,21.00,30.00,3.00,-5.00,3.00,1.00,90.00,76.47,75.00,1,4,2023-03-12,1096.86,999.80,0.59,0.41,1079.13,1017.53
9437,411,375,L,5.00,12702.00,28.00,31.00,8.00,-15.00,3.00,0.00,8.00,13704.00,14.00,25.00,4.00,14.00,5.00,2.00,68.00,83.87,75.00,1,4,2023-03-12,1094.24,1051.32,0.64,0.36,1121.63,1023.93
9439,130,499,W,2.00,12562.00,20.00,18.00,4.00,10.00,1.00,0.00,0.00,2356.00,0.00,2.00,3.00,-10.00,0.00,0.00,100.00,88.89,75.00,1,4,2023-03-12,1024.84,1052.13,0.39,0.61,998.47,1078.50
8258,191,63,W,3.00,12616.00,32.00,22.00,5.00,3.00,2.00,0.00,2.00,12697.00,25.00,24.00,9.00,-5.00,2.00,0.00,91.67,86.36,70.00,6,0,2023-03-18,1563.16,1368.54,0.73,0.27,1551.48,1380.22
8261,48,208,L,1.00,13199.00,21.00,29.00,5.00,-25.00,1.00,1.00,6.00,13201.00,16.00,37.00,7.00,25.00,5.00,1.00,,96.55,70.00,6,0,2023-03-18,1536.08,1395.45,0.77,0.23,1569.04,1362.48
8263,46,29,W,5.00,12531.00,15.00,25.00,13.00,15.00,5.00,3.00,3.00,13522.00,34.00,33.00,6.00,-15.00,2.00,0.00,90.91,80.00,68.00,6,0,2023-03-18,1374.32,1581.09,0.17,0.83,1338.53,1616.89
8298,443,109,L,4.00,12708.00,22.00,22.00,9.00,-9.00,2.00,0.00,6.00,12857.00,20.00,36.00,4.00,9.00,5.00,3.00,83.33,81.82,70.00,6,1,2023-03-18,1440.43,1364.59,0.68,0.32,1469.87,1335.15
8301,205,331,L,0.00,13151.00,24.00,14.00,2.00,-14.00,0.00,0.00,3.00,12798.00,24.00,28.00,13.00,14.00,2.00,1.00,89.29,100.00,70.00,6,3,2023-03-18,1288.39,1353.06,0.46,0.54,1308.36,1333.08
8305,38,8,L,2.00,12756.00,19.00,23.00,1.00,-20.00,2.00,0.00,7.00,12630.00,12.00,22.00,5.00,19.00,7.00,6.00,,91.30,70.00,6,3,2023-03-18,1132.36,1229.41,0.41,0.59,1150.09,1211.68
8306,335,410,W,6.00,12154.00,16.00,31.00,3.00,14.00,6.00,4.00,5.00,12516.00,19.00,26.00,7.00,-17.00,4.00,1.00,80.77,,70.00,6,1,2023-03-18,1394.79,1427.35,0.38,0.62,1368.08,1454.07
8307,404,438,L,1.00,12639.00,17.00,20.00,12.00,-12.00,1.00,1.00,5.00,12502.00,26.00,22.00,2.00,9.00,4.00,1.00,77.27,95.00,70.00,6,4,2023-03-18,1134.99,1250.99,0.38,0.62,1151.44,1234.53
8311,402,214,W,8.00,12944.00,24.00,44.00,6.00,14.00,8.00,4.00,4.00,12780.00,13.00,26.00,4.00,-14.00,3.00,3.00,84.62,81.82,70.00,6,2,2023-03-18,1388.33,1219.15,0.69,0.31,1375.20,1232.28
8314,439,216,L,3.00,12880.00,16.00,26.00,19.00,-5.00,2.00,1.00,4.00,13301.00,34.00,31.00,3.00,5.00,4.00,3.00,87.10,88.46,70.00,6,5,2023-03-18,979.44,1038.54,0.47,0.53,999.80,1018.18
8259,63,191,W,3.00,12674.00,7.00,29.00,7.00,5.00,1.00,0.00,2.00,13234.00,26.00,38.00,6.00,-5.00,2.00,1.00,94.74,89.66,70.00,6,0,2023-03-19,1400.96,1530.74,0.25,0.75,1368.54,1563.16
8260,333,379,W,5.00,12260.00,17.00,25.00,3.00,15.00,5.00,2.00,0.00,12938.00,23.00,24.00,8.00,-14.00,0.00,0.00,100.00,80.00,70.00,6,0,2023-03-19,1580.49,1452.13,0.64,0.36,1564.84,1467.77
8295,46,29,L,3.00,12468.00,14.00,38.00,11.00,-10.00,3.00,1.00,6.00,13320.00,26.00,33.00,4.00,11.00,6.00,1.00,81.82,92.11,68.00,6,0,2023-03-19,1364.29,1591.12,0.23,0.77,1374.32,1581.09
8296,4,1,L,2.00,13074.00,20.00,28.00,7.00,-22.00,2.00,2.00,6.00,13230.00,18.00,32.00,9.00,24.00,6.00,5.00,81.25,92.86,68.00,6,0,2023-03-19,1399.71,1591.15,0.28,0.72,1411.57,1579.29
8297,396,31,L,0.00,12912.00,10.00,7.00,7.00,-15.00,0.00,0.00,3.00,13172.00,26.00,45.00,3.00,15.00,3.00,1.00,93.33,100.00,68.00,6,1,2023-03-19,1335.73,1489.59,0.33,0.67,1349.77,1475.55
8299,189,207,L,1.00,12966.00,33.00,28.00,6.00,-5.00,1.00,1.00,3.00,12538.00,10.00,20.00,8.00,4.00,2.00,1.00,85.00,96.43,70.00,7,3,2023-03-19,1167.80,1177.72,0.55,0.45,1191.62,1153.90
8302,407,269,L,1.00,12560.00,30.00,30.00,14.00,0.00,0.00,0.00,3.00,12981.00,22.00,31.00,8.00,0.00,3.00,1.00,90.32,96.67,70.00,6,3,2023-03-19,1184.81,1274.27,0.42,0.58,1203.06,1256.03
8303,431,375,L,1.00,12845.00,25.00,25.00,9.00,-5.00,0.00,0.00,3.00,13098.00,19.00,18.00,10.00,5.00,3.00,0.00,83.33,96.00,70.00,6,5,2023-03-19,1072.56,1075.62,0.57,0.43,1096.86,1051.32
8304,451,453,W,4.00,12874.00,17.00,22.00,5.00,15.00,3.00,2.00,1.00,12742.00,13.00,31.00,5.00,-15.00,0.00,0.00,96.77,81.82,70.00,3,6,2023-03-19,968.97,792.85,0.70,0.30,956.25,805.57
8308,446,65,W,6.00,13536.00,29.00,27.00,5.00,-5.00,5.00,2.00,5.00,12989.00,19.00,20.00,9.00,5.00,4.00,2.00,75.00,77.78,70.00,6,4,2023-03-19,1158.52,1134.82,0.47,0.53,1135.66,1157.69
8309,440,200,W,4.00,12610.00,19.00,44.00,0.00,10.00,2.00,1.00,1.00,12114.00,23.00,16.00,11.00,-10.00,1.00,0.00,93.75,90.91,70.00,6,2,2023-03-19,1328.13,1387.98,0.34,0.66,1299.66,1416.44
8310,449,401,W,3.00,12782.00,9.00,16.00,1.00,10.00,2.00,0.00,1.00,12623.00,10.00,22.00,3.00,-10.00,1.00,0.00,95.45,81.25,70.00,3,6,2023-03-19,924.00,899.17,0.47,0.53,901.22,921.95
8312,64,44,W,8.00,12687.00,19.00,39.00,11.00,24.00,3.00,1.00,2.00,12553.00,23.00,29.00,4.00,-25.00,2.00,2.00,93.10,,70.00,6,2,2023-03-19,1338.32,1367.20,0.38,0.62,1311.85,1393.67
8313,215,406,W,3.00,13368.00,15.00,19.00,8.00,5.00,3.00,0.00,2.00,13081.00,17.00,26.00,4.00,-5.00,1.00,0.00,92.31,84.21,70.00,6,4,2023-03-19,1128.07,1137.14,0.42,0.58,1102.93,1162.27
8315,104,132,L,3.00,12484.00,12.00,27.00,0.00,0.00,3.00,1.00,4.00,13378.00,13.00,30.00,2.00,0.00,3.00,2.00,86.67,88.89,70.00,6,4,2023-03-19,1178.89,1103.40,0.68,0.32,1208.31,1073.98
8317,445,397,L,2.00,12176.00,19.00,21.00,2.00,-5.00,2.00,1.00,3.00,12708.00,12.00,29.00,7.00,5.00,3.00,1.00,89.66,90.48,70.00,6,5,2023-03-19,944.39,1192.96,0.21,0.79,953.41,1183.95
8318,411,176,L,1.00,13082.00,20.00,23.00,8.00,-5.00,1.00,0.00,3.00,12841.00,14.00,17.00,7.00,4.00,2.00,0.00,82.35,95.65,70.00,6,5,2023-03-19,1068.18,1045.41,0.61,0.39,1094.24,1019.34
8300,408,211,D,3.00,12540.00,16.00,17.00,5.00,9.00,3.00,1.00,3.00,12965.00,18.00,30.00,4.00,-10.00,1.00,0.00,90.00,76.47,70.00,6,1,2023-03-25,1399.07,1449.23,0.42,0.58,1395.57,1452.73
8316,441,336,W,2.00,11803.00,16.00,19.00,3.00,4.00,2.00,0.00,1.00,12724.00,29.00,28.00,4.00,-5.00,1.00,1.00,96.43,89.47,70.00,6,2,2023-03-25,1417.11,1315.72,0.59,0.41,1399.68,1333.15
8342,29,49,W,6.00,13453.00,14.00,37.00,8.00,15.00,6.00,3.00,3.00,12667.00,19.00,33.00,6.00,-15.00,2.00,0.00,90.91,83.78,68.00,3,0,2023-03-25,1607.33,1487.65,0.62,0.38,1591.12,1503.86
8343,17,1,W,5.00,12117.00,29.00,40.00,10.00,5.00,5.00,1.00,1.00,12368.00,21.00,32.00,7.00,-5.00,0.00,0.00,96.88,87.50,68.00,3,0,2023-03-25,1473.64,1561.03,0.30,0.70,1443.52,1591.15
8356,63,191,L,2.00,13256.00,13.00,22.00,9.00,-10.00,2.00,0.00,3.00,12976.00,28.00,48.00,6.00,10.00,1.00,0.00,93.75,90.91,70.00,6,0,2023-03-25,1387.14,1544.56,0.32,0.68,1400.96,1530.74
8357,443,109,L,3.00,12790.00,22.00,15.00,10.00,-11.00,2.00,2.00,6.00,12562.00,22.00,39.00,5.00,11.00,6.00,3.00,84.62,80.00,70.00,6,1,2023-03-25,1414.31,1390.71,0.61,0.39,1440.43,1364.59
8360,187,23,W,5.00,12791.00,25.00,33.00,6.00,0.00,4.00,2.00,4.00,13402.00,25.00,34.00,10.00,0.00,2.00,0.00,88.24,84.85,70.00,6,1,2023-03-25,1522.45,1280.39,0.78,0.22,1513.14,1289.69
8362,44,64,L,3.00,12726.00,21.00,28.00,0.00,-20.00,3.00,2.00,6.00,12613.00,6.00,28.00,12.00,20.00,4.00,0.00,,89.29,70.00,6,2,2023-03-25,1343.92,1361.61,0.54,0.46,1367.20,1338.32
8365,205,331,W,5.00,13001.00,32.00,32.00,10.00,-4.00,4.00,0.00,4.00,13187.00,22.00,17.00,7.00,5.00,2.00,0.00,76.47,84.38,70.00,6,3,2023-03-25,1313.84,1327.60,0.41,0.59,1288.39,1353.06
8368,407,269,L,3.00,13240.00,25.00,19.00,13.00,-15.00,1.00,1.00,6.00,13276.00,20.00,22.00,6.00,15.00,6.00,0.00,,84.21,70.00,6,3,2023-03-25,1168.73,1290.36,0.37,0.63,1184.81,1274.27
8370,453,451,L,0.00,13570.00,9.00,15.00,10.00,-25.00,0.00,0.00,6.00,13165.00,24.00,28.00,4.00,25.00,5.00,1.00,78.57,100.00,70.00,3,6,2023-03-25,781.40,980.42,0.27,0.73,792.85,968.97
8371,401,449,L,1.00,13166.00,15.00,13.00,5.00,0.00,1.00,1.00,2.00,13044.00,28.00,30.00,4.00,0.00,0.00,0.00,93.33,92.31,70.00,3,6,2023-03-25,879.21,943.96,0.46,0.54,899.17,924.00
8294,131,409,W,6.00,6870.00,8.00,10.00,2.00,19.00,3.00,0.00,0.00,6696.00,4.00,18.00,1.00,-20.00,0.00,0.00,100.00,40.00,70.00,6,0,2023-03-26,1585.31,1490.63,0.58,0.42,1567.42,1508.52
8348,12,31,L,1.00,13119.00,13.00,20.00,5.00,-5.00,1.00,0.00,2.00,12046.00,10.00,30.00,5.00,5.00,2.00,1.00,93.33,95.00,68.00,3,1,2023-03-26,1299.88,1500.93,0.26,0.74,1311.22,1489.59
8349,239,452,L,0.00,13484.00,24.00,33.00,5.00,-10.00,0.00,0.00,2.00,12902.00,14.00,27.00,6.00,10.00,1.00,0.00,92.59,100.00,68.00,3,1,2023-03-26,1502.05,1439.86,0.67,0.33,1530.67,1411.25
8353,132,104,W,4.00,13696.00,16.00,47.00,2.00,0.00,2.00,0.00,3.00,13973.00,18.00,20.00,5.00,-1.00,3.00,0.00,85.00,91.49,70.00,6,4,2023-03-26,1129.50,1152.79,0.39,0.61,1103.40,1178.89
8354,336,441,L,1.00,12401.00,11.00,28.00,3.00,-10.00,1.00,1.00,3.00,12853.00,34.00,24.00,7.00,9.00,3.00,1.00,87.50,96.43,70.00,6,2,2023-03-26,1300.32,1432.51,0.36,0.64,1315.72,1417.11
8358,211,408,D,1.00,12724.00,11.00,29.00,5.00,-4.00,1.00,1.00,1.00,12600.00,28.00,28.00,4.00,2.00,1.00,0.00,92.86,96.55,70.00,6,1,2023-03-26,1446.14,1402.15,0.57,0.43,1449.23,1399.07
8359,335,410,W,5.00,12982.00,25.00,34.00,4.00,4.00,5.00,2.00,4.00,12568.00,10.00,19.00,8.00,-4.00,2.00,0.00,78.95,85.29,70.00,6,1,2023-03-26,1418.30,1403.84,0.45,0.55,1394.79,1427.35
8361,200,440,L,4.00,12710.00,17.00,15.00,4.00,-25.00,4.00,2.00,9.00,12891.00,23.00,34.00,5.00,26.00,7.00,3.00,73.53,73.33,70.00,6,2,2023-03-26,1362.81,1353.30,0.59,0.41,1387.98,1328.13
8363,402,214,W,8.00,12643.00,18.00,26.00,4.00,4.00,8.00,3.00,4.00,12694.00,11.00,31.00,1.00,-4.00,3.00,1.00,87.10,69.23,70.00,6,2,2023-03-26,1400.11,1207.37,0.73,0.27,1388.33,1219.15
8364,22,207,W,4.00,13296.00,34.00,36.00,2.00,5.00,4.00,3.00,3.00,13179.00,12.00,25.00,9.00,-5.00,3.00,2.00,88.00,88.89,70.00,6,3,2023-03-26,1319.17,1163.78,0.68,0.32,1305.22,1177.72
8366,8,38,W,6.00,12478.00,15.00,28.00,4.00,15.00,5.00,1.00,2.00,12247.00,13.00,36.00,3.00,-15.00,2.00,1.00,94.44,78.57,70.00,6,3,2023-03-26,1245.05,1116.72,0.64,0.36,1229.41,1132.36
8367,438,404,W,5.00,12401.00,17.00,30.00,7.00,10.00,4.00,2.00,3.00,12504.00,20.00,20.00,1.00,-10.00,2.00,0.00,85.00,83.33,70.00,6,4,2023-03-26,1265.56,1120.41,0.66,0.34,1250.99,1134.99
8369,411,176,W,3.00,12995.00,17.00,26.00,3.00,9.00,1.00,0.00,2.00,13030.00,16.00,29.00,2.00,-9.00,1.00,0.00,93.10,88.46,70.00,6,5,2023-03-26,1088.27,1025.31,0.53,0.47,1068.18,1045.41
8372,446,65,W,11.00,12677.00,16.00,28.00,5.00,23.00,7.00,1.00,6.00,12404.00,15.00,33.00,5.00,-25.00,4.00,0.00,81.82,,70.00,6,4,2023-03-26,1178.55,1114.79,0.53,0.47,1158.52,1134.82
8373,406,215,W,7.00,12556.00,24.00,24.00,7.00,4.00,4.00,2.00,4.00,13649.00,11.00,21.00,4.00,-5.00,3.00,0.00,80.95,,70.00,6,4,2023-03-26,1158.07,1107.13,0.51,0.49,1137.14,1128.07
7029,49,4,W,3.00,12200.00,6.00,22.00,7.00,5.00,2.00,0.00,2.00,12413.00,15.00,18.00,2.00,-6.00,1.00,1.00,88.89,86.36,68.00,1,0,2023-04-02,1503.82,1383.54,0.62,0.38,1487.65,1399.71
7041,56,1,L,4.00,12514.00,24.00,25.00,5.00,-5.00,4.00,3.00,5.00,12793.00,18.00,51.00,9.00,5.00,5.00,4.00,90.20,84.00,68.00,1,0,2023-04-02,1650.77,1589.58,0.66,0.34,1679.32,1561.03
7990,131,191,L,2.00,12332.00,15.00,23.00,5.00,-16.00,2.00,2.00,6.00,12932.00,9.00,27.00,2.00,16.00,4.00,1.00,77.78,91.30,70.00,1,0,2023-04-02,1561.30,1568.57,0.56,0.44,1585.31,1544.56
7994,409,63,L,2.00,12827.00,19.00,38.00,7.00,-19.00,2.00,2.00,7.00,13425.00,12.00,29.00,5.00,17.00,6.00,2.00,75.86,94.74,70.00,1,0,2023-04-02,1462.91,1414.86,0.64,0.36,1490.63,1387.14
8006,187,211,W,5.00,13150.00,13.00,29.00,7.00,10.00,4.00,1.00,3.00,13217.00,19.00,24.00,4.00,-10.00,3.00,2.00,87.50,82.76,70.00,1,1,2023-04-02,1539.30,1429.29,0.61,0.39,1522.45,1446.14
8024,110,189,L,1.00,13126.00,11.00,22.00,3.00,-5.00,1.00,0.00,3.00,12553.00,10.00,20.00,1.00,4.00,1.00,0.00,85.00,95.45,70.00,1,3,2023-04-02,1004.56,1180.53,0.30,0.70,1017.29,1167.80
8025,407,205,W,3.00,13362.00,19.00,32.00,3.00,5.00,3.00,1.00,2.00,13355.00,12.00,28.00,5.00,-5.00,1.00,0.00,92.86,90.62,70.00,1,3,2023-04-02,1198.72,1283.85,0.30,0.70,1168.73,1313.84
8027,207,269,L,4.00,12387.00,8.00,27.00,0.00,-10.00,3.00,0.00,5.00,13174.00,10.00,34.00,7.00,9.00,2.00,0.00,85.29,85.19,70.00,1,3,2023-04-02,1149.78,1304.35,0.33,0.67,1163.78,1290.36
8045,64,129,W,4.00,13262.00,28.00,33.00,12.00,10.00,4.00,1.00,1.00,12686.00,23.00,20.00,6.00,-10.00,1.00,0.00,95.00,87.88,70.00,1,2,2023-04-02,1375.22,1214.37,0.68,0.32,1361.61,1227.99
8046,403,405,L,2.00,12709.00,12.00,15.00,9.00,-5.00,2.00,1.00,5.00,13117.00,20.00,34.00,4.00,5.00,1.00,0.00,85.29,86.67,70.00,1,2,2023-04-02,1153.37,1250.20,0.41,0.59,1171.11,1232.46
8048,214,200,W,11.00,12904.00,15.00,47.00,4.00,22.00,11.00,1.00,4.00,12568.00,12.00,14.00,5.00,-24.00,4.00,3.00,71.43,76.60,70.00,1,2,2023-04-02,1237.89,1332.28,0.29,0.71,1207.37,1362.81
8049,130,448,L,1.00,12993.00,14.00,16.00,11.00,-10.00,1.00,0.00,2.00,12473.00,32.00,19.00,4.00,10.00,0.00,0.00,89.47,93.75,70.00,1,4,2023-04-02,1004.52,1064.24,0.47,0.53,1024.84,1043.91
8052,438,406,W,3.00,13785.00,24.00,36.00,7.00,5.00,3.00,1.00,2.00,13796.00,23.00,23.00,8.00,-5.00,2.00,0.00,91.30,91.67,70.00,1,4,2023-04-02,1280.62,1143.02,0.65,0.35,1265.56,1158.07
8054,404,332,L,3.00,12813.00,24.00,18.00,1.00,-11.00,1.00,0.00,5.00,11508.00,16.00,25.00,5.00,10.00,3.00,2.00,80.00,83.33,70.00,1,4,2023-04-02,1092.85,1047.40,0.64,0.36,1120.41,1019.84
8055,449,451,L,5.00,13433.00,19.00,19.00,5.00,1.00,3.00,2.00,6.00,13009.00,20.00,22.00,7.00,-1.00,2.00,0.00,72.73,73.68,70.00,1,6,2023-04-02,924.71,999.67,0.45,0.55,943.96,980.42
8056,375,216,W,4.00,12352.00,11.00,21.00,5.00,9.00,3.00,1.00,1.00,12753.00,17.00,28.00,3.00,-10.00,1.00,0.00,96.43,80.95,70.00,1,5,2023-04-02,1094.84,1019.33,0.55,0.45,1075.62,1038.54
8057,453,401,L,3.00,12259.00,3.00,18.00,1.00,-5.00,2.00,0.00,4.00,13278.00,24.00,24.00,2.00,5.00,2.00,0.00,83.33,83.33,70.00,1,6,2023-04-02,765.80,894.81,0.36,0.64,781.40,879.21
7993,53,333,L,1.00,12762.00,16.00,26.00,6.00,-45.00,0.00,0.00,12.00,12874.00,25.00,49.00,3.00,45.00,9.00,6.00,75.51,96.15,70.00,1,0,2023-04-03,1391.00,1591.84,0.26,0.74,1402.35,1580.49
8022,410,329,L,2.00,12534.00,18.00,20.00,6.00,-20.00,1.00,0.00,6.00,12865.00,21.00,28.00,7.00,20.00,5.00,4.00,78.57,90.00,70.00,1,1,2023-04-03,1375.77,1322.23,0.65,0.35,1403.84,1294.16
8034,331,26,L,1.00,12956.00,31.00,27.00,8.00,0.00,1.00,1.00,2.00,12564.00,21.00,27.00,12.00,0.00,2.00,0.00,92.59,96.30,70.00,1,3,2023-04-03,1294.91,1159.94,0.76,0.24,1327.60,1127.26
8037,8,38,W,6.00,12994.00,23.00,18.00,5.00,30.00,6.00,1.00,1.00,12605.00,17.00,28.00,8.00,-30.00,1.00,0.00,96.43,,70.00,1,3,2023-04-03,1258.95,1102.82,0.68,0.32,1245.05,1116.72
8074,200,440,W,5.00,12480.00,17.00,24.00,13.00,14.00,3.00,0.00,2.00,12832.00,35.00,35.00,5.00,-15.00,2.00,1.00,94.29,79.17,70.00,1,2,2023-04-03,1355.08,1330.50,0.47,0.53,1332.28,1353.30
8087,411,375,W,5.00,12409.00,18.00,26.00,2.00,15.00,4.00,1.00,2.00,13379.00,13.00,13.00,3.00,-15.00,1.00,0.00,84.62,80.77,70.00,1,5,2023-04-03,1110.18,1072.93,0.49,0.51,1088.27,1094.84
8097,431,445,W,1.00,11595.00,9.00,25.00,3.00,5.00,1.00,1.00,0.00,13352.00,9.00,14.00,4.00,-5.00,0.00,0.00,100.00,96.00,70.00,1,5,2023-04-03,1086.47,930.48,0.68,0.32,1072.56,944.39
8123,401,451,L,2.00,13038.00,12.00,27.00,0.00,-25.00,2.00,0.00,6.00,12324.00,5.00,13.00,3.00,24.00,5.00,1.00,53.85,92.59,70.00,1,6,2023-04-03,879.61,1014.87,0.35,0.65,894.81,999.67
8125,130,406,L,0.00,13404.00,13.00,12.00,4.00,-20.00,0.00,0.00,6.00,12151.00,9.00,32.00,3.00,20.00,5.00,3.00,81.25,100.00,70.00,1,4,2023-04-03,991.16,1156.38,0.31,0.69,1004.52,1143.02
8213,35,12,W,5.00,12971.00,23.00,33.00,3.00,15.00,4.00,2.00,2.00,12283.00,3.00,21.00,9.00,-16.00,2.00,0.00,90.48,84.85,68.00,6,1,2023-04-03,1490.80,1288.60,0.74,0.26,1479.53,1299.88
8214,111,239,W,6.00,14098.00,17.00,20.00,6.00,-5.00,6.00,0.00,5.00,14151.00,21.00,26.00,6.00,5.00,5.00,2.00,80.77,70.00,68.00,6,1,2023-04-03,1463.72,1476.65,0.41,0.59,1438.31,1502.05
8216,452,15,W,2.00,12999.00,23.00,18.00,6.00,5.00,2.00,0.00,0.00,13100.00,13.00,25.00,9.00,-5.00,0.00,0.00,100.00,88.89,68.00,6,1,2023-04-03,1461.81,1425.06,0.49,0.51,1439.86,1447.01
8218,29,46,L,3.00,13268.00,27.00,25.00,6.00,-5.00,3.00,2.00,4.00,12610.00,17.00,18.00,6.00,5.00,4.00,2.00,77.78,88.00,68.00,6,0,2023-04-03,1572.84,1398.78,0.80,0.20,1607.33,1364.29
8220,4,1,L,2.00,12896.00,29.00,39.00,4.00,-14.00,2.00,1.00,5.00,12457.00,19.00,29.00,11.00,14.00,5.00,4.00,82.76,94.87,68.00,6,0,2023-04-03,1373.48,1599.64,0.23,0.77,1383.54,1589.58
8221,17,442,W,6.00,13646.00,23.00,30.00,2.00,25.00,5.00,3.00,1.00,13210.00,18.00,28.00,9.00,-25.00,1.00,0.00,96.43,80.00,68.00,6,0,2023-04-03,1500.49,1535.10,0.38,0.62,1473.64,1561.95
8224,49,56,W,3.00,12582.00,20.00,31.00,4.00,15.00,3.00,2.00,0.00,12626.00,14.00,28.00,6.00,-16.00,0.00,0.00,100.00,90.32,68.00,6,0,2023-04-03,1533.91,1620.68,0.30,0.70,1503.82,1650.77
8565,333,452,L,3.00,12880.00,19.00,30.00,7.00,5.00,2.00,1.00,4.00,13034.00,12.00,31.00,6.00,-5.00,3.00,2.00,87.10,90.00,73.00,1,0,2023-04-06,1562.65,1491.00,0.68,0.32,1591.84,1461.81
8579,189,92,W,6.00,12496.00,17.00,33.00,5.00,5.00,5.00,2.00,3.00,12766.00,12.00,17.00,5.00,-6.00,1.00,1.00,82.35,81.82,73.00,1,0,2023-04-06,1217.87,1470.98,0.13,0.87,1180.53,1508.32
8580,332,439,L,4.00,13020.00,21.00,20.00,3.00,-20.00,2.00,0.00,11.00,12535.00,27.00,26.00,5.00,20.00,8.00,3.00,,80.00,73.00,1,2,2023-04-06,1021.74,1005.09,0.60,0.40,1047.40,979.44
8582,491,448,W,6.00,10965.00,31.00,40.00,2.00,15.00,6.00,2.00,2.00,12894.00,12.00,18.00,4.00,-15.00,1.00,0.00,88.89,85.00,73.00,1,2,2023-04-06,1282.47,1054.27,0.77,0.23,1272.51,1064.24
8583,449,215,L,0.00,12566.00,7.00,7.00,21.00,-25.00,0.00,0.00,6.00,12449.00,30.00,31.00,0.00,25.00,6.00,1.00,80.65,100.00,73.00,1,3,2023-04-06,913.56,1118.28,0.26,0.74,924.71,1107.13
8584,400,431,L,3.00,13024.00,23.00,30.00,3.00,-10.00,1.00,0.00,5.00,12487.00,7.00,21.00,2.00,11.00,5.00,2.00,76.19,90.00,73.00,1,3,2023-04-06,942.61,1100.27,0.32,0.68,956.41,1086.47
8585,269,402,L,1.00,11995.00,12.00,27.00,4.00,-16.00,1.00,0.00,7.00,12261.00,22.00,30.00,1.00,15.00,5.00,3.00,76.67,96.30,73.00,1,1,2023-04-06,1288.63,1415.83,0.37,0.63,1304.35,1400.11
8586,329,44,L,3.00,12403.00,18.00,24.00,10.00,-6.00,3.00,1.00,4.00,12613.00,15.00,19.00,6.00,5.00,3.00,1.00,78.95,87.50,73.00,1,1,2023-04-06,1302.07,1364.08,0.47,0.53,1322.23,1343.92
8589,406,489,W,7.00,12131.00,7.00,36.00,2.00,14.00,5.00,1.00,1.00,12703.00,22.00,19.00,7.00,-13.00,0.00,0.00,94.74,,73.00,1,3,2023-04-06,1180.56,1175.81,0.44,0.56,1156.38,1200.00
8590,493,335,L,5.00,12060.00,23.00,26.00,1.00,-2.00,4.00,0.00,6.00,11889.00,17.00,23.00,5.00,0.00,4.00,2.00,73.91,80.77,73.00,1,1,2023-04-06,1379.63,1438.67,0.47,0.53,1400.00,1418.30
8999,49,46,L,3.00,11506.00,17.00,35.00,3.00,-6.00,1.00,1.00,5.00,12413.00,11.00,36.00,5.00,4.00,5.00,2.00,86.11,91.43,74.00,1,0,2023-04-11,1504.44,1428.24,0.69,0.31,1533.91,1398.78
9146,109,63,L,1.00,11522.00,28.00,23.00,3.00,-35.00,1.00,0.00,7.00,12822.00,12.00,40.00,8.00,34.00,6.00,4.00,82.50,95.65,75.00,1,0,2023-04-11,1370.71,1434.87,0.47,0.53,1390.71,1414.86
9147,496,92,L,1.00,12657.00,17.00,17.00,12.00,-10.00,1.00,0.00,4.00,13001.00,11.00,39.00,4.00,11.00,3.00,1.00,89.74,94.12,75.00,1,0,2023-04-11,1490.84,1495.19,0.56,0.44,1515.06,1470.98
9149,208,440,L,2.00,13156.00,19.00,24.00,4.00,-10.00,1.00,1.00,3.00,12178.00,18.00,23.00,5.00,10.00,3.00,2.00,86.96,91.67,75.00,1,0,2023-04-11,1369.97,1355.97,0.59,0.41,1395.45,1330.50
9151,443,410,L,4.00,11051.00,20.00,30.00,1.00,-2.00,3.00,2.00,5.00,13332.00,18.00,31.00,8.00,0.00,5.00,3.00,83.87,86.67,75.00,1,0,2023-04-11,1390.43,1399.65,0.56,0.44,1414.31,1375.77
9167,448,446,L,1.00,12066.00,25.00,13.00,8.00,2.00,1.00,0.00,2.00,13469.00,21.00,18.00,7.00,-2.00,2.00,0.00,88.89,92.31,75.00,1,3,2023-04-11,1040.15,1192.67,0.33,0.67,1054.27,1178.55
9170,215,65,W,4.00,13193.00,20.00,27.00,10.00,5.00,1.00,0.00,3.00,12608.00,25.00,22.00,9.00,-6.00,3.00,1.00,86.36,85.19,75.00,1,3,2023-04-11,1139.56,1093.50,0.51,0.49,1118.28,1114.79
9171,26,205,L,3.00,14325.00,14.00,30.00,5.00,0.00,3.00,0.00,5.00,13832.00,23.00,27.00,3.00,0.00,5.00,5.00,81.48,90.00,75.00,1,2,2023-04-11,1145.80,1297.99,0.33,0.67,1159.94,1283.85
9176,48,44,W,5.00,11699.00,32.00,30.00,6.00,10.00,4.00,3.00,4.00,13171.00,15.00,25.00,11.00,-10.00,2.00,0.00,84.00,83.33,75.00,1,1,2023-04-11,1547.72,1352.43,0.73,0.27,1536.08,1364.08
9181,130,439,W,6.00,14055.00,21.00,20.00,9.00,0.00,4.00,2.00,5.00,13214.00,26.00,34.00,5.00,0.00,5.00,4.00,85.29,70.00,75.00,1,4,2023-04-11,1013.52,982.73,0.48,0.52,991.16,1005.09
9184,216,176,L,1.00,12306.00,17.00,24.00,6.00,-5.00,1.00,0.00,3.00,10085.00,13.00,22.00,1.00,5.00,2.00,1.00,,95.83,75.00,1,4,2023-04-11,998.20,1046.44,0.49,0.51,1019.33,1025.31
9186,449,453,W,5.00,11486.00,23.00,27.00,4.00,15.00,3.00,0.00,2.00,12549.00,15.00,12.00,6.00,-15.00,2.00,1.00,83.33,81.48,75.00,1,5,2023-04-11,926.44,752.93,0.70,0.30,913.56,765.80
9188,408,402,W,5.00,12536.00,10.00,25.00,8.00,19.00,2.00,2.00,1.00,12778.00,26.00,23.00,1.00,-20.00,0.00,0.00,95.65,80.00,75.00,1,1,2023-04-11,1424.50,1393.49,0.48,0.52,1402.15,1415.83
8461,438,132,L,2.00,13111.00,28.00,21.00,5.00,-5.00,2.00,0.00,4.00,12698.00,15.00,22.00,6.00,5.00,2.00,0.00,81.82,90.48,70.00,3,4,2023-04-15,1250.31,1159.81,0.70,0.30,1280.62,1129.50
8462,441,440,W,3.00,13158.00,17.00,40.00,10.00,0.00,3.00,1.00,2.00,12750.00,23.00,30.00,5.00,0.00,2.00,1.00,93.33,92.50,70.00,3,2,2023-04-15,1449.35,1339.13,0.61,0.39,1432.51,1355.97
8469,109,187,L,0.00,13051.00,19.00,31.00,8.00,-15.00,0.00,0.00,3.00,12511.00,17.00,30.00,11.00,14.00,2.00,0.00,90.00,100.00,70.00,3,1,2023-04-15,1358.89,1551.12,0.27,0.73,1370.71,1539.30
8454,29,1,W,7.00,13347.00,15.00,27.00,6.00,25.00,5.00,3.00,1.00,12634.00,21.00,42.00,3.00,-25.00,0.00,0.00,97.62,74.07,68.00,5,0,2023-04-16,1596.00,1576.48,0.46,0.54,1572.84,1599.64
8457,239,31,W,4.00,13258.00,24.00,36.00,3.00,15.00,3.00,3.00,1.00,12736.00,12.00,15.00,1.00,-16.00,1.00,0.00,93.33,88.89,68.00,5,1,2023-04-16,1499.65,1477.93,0.47,0.53,1476.65,1500.93
8460,131,333,L,0.00,12654.00,15.00,25.00,9.00,-5.00,0.00,0.00,2.00,13018.00,25.00,43.00,10.00,5.00,2.00,2.00,95.35,100.00,70.00,3,0,2023-04-16,1539.88,1584.06,0.50,0.50,1561.30,1562.65
8463,22,8,W,7.00,13164.00,19.00,22.00,3.00,10.00,4.00,0.00,4.00,12803.00,19.00,18.00,5.00,-12.00,3.00,1.00,77.78,68.18,70.00,3,3,2023-04-16,1336.98,1241.14,0.59,0.41,1319.17,1258.95
8464,406,446,L,2.00,12588.00,13.00,32.00,2.00,-1.00,1.00,0.00,3.00,13714.00,10.00,20.00,1.00,0.00,0.00,0.00,85.00,93.75,70.00,3,4,2023-04-16,1159.81,1213.43,0.48,0.52,1180.56,1192.67
8465,411,216,W,3.00,12554.00,22.00,24.00,6.00,5.00,3.00,1.00,1.00,12365.00,24.00,17.00,5.00,-6.00,1.00,0.00,94.12,87.50,70.00,3,5,2023-04-16,1124.98,983.40,0.66,0.34,1110.18,998.20
8466,331,269,W,3.00,12889.00,29.00,32.00,7.00,0.00,3.00,2.00,2.00,11477.00,18.00,24.00,9.00,-2.00,2.00,1.00,91.67,90.62,70.00,3,3,2023-04-16,1316.03,1267.52,0.51,0.49,1294.91,1288.63
8467,449,451,W,4.00,12005.00,15.00,23.00,5.00,3.00,0.00,0.00,3.00,12254.00,30.00,22.00,8.00,-5.00,2.00,0.00,86.36,82.61,70.00,5,6,2023-04-16,953.29,988.01,0.38,0.62,926.44,1014.87
8468,335,408,W,2.00,13406.00,28.00,22.00,5.00,5.00,1.00,0.00,0.00,12803.00,22.00,15.00,11.00,-5.00,1.00,0.00,93.33,90.91,70.00,3,1,2023-04-16,1459.30,1403.88,0.52,0.48,1438.67,1424.50
8455,1,29,W,6.00,12415.00,18.00,50.00,2.00,16.00,6.00,5.00,1.00,13165.00,12.00,31.00,7.00,-16.00,0.00,0.00,96.77,88.00,68.00,5,0,2023-04-22,1599.19,1573.29,0.47,0.53,1576.48,1596.00
8458,31,239,L,2.00,12878.00,12.00,21.00,8.00,-10.00,1.00,0.00,5.00,12725.00,17.00,31.00,2.00,10.00,5.00,2.00,83.87,90.48,68.00,5,1,2023-04-22,1457.77,1519.81,0.47,0.53,1477.93,1499.65
8481,131,208,W,6.00,13029.00,23.00,34.00,7.00,18.00,4.00,1.00,2.00,12657.00,20.00,26.00,6.00,-19.00,1.00,0.00,92.31,82.35,70.00,4,0,2023-04-22,1551.63,1358.22,0.73,0.27,1539.88,1369.97
8482,191,333,L,0.00,12896.00,17.00,18.00,5.00,-15.00,0.00,0.00,5.00,12720.00,14.00,50.00,4.00,15.00,4.00,1.00,90.00,100.00,70.00,5,0,2023-04-22,1548.03,1604.60,0.48,0.52,1568.57,1584.06
8484,187,109,W,7.00,12980.00,11.00,20.00,11.00,24.00,5.00,1.00,3.00,13496.00,25.00,36.00,4.00,-25.00,3.00,1.00,91.67,65.00,70.00,3,1,2023-04-22,1561.80,1348.20,0.75,0.25,1551.12,1358.89
8485,8,269,W,5.00,13239.00,16.00,24.00,7.00,25.00,4.00,3.00,0.00,12263.00,20.00,20.00,5.00,-25.00,0.00,0.00,100.00,79.17,70.00,4,3,2023-04-22,1264.27,1244.39,0.46,0.54,1241.14,1267.52
8486,438,132,L,1.00,12042.00,15.00,23.00,2.00,-11.00,1.00,0.00,3.00,13338.00,3.00,17.00,12.00,9.00,2.00,2.00,82.35,95.65,70.00,3,4,2023-04-22,1223.34,1186.78,0.63,0.37,1250.31,1159.81
8456,1,29,W,5.00,12696.00,18.00,38.00,7.00,5.00,4.00,2.00,3.00,12709.00,21.00,26.00,4.00,-6.00,3.00,1.00,88.46,86.84,68.00,5,0,2023-04-23,1619.09,1553.39,0.54,0.46,1599.19,1573.29
8459,31,239,L,2.00,12891.00,12.00,22.00,6.00,-11.00,2.00,1.00,5.00,12846.00,30.00,31.00,4.00,11.00,3.00,1.00,83.87,90.91,68.00,5,1,2023-04-23,1440.07,1537.51,0.41,0.59,1457.77,1519.81
8483,333,191,W,5.00,12704.00,8.00,44.00,5.00,15.00,4.00,1.00,2.00,13129.00,21.00,27.00,6.00,-15.00,1.00,0.00,92.59,88.64,70.00,5,0,2023-04-23,1622.63,1530.00,0.58,0.42,1604.60,1548.03
8488,335,187,L,1.00,12975.00,12.00,20.00,1.00,-1.00,1.00,0.00,3.00,12964.00,18.00,20.00,6.00,0.00,2.00,1.00,85.00,95.00,70.00,5,1,2023-04-23,1443.96,1577.14,0.36,0.64,1459.30,1561.80
8489,441,402,L,2.00,12230.00,15.00,14.00,3.00,-20.00,1.00,0.00,6.00,12153.00,18.00,31.00,5.00,20.00,4.00,0.00,80.65,85.71,70.00,5,2,2023-04-23,1424.42,1418.41,0.58,0.42,1449.35,1393.49
8492,22,331,L,2.00,12468.00,15.00,26.00,4.00,-26.00,2.00,1.00,6.00,12960.00,17.00,38.00,14.00,25.00,3.00,1.00,84.21,92.31,70.00,5,3,2023-04-23,1314.18,1338.82,0.53,0.47,1336.98,1316.03
8493,132,446,W,2.00,12467.00,11.00,10.00,4.00,5.00,2.00,0.00,1.00,13082.00,19.00,21.00,2.00,-5.00,0.00,0.00,95.24,80.00,70.00,5,4,2023-04-23,1209.93,1190.28,0.46,0.54,1186.78,1213.43
8495,397,411,W,3.00,12512.00,18.00,26.00,2.00,9.00,3.00,1.00,1.00,12660.00,10.00,30.00,7.00,-11.00,1.00,0.00,96.67,88.46,70.00,5,5,2023-04-23,1210.31,1107.63,0.60,0.40,1192.96,1124.98
8496,375,216,W,3.00,12710.00,14.00,20.00,15.00,4.00,2.00,1.00,2.00,12233.00,21.00,25.00,4.00,-4.00,2.00,0.00,92.00,85.00,70.00,4,5,2023-04-23,1089.01,967.32,0.63,0.37,1072.93,983.40
8491,64,440,L,4.00,13230.00,17.00,24.00,7.00,-15.00,3.00,0.00,8.00,12549.00,16.00,52.00,3.00,16.00,5.00,4.00,84.62,83.33,70.00,4,2,2023-04-29,1351.50,1362.86,0.55,0.45,1375.22,1339.13
8512,109,408,W,4.00,13037.00,38.00,32.00,4.00,-1.00,3.00,2.00,2.00,12820.00,14.00,20.00,14.00,0.00,3.00,1.00,85.00,87.50,70.00,4,1,2023-04-29,1373.12,1378.96,0.42,0.58,1348.20,1403.88
8514,397,411,W,5.00,12988.00,12.00,24.00,4.00,20.00,3.00,0.00,2.00,13331.00,12.00,22.00,1.00,-20.00,1.00,0.00,90.91,79.17,70.00,5,5,2023-04-29,1225.63,1092.31,0.64,0.36,1210.31,1107.63
8516,187,335,W,4.00,13076.00,8.00,19.00,6.00,10.00,3.00,1.00,1.00,12911.00,18.00,22.00,2.00,-10.00,1.00,0.00,95.45,78.95,70.00,5,1,2023-04-29,1590.78,1430.32,0.68,0.32,1577.14,1443.96
8518,402,441,L,2.00,11633.00,19.00,21.00,2.00,2.00,1.00,2.00,3.00,11916.00,21.00,25.00,9.00,0.00,1.00,0.00,88.00,90.48,70.00,5,2,2023-04-29,1397.29,1445.55,0.49,0.51,1418.41,1424.42
8519,446,132,L,1.00,13197.00,23.00,25.00,11.00,-15.00,1.00,0.00,3.00,12611.00,18.00,17.00,5.00,15.00,1.00,0.00,82.35,96.00,70.00,5,4,2023-04-29,1169.99,1230.21,0.47,0.53,1190.28,1209.93
8522,1,29,L,1.00,12602.00,14.00,49.00,2.00,-5.00,1.00,0.00,3.00,12383.00,18.00,32.00,5.00,4.00,3.00,1.00,90.62,97.96,68.00,5,0,2023-04-29,1593.57,1578.91,0.59,0.41,1619.09,1553.39
8524,331,22,W,6.00,13849.00,9.00,26.00,4.00,0.00,4.00,1.00,5.00,13483.00,17.00,35.00,3.00,0.00,0.00,1.00,85.71,76.92,70.00,5,3,2023-04-29,1358.80,1294.20,0.54,0.46,1338.82,1314.18
8513,438,406,W,6.00,12680.00,19.00,38.00,13.00,15.00,3.00,0.00,3.00,13035.00,17.00,15.00,3.00,-15.00,3.00,2.00,80.00,,70.00,4,4,2023-04-30,1240.95,1142.20,0.59,0.41,1223.34,1159.81
8520,402,441,L,3.00,12730.00,29.00,33.00,8.00,-15.00,2.00,1.00,5.00,12831.00,27.00,25.00,4.00,15.00,4.00,1.00,80.00,90.91,70.00,5,2,2023-04-30,1378.75,1464.08,0.43,0.57,1397.29,1445.55
8523,1,29,W,4.00,12830.00,21.00,58.00,6.00,4.00,4.00,2.00,3.00,12641.00,15.00,37.00,5.00,-5.00,3.00,1.00,91.89,93.10,68.00,5,0,2023-04-30,1614.17,1558.32,0.52,0.48,1593.57,1578.91
7117,396,12,L,0.00,12305.00,11.00,26.00,3.00,-5.00,0.00,0.00,1.00,13171.00,20.00,39.00,6.00,5.00,1.00,0.00,97.44,100.00,68.00,1,1,2023-05-02,1311.33,1313.00,0.57,0.43,1335.73,1288.60
7119,239,35,L,3.00,12520.00,26.00,32.00,5.00,-20.00,3.00,2.00,6.00,12472.00,15.00,32.00,10.00,20.00,6.00,1.00,,90.62,68.00,1,1,2023-05-02,1513.14,1515.18,0.57,0.43,1537.51,1490.80
7120,15,111,L,4.00,12210.00,19.00,40.00,2.00,-17.00,2.00,1.00,5.00,12647.00,12.00,25.00,5.00,16.00,4.00,1.00,80.00,90.00,68.00,1,1,2023-05-02,1405.95,1482.83,0.44,0.56,1425.06,1463.72
7123,31,452,W,5.00,12648.00,11.00,19.00,0.00,0.00,3.00,3.00,4.00,13227.00,12.00,26.00,4.00,0.00,4.00,1.00,84.62,73.68,68.00,1,1,2023-05-02,1464.70,1466.37,0.43,0.57,1440.07,1491.00
7991,191,48,L,1.00,12179.00,23.00,17.00,4.00,-6.00,0.00,0.00,4.00,12616.00,14.00,19.00,6.00,5.00,3.00,1.00,78.95,94.12,70.00,1,0,2023-05-02,1509.59,1568.13,0.47,0.53,1530.00,1547.72
7998,53,63,L,2.00,12397.00,26.00,30.00,4.00,-12.00,0.00,0.00,5.00,12740.00,13.00,32.00,7.00,10.00,5.00,1.00,84.38,93.33,70.00,1,0,2023-05-02,1372.20,1453.67,0.44,0.56,1391.00,1434.87
8005,450,329,L,1.00,13268.00,13.00,11.00,8.00,-10.00,1.00,0.00,5.00,12237.00,15.00,32.00,0.00,10.00,4.00,1.00,84.38,90.91,70.00,1,1,2023-05-02,1301.63,1324.96,0.53,0.47,1324.52,1302.07
8007,335,408,D,2.00,13174.00,22.00,37.00,5.00,-10.00,2.00,2.00,2.00,12234.00,14.00,23.00,5.00,9.00,2.00,2.00,86.96,94.59,70.00,1,1,2023-05-02,1427.17,1382.12,0.57,0.43,1430.32,1378.96
8008,23,443,W,3.00,14280.00,14.00,19.00,9.00,1.00,1.00,0.00,2.00,14397.00,20.00,36.00,3.00,0.00,2.00,0.00,94.44,84.21,70.00,1,1,2023-05-02,1308.48,1362.34,0.35,0.65,1280.39,1390.43
8009,410,109,W,4.00,12449.00,15.00,24.00,9.00,9.00,3.00,1.00,2.00,12725.00,34.00,35.00,10.00,-8.00,2.00,0.00,94.29,83.33,70.00,1,1,2023-05-02,1419.51,1353.26,0.54,0.46,1399.65,1373.12
8023,331,38,W,10.00,11776.00,21.00,45.00,17.00,18.00,8.00,2.00,6.00,11975.00,31.00,33.00,5.00,-19.00,4.00,3.00,81.82,,70.00,1,3,2023-05-02,1366.81,1094.80,0.81,0.19,1358.80,1102.82
8026,22,26,W,8.00,19467.00,15.00,35.00,5.00,14.00,6.00,2.00,2.00,12952.00,9.00,21.00,4.00,-14.00,1.00,0.00,90.48,77.14,70.00,1,3,2023-05-02,1307.04,1132.96,0.70,0.30,1294.20,1145.80
8050,132,446,L,4.00,13696.00,14.00,24.00,6.00,0.00,3.00,0.00,5.00,13709.00,20.00,22.00,4.00,0.00,3.00,2.00,77.27,83.33,70.00,1,4,2023-05-02,1205.02,1195.18,0.59,0.41,1230.21,1169.99
8051,104,65,W,5.00,12621.00,20.00,32.00,9.00,11.00,4.00,1.00,4.00,13284.00,24.00,34.00,9.00,-10.00,4.00,2.00,88.24,84.38,70.00,1,4,2023-05-02,1170.65,1075.64,0.58,0.42,1152.79,1093.50
8058,411,397,L,2.00,12999.00,14.00,13.00,6.00,-20.00,2.00,0.00,5.00,12388.00,12.00,16.00,2.00,18.00,5.00,2.00,68.75,84.62,70.00,1,5,2023-05-02,1078.67,1239.26,0.32,0.68,1092.31,1225.63
8059,176,400,W,3.00,12271.00,25.00,25.00,5.00,5.00,3.00,1.00,0.00,13077.00,21.00,18.00,8.00,-5.00,0.00,0.00,100.00,88.00,70.00,1,5,2023-05-02,1061.70,927.35,0.65,0.35,1046.44,942.61
8060,431,439,W,4.00,12864.00,25.00,25.00,3.00,10.00,3.00,1.00,2.00,12658.00,12.00,30.00,9.00,-10.00,2.00,1.00,93.33,84.00,70.00,1,5,2023-05-02,1114.77,968.24,0.66,0.34,1100.27,982.73
8063,441,440,W,6.00,12424.00,8.00,31.00,6.00,15.00,3.00,1.00,3.00,12698.00,27.00,38.00,2.00,-16.00,3.00,2.00,92.11,80.65,70.00,1,2,2023-05-02,1479.49,1347.45,0.64,0.36,1464.08,1362.86
7999,379,208,L,4.00,13089.00,10.00,28.00,4.00,-15.00,2.00,0.00,5.00,12802.00,26.00,30.00,13.00,15.00,4.00,1.00,,85.71,70.00,1,0,2023-05-03,1424.95,1385.40,0.63,0.37,1452.13,1358.22
8016,211,408,L,2.00,13553.00,15.00,13.00,4.00,0.00,2.00,1.00,3.00,13008.00,24.00,25.00,1.00,1.00,3.00,1.00,88.00,84.62,70.00,1,1,2023-05-03,1404.89,1406.52,0.57,0.43,1429.29,1382.12
8018,335,410,L,3.00,12614.00,34.00,25.00,2.00,-10.00,3.00,3.00,4.00,12112.00,9.00,26.00,9.00,10.00,2.00,0.00,84.62,88.00,70.00,1,1,2023-05-03,1405.19,1441.48,0.51,0.49,1427.17,1419.51
8033,205,207,L,1.00,14272.00,20.00,40.00,1.00,0.00,1.00,0.00,3.00,12740.00,7.00,24.00,5.00,0.00,3.00,0.00,87.50,97.50,70.00,1,3,2023-05-03,1267.84,1179.93,0.70,0.30,1297.99,1149.78
8075,402,336,W,4.00,11987.00,19.00,17.00,9.00,10.00,4.00,3.00,1.00,12898.00,22.00,14.00,6.00,-10.00,1.00,1.00,92.86,76.47,70.00,1,2,2023-05-03,1395.48,1283.59,0.61,0.39,1378.75,1300.32
8124,449,453,W,8.00,13114.00,14.00,30.00,7.00,39.00,5.00,0.00,0.00,13251.00,17.00,24.00,2.00,-40.00,0.00,0.00,100.00,73.33,70.00,1,6,2023-05-03,963.61,742.62,0.76,0.24,953.29,752.93
8126,406,332,W,5.00,12308.00,20.00,28.00,5.00,8.00,3.00,1.00,1.00,13004.00,20.00,19.00,7.00,-10.00,1.00,0.00,94.74,82.14,70.00,1,4,2023-05-03,1156.53,1007.41,0.67,0.33,1142.20,1021.74
8127,65,448,W,5.00,13306.00,20.00,43.00,7.00,4.00,3.00,0.00,4.00,13834.00,35.00,29.00,8.00,-5.00,3.00,0.00,86.21,88.37,70.00,1,4,2023-05-03,1094.95,1020.84,0.55,0.45,1075.64,1040.15
8215,31,396,L,1.00,13387.00,18.00,40.00,2.00,-10.00,1.00,0.00,2.00,11647.00,5.00,13.00,7.00,10.00,2.00,0.00,84.62,97.50,68.00,6,1,2023-05-03,1434.28,1341.75,0.71,0.29,1464.70,1311.33
8217,111,239,L,2.00,13129.00,6.00,16.00,4.00,-5.00,2.00,1.00,3.00,12879.00,35.00,35.00,1.00,5.00,2.00,0.00,91.43,87.50,68.00,6,1,2023-05-03,1463.20,1532.77,0.46,0.54,1482.83,1513.14
8219,29,46,W,8.00,12884.00,23.00,36.00,7.00,15.00,8.00,1.00,3.00,12583.00,16.00,32.00,9.00,-16.00,2.00,2.00,90.62,,68.00,6,0,2023-05-03,1572.12,1414.43,0.68,0.32,1558.32,1428.24
8223,4,1,L,0.00,12974.00,28.00,38.00,5.00,-45.00,0.00,0.00,10.00,11878.00,18.00,30.00,13.00,43.00,10.00,5.00,66.67,100.00,68.00,6,0,2023-05-03,1364.88,1622.77,0.20,0.80,1373.48,1614.17
8225,56,49,W,4.00,12432.00,15.00,29.00,4.00,0.00,3.00,1.00,3.00,12875.00,19.00,37.00,11.00,0.00,2.00,2.00,91.89,86.21,68.00,6,0,2023-05-03,1635.24,1489.88,0.66,0.34,1620.68,1504.44
8226,35,12,L,3.00,12969.00,39.00,43.00,4.00,-22.00,3.00,0.00,6.00,13028.00,14.00,23.00,10.00,20.00,5.00,1.00,73.91,93.02,68.00,6,1,2023-05-03,1482.41,1345.77,0.76,0.24,1515.18,1313.00
8227,452,15,L,1.00,13484.00,21.00,44.00,1.00,-10.00,1.00,1.00,3.00,12848.00,8.00,22.00,2.00,10.00,3.00,1.00,86.36,97.73,68.00,6,1,2023-05-03,1441.17,1431.15,0.59,0.41,1466.37,1405.95
9000,505,17,L,2.00,13045.00,26.00,27.00,5.00,-10.00,1.00,0.00,4.00,12686.00,23.00,46.00,7.00,10.00,3.00,2.00,91.30,92.59,74.00,1,0,2023-05-11,1478.53,1521.96,0.50,0.50,1500.00,1500.49
9001,29,447,L,4.00,12856.00,4.00,24.00,3.00,-21.00,4.00,3.00,8.00,13207.00,17.00,29.00,4.00,19.00,6.00,2.00,72.41,83.33,74.00,1,0,2023-05-11,1539.14,1398.07,0.77,0.23,1572.12,1365.09
9005,396,35,L,3.00,12302.00,9.00,32.00,2.00,-35.00,3.00,1.00,12.00,10592.00,18.00,50.00,0.00,34.00,12.00,6.00,76.00,90.62,74.00,1,1,2023-05-11,1328.51,1495.65,0.31,0.69,1341.75,1482.41
9006,333,494,L,4.00,13150.00,13.00,22.00,2.00,-15.00,4.00,2.00,7.00,12555.00,25.00,51.00,3.00,15.00,7.00,3.00,86.27,81.82,74.00,1,1,2023-05-11,1590.42,1464.77,0.75,0.25,1622.63,1432.55
9007,31,15,W,5.00,13416.00,21.00,37.00,6.00,5.00,5.00,1.00,3.00,13108.00,7.00,25.00,5.00,-5.00,3.00,3.00,88.00,86.49,74.00,1,1,2023-05-11,1455.58,1409.84,0.50,0.50,1434.28,1431.15
9148,92,111,W,3.00,12593.00,14.00,33.00,2.00,10.00,3.00,1.00,0.00,12523.00,17.00,18.00,4.00,-10.00,0.00,0.00,100.00,90.91,75.00,1,0,2023-05-11,1514.72,1443.68,0.55,0.45,1495.19,1463.20
9150,379,335,L,4.00,12995.00,27.00,29.00,8.00,-1.00,3.00,2.00,6.00,12805.00,23.00,25.00,7.00,0.00,5.00,2.00,76.00,86.21,75.00,1,0,2023-05-11,1402.23,1427.91,0.53,0.47,1424.95,1405.19
9152,506,409,W,3.00,11787.00,10.00,16.00,5.00,3.00,3.00,1.00,2.00,12980.00,15.00,30.00,5.00,-5.00,1.00,1.00,93.33,81.25,75.00,1,0,2023-05-11,1536.93,1444.84,0.58,0.42,1518.86,1462.91
9169,445,61,L,2.00,13234.00,18.00,18.00,7.00,-5.00,1.00,0.00,3.00,12564.00,8.00,26.00,4.00,4.00,2.00,1.00,88.46,88.89,75.00,1,3,2023-05-11,916.71,1075.02,0.32,0.68,930.48,1061.25
9172,491,38,L,4.00,75.00,0.00,32.00,0.00,-16.00,3.00,0.00,7.00,12829.00,13.00,27.00,2.00,14.00,1.00,0.00,74.07,87.50,75.00,1,2,2023-05-11,1250.37,1126.90,0.75,0.25,1282.47,1094.80
9173,8,207,L,0.00,0.00,13.00,19.00,8.00,-53.00,0.00,0.00,12.00,13030.00,22.00,30.00,1.00,55.00,12.00,4.00,,100.00,75.00,1,2,2023-05-11,1237.65,1206.55,0.62,0.38,1264.27,1179.93
9174,129,438,L,4.00,13972.00,26.00,24.00,3.00,0.00,1.00,0.00,5.00,13724.00,24.00,18.00,10.00,0.00,2.00,1.00,72.22,83.33,75.00,1,2,2023-05-11,1194.51,1260.81,0.46,0.54,1214.37,1240.95
9177,336,53,W,4.00,12973.00,23.00,32.00,5.00,5.00,2.00,2.00,2.00,12505.00,19.00,19.00,9.00,-6.00,1.00,0.00,89.47,87.50,75.00,1,1,2023-05-11,1310.46,1345.33,0.38,0.62,1283.59,1372.20
9178,329,497,W,8.00,12551.00,19.00,37.00,16.00,6.00,4.00,0.00,6.00,12808.00,26.00,35.00,6.00,-7.00,4.00,3.00,82.86,78.38,75.00,1,1,2023-05-11,1353.22,1409.79,0.34,0.66,1324.96,1438.05
9179,332,411,W,7.00,13247.00,28.00,29.00,4.00,10.00,5.00,0.00,5.00,12293.00,15.00,21.00,8.00,-10.00,5.00,0.00,76.19,75.86,75.00,1,4,2023-05-11,1033.26,1052.83,0.40,0.60,1007.41,1078.67
9180,189,22,L,2.00,12743.00,12.00,35.00,8.00,0.00,2.00,0.00,3.00,11928.00,18.00,37.00,2.00,0.00,0.00,0.00,91.89,94.29,75.00,1,1,2023-05-11,1201.77,1323.14,0.37,0.63,1217.87,1307.04
9182,502,499,L,2.00,13299.00,26.00,28.00,3.00,-5.00,0.00,0.00,3.00,12202.00,16.00,21.00,5.00,5.00,2.00,0.00,,92.86,75.00,1,4,2023-05-11,1045.99,1074.65,0.52,0.48,1068.50,1052.13
9183,375,500,L,0.00,12278.00,16.00,22.00,0.00,-19.00,0.00,0.00,4.00,12517.00,15.00,23.00,10.00,20.00,4.00,1.00,82.61,100.00,75.00,1,4,2023-05-11,1067.71,1113.53,0.50,0.50,1089.01,1092.23
9185,431,400,L,3.00,11951.00,9.00,27.00,3.00,5.00,2.00,1.00,5.00,13126.00,14.00,29.00,12.00,-5.00,4.00,1.00,82.76,,75.00,1,4,2023-05-11,1082.68,959.44,0.75,0.25,1114.77,927.35
8555,335,214,W,6.00,13328.00,14.00,18.00,10.00,5.00,5.00,3.00,5.00,12936.00,38.00,43.00,5.00,-5.00,5.00,0.00,88.37,66.67,73.00,1,1,2023-05-20,1438.70,1227.10,0.75,0.25,1427.91,1237.89
8556,402,490,W,5.00,12272.00,21.00,27.00,3.00,8.00,3.00,0.00,3.00,13458.00,21.00,26.00,6.00,-10.00,2.00,1.00,88.46,81.48,73.00,1,1,2023-05-20,1417.26,1378.22,0.49,0.51,1395.48,1400.00
8559,489,431,W,5.00,12663.00,15.00,33.00,2.00,5.00,4.00,1.00,1.00,12767.00,18.00,22.00,6.00,-6.00,0.00,0.00,95.45,84.85,73.00,1,3,2023-05-20,1191.69,1066.80,0.63,0.37,1175.81,1082.68
8562,269,329,L,2.00,12465.00,28.00,16.00,5.00,-15.00,2.00,2.00,4.00,10308.00,27.00,23.00,10.00,15.00,4.00,3.00,82.61,87.50,73.00,1,1,2023-05-20,1229.42,1368.20,0.35,0.65,1244.39,1353.22
8552,451,176,L,1.00,12926.00,5.00,5.00,10.00,-15.00,1.00,0.00,4.00,13070.00,25.00,40.00,1.00,15.00,3.00,1.00,90.00,80.00,73.00,1,3,2023-05-21,971.01,1078.71,0.40,0.60,988.01,1061.70
8553,493,23,L,3.00,12781.00,10.00,26.00,2.00,-15.00,3.00,1.00,6.00,13241.00,10.00,28.00,7.00,14.00,6.00,1.00,78.57,88.46,73.00,1,1,2023-05-21,1353.79,1334.32,0.60,0.40,1379.63,1308.48
8558,189,12,L,8.00,13301.00,10.00,22.00,2.00,-15.00,6.00,1.00,11.00,12780.00,16.00,30.00,2.00,12.00,10.00,5.00,,63.64,73.00,1,0,2023-05-21,1188.70,1358.83,0.30,0.70,1201.77,1345.77
8560,400,406,W,5.00,13029.00,17.00,26.00,8.00,0.00,4.00,1.00,3.00,12649.00,18.00,17.00,1.00,-1.00,2.00,0.00,82.35,80.77,73.00,1,3,2023-05-21,991.97,1123.99,0.24,0.76,959.44,1156.53
8561,411,439,W,4.00,14399.00,22.00,30.00,3.00,-9.00,3.00,2.00,3.00,13297.00,10.00,28.00,5.00,10.00,2.00,0.00,89.29,86.67,73.00,1,2,2023-05-21,1069.19,951.87,0.62,0.38,1052.83,968.24
8563,448,404,L,6.00,13073.00,22.00,27.00,8.00,-10.00,5.00,1.00,9.00,13273.00,16.00,26.00,9.00,10.00,6.00,1.00,65.38,77.78,73.00,1,2,2023-05-21,1003.73,1109.96,0.40,0.60,1020.84,1092.85
8567,15,12,L,3.00,13214.00,26.00,31.00,3.00,-8.00,1.00,1.00,4.00,14022.00,15.00,34.00,9.00,8.00,4.00,2.00,88.24,90.32,73.00,1,0,2023-05-28,1385.21,1383.47,0.57,0.43,1409.84,1358.83
8568,493,214,L,0.00,12583.00,18.00,16.00,4.00,-30.00,0.00,0.00,8.00,13301.00,19.00,34.00,3.00,30.00,5.00,3.00,76.47,100.00,73.00,1,1,2023-05-28,1324.78,1256.11,0.67,0.33,1353.79,1227.10
8569,409,23,L,2.00,12776.00,17.00,22.00,2.00,-15.00,2.00,1.00,8.00,12729.00,17.00,33.00,8.00,15.00,5.00,0.00,75.76,90.91,73.00,1,1,2023-05-28,1416.73,1362.44,0.65,0.35,1444.84,1334.32
8570,329,402,W,3.00,6739.00,3.00,5.00,5.00,5.00,2.00,0.00,0.00,4272.00,16.00,21.00,1.00,-5.00,0.00,0.00,100.00,40.00,73.00,1,1,2023-05-28,1392.71,1392.74,0.43,0.57,1368.20,1417.26
8571,44,490,W,7.00,12670.00,16.00,46.00,9.00,26.00,5.00,1.00,4.00,12619.00,15.00,39.00,4.00,-26.00,3.00,0.00,89.74,84.78,73.00,1,1,2023-05-28,1375.52,1355.13,0.46,0.54,1352.43,1378.22
8572,439,438,L,4.00,12200.00,14.00,23.00,4.00,-30.00,3.00,2.00,13.00,12775.00,19.00,36.00,2.00,30.00,10.00,5.00,,82.61,73.00,1,2,2023-05-28,945.66,1267.02,0.14,0.86,951.87,1260.81
8573,332,404,L,3.00,12629.00,22.00,31.00,5.00,0.00,2.00,1.00,5.00,12237.00,18.00,30.00,3.00,0.00,5.00,5.00,,90.32,73.00,1,2,2023-05-28,1016.43,1126.79,0.39,0.61,1033.26,1109.96
8574,491,411,L,1.00,12178.00,19.00,23.00,5.00,0.00,1.00,1.00,3.00,12062.00,17.00,28.00,14.00,0.00,3.00,2.00,89.29,95.65,73.00,1,2,2023-05-28,1218.57,1100.99,0.74,0.26,1250.37,1069.19
8575,431,406,W,6.00,12952.00,6.00,23.00,6.00,4.00,3.00,2.00,4.00,12837.00,29.00,29.00,0.00,-4.00,3.00,1.00,86.21,,73.00,1,3,2023-05-28,1091.81,1098.99,0.42,0.58,1066.80,1123.99
8576,449,176,L,1.00,13221.00,23.00,16.00,5.00,-25.00,1.00,0.00,7.00,12962.00,19.00,29.00,6.00,25.00,7.00,3.00,75.86,93.75,73.00,1,3,2023-05-28,948.98,1093.34,0.34,0.66,963.61,1078.71
8577,489,400,L,4.00,12756.00,22.00,24.00,2.00,-12.00,4.00,0.00,6.00,12113.00,13.00,33.00,2.00,14.00,5.00,0.00,,83.33,73.00,1,3,2023-05-28,1159.03,1024.63,0.76,0.24,1191.69,991.97
8578,215,451,W,10.00,12638.00,32.00,47.00,5.00,44.00,8.00,2.00,0.00,11882.00,7.00,7.00,7.00,-45.00,0.00,0.00,100.00,78.72,73.00,1,3,2023-05-28,1151.38,959.19,0.73,0.27,1139.56,971.01
8603,12,92,L,5.00,12841.00,20.00,27.00,5.00,-17.00,5.00,2.00,8.00,12455.00,18.00,33.00,2.00,13.00,7.00,4.00,75.76,81.48,73.00,1,0,2023-06-17,1369.72,1528.46,0.32,0.68,1383.47,1514.72
8604,333,15,W,7.00,13027.00,15.00,23.00,9.00,24.00,3.00,0.00,2.00,12339.00,20.00,39.00,1.00,-25.00,2.00,1.00,94.87,69.57,73.00,1,0,2023-06-17,1600.52,1375.11,0.77,0.23,1590.42,1385.21
8615,401,449,L,1.00,13157.00,24.00,28.00,4.00,-19.00,1.00,0.00,6.00,12771.00,11.00,26.00,7.00,18.00,5.00,3.00,76.92,96.43,73.00,1,3,2023-06-17,862.34,966.24,0.40,0.60,879.61,948.98
8611,269,490,L,3.00,13534.00,26.00,17.00,4.00,-1.00,3.00,2.00,4.00,14191.00,22.00,30.00,10.00,-1.00,3.00,1.00,86.67,82.35,73.00,1,1,2023-06-18,1215.37,1369.17,0.33,0.67,1229.42,1355.13
8613,409,493,W,6.00,12125.00,15.00,39.00,6.00,9.00,5.00,3.00,2.00,12070.00,19.00,34.00,3.00,-10.00,1.00,0.00,94.12,84.62,73.00,1,1,2023-06-18,1432.67,1308.84,0.63,0.37,1416.73,1324.78
8614,335,23,L,3.00,13056.00,13.00,16.00,13.00,-5.00,3.00,1.00,4.00,13272.00,41.00,53.00,9.00,5.00,3.00,1.00,92.45,81.25,73.00,1,1,2023-06-18,1412.56,1388.58,0.61,0.39,1438.70,1362.44
8616,176,215,L,1.00,13136.00,15.00,18.00,4.00,-5.00,1.00,1.00,3.00,12171.00,23.00,26.00,9.00,5.00,3.00,3.00,88.46,94.44,73.00,1,3,2023-06-18,1075.40,1169.32,0.42,0.58,1093.34,1151.38
8617,451,401,W,4.00,12810.00,14.00,21.00,8.00,20.00,2.00,0.00,2.00,13220.00,22.00,22.00,5.00,-20.00,2.00,0.00,90.91,80.95,73.00,1,3,2023-06-18,974.85,846.69,0.64,0.36,959.19,862.34
8618,332,491,L,4.00,12632.00,9.00,22.00,10.00,-21.00,4.00,0.00,9.00,12804.00,31.00,32.00,2.00,20.00,9.00,2.00,71.88,81.82,73.00,1,2,2023-06-18,1006.20,1228.81,0.24,0.76,1016.43,1218.57
8619,448,411,L,2.00,12922.00,21.00,17.00,14.00,-20.00,0.00,0.00,6.00,12807.00,20.00,41.00,1.00,20.00,6.00,2.00,85.37,88.24,73.00,1,2,2023-06-18,988.10,1116.62,0.36,0.64,1003.73,1100.99
8620,438,404,W,6.00,12238.00,19.00,33.00,5.00,14.00,5.00,2.00,4.00,13348.00,16.00,24.00,5.00,-15.00,4.00,2.00,83.33,81.82,73.00,1,2,2023-06-18,1280.29,1113.52,0.69,0.31,1267.02,1126.79
8606,333,92,L,3.00,13306.00,22.00,28.00,11.00,-9.00,2.00,0.00,5.00,12623.00,18.00,34.00,4.00,9.00,5.00,1.00,85.29,89.29,73.00,1,0,2023-06-24,1574.62,1554.36,0.60,0.40,1600.52,1528.46
8607,452,15,L,5.00,12753.00,15.00,26.00,4.00,25.00,5.00,3.00,7.00,12828.00,10.00,28.00,5.00,-25.00,7.00,3.00,75.00,,73.00,1,0,2023-06-24,1415.63,1400.65,0.59,0.41,1441.17,1375.11
8629,431,449,W,10.00,12996.00,25.00,48.00,2.00,35.00,8.00,3.00,2.00,12970.00,6.00,11.00,5.00,-35.00,2.00,0.00,81.82,79.17,73.00,6,3,2023-06-24,1105.86,952.19,0.67,0.33,1091.81,966.24
8608,452,92,W,4.00,13160.00,18.00,13.00,6.00,20.00,4.00,3.00,1.00,13324.00,12.00,32.00,6.00,-20.00,0.00,0.00,96.88,69.23,73.00,1,0,2023-06-25,1445.28,1524.70,0.31,0.69,1415.63,1554.36
8609,15,189,W,15.00,12663.00,15.00,44.00,1.00,68.00,13.00,6.00,0.00,13180.00,18.00,22.00,8.00,-68.00,0.00,0.00,,65.91,73.00,1,0,2023-06-25,1410.45,1178.90,0.77,0.23,1400.65,1188.70
8610,333,12,W,5.00,12711.00,11.00,27.00,8.00,10.00,4.00,1.00,1.00,12937.00,21.00,30.00,1.00,-10.00,1.00,0.00,96.67,81.48,73.00,1,0,2023-06-25,1584.73,1359.61,0.76,0.24,1574.62,1369.72
8622,404,411,L,3.00,13299.00,9.00,13.00,3.00,10.00,2.00,0.00,14.00,12885.00,8.00,34.00,2.00,-10.00,12.00,0.00,58.82,76.92,73.00,1,2,2023-06-25,1092.22,1137.93,0.50,0.50,1113.52,1116.62
8623,448,439,W,7.00,12953.00,14.00,16.00,5.00,4.00,5.00,1.00,6.00,13438.00,20.00,34.00,5.00,-3.00,3.00,0.00,82.35,,73.00,1,2,2023-06-25,1006.99,926.77,0.56,0.44,988.10,945.66
8624,438,332,W,6.00,12987.00,16.00,34.00,2.00,20.00,3.00,2.00,3.00,12610.00,18.00,23.00,6.00,-20.00,3.00,1.00,86.96,,73.00,1,2,2023-06-25,1287.64,998.84,0.83,0.17,1280.29,1006.20
8625,329,409,L,1.00,12342.00,13.00,12.00,1.00,5.00,0.00,0.00,5.00,12808.00,14.00,22.00,3.00,-5.00,4.00,3.00,77.27,91.67,73.00,6,1,2023-06-25,1373.67,1451.70,0.44,0.56,1392.71,1432.67
8626,23,490,L,3.00,13655.00,15.00,37.00,7.00,0.00,3.00,1.00,4.00,14158.00,33.00,33.00,13.00,0.00,3.00,0.00,87.88,91.89,73.00,6,1,2023-06-25,1365.88,1391.87,0.53,0.47,1388.58,1369.17
8627,335,402,L,3.00,13469.00,21.00,30.00,6.00,4.00,2.00,1.00,5.00,12978.00,14.00,33.00,4.00,-4.00,2.00,0.00,84.85,90.00,73.00,6,1,2023-06-25,1389.83,1415.47,0.53,0.47,1412.56,1392.74
8628,214,44,W,11.00,13188.00,26.00,48.00,3.00,39.00,8.00,3.00,2.00,11597.00,6.00,28.00,7.00,-37.00,2.00,0.00,92.86,,73.00,6,1,2023-06-25,1284.72,1346.91,0.33,0.67,1256.11,1375.52
8630,451,400,W,5.00,13099.00,14.00,9.00,12.00,15.00,4.00,1.00,3.00,12225.00,23.00,24.00,1.00,-15.00,0.00,0.00,87.50,,73.00,6,3,2023-06-25,999.41,1000.07,0.43,0.57,974.85,1024.63
8631,176,406,L,4.00,13165.00,12.00,27.00,3.00,-6.00,1.00,0.00,6.00,12992.00,12.00,27.00,5.00,5.00,3.00,1.00,,85.19,73.00,6,3,2023-06-25,1055.35,1119.03,0.47,0.53,1075.40,1098.99
8632,215,489,L,4.00,12939.00,14.00,25.00,4.00,0.00,2.00,0.00,6.00,13163.00,20.00,20.00,10.00,2.00,2.00,0.00,70.00,84.00,73.00,6,3,2023-06-25,1147.18,1181.17,0.51,0.49,1169.32,1159.03
8836,410,63,L,3.00,12955.00,14.00,38.00,6.00,-20.00,3.00,0.00,7.00,13209.00,25.00,39.00,7.00,19.00,5.00,2.00,82.05,92.11,75.00,1,0,2023-07-10,1420.74,1474.41,0.48,0.52,1441.48,1453.67
8837,440,109,L,3.00,12990.00,30.00,30.00,12.00,0.00,2.00,1.00,4.00,12877.00,32.00,35.00,11.00,-1.00,2.00,1.00,88.57,90.00,75.00,1,0,2023-07-10,1326.31,1374.40,0.49,0.51,1347.45,1353.26
8838,335,506,L,6.00,13057.00,12.00,34.00,4.00,-1.00,4.00,1.00,7.00,12730.00,16.00,26.00,5.00,-1.00,5.00,1.00,73.08,82.35,75.00,1,0,2023-07-10,1376.93,1549.84,0.30,0.70,1389.83,1536.93
8844,53,214,L,4.00,13329.00,34.00,33.00,5.00,-5.00,4.00,3.00,5.00,13443.00,12.00,21.00,7.00,5.00,4.00,1.00,76.19,87.88,75.00,1,1,2023-07-10,1320.12,1309.94,0.59,0.41,1345.33,1284.72
8846,189,336,L,3.00,12854.00,15.00,15.00,5.00,-20.00,1.00,1.00,5.00,13042.00,21.00,28.00,3.00,20.00,5.00,3.00,,80.00,75.00,1,1,2023-07-10,1165.17,1324.18,0.32,0.68,1178.90,1310.46
8848,44,408,W,2.00,12176.00,17.00,24.00,7.00,10.00,2.00,2.00,1.00,12561.00,13.00,25.00,1.00,-10.00,1.00,1.00,96.00,91.67,75.00,1,1,2023-07-10,1372.06,1381.36,0.42,0.58,1346.91,1406.52
8851,38,438,L,2.00,12626.00,19.00,30.00,7.00,-2.00,2.00,0.00,3.00,11176.00,16.00,21.00,0.00,0.00,1.00,0.00,85.71,93.33,75.00,1,2,2023-07-10,1114.70,1299.85,0.28,0.72,1126.90,1287.64
8852,26,129,L,4.00,12995.00,19.00,24.00,4.00,-10.00,2.00,1.00,7.00,13131.00,14.00,31.00,9.00,10.00,6.00,0.00,77.42,83.33,75.00,1,2,2023-07-10,1115.23,1212.24,0.41,0.59,1132.96,1194.51
8854,502,400,W,5.00,74.00,5.00,14.00,0.00,5.00,4.00,1.00,3.00,8653.00,18.00,13.00,1.00,-5.00,2.00,0.00,76.92,,75.00,1,4,2023-07-10,1064.66,981.39,0.57,0.43,1045.99,1000.07
8860,445,404,W,6.00,12764.00,12.00,28.00,5.00,0.00,4.00,0.00,5.00,11901.00,27.00,20.00,3.00,0.00,4.00,1.00,75.00,78.57,75.00,1,3,2023-07-10,948.23,1060.69,0.27,0.73,916.71,1092.22
8863,65,104,W,8.00,12977.00,33.00,38.00,5.00,34.00,5.00,1.00,2.00,12715.00,6.00,19.00,6.00,-35.00,1.00,1.00,89.47,78.95,75.00,1,3,2023-07-10,1121.06,1144.54,0.39,0.61,1094.95,1170.65
8890,46,505,W,4.00,12728.00,20.00,38.00,6.00,4.00,4.00,0.00,3.00,13168.00,19.00,36.00,7.00,-4.00,3.00,0.00,91.67,89.47,74.00,1,0,2023-07-10,1439.86,1453.11,0.41,0.59,1414.43,1478.53
8395,333,131,W,3.00,12025.00,20.00,34.00,11.00,5.00,1.00,0.00,0.00,11485.00,16.00,23.00,7.00,-5.00,0.00,0.00,100.00,91.18,70.00,3,0,2023-08-04,1604.19,1532.18,0.55,0.45,1584.73,1551.63
8419,29,49,L,4.00,13927.00,21.00,31.00,1.00,-10.00,3.00,2.00,5.00,13622.00,14.00,31.00,12.00,10.00,3.00,2.00,83.87,87.10,68.00,3,0,2023-08-04,1514.61,1514.41,0.57,0.43,1539.14,1489.88
8420,1,17,W,5.00,12944.00,25.00,32.00,6.00,-3.00,5.00,4.00,4.00,12702.00,13.00,41.00,3.00,1.00,1.00,1.00,90.24,84.38,68.00,3,0,2023-08-04,1638.20,1506.53,0.64,0.36,1622.77,1521.96
8423,239,452,L,1.00,12966.00,19.00,44.00,6.00,-5.00,1.00,1.00,2.00,13213.00,16.00,26.00,3.00,5.00,2.00,1.00,92.31,97.73,68.00,3,1,2023-08-04,1505.97,1472.08,0.62,0.38,1532.77,1445.28
8426,441,440,L,1.00,12710.00,20.00,19.00,6.00,-20.00,0.00,0.00,5.00,12532.00,16.00,36.00,3.00,20.00,4.00,1.00,86.11,94.74,70.00,3,2,2023-08-04,1449.08,1356.72,0.71,0.29,1479.49,1326.31
8427,64,402,L,1.00,13089.00,18.00,22.00,4.00,-24.00,1.00,0.00,5.00,12644.00,14.00,21.00,2.00,24.00,3.00,1.00,76.19,95.45,70.00,3,2,2023-08-04,1333.91,1433.05,0.41,0.59,1351.50,1415.47
8429,132,438,L,1.00,12607.00,24.00,15.00,2.00,-5.00,0.00,0.00,4.00,12704.00,16.00,23.00,4.00,5.00,4.00,0.00,82.61,93.33,70.00,3,4,2023-08-04,1189.25,1315.62,0.37,0.63,1205.02,1299.85
8430,187,109,L,1.00,12800.00,19.00,21.00,6.00,0.00,1.00,0.00,3.00,13399.00,28.00,28.00,8.00,0.00,3.00,2.00,89.29,95.24,70.00,3,1,2023-08-04,1557.39,1407.79,0.78,0.22,1590.78,1374.40
8432,453,401,L,0.00,12797.00,15.00,20.00,3.00,-45.00,0.00,0.00,12.00,12898.00,14.00,34.00,5.00,45.00,3.00,1.00,64.71,,70.00,4,6,2023-08-04,727.37,861.93,0.35,0.65,742.62,846.69
8433,406,446,L,1.00,12881.00,15.00,21.00,2.00,-5.00,1.00,0.00,3.00,13182.00,14.00,26.00,6.00,5.00,1.00,1.00,88.46,95.24,70.00,3,4,2023-08-04,1102.17,1212.05,0.39,0.61,1119.03,1195.18
8801,35,494,W,7.00,12113.00,12.00,42.00,11.00,1.00,6.00,0.00,6.00,12885.00,20.00,33.00,3.00,-1.00,3.00,1.00,81.82,83.33,74.00,1,1,2023-08-10,1515.25,1445.17,0.54,0.46,1495.65,1464.77
8834,29,56,L,0.00,13538.00,8.00,27.00,5.00,-49.00,0.00,0.00,10.00,12697.00,15.00,68.00,7.00,47.00,7.00,4.00,85.29,100.00,74.00,1,0,2023-08-10,1500.29,1649.56,0.33,0.67,1514.61,1635.24
8839,496,111,L,2.00,13116.00,20.00,19.00,15.00,-20.00,2.00,0.00,5.00,12829.00,31.00,38.00,6.00,19.00,4.00,2.00,86.84,89.47,75.00,1,0,2023-08-10,1466.44,1468.08,0.57,0.43,1490.84,1443.68
8840,443,409,L,2.00,8531.00,16.00,25.00,0.00,-15.00,2.00,0.00,5.00,8124.00,25.00,26.00,7.00,15.00,3.00,1.00,80.77,92.00,75.00,1,0,2023-08-10,1346.25,1467.79,0.37,0.63,1362.34,1451.70
8842,48,23,W,4.00,11269.00,35.00,29.00,5.00,5.00,3.00,2.00,3.00,13027.00,24.00,20.00,20.00,-5.00,3.00,0.00,85.00,86.21,75.00,1,1,2023-08-10,1578.36,1355.65,0.76,0.24,1568.13,1365.88
8843,402,22,W,5.00,11638.00,18.00,23.00,2.00,20.00,5.00,2.00,2.00,13326.00,15.00,26.00,5.00,-20.00,2.00,1.00,92.31,78.26,75.00,1,1,2023-08-10,1447.97,1308.22,0.65,0.35,1433.05,1323.14
8845,331,497,W,5.00,14126.00,24.00,17.00,17.00,4.00,3.00,0.00,4.00,12557.00,31.00,30.00,8.00,-5.00,1.00,0.00,86.67,70.59,75.00,1,1,2023-08-10,1390.96,1385.65,0.44,0.56,1366.81,1409.79
8847,329,498,W,2.00,13708.00,28.00,39.00,2.00,0.00,1.00,0.00,0.00,14183.00,13.00,19.00,6.00,-1.00,1.00,1.00,94.74,94.87,75.00,1,1,2023-08-10,1396.74,1376.02,0.46,0.54,1373.67,1399.09
8849,205,405,W,3.00,12441.00,19.00,28.00,8.00,15.00,3.00,0.00,1.00,12777.00,23.00,24.00,8.00,-15.00,1.00,0.00,95.83,89.29,75.00,1,2,2023-08-10,1288.25,1229.79,0.53,0.47,1267.84,1250.20
8850,491,207,W,8.00,12623.00,13.00,29.00,2.00,30.00,7.00,2.00,1.00,12782.00,20.00,19.00,6.00,-30.00,1.00,1.00,94.74,72.41,75.00,1,2,2023-08-10,1248.93,1186.43,0.53,0.47,1228.81,1206.55
8855,431,500,W,5.00,12889.00,25.00,24.00,4.00,5.00,5.00,2.00,0.00,1926.00,1.00,3.00,0.00,-5.00,0.00,0.00,100.00,79.17,75.00,1,4,2023-08-10,1127.84,1091.56,0.49,0.51,1105.86,1113.53
8856,332,216,W,7.00,11698.00,20.00,24.00,2.00,9.00,2.00,1.00,6.00,10798.00,17.00,31.00,10.00,-10.00,4.00,2.00,80.65,70.83,75.00,1,4,2023-08-10,1018.39,947.76,0.55,0.45,998.84,967.32
8865,448,398,L,2.00,12652.00,10.00,19.00,6.00,-16.00,2.00,1.00,5.00,12406.00,24.00,29.00,10.00,15.00,2.00,1.00,82.76,89.47,75.00,1,3,2023-08-10,996.34,1210.65,0.25,0.75,1006.99,1200.00
8884,375,439,L,3.00,12302.00,10.00,16.00,4.00,-11.00,2.00,1.00,4.00,12818.00,29.00,24.00,9.00,9.00,3.00,1.00,83.33,,75.00,1,4,2023-08-10,1037.93,956.54,0.69,0.31,1067.71,926.77
8885,269,8,W,4.00,12369.00,19.00,25.00,2.00,10.00,5.00,3.00,2.00,11748.00,3.00,11.00,5.00,-12.00,1.00,1.00,81.82,80.00,75.00,1,2,2023-08-10,1238.25,1214.78,0.47,0.53,1215.37,1237.65
8886,447,442,L,5.00,11814.00,15.00,32.00,2.00,2.00,5.00,0.00,7.00,12527.00,26.00,26.00,6.00,-5.00,6.00,3.00,73.08,84.38,74.00,1,0,2023-08-10,1384.64,1548.53,0.31,0.69,1398.07,1535.10
8887,17,1,W,3.00,12418.00,10.00,18.00,8.00,0.00,3.00,2.00,2.00,13267.00,23.00,41.00,6.00,0.00,2.00,2.00,95.12,83.33,74.00,1,0,2023-08-10,1535.81,1608.92,0.32,0.68,1506.53,1638.20
8888,12,452,L,5.00,13460.00,24.00,30.00,12.00,-20.00,5.00,3.00,10.00,13625.00,30.00,38.00,5.00,20.00,8.00,2.00,73.68,83.33,74.00,1,1,2023-08-10,1344.84,1486.86,0.34,0.66,1359.61,1472.08
8889,449,401,L,1.00,10621.00,9.00,15.00,3.00,-5.00,1.00,0.00,6.00,8333.00,20.00,25.00,6.00,5.00,5.00,1.00,76.00,93.33,75.00,1,5,2023-08-10,925.23,888.90,0.63,0.37,952.19,861.93
8421,49,29,L,2.00,13886.00,20.00,37.00,10.00,0.00,2.00,0.00,3.00,14227.00,24.00,26.00,4.00,0.00,2.00,0.00,88.46,94.59,68.00,3,0,2023-09-04,1492.03,1522.66,0.52,0.48,1514.41,1500.29
8422,1,17,W,2.00,12894.00,23.00,33.00,10.00,-5.00,2.00,2.00,1.00,13062.00,19.00,30.00,5.00,6.00,1.00,1.00,96.67,93.94,68.00,3,0,2023-09-04,1625.96,1518.77,0.60,0.40,1608.92,1535.81
8424,452,239,L,3.00,12828.00,8.00,12.00,5.00,-15.00,3.00,0.00,5.00,0.00,0.00,1.00,0.00,15.00,3.00,1.00,-400.00,75.00,68.00,3,1,2023-09-04,1466.54,1526.28,0.47,0.53,1486.86,1505.97
8425,335,408,W,6.00,12497.00,29.00,26.00,5.00,9.00,3.00,1.00,1.00,12164.00,12.00,19.00,11.00,-8.00,2.00,0.00,89.47,76.92,70.00,3,1,2023-09-04,1398.70,1359.59,0.49,0.51,1376.93,1381.36
8428,216,411,W,3.00,12830.00,17.00,24.00,4.00,4.00,0.00,0.00,2.00,12532.00,15.00,20.00,11.00,-5.00,1.00,0.00,90.00,87.50,70.00,3,5,2023-09-04,979.98,1105.71,0.25,0.75,947.76,1137.93
8431,375,397,L,1.00,12998.00,10.00,14.00,8.00,0.00,1.00,0.00,3.00,13000.00,26.00,38.00,2.00,0.00,1.00,0.00,92.11,92.86,70.00,3,5,2023-09-04,1027.66,1249.54,0.24,0.76,1037.93,1239.26
8434,451,449,L,3.00,12664.00,15.00,12.00,2.00,-5.00,2.00,1.00,4.00,12182.00,19.00,20.00,8.00,5.00,3.00,0.00,80.00,75.00,70.00,5,6,2023-09-04,973.38,951.25,0.61,0.39,999.41,925.23
8436,22,8,W,6.00,12667.00,15.00,28.00,4.00,9.00,4.00,3.00,3.00,13058.00,23.00,30.00,8.00,-10.00,2.00,1.00,90.00,78.57,70.00,3,3,2023-09-04,1324.08,1198.92,0.63,0.37,1308.22,1214.78
8437,331,269,W,3.00,12489.00,28.00,28.00,8.00,14.00,1.00,0.00,0.00,13025.00,22.00,30.00,7.00,-16.00,0.00,0.00,100.00,89.29,70.00,3,3,2023-09-04,1403.57,1225.63,0.71,0.29,1390.96,1238.25
9297,63,208,W,11.00,13115.00,34.00,46.00,3.00,35.00,10.00,3.00,4.00,13329.00,14.00,23.00,8.00,-35.00,3.00,2.00,82.61,76.09,75.00,1,0,2023-09-12,1490.52,1369.29,0.63,0.37,1474.41,1385.40
9300,506,443,W,13.00,11341.00,15.00,42.00,5.00,53.00,9.00,2.00,1.00,11901.00,9.00,20.00,2.00,-53.00,0.00,0.00,95.00,69.05,75.00,1,0,2023-09-12,1560.01,1336.08,0.76,0.24,1549.84,1346.25
9301,440,409,L,2.00,12825.00,18.00,28.00,6.00,-11.00,2.00,1.00,5.00,12275.00,18.00,33.00,5.00,9.00,5.00,1.00,81.82,92.86,75.00,1,0,2023-09-12,1341.87,1482.64,0.35,0.65,1356.72,1467.79
9318,214,498,L,4.00,13358.00,13.00,24.00,9.00,-20.00,4.00,2.00,7.00,12143.00,17.00,43.00,4.00,18.00,8.00,4.00,81.40,83.33,75.00,1,1,2023-09-12,1292.48,1393.48,0.41,0.59,1309.94,1376.02
9421,92,333,W,4.00,13875.00,26.00,37.00,7.00,3.00,3.00,1.00,3.00,13543.00,18.00,28.00,6.00,-3.00,0.00,0.00,89.29,89.19,74.00,1,1,2023-09-12,1551.03,1577.85,0.39,0.61,1524.70,1604.19
9450,448,445,W,7.00,11318.00,13.00,23.00,2.00,24.00,6.00,4.00,3.00,11775.00,14.00,10.00,4.00,-27.00,1.00,0.00,70.00,69.57,75.00,1,3,2023-09-12,1014.88,929.69,0.57,0.43,996.34,948.23
9451,38,269,L,1.00,12719.00,10.00,34.00,3.00,-20.00,1.00,0.00,5.00,11290.00,13.00,27.00,1.00,20.00,4.00,2.00,,97.06,75.00,1,2,2023-09-12,1099.84,1240.49,0.35,0.65,1114.70,1225.63
9454,491,26,L,2.00,12943.00,23.00,30.00,0.00,-5.00,1.00,0.00,3.00,11794.00,9.00,24.00,7.00,5.00,3.00,2.00,87.50,93.33,75.00,1,2,2023-09-12,1219.54,1144.62,0.68,0.32,1248.93,1115.23
9455,405,438,W,3.00,12058.00,11.00,12.00,2.00,5.00,2.00,0.00,2.00,12948.00,13.00,27.00,5.00,-5.00,2.00,0.00,92.59,75.00,75.00,1,2,2023-09-12,1256.50,1288.92,0.38,0.62,1229.79,1315.62
9457,216,544,W,11.00,12129.00,21.00,36.00,1.00,44.00,5.00,2.00,1.00,13592.00,10.00,8.00,12.00,-45.00,1.00,0.00,87.50,69.44,75.00,1,4,2023-09-12,1008.63,1071.35,0.33,0.67,979.98,1100.00
9459,400,176,W,3.00,12552.00,15.00,23.00,4.00,0.00,2.00,0.00,2.00,12942.00,20.00,15.00,6.00,0.00,2.00,1.00,86.67,86.96,75.00,1,4,2023-09-12,1007.40,1029.34,0.40,0.60,981.39,1055.35
9480,546,502,L,2.00,12392.00,14.00,23.00,8.00,-15.00,2.00,1.00,6.00,12395.00,10.00,32.00,5.00,15.00,5.00,3.00,81.25,91.30,75.00,1,4,2023-09-12,1076.32,1088.34,0.55,0.45,1100.00,1064.66
8765,191,63,W,4.00,12681.00,22.00,30.00,5.00,5.00,3.00,0.00,2.00,12628.00,18.00,27.00,15.00,-5.00,1.00,0.00,92.59,86.67,75.00,1,0,2023-09-23,1529.91,1470.20,0.53,0.47,1509.59,1490.52
8767,208,379,W,4.00,12009.00,15.00,23.00,7.00,8.00,2.00,0.00,0.00,12070.00,15.00,31.00,3.00,-10.00,0.00,0.00,100.00,82.61,75.00,1,0,2023-09-23,1392.82,1378.70,0.45,0.55,1369.29,1402.23
8771,410,409,L,0.00,12627.00,10.00,21.00,1.00,-25.00,0.00,0.00,8.00,12778.00,20.00,29.00,6.00,25.00,7.00,3.00,72.41,100.00,75.00,1,0,2023-09-23,1403.03,1500.35,0.41,0.59,1420.74,1482.64
8779,336,331,L,1.00,12801.00,35.00,21.00,10.00,-5.00,0.00,0.00,2.00,13134.00,23.00,23.00,12.00,5.00,0.00,0.00,91.30,95.24,75.00,1,1,2023-09-23,1307.51,1420.25,0.39,0.61,1324.18,1403.57
8781,26,269,W,4.00,13021.00,19.00,26.00,8.00,8.00,4.00,3.00,2.00,13257.00,28.00,32.00,5.00,-7.00,2.00,1.00,93.75,84.62,75.00,1,2,2023-09-23,1171.91,1213.21,0.37,0.63,1144.62,1240.49
8784,207,129,L,5.00,12562.00,19.00,31.00,14.00,-9.00,3.00,2.00,6.00,12422.00,27.00,28.00,5.00,10.00,4.00,0.00,78.57,83.87,75.00,1,2,2023-09-23,1166.52,1232.15,0.46,0.54,1186.43,1212.24
8785,405,438,L,2.00,12668.00,26.00,15.00,14.00,-15.00,2.00,0.00,3.00,4099.00,12.00,13.00,3.00,15.00,3.00,1.00,76.92,86.67,75.00,1,2,2023-09-23,1237.00,1308.42,0.45,0.55,1256.50,1288.92
8787,215,446,L,2.00,12221.00,4.00,20.00,0.00,-15.00,2.00,0.00,5.00,12126.00,17.00,22.00,3.00,15.00,2.00,0.00,77.27,90.00,75.00,1,3,2023-09-23,1129.65,1229.58,0.41,0.59,1147.18,1212.05
8788,406,445,W,7.00,12274.00,12.00,35.00,6.00,15.00,6.00,1.00,4.00,12712.00,11.00,20.00,4.00,-15.00,3.00,1.00,80.00,80.00,75.00,1,3,2023-09-23,1113.79,918.07,0.73,0.27,1102.17,929.69
8789,448,65,W,7.00,12733.00,17.00,32.00,6.00,15.00,4.00,1.00,6.00,12816.00,15.00,26.00,5.00,-16.00,3.00,0.00,76.92,78.12,75.00,1,3,2023-09-23,1042.75,1093.19,0.35,0.65,1014.88,1121.06
8792,502,500,W,7.00,12767.00,23.00,30.00,7.00,19.00,4.00,0.00,6.00,12292.00,16.00,22.00,8.00,-21.00,5.00,1.00,72.73,76.67,75.00,1,4,2023-09-23,1110.04,1069.86,0.50,0.50,1088.34,1091.56
8755,29,49,W,4.00,13128.00,22.00,23.00,11.00,5.00,3.00,2.00,2.00,12882.00,28.00,39.00,8.00,-5.00,2.00,0.00,94.87,82.61,74.00,1,0,2023-09-24,1542.27,1472.42,0.54,0.46,1522.66,1492.03
8761,333,12,W,2.00,13511.00,21.00,25.00,0.00,5.00,1.00,0.00,1.00,13460.00,17.00,25.00,9.00,-5.00,1.00,0.00,96.00,92.00,74.00,1,1,2023-09-24,1586.77,1335.92,0.79,0.21,1577.85,1344.84
8762,35,31,W,7.00,13270.00,9.00,39.00,4.00,15.00,6.00,3.00,3.00,12791.00,17.00,25.00,4.00,-15.00,2.00,1.00,88.00,82.05,74.00,1,1,2023-09-24,1533.09,1437.74,0.59,0.41,1515.25,1455.58
8763,452,494,L,1.00,13592.00,17.00,14.00,10.00,-14.00,1.00,0.00,5.00,12312.00,19.00,38.00,8.00,13.00,5.00,1.00,86.84,92.86,74.00,1,1,2023-09-24,1443.72,1467.99,0.53,0.47,1466.54,1445.17
8764,15,396,L,1.00,13365.00,12.00,31.00,3.00,-5.00,1.00,0.00,2.00,11320.00,9.00,18.00,3.00,5.00,2.00,1.00,88.89,96.77,74.00,1,1,2023-09-24,1383.97,1354.99,0.62,0.38,1410.45,1328.51
8766,109,191,L,1.00,11565.00,16.00,26.00,7.00,-29.00,0.00,0.00,6.00,12479.00,24.00,32.00,7.00,29.00,5.00,1.00,81.25,96.15,75.00,1,0,2023-09-24,1393.55,1544.15,0.33,0.67,1407.79,1529.91
8768,496,506,L,2.00,4138.00,5.00,10.00,1.00,-1.00,2.00,0.00,6.00,11936.00,10.00,50.00,5.00,0.00,5.00,1.00,88.00,80.00,75.00,1,0,2023-09-24,1450.60,1575.85,0.37,0.63,1466.44,1560.01
8769,443,92,L,1.00,12557.00,12.00,11.00,8.00,-5.00,1.00,1.00,4.00,10231.00,21.00,36.00,2.00,5.00,3.00,0.00,88.89,90.91,75.00,1,0,2023-09-24,1326.41,1560.71,0.22,0.78,1336.08,1551.03
8775,402,23,L,3.00,11445.00,11.00,23.00,5.00,0.00,2.00,0.00,4.00,13267.00,19.00,22.00,7.00,0.00,3.00,0.00,81.82,86.96,75.00,1,1,2023-09-24,1420.89,1382.73,0.63,0.37,1447.97,1355.65
8778,329,214,L,2.00,11951.00,17.00,30.00,7.00,-26.00,1.00,0.00,5.00,12813.00,18.00,35.00,0.00,25.00,4.00,0.00,85.71,93.33,75.00,1,1,2023-09-24,1368.98,1320.24,0.65,0.35,1396.74,1292.48
8780,189,44,L,5.00,12372.00,15.00,28.00,7.00,-15.00,3.00,2.00,9.00,12534.00,16.00,21.00,4.00,15.00,7.00,2.00,57.14,82.14,75.00,1,1,2023-09-24,1155.15,1382.09,0.23,0.77,1165.17,1372.06
8782,205,38,W,4.00,13123.00,12.00,21.00,11.00,5.00,4.00,2.00,1.00,12291.00,28.00,31.00,7.00,-5.00,1.00,0.00,96.77,80.95,75.00,1,2,2023-09-24,1299.11,1088.97,0.75,0.25,1288.25,1099.84
8783,8,491,L,3.00,11765.00,22.00,14.00,7.00,-5.00,3.00,0.00,5.00,12909.00,17.00,35.00,10.00,5.00,2.00,0.00,85.71,78.57,75.00,1,2,2023-09-24,1178.70,1239.77,0.47,0.53,1198.92,1219.54
8786,398,404,L,4.00,12014.00,16.00,25.00,9.00,-1.00,3.00,2.00,5.00,12473.00,24.00,22.00,9.00,-1.00,5.00,1.00,77.27,84.00,75.00,1,3,2023-09-24,1180.41,1090.94,0.70,0.30,1210.65,1060.69
8790,61,104,L,2.00,13000.00,15.00,28.00,0.00,-15.00,2.00,2.00,4.00,7511.00,7.00,15.00,4.00,15.00,3.00,1.00,73.33,92.86,75.00,1,3,2023-09-24,1057.76,1161.80,0.40,0.60,1075.02,1144.54
8793,453,451,L,2.00,12709.00,14.00,36.00,7.00,-53.00,2.00,1.00,13.00,13044.00,19.00,38.00,0.00,55.00,10.00,5.00,65.79,,75.00,1,5,2023-09-24,718.97,981.78,0.20,0.80,727.37,973.38
8794,400,499,L,3.00,11871.00,11.00,26.00,11.00,0.00,1.00,0.00,4.00,12482.00,26.00,20.00,7.00,0.00,0.00,0.00,80.00,88.46,75.00,1,4,2023-09-24,990.01,1092.04,0.40,0.60,1007.40,1074.65
8795,431,439,L,2.00,13023.00,12.00,16.00,6.00,-15.00,0.00,0.00,5.00,12467.00,20.00,29.00,4.00,15.00,3.00,2.00,82.76,87.50,75.00,1,4,2023-09-24,1096.52,987.86,0.73,0.27,1127.84,956.54
8796,375,411,W,3.00,8250.00,8.00,9.00,9.00,0.00,3.00,0.00,2.00,2856.00,1.00,3.00,0.00,0.00,1.00,0.00,33.33,66.67,75.00,1,4,2023-09-24,1053.91,1079.46,0.39,0.61,1027.66,1105.71
8797,501,449,L,3.00,14031.00,34.00,17.00,11.00,5.00,1.00,0.00,5.00,13722.00,15.00,21.00,15.00,-5.00,3.00,0.00,76.19,82.35,75.00,1,5,2023-09-24,975.50,975.75,0.57,0.43,1000.00,951.25
8798,176,332,L,2.00,13418.00,16.00,18.00,16.00,2.00,1.00,0.00,3.00,13549.00,38.00,38.00,6.00,-2.00,1.00,0.00,92.11,88.89,75.00,1,4,2023-09-24,1007.17,1040.57,0.52,0.48,1029.34,1018.39
8774,452,15,W,5.00,13356.00,16.00,32.00,8.00,13.00,3.00,0.00,4.00,13629.00,16.00,33.00,4.00,-15.00,3.00,3.00,87.88,84.38,74.00,1,1,2023-09-30,1461.56,1366.13,0.59,0.41,1443.72,1383.97
8804,379,63,L,0.00,12612.00,31.00,26.00,8.00,-20.00,0.00,0.00,6.00,13176.00,31.00,33.00,11.00,20.00,5.00,2.00,81.82,100.00,75.00,1,0,2023-09-30,1362.74,1486.17,0.37,0.63,1378.70,1470.20
8805,208,109,W,7.00,0.00,0.00,0.00,0.00,25.00,6.00,6.00,3.00,0.00,0.00,0.00,0.00,-24.00,3.00,3.00,-inf,-inf,75.00,1,0,2023-09-30,1414.36,1372.01,0.50,0.50,1392.82,1393.55
8806,506,440,L,2.00,11968.00,17.00,31.00,5.00,-6.00,2.00,2.00,4.00,12843.00,23.00,33.00,3.00,5.00,2.00,2.00,87.88,93.55,75.00,1,0,2023-09-30,1541.73,1375.99,0.79,0.21,1575.85,1341.87
8807,335,496,W,5.00,12886.00,14.00,41.00,7.00,-1.00,5.00,1.00,4.00,12853.00,8.00,24.00,6.00,0.00,3.00,0.00,83.33,87.80,75.00,1,0,2023-09-30,1423.39,1425.91,0.43,0.57,1398.70,1450.60
8815,498,336,L,4.00,13135.00,22.00,37.00,7.00,2.00,4.00,4.00,5.00,11399.00,12.00,22.00,7.00,-4.00,4.00,1.00,77.27,83.78,75.00,1,1,2023-09-30,1366.76,1334.23,0.62,0.38,1393.48,1307.51
8819,8,438,L,2.00,11942.00,12.00,22.00,9.00,-4.00,2.00,0.00,5.00,12071.00,28.00,38.00,2.00,4.00,5.00,1.00,86.84,90.91,75.00,1,2,2023-09-30,1164.87,1322.24,0.32,0.68,1178.70,1308.42
8821,405,26,L,1.00,13047.00,20.00,23.00,6.00,-10.00,1.00,0.00,3.00,12987.00,14.00,25.00,6.00,10.00,2.00,1.00,88.00,95.65,75.00,1,2,2023-09-30,1211.52,1197.39,0.59,0.41,1237.00,1171.91
8825,404,65,L,3.00,12448.00,26.00,33.00,7.00,-5.00,2.00,2.00,5.00,12782.00,24.00,31.00,3.00,5.00,5.00,3.00,83.87,90.91,75.00,1,3,2023-09-30,1069.58,1114.55,0.50,0.50,1090.94,1093.19
8827,502,439,W,4.00,12611.00,17.00,24.00,9.00,5.00,2.00,1.00,3.00,11943.00,25.00,35.00,5.00,-6.00,3.00,2.00,91.43,83.33,75.00,1,4,2023-09-30,1124.28,973.62,0.67,0.33,1110.04,987.86
8833,411,431,W,2.00,12367.00,12.00,17.00,8.00,0.00,0.00,0.00,1.00,12909.00,23.00,29.00,9.00,0.00,1.00,1.00,96.55,88.24,75.00,1,4,2023-09-30,1102.02,1073.97,0.48,0.52,1079.46,1096.52
8866,445,398,L,0.00,12323.00,9.00,14.00,7.00,-15.00,0.00,0.00,4.00,11975.00,14.00,29.00,3.00,14.00,4.00,3.00,86.21,100.00,75.00,1,3,2023-09-30,910.29,1188.19,0.18,0.82,918.07,1180.41
8867,17,46,L,3.00,12276.00,12.00,28.00,3.00,-4.00,1.00,1.00,5.00,6707.00,3.00,22.00,1.00,2.00,3.00,1.00,,89.29,74.00,1,0,2023-09-30,1492.47,1466.16,0.61,0.39,1518.77,1439.86
8592,15,92,W,9.00,12412.00,16.00,31.00,3.00,20.00,6.00,4.00,3.00,13151.00,16.00,29.00,4.00,-20.00,0.00,0.00,89.66,70.97,73.00,1,0,2023-10-06,1398.55,1528.28,0.25,0.75,1366.13,1560.71
8596,409,335,W,8.00,12597.00,20.00,31.00,8.00,29.00,8.00,3.00,3.00,12469.00,25.00,32.00,2.00,-30.00,3.00,0.00,90.62,74.19,73.00,1,1,2023-10-06,1517.17,1406.58,0.61,0.39,1500.35,1423.39
8602,404,439,W,8.00,12557.00,35.00,39.00,7.00,10.00,4.00,3.00,5.00,13405.00,12.00,26.00,9.00,-10.00,4.00,5.00,80.77,79.49,73.00,1,2,2023-10-06,1085.28,957.91,0.63,0.37,1069.58,973.62
9053,49,447,W,9.00,0.00,0.00,0.00,0.00,34.00,5.00,2.00,1.00,12656.00,23.00,42.00,1.00,-35.00,0.00,0.00,97.62,-inf,74.00,1,0,2023-10-12,1488.60,1368.46,0.62,0.38,1472.42,1384.64
9055,442,56,L,2.00,13846.00,18.00,29.00,6.00,-5.00,1.00,1.00,3.00,13888.00,25.00,28.00,8.00,5.00,2.00,2.00,89.29,93.10,74.00,1,0,2023-10-12,1533.11,1664.98,0.36,0.64,1548.53,1649.56
9070,46,505,L,7.00,0.00,0.00,0.00,0.00,-13.00,6.00,3.00,8.00,12969.00,22.00,31.00,5.00,12.00,6.00,1.00,74.19,-inf,74.00,1,0,2023-10-12,1443.85,1475.42,0.52,0.48,1466.16,1453.11
9217,214,189,L,4.00,12838.00,22.00,28.00,5.00,-25.00,2.00,0.00,6.00,12353.00,21.00,19.00,3.00,25.00,5.00,0.00,68.42,85.71,75.00,1,1,2023-10-12,1289.23,1186.16,0.72,0.28,1320.24,1155.15
9298,410,111,L,0.00,0.00,0.00,0.00,0.00,-25.00,0.00,0.00,5.00,12481.00,12.00,34.00,4.00,25.00,3.00,1.00,85.29,,75.00,1,0,2023-10-12,1385.51,1485.60,0.41,0.59,1403.03,1468.08
9317,23,331,W,5.00,13466.00,31.00,37.00,3.00,5.00,4.00,2.00,4.00,13408.00,11.00,16.00,7.00,-5.00,4.00,3.00,75.00,86.49,75.00,1,1,2023-10-12,1406.55,1396.43,0.45,0.55,1382.73,1420.25
9320,408,329,W,3.00,12220.00,21.00,30.00,8.00,4.00,3.00,2.00,2.00,12167.00,11.00,17.00,7.00,-5.00,1.00,0.00,88.24,90.00,75.00,1,1,2023-10-12,1381.67,1346.90,0.49,0.51,1359.59,1368.98
9321,336,44,W,7.00,12963.00,18.00,33.00,18.00,15.00,4.00,2.00,5.00,13002.00,26.00,20.00,5.00,-15.00,4.00,3.00,75.00,78.79,75.00,1,1,2023-10-12,1358.67,1357.64,0.43,0.57,1334.23,1382.09
9413,15,494,L,4.00,13863.00,17.00,27.00,11.00,-13.00,3.00,3.00,5.00,13348.00,28.00,31.00,1.00,13.00,5.00,2.00,83.87,85.19,74.00,1,1,2023-10-12,1381.30,1485.25,0.40,0.60,1398.55,1467.99
9415,92,31,L,2.00,12243.00,17.00,30.00,4.00,-9.00,2.00,0.00,3.00,10309.00,18.00,32.00,3.00,10.00,2.00,0.00,90.62,93.33,74.00,1,1,2023-10-12,1501.30,1464.72,0.63,0.37,1528.28,1437.74
9441,53,22,W,4.00,11749.00,24.00,34.00,4.00,5.00,4.00,2.00,3.00,10210.00,21.00,28.00,7.00,-5.00,2.00,0.00,89.29,88.24,75.00,1,1,2023-10-12,1341.86,1302.33,0.49,0.51,1320.12,1324.08
9447,215,398,L,0.00,12144.00,18.00,21.00,9.00,-15.00,0.00,0.00,4.00,12532.00,20.00,24.00,3.00,15.00,4.00,1.00,83.33,100.00,75.00,1,3,2023-10-12,1111.74,1206.10,0.42,0.58,1129.65,1188.19
9448,130,411,W,5.00,13656.00,31.00,34.00,10.00,19.00,4.00,4.00,4.00,13258.00,14.00,20.00,9.00,-19.00,4.00,2.00,80.00,,75.00,1,4,2023-10-12,1040.38,1075.16,0.38,0.62,1013.52,1102.02
9449,406,54,L,3.00,12697.00,17.00,25.00,8.00,-4.00,2.00,0.00,4.00,12609.00,18.00,25.00,9.00,4.00,4.00,3.00,84.00,88.00,75.00,1,3,2023-10-12,1098.33,1229.56,0.36,0.64,1113.79,1214.10
9453,104,65,W,5.00,12597.00,27.00,28.00,9.00,5.00,3.00,2.00,2.00,12237.00,25.00,26.00,10.00,-6.00,2.00,0.00,92.31,82.14,75.00,1,3,2023-10-12,1180.39,1095.95,0.57,0.43,1161.80,1114.55
9456,404,446,L,2.00,11988.00,13.00,26.00,4.00,-20.00,2.00,2.00,6.00,12329.00,16.00,30.00,3.00,19.00,2.00,0.00,80.00,92.31,75.00,1,3,2023-10-12,1072.23,1242.63,0.30,0.70,1085.28,1229.58
9458,431,500,W,3.00,12780.00,18.00,22.00,7.00,10.00,3.00,1.00,0.00,13573.00,13.00,12.00,7.00,-10.00,0.00,0.00,100.00,86.36,75.00,1,4,2023-10-12,1095.21,1048.61,0.51,0.49,1073.97,1069.86
9460,499,332,L,3.00,11787.00,14.00,22.00,8.00,-28.00,2.00,0.00,8.00,12208.00,45.00,44.00,2.00,28.00,7.00,2.00,81.82,86.36,75.00,1,4,2023-10-12,1067.37,1065.23,0.57,0.43,1092.04,1040.57
9462,449,545,W,6.00,12316.00,23.00,36.00,0.00,9.00,3.00,0.00,2.00,9373.00,13.00,17.00,5.00,-9.00,0.00,0.00,88.24,83.33,75.00,1,5,2023-10-12,998.75,977.00,0.47,0.53,975.75,1000.00
8892,447,49,L,4.00,10752.00,16.00,38.00,3.00,-9.00,3.00,3.00,5.00,12307.00,8.00,35.00,7.00,9.00,4.00,2.00,,89.47,74.00,1,0,2023-10-14,1354.11,1502.95,0.33,0.67,1368.46,1488.60
8905,191,379,W,9.00,13011.00,29.00,36.00,2.00,39.00,8.00,0.00,1.00,13314.00,11.00,18.00,8.00,-40.00,0.00,0.00,94.44,75.00,75.00,1,0,2023-10-14,1555.35,1351.54,0.74,0.26,1544.15,1362.74
8910,506,208,L,0.00,13163.00,32.00,48.00,7.00,-11.00,0.00,0.00,2.00,12947.00,8.00,28.00,7.00,10.00,2.00,2.00,92.86,100.00,75.00,1,0,2023-10-14,1512.68,1443.41,0.68,0.32,1541.73,1414.36
8911,92,410,W,12.00,12442.00,14.00,43.00,2.00,46.00,10.00,5.00,1.00,12596.00,6.00,14.00,2.00,-46.00,0.00,0.00,92.86,72.09,75.00,1,0,2023-10-14,1515.89,1370.92,0.66,0.34,1501.30,1385.51
8912,26,8,W,5.00,12606.00,16.00,20.00,3.00,4.00,3.00,3.00,3.00,13019.00,22.00,23.00,11.00,-5.00,2.00,2.00,86.96,75.00,75.00,1,2,2023-10-14,1216.88,1145.38,0.55,0.45,1197.39,1164.87
8914,38,269,D,2.00,12012.00,10.00,27.00,6.00,5.00,2.00,2.00,2.00,678.00,1.00,0.00,0.00,-6.00,1.00,0.00,-inf,92.59,75.00,1,2,2023-10-14,1096.35,1205.83,0.33,0.67,1088.97,1213.21
8917,130,502,W,3.00,12825.00,19.00,22.00,11.00,10.00,2.00,0.00,1.00,12936.00,21.00,22.00,5.00,-10.00,1.00,0.00,95.45,86.36,75.00,1,4,2023-10-14,1066.98,1097.68,0.38,0.62,1040.38,1124.28
8922,446,445,L,2.00,12031.00,18.00,36.00,6.00,-20.00,1.00,0.00,5.00,10850.00,21.00,27.00,5.00,17.00,4.00,0.00,81.48,94.44,75.00,1,3,2023-10-14,1205.16,947.76,0.87,0.13,1242.63,910.29
8926,332,499,W,8.00,10903.00,15.00,46.00,0.00,22.00,5.00,1.00,1.00,13067.00,11.00,16.00,8.00,-25.00,1.00,1.00,93.75,82.61,75.00,1,4,2023-10-14,1086.87,1045.74,0.50,0.50,1065.23,1067.37
8932,53,331,L,2.00,12834.00,17.00,20.00,1.00,-25.00,2.00,2.00,8.00,13330.00,22.00,34.00,10.00,24.00,7.00,3.00,76.47,90.00,75.00,1,1,2023-10-14,1323.71,1414.58,0.42,0.58,1341.86,1396.43
8959,411,500,L,5.00,12867.00,11.00,23.00,4.00,-5.00,4.00,2.00,6.00,13533.00,18.00,27.00,7.00,5.00,6.00,2.00,77.78,78.26,75.00,1,4,2023-10-14,1052.02,1071.75,0.54,0.46,1075.16,1048.61
8893,505,442,W,6.00,13202.00,22.00,39.00,3.00,-5.00,4.00,3.00,5.00,13359.00,18.00,32.00,14.00,5.00,4.00,3.00,,,74.00,1,0,2023-10-15,1500.45,1508.07,0.42,0.58,1475.42,1533.11
8894,396,494,L,2.00,12056.00,8.00,26.00,2.00,-14.00,1.00,1.00,6.00,7610.00,10.00,37.00,3.00,14.00,4.00,2.00,83.78,92.31,74.00,1,1,2023-10-15,1341.19,1499.05,0.32,0.68,1354.99,1485.25
8895,35,15,W,6.00,10385.00,19.00,49.00,1.00,20.00,5.00,1.00,4.00,12890.00,7.00,21.00,3.00,-20.00,2.00,1.00,80.95,87.76,74.00,1,1,2023-10-15,1545.75,1368.63,0.71,0.29,1533.09,1381.30
8897,452,31,W,3.00,13341.00,12.00,24.00,3.00,-1.00,3.00,0.00,2.00,12935.00,16.00,27.00,6.00,0.00,1.00,1.00,92.59,87.50,74.00,1,1,2023-10-15,1483.25,1443.02,0.50,0.50,1461.56,1464.72
8906,191,92,L,1.00,11831.00,11.00,21.00,4.00,-10.00,0.00,0.00,4.00,11134.00,14.00,28.00,2.00,11.00,4.00,2.00,85.71,95.24,75.00,1,0,2023-10-15,1531.42,1539.82,0.56,0.44,1555.35,1515.89
8908,335,109,L,2.00,12371.00,33.00,31.00,6.00,-25.00,1.00,1.00,8.00,12570.00,21.00,25.00,11.00,22.00,6.00,3.00,68.00,93.55,75.00,1,0,2023-10-15,1382.94,1395.64,0.55,0.45,1406.58,1372.01
8913,405,129,L,0.00,12870.00,13.00,16.00,5.00,-15.00,0.00,0.00,3.00,13217.00,19.00,15.00,4.00,15.00,2.00,1.00,80.00,100.00,75.00,1,2,2023-10-15,1191.29,1252.37,0.47,0.53,1211.52,1232.15
8915,438,491,L,0.00,12948.00,21.00,15.00,3.00,-21.00,0.00,0.00,4.00,12963.00,15.00,29.00,6.00,20.00,3.00,0.00,86.21,100.00,75.00,1,2,2023-10-15,1295.73,1266.28,0.62,0.38,1322.24,1239.77
8916,207,205,W,3.00,13301.00,25.00,18.00,11.00,5.00,2.00,0.00,2.00,13098.00,19.00,27.00,4.00,-5.00,2.00,1.00,92.59,83.33,75.00,1,2,2023-10-15,1195.85,1269.79,0.32,0.68,1166.52,1299.11
8918,375,431,L,1.00,13079.00,8.00,19.00,10.00,-10.00,0.00,0.00,3.00,12996.00,32.00,28.00,3.00,10.00,2.00,3.00,89.29,94.74,75.00,1,4,2023-10-15,1034.96,1114.17,0.44,0.56,1053.91,1095.21
8923,104,398,L,3.00,11190.00,14.00,17.00,7.00,-16.00,2.00,1.00,8.00,12443.00,19.00,28.00,3.00,14.00,8.00,5.00,71.43,,75.00,1,3,2023-10-15,1160.48,1226.01,0.46,0.54,1180.39,1206.10
8924,406,61,W,3.00,12918.00,12.00,23.00,2.00,10.00,2.00,0.00,2.00,12293.00,11.00,15.00,4.00,-10.00,2.00,2.00,86.67,86.96,75.00,1,3,2023-10-15,1117.33,1038.76,0.56,0.44,1098.33,1057.76
8925,501,453,L,1.00,13127.00,23.00,21.00,4.00,-5.00,1.00,1.00,2.00,12751.00,10.00,18.00,6.00,5.00,0.00,0.00,88.89,95.24,75.00,1,5,2023-10-15,940.50,753.98,0.81,0.19,975.50,718.97
8930,23,408,L,2.00,12649.00,15.00,16.00,9.00,-10.00,2.00,0.00,4.00,11918.00,19.00,24.00,6.00,10.00,2.00,0.00,83.33,87.50,75.00,1,1,2023-10-15,1383.51,1404.71,0.54,0.46,1406.55,1381.67
8931,22,48,L,5.00,13136.00,11.00,31.00,0.00,-5.00,5.00,2.00,6.00,12715.00,13.00,26.00,6.00,5.00,5.00,0.00,76.92,,75.00,1,1,2023-10-15,1295.04,1585.65,0.17,0.83,1302.33,1578.36
8933,214,402,W,3.00,13378.00,16.00,24.00,10.00,10.00,2.00,0.00,1.00,12612.00,21.00,23.00,4.00,-10.00,1.00,1.00,95.65,87.50,75.00,1,1,2023-10-15,1318.51,1391.61,0.32,0.68,1289.23,1420.89
8934,329,189,W,4.00,10267.00,6.00,21.00,0.00,5.00,3.00,0.00,1.00,9263.00,10.00,20.00,3.00,-5.00,1.00,1.00,95.00,80.95,75.00,1,1,2023-10-15,1359.11,1173.95,0.72,0.28,1346.90,1186.16
8935,497,498,W,3.00,13499.00,25.00,35.00,4.00,3.00,2.00,0.00,1.00,13860.00,15.00,38.00,13.00,-2.00,0.00,0.00,94.74,91.43,75.00,1,1,2023-10-15,1405.98,1346.43,0.53,0.47,1385.65,1366.76
8960,409,496,W,3.00,12475.00,23.00,30.00,3.00,1.00,0.00,0.00,2.00,13395.00,14.00,30.00,6.00,0.00,2.00,0.00,93.33,90.00,75.00,1,0,2023-10-15,1533.15,1409.93,0.63,0.37,1517.17,1425.91
8961,439,176,W,3.00,12996.00,17.00,29.00,5.00,15.00,3.00,2.00,0.00,12445.00,13.00,22.00,4.00,-15.00,0.00,0.00,,89.66,75.00,1,4,2023-10-15,982.44,982.64,0.43,0.57,957.91,1007.17
8962,400,216,L,5.00,11950.00,15.00,27.00,8.00,-5.00,4.00,1.00,6.00,12498.00,31.00,30.00,3.00,5.00,5.00,1.00,80.00,,75.00,1,4,2023-10-15,969.66,1028.98,0.47,0.53,990.01,1008.63
8964,333,12,W,8.00,12689.00,24.00,37.00,8.00,30.00,6.00,4.00,0.00,12550.00,16.00,31.00,5.00,-30.00,0.00,0.00,100.00,78.38,74.00,1,1,2023-10-15,1594.98,1327.71,0.81,0.19,1586.77,1335.92
8900,35,452,L,5.00,13187.00,32.00,47.00,8.00,-20.00,4.00,2.00,9.00,13262.00,9.00,29.00,4.00,19.00,9.00,4.00,68.97,89.36,74.00,1,1,2023-10-21,1520.43,1508.58,0.59,0.41,1545.75,1483.25
9008,410,191,W,5.00,12817.00,7.00,26.00,3.00,4.00,4.00,2.00,4.00,13040.00,19.00,20.00,2.00,-5.00,4.00,1.00,80.00,80.77,75.00,1,0,2023-10-21,1401.70,1500.64,0.28,0.72,1370.92,1531.42
9010,63,443,L,4.00,13360.00,34.00,42.00,12.00,-5.00,3.00,2.00,5.00,12570.00,27.00,26.00,8.00,5.00,2.00,0.00,80.77,90.48,75.00,1,0,2023-10-21,1455.42,1357.16,0.71,0.29,1486.17,1326.41
9013,109,92,L,3.00,12977.00,17.00,22.00,4.00,-40.00,3.00,1.00,11.00,12781.00,11.00,37.00,5.00,38.00,9.00,3.00,70.27,86.36,75.00,1,0,2023-10-21,1382.58,1552.88,0.30,0.70,1395.64,1539.82
9015,331,22,W,4.00,13232.00,22.00,25.00,29.00,19.00,3.00,1.00,0.00,13225.00,46.00,33.00,12.00,-20.00,0.00,0.00,100.00,84.00,75.00,1,1,2023-10-21,1428.97,1280.66,0.67,0.33,1414.58,1295.04
9016,498,48,W,5.00,11892.00,12.00,18.00,4.00,10.00,4.00,1.00,3.00,12934.00,10.00,26.00,7.00,-10.00,2.00,2.00,88.46,72.22,75.00,1,1,2023-10-21,1380.77,1551.31,0.20,0.80,1346.43,1585.65
9019,44,53,W,4.00,12461.00,22.00,26.00,7.00,20.00,2.00,0.00,1.00,12218.00,25.00,18.00,7.00,-20.00,1.00,0.00,94.44,84.62,75.00,1,1,2023-10-21,1377.05,1304.30,0.55,0.45,1357.64,1323.71
9024,400,500,L,6.00,12908.00,16.00,22.00,8.00,-15.00,2.00,0.00,8.00,13060.00,21.00,32.00,7.00,15.00,6.00,1.00,75.00,72.73,75.00,1,4,2023-10-21,954.31,1087.11,0.36,0.64,969.66,1071.75
9026,499,439,L,4.00,13076.00,16.00,18.00,12.00,-10.00,4.00,0.00,8.00,10365.00,9.00,24.00,0.00,8.00,6.00,5.00,66.67,77.78,75.00,1,4,2023-10-21,1020.37,1007.82,0.59,0.41,1045.74,982.44
9027,38,26,L,1.00,12172.00,9.00,11.00,6.00,-18.00,0.00,0.00,5.00,11227.00,15.00,23.00,0.00,19.00,3.00,2.00,78.26,90.91,75.00,1,2,2023-10-21,1082.02,1231.21,0.33,0.67,1096.35,1216.88
9028,269,491,W,2.00,12142.00,18.00,32.00,1.00,0.00,1.00,1.00,1.00,12251.00,17.00,17.00,8.00,0.00,1.00,0.00,94.12,93.75,75.00,1,2,2023-10-21,1231.03,1241.07,0.41,0.59,1205.83,1266.28
9031,438,207,W,5.00,12866.00,24.00,39.00,10.00,9.00,3.00,0.00,3.00,12204.00,14.00,15.00,5.00,-10.00,3.00,0.00,80.00,87.18,75.00,1,2,2023-10-21,1311.22,1180.37,0.64,0.36,1295.73,1195.85
9035,445,215,W,4.00,12580.00,24.00,24.00,5.00,10.00,2.00,0.00,2.00,12789.00,17.00,25.00,8.00,-10.00,2.00,1.00,92.00,,75.00,1,3,2023-10-21,978.71,1080.78,0.28,0.72,947.76,1111.74
9036,406,65,L,3.00,11016.00,24.00,26.00,0.00,-15.00,2.00,0.00,6.00,12674.00,22.00,25.00,12.00,15.00,5.00,3.00,76.00,88.46,75.00,1,3,2023-10-21,1094.51,1118.78,0.53,0.47,1117.33,1095.95
9037,375,332,L,2.00,12951.00,9.00,14.00,11.00,0.00,1.00,0.00,3.00,13647.00,27.00,24.00,3.00,0.00,1.00,0.00,87.50,85.71,75.00,1,4,2023-10-21,1016.65,1105.18,0.43,0.57,1034.96,1086.87
8898,396,333,W,3.00,7990.00,4.00,17.00,2.00,0.00,3.00,2.00,2.00,9143.00,8.00,21.00,0.00,0.00,0.00,0.00,90.48,82.35,74.00,1,1,2023-10-22,1376.09,1560.08,0.19,0.81,1341.19,1594.98
8901,494,31,L,2.00,12749.00,20.00,31.00,4.00,-5.00,2.00,0.00,3.00,13228.00,16.00,18.00,9.00,5.00,3.00,0.00,83.33,93.55,74.00,1,1,2023-10-22,1474.11,1467.96,0.58,0.42,1499.05,1443.02
8902,1,49,L,7.00,0.00,20.00,35.00,7.00,1.00,7.00,3.00,8.00,13461.00,22.00,34.00,5.00,-1.00,7.00,3.00,76.47,80.00,74.00,1,0,2023-10-22,1597.16,1531.76,0.67,0.33,1625.96,1502.95
8903,505,56,L,3.00,13166.00,21.00,31.00,2.00,-15.00,3.00,1.00,8.00,12466.00,12.00,37.00,13.00,15.00,8.00,5.00,78.38,90.32,74.00,1,0,2023-10-22,1488.44,1677.00,0.28,0.72,1500.45,1664.98
8904,46,29,L,1.00,12966.00,24.00,39.00,12.00,-10.00,1.00,1.00,4.00,13377.00,21.00,40.00,3.00,10.00,4.00,1.00,90.00,97.44,74.00,1,0,2023-10-22,1428.28,1557.84,0.36,0.64,1443.85,1542.27
8995,17,442,W,6.00,12324.00,18.00,30.00,10.00,0.00,6.00,3.00,5.00,12500.00,28.00,33.00,6.00,0.00,3.00,1.00,84.85,80.00,74.00,1,0,2023-10-22,1514.93,1485.61,0.48,0.52,1492.47,1508.07
9009,111,191,L,2.00,11781.00,4.00,17.00,4.00,0.00,1.00,1.00,3.00,7188.00,9.00,47.00,1.00,0.00,2.00,1.00,93.62,88.24,75.00,1,0,2023-10-22,1465.03,1521.21,0.48,0.52,1485.60,1500.64
9012,92,335,W,11.00,13228.00,19.00,40.00,3.00,39.00,9.00,1.00,1.00,11781.00,10.00,16.00,4.00,-38.00,1.00,1.00,,72.50,75.00,1,0,2023-10-22,1564.63,1371.19,0.73,0.27,1552.88,1382.94
9014,506,379,W,5.00,10446.00,15.00,17.00,4.00,24.00,3.00,1.00,0.00,10749.00,11.00,24.00,2.00,-25.00,0.00,0.00,100.00,70.59,75.00,1,0,2023-10-22,1524.87,1339.35,0.72,0.28,1512.68,1351.54
9017,408,497,W,3.00,12595.00,9.00,30.00,10.00,-5.00,2.00,0.00,2.00,12141.00,16.00,27.00,3.00,5.00,1.00,0.00,92.59,90.00,75.00,1,1,2023-10-22,1426.29,1384.40,0.50,0.50,1404.71,1405.98
9018,402,189,L,0.00,12721.00,15.00,15.00,2.00,-5.00,0.00,0.00,3.00,12721.00,8.00,25.00,2.00,5.00,3.00,2.00,88.00,100.00,75.00,1,1,2023-10-22,1358.16,1207.40,0.78,0.22,1391.61,1173.95
9020,214,23,W,7.00,12799.00,14.00,32.00,6.00,10.00,5.00,2.00,2.00,8892.00,14.00,22.00,2.00,-10.00,2.00,2.00,90.91,78.12,75.00,1,1,2023-10-22,1343.99,1358.03,0.41,0.59,1318.51,1383.51
9021,336,329,L,3.00,12663.00,14.00,22.00,9.00,-7.00,3.00,0.00,4.00,12920.00,21.00,27.00,5.00,8.00,3.00,1.00,85.19,86.36,75.00,1,1,2023-10-22,1337.20,1380.58,0.50,0.50,1358.67,1359.11
9022,411,502,L,1.00,0.00,0.00,0.00,0.00,-5.00,0.00,0.00,2.00,0.00,0.00,0.00,0.00,5.00,1.00,0.00,-inf,-inf,75.00,1,4,2023-10-22,1033.33,1116.37,0.43,0.57,1052.02,1097.68
9025,431,216,W,3.00,13952.00,19.00,23.00,10.00,0.00,2.00,1.00,2.00,14032.00,34.00,22.00,2.00,0.00,0.00,0.00,90.91,86.96,75.00,1,4,2023-10-22,1130.50,1012.64,0.62,0.38,1114.17,1028.98
9029,8,405,L,1.00,11016.00,8.00,15.00,4.00,-25.00,1.00,1.00,7.00,12630.00,20.00,37.00,3.00,23.00,6.00,1.00,81.08,93.33,75.00,1,2,2023-10-22,1126.70,1209.97,0.43,0.57,1145.38,1191.29
9030,205,129,L,3.00,13153.00,11.00,20.00,7.00,-1.00,3.00,0.00,4.00,12616.00,12.00,26.00,1.00,0.00,2.00,1.00,84.62,85.00,75.00,1,2,2023-10-22,1247.21,1274.95,0.53,0.47,1269.79,1252.37
9032,61,446,W,5.00,13050.00,12.00,27.00,13.00,15.00,4.00,1.00,2.00,12938.00,14.00,29.00,5.00,-15.00,1.00,0.00,93.10,,75.00,1,3,2023-10-22,1069.84,1174.08,0.28,0.72,1038.76,1205.16
9003,31,333,W,6.00,12604.00,17.00,27.00,1.00,10.00,4.00,1.00,3.00,13169.00,15.00,24.00,3.00,-10.00,2.00,1.00,87.50,77.78,74.00,1,1,2023-10-28,1495.03,1533.01,0.37,0.63,1467.96,1560.08
9085,379,440,L,3.00,12305.00,6.00,20.00,2.00,-7.00,3.00,0.00,5.00,12449.00,19.00,27.00,6.00,4.00,5.00,2.00,81.48,85.00,75.00,1,0,2023-10-28,1320.11,1395.23,0.45,0.55,1339.35,1375.99
9086,92,63,W,3.00,12696.00,9.00,31.00,1.00,9.00,3.00,3.00,2.00,13058.00,26.00,26.00,11.00,-9.00,2.00,0.00,92.31,90.32,75.00,1,0,2023-10-28,1579.59,1440.47,0.65,0.35,1564.63,1455.42
9089,410,496,L,5.00,13275.00,17.00,29.00,4.00,2.00,5.00,4.00,6.00,13561.00,25.00,40.00,6.00,-2.00,2.00,1.00,85.00,82.76,75.00,1,0,2023-10-28,1380.71,1430.92,0.49,0.51,1401.70,1409.93
9094,408,53,W,3.00,13144.00,18.00,29.00,12.00,5.00,3.00,2.00,2.00,11390.00,20.00,21.00,2.00,-5.00,1.00,1.00,90.48,89.66,75.00,1,1,2023-10-28,1440.53,1290.06,0.67,0.33,1426.29,1304.30
9103,439,400,L,0.00,12391.00,12.00,20.00,2.00,-15.00,0.00,0.00,3.00,12079.00,14.00,26.00,5.00,15.00,2.00,0.00,88.46,100.00,75.00,1,4,2023-10-28,983.03,979.09,0.58,0.42,1007.82,954.31
9104,332,502,L,3.00,10928.00,15.00,28.00,4.00,-6.00,2.00,0.00,5.00,12795.00,21.00,33.00,2.00,5.00,5.00,1.00,84.85,89.29,75.00,1,4,2023-10-28,1084.37,1137.18,0.48,0.52,1105.18,1116.37
9105,501,449,L,0.00,13382.00,14.00,18.00,5.00,-5.00,0.00,0.00,1.00,11890.00,15.00,29.00,2.00,5.00,1.00,0.00,96.55,100.00,75.00,1,5,2023-10-28,922.57,1016.68,0.42,0.58,940.50,998.75
9138,438,205,W,4.00,13197.00,14.00,23.00,12.00,-5.00,2.00,0.00,3.00,0.00,30.00,24.00,4.00,5.00,2.00,0.00,,82.61,75.00,1,2,2023-10-28,1328.80,1229.63,0.59,0.41,1311.22,1247.21
9144,431,130,W,3.00,12513.00,10.00,13.00,2.00,5.00,2.00,0.00,2.00,12387.00,18.00,23.00,3.00,-5.00,2.00,1.00,91.30,76.92,75.00,1,4,2023-10-28,1148.11,1049.36,0.59,0.41,1130.50,1066.98
8996,17,49,L,3.00,12643.00,27.00,32.00,10.00,-16.00,2.00,1.00,5.00,11044.00,14.00,29.00,5.00,15.00,3.00,0.00,82.76,90.62,74.00,1,0,2023-10-29,1494.47,1552.22,0.48,0.52,1514.93,1531.76
8998,56,46,L,1.00,13257.00,34.00,47.00,9.00,-8.00,1.00,0.00,2.00,13269.00,16.00,37.00,11.00,8.00,2.00,0.00,94.59,97.87,74.00,1,0,2023-10-29,1642.29,1462.99,0.81,0.19,1677.00,1428.28
9002,12,35,L,0.00,12792.00,20.00,20.00,9.00,-50.00,0.00,0.00,10.00,12720.00,26.00,37.00,1.00,47.00,8.00,3.00,72.97,100.00,74.00,1,1,2023-10-29,1317.05,1531.09,0.25,0.75,1327.71,1520.43
9004,15,494,L,2.00,12731.00,15.00,22.00,3.00,-26.00,2.00,1.00,8.00,12056.00,19.00,45.00,6.00,24.00,8.00,1.00,82.22,90.91,74.00,1,1,2023-10-29,1353.47,1489.28,0.35,0.65,1368.63,1474.11
9084,335,443,L,4.00,12664.00,17.00,39.00,4.00,-9.00,3.00,3.00,5.00,12932.00,17.00,23.00,3.00,7.00,4.00,0.00,78.26,89.74,75.00,1,0,2023-10-29,1348.83,1379.52,0.52,0.48,1371.19,1357.16
9087,109,111,L,0.00,13000.00,21.00,22.00,3.00,-30.00,0.00,0.00,7.00,12744.00,14.00,22.00,9.00,29.00,7.00,4.00,68.18,100.00,75.00,1,0,2023-10-29,1366.09,1481.52,0.38,0.62,1382.58,1465.03
9088,208,409,L,3.00,11116.00,10.00,19.00,1.00,-14.00,3.00,2.00,4.00,11111.00,9.00,27.00,3.00,13.00,4.00,1.00,85.19,84.21,75.00,1,0,2023-10-29,1427.34,1549.21,0.37,0.63,1443.41,1533.15
9090,506,92,L,2.00,13286.00,15.00,21.00,4.00,-4.00,2.00,0.00,3.00,12869.00,15.00,41.00,2.00,4.00,3.00,3.00,92.68,90.48,75.00,1,0,2023-10-29,1506.72,1597.73,0.42,0.58,1524.87,1579.59
9091,48,189,W,12.00,12691.00,22.00,31.00,2.00,49.00,10.00,0.00,1.00,12714.00,7.00,21.00,4.00,-50.00,1.00,0.00,95.24,,75.00,1,1,2023-10-29,1556.53,1202.18,0.88,0.12,1551.31,1207.40
9092,497,336,W,7.00,12699.00,19.00,36.00,3.00,25.00,4.00,2.00,2.00,12796.00,15.00,26.00,10.00,-25.00,2.00,0.00,92.31,,75.00,1,1,2023-10-29,1403.00,1318.60,0.57,0.43,1384.40,1337.20
9093,402,44,W,5.00,12782.00,9.00,49.00,2.00,-5.00,3.00,0.00,4.00,11949.00,19.00,30.00,2.00,5.00,1.00,1.00,86.67,89.80,75.00,1,1,2023-10-29,1380.83,1354.38,0.47,0.53,1358.16,1377.05
9095,22,498,W,4.00,11152.00,20.00,17.00,6.00,15.00,3.00,2.00,1.00,12426.00,14.00,15.00,7.00,-12.00,1.00,1.00,86.67,76.47,75.00,1,1,2023-10-29,1308.19,1353.24,0.36,0.64,1280.66,1380.77
9096,23,329,L,4.00,14215.00,22.00,22.00,5.00,-5.00,3.00,2.00,5.00,9716.00,18.00,16.00,3.00,1.00,3.00,0.00,68.75,81.82,75.00,1,1,2023-10-29,1337.93,1400.69,0.47,0.53,1358.03,1380.58
9097,214,331,W,6.00,12558.00,16.00,19.00,4.00,8.00,4.00,2.00,3.00,12662.00,14.00,29.00,2.00,-9.00,3.00,0.00,89.66,68.42,75.00,1,1,2023-10-29,1370.64,1402.31,0.38,0.62,1343.99,1428.97
9098,398,406,W,2.00,12266.00,13.00,20.00,5.00,5.00,2.00,1.00,0.00,12637.00,21.00,33.00,7.00,-5.00,0.00,0.00,100.00,90.00,75.00,1,3,2023-10-29,1239.74,1080.78,0.68,0.32,1226.01,1094.51
9099,500,176,W,3.00,12427.00,15.00,19.00,2.00,10.00,3.00,1.00,1.00,11914.00,12.00,23.00,3.00,-10.00,0.00,0.00,95.65,84.21,75.00,1,4,2023-10-29,1102.34,967.42,0.65,0.35,1087.11,982.64
9108,451,401,L,1.00,12805.00,17.00,12.00,9.00,-35.00,1.00,0.00,8.00,12638.00,21.00,37.00,5.00,35.00,5.00,1.00,,91.67,75.00,1,5,2023-10-29,954.67,916.01,0.63,0.37,981.78,888.90
7047,29,17,L,5.00,12902.00,14.00,38.00,8.00,5.00,4.00,0.00,7.00,13315.00,21.00,58.00,7.00,-5.00,6.00,3.00,87.93,86.84,68.00,1,0,2023-11-02,1532.46,1519.85,0.59,0.41,1557.84,1494.47
7048,1,49,L,4.00,13303.00,21.00,44.00,6.00,-12.00,2.00,2.00,5.00,13885.00,20.00,32.00,8.00,9.00,4.00,1.00,84.38,90.91,68.00,1,0,2023-11-02,1572.89,1576.49,0.56,0.44,1597.16,1552.22
7124,15,239,W,5.00,13190.00,9.00,24.00,2.00,9.00,4.00,0.00,4.00,12832.00,24.00,25.00,5.00,-9.00,2.00,0.00,84.00,79.17,68.00,1,1,2023-11-02,1384.86,1494.89,0.27,0.73,1353.47,1526.28
7995,379,409,L,3.00,10643.00,9.00,15.00,6.00,-10.00,3.00,2.00,4.00,13294.00,17.00,33.00,2.00,10.00,4.00,3.00,,80.00,70.00,1,0,2023-11-02,1311.04,1558.29,0.21,0.79,1320.11,1549.21
7997,63,399,L,3.00,13020.00,15.00,33.00,1.00,-15.00,3.00,0.00,6.00,13362.00,12.00,34.00,7.00,14.00,6.00,2.00,82.35,90.91,70.00,1,0,2023-11-02,1407.55,1267.86,0.77,0.23,1440.47,1234.95
8014,410,211,W,4.00,12773.00,11.00,21.00,2.00,10.00,4.00,3.00,2.00,13078.00,25.00,37.00,8.00,-10.00,2.00,1.00,,80.95,70.00,1,1,2023-11-02,1403.70,1381.90,0.47,0.53,1380.71,1404.89
8029,205,26,L,2.00,13030.00,11.00,28.00,1.00,-5.00,2.00,1.00,3.00,12856.00,10.00,24.00,7.00,3.00,0.00,0.00,87.50,92.86,70.00,1,3,2023-11-02,1208.22,1252.61,0.50,0.50,1229.63,1231.21
8030,38,407,W,5.00,13196.00,12.00,21.00,3.00,5.00,4.00,2.00,4.00,12185.00,16.00,21.00,1.00,-6.00,3.00,0.00,80.95,76.19,70.00,1,3,2023-11-02,1110.48,1170.26,0.34,0.66,1082.02,1198.72
8032,110,269,L,1.00,13585.00,6.00,8.00,3.00,-30.00,0.00,0.00,8.00,12318.00,15.00,29.00,3.00,30.00,8.00,4.00,72.41,87.50,70.00,1,3,2023-11-02,995.38,1240.22,0.21,0.79,1004.56,1231.03
8047,402,440,L,0.00,12160.00,14.00,13.00,4.00,-21.00,0.00,0.00,3.00,12893.00,14.00,26.00,3.00,19.00,1.00,0.00,88.46,100.00,70.00,1,2,2023-11-02,1360.22,1415.84,0.48,0.52,1380.83,1395.23
8064,405,336,L,1.00,12043.00,12.00,12.00,2.00,-10.00,1.00,0.00,5.00,12851.00,10.00,24.00,3.00,10.00,4.00,2.00,79.17,91.67,70.00,1,2,2023-11-02,1194.98,1333.59,0.35,0.65,1209.97,1318.60
8077,130,132,L,3.00,12519.00,13.00,23.00,4.00,-10.00,3.00,3.00,5.00,12990.00,23.00,27.00,4.00,10.00,3.00,2.00,81.48,86.96,70.00,1,4,2023-11-02,1036.08,1202.53,0.31,0.69,1049.36,1189.25
8079,438,215,W,11.00,12926.00,26.00,35.00,4.00,39.00,8.00,4.00,2.00,12042.00,7.00,13.00,7.00,-39.00,2.00,1.00,84.62,68.57,70.00,1,4,2023-11-02,1337.12,1072.46,0.81,0.19,1328.80,1080.78
8084,176,411,W,4.00,12808.00,12.00,19.00,7.00,12.00,3.00,0.00,1.00,12978.00,19.00,22.00,4.00,-16.00,1.00,1.00,95.45,78.95,70.00,1,5,2023-11-02,992.95,1007.80,0.41,0.59,967.42,1033.33
8086,375,445,L,3.00,13359.00,17.00,24.00,10.00,-15.00,3.00,0.00,5.00,12704.00,20.00,25.00,4.00,14.00,2.00,2.00,80.00,87.50,70.00,1,5,2023-11-02,992.81,1002.55,0.55,0.45,1016.65,978.71
8094,400,216,L,1.00,12778.00,18.00,10.00,5.00,-10.00,0.00,0.00,4.00,12831.00,23.00,34.00,4.00,10.00,2.00,1.00,88.24,90.00,70.00,1,5,2023-11-02,959.66,1032.07,0.45,0.55,979.09,1012.64
8066,336,200,L,1.00,13016.00,19.00,28.00,9.00,-5.00,0.00,0.00,2.00,12616.00,11.00,20.00,8.00,4.00,1.00,1.00,90.00,96.43,70.00,1,2,2023-11-03,1313.42,1375.25,0.47,0.53,1333.59,1355.08
8089,130,404,L,1.00,13326.00,12.00,18.00,8.00,-25.00,1.00,1.00,7.00,11631.00,18.00,34.00,3.00,25.00,6.00,4.00,79.41,94.44,70.00,1,4,2023-11-03,1016.81,1091.50,0.45,0.55,1036.08,1072.23
8092,406,132,W,3.00,13744.00,15.00,18.00,5.00,0.00,2.00,0.00,2.00,14051.00,29.00,22.00,4.00,0.00,2.00,1.00,90.91,83.33,70.00,1,4,2023-11-03,1109.52,1173.79,0.33,0.67,1080.78,1202.53
8098,451,453,W,6.00,12737.00,19.00,33.00,1.00,5.00,6.00,2.00,4.00,13465.00,11.00,28.00,7.00,-5.00,3.00,3.00,85.71,81.82,70.00,1,6,2023-11-03,964.97,743.68,0.76,0.24,954.67,753.98
8248,12,35,W,2.00,12809.00,12.00,17.00,7.00,5.00,2.00,1.00,1.00,13135.00,28.00,34.00,4.00,-5.00,1.00,1.00,97.06,88.24,68.00,6,1,2023-11-03,1350.34,1497.80,0.23,0.77,1317.05,1531.09
8249,15,452,L,3.00,12979.00,16.00,35.00,6.00,-21.00,3.00,3.00,5.00,13004.00,14.00,23.00,5.00,21.00,3.00,0.00,78.26,91.43,68.00,6,1,2023-11-03,1370.71,1522.73,0.33,0.67,1384.86,1508.58
8250,442,17,L,2.00,12655.00,23.00,23.00,7.00,-19.00,2.00,2.00,7.00,12501.00,26.00,30.00,7.00,19.00,6.00,4.00,76.67,91.30,68.00,6,0,2023-11-03,1466.22,1539.24,0.45,0.55,1485.61,1519.85
8252,56,49,L,2.00,13403.00,22.00,43.00,5.00,-5.00,2.00,1.00,3.00,13341.00,11.00,24.00,5.00,5.00,3.00,1.00,87.50,95.35,68.00,6,0,2023-11-03,1616.77,1602.01,0.59,0.41,1642.29,1576.49
8255,409,131,L,1.00,12608.00,25.00,23.00,10.00,-5.00,0.00,0.00,2.00,13012.00,14.00,25.00,7.00,5.00,2.00,0.00,92.00,95.65,70.00,6,0,2023-11-03,1535.17,1555.29,0.54,0.46,1558.29,1532.18
8265,397,445,W,4.00,11881.00,19.00,34.00,5.00,4.00,3.00,2.00,0.00,12942.00,8.00,17.00,9.00,-6.00,0.00,0.00,,88.24,70.00,6,5,2023-11-03,1257.89,994.19,0.81,0.19,1249.54,1002.55
8266,1,4,L,2.00,12668.00,23.00,26.00,4.00,-15.00,2.00,2.00,4.00,12753.00,21.00,30.00,2.00,14.00,3.00,0.00,86.67,92.31,68.00,6,0,2023-11-03,1539.86,1397.90,0.77,0.23,1572.89,1364.88
8591,333,189,W,5.00,12239.00,10.00,31.00,5.00,5.00,5.00,3.00,3.00,12622.00,21.00,29.00,2.00,-5.00,3.00,0.00,89.66,83.87,73.00,1,0,2023-11-06,1538.58,1196.61,0.87,0.13,1533.01,1202.18
8593,452,12,W,4.00,12901.00,6.00,20.00,6.00,20.00,4.00,3.00,0.00,13157.00,21.00,24.00,2.00,-20.00,0.00,0.00,100.00,80.00,73.00,1,0,2023-11-06,1534.36,1338.71,0.73,0.27,1522.73,1350.34
8594,401,215,L,2.00,13285.00,13.00,8.00,5.00,-55.00,0.00,0.00,13.00,13881.00,23.00,39.00,4.00,57.00,9.00,1.00,66.67,75.00,73.00,1,3,2023-11-06,903.59,1084.89,0.29,0.71,916.01,1072.46
8595,449,451,L,2.00,12591.00,17.00,20.00,5.00,-6.00,1.00,0.00,3.00,12783.00,21.00,15.00,5.00,6.00,2.00,1.00,80.00,90.00,73.00,1,3,2023-11-06,992.00,989.64,0.57,0.43,1016.68,964.97
8597,214,23,L,3.00,13188.00,12.00,22.00,6.00,-20.00,2.00,1.00,7.00,12567.00,27.00,42.00,11.00,18.00,6.00,3.00,83.33,86.36,73.00,1,1,2023-11-06,1347.12,1361.45,0.55,0.45,1370.64,1337.93
8598,269,44,L,2.00,12681.00,11.00,28.00,2.00,-35.00,2.00,1.00,8.00,12575.00,31.00,49.00,5.00,34.00,7.00,2.00,83.67,92.86,73.00,1,1,2023-11-06,1225.54,1369.06,0.34,0.66,1240.22,1354.38
8599,329,490,L,2.00,12653.00,9.00,21.00,1.00,-5.00,1.00,1.00,4.00,13070.00,16.00,39.00,5.00,2.00,3.00,2.00,89.74,90.48,73.00,1,1,2023-11-06,1378.64,1413.92,0.51,0.49,1400.69,1391.87
8600,491,438,W,8.00,12354.00,11.00,36.00,7.00,15.00,7.00,5.00,6.00,13238.00,29.00,39.00,8.00,-15.00,3.00,1.00,84.62,77.78,73.00,1,2,2023-11-06,1268.37,1309.82,0.37,0.63,1241.07,1337.12
8601,448,332,W,5.00,13068.00,21.00,27.00,6.00,20.00,3.00,0.00,2.00,12838.00,11.00,24.00,3.00,-20.00,1.00,0.00,91.67,81.48,73.00,1,2,2023-11-06,1066.82,1060.31,0.44,0.56,1042.75,1084.37
8967,539,531,W,3.00,0.00,3.00,20.00,6.00,5.00,1.00,0.00,2.00,0.00,7.00,20.00,5.00,-5.00,1.00,0.00,90.00,85.00,78.00,1,0,2023-11-10,1521.50,1478.50,0.50,0.50,1500.00,1500.00
9100,499,411,L,1.00,12166.00,7.00,17.00,3.00,-5.00,1.00,0.00,2.00,12753.00,19.00,29.00,2.00,5.00,2.00,1.00,93.10,94.12,75.00,1,4,2023-11-11,998.09,1030.07,0.52,0.48,1020.37,1007.80
9153,409,109,W,7.00,11594.00,18.00,30.00,5.00,23.00,3.00,1.00,3.00,12589.00,18.00,18.00,3.00,-25.00,3.00,1.00,83.33,76.67,75.00,1,0,2023-11-11,1546.97,1354.30,0.73,0.27,1535.17,1366.09
9154,191,440,W,4.00,12460.00,15.00,42.00,1.00,9.00,1.00,0.00,3.00,11287.00,9.00,17.00,0.00,-9.00,1.00,1.00,82.35,90.48,75.00,1,0,2023-11-11,1536.38,1400.67,0.65,0.35,1521.21,1415.84
9158,506,410,W,10.00,12645.00,27.00,33.00,2.00,40.00,9.00,3.00,2.00,12957.00,8.00,23.00,5.00,-40.00,2.00,1.00,91.30,69.70,75.00,1,0,2023-11-11,1522.03,1388.40,0.64,0.36,1506.72,1403.70
9211,333,35,W,8.00,13983.00,25.00,39.00,4.00,-12.00,8.00,7.00,7.00,11532.00,10.00,36.00,4.00,11.00,7.00,3.00,80.56,79.49,74.00,1,1,2023-11-11,1557.57,1478.81,0.56,0.44,1538.58,1497.80
9214,61,404,L,3.00,13099.00,15.00,24.00,6.00,-15.00,3.00,0.00,6.00,12808.00,19.00,32.00,0.00,15.00,5.00,2.00,81.25,87.50,75.00,1,3,2023-11-11,1049.68,1111.67,0.47,0.53,1069.84,1091.50
9220,402,336,W,3.00,8651.00,12.00,18.00,3.00,0.00,2.00,2.00,2.00,11652.00,16.00,14.00,0.00,0.00,0.00,0.00,85.71,83.33,75.00,1,1,2023-11-11,1378.84,1294.80,0.57,0.43,1360.22,1313.42
9221,329,53,W,5.00,12926.00,14.00,48.00,7.00,25.00,4.00,2.00,0.00,12572.00,17.00,19.00,8.00,-25.00,0.00,0.00,100.00,89.58,75.00,1,1,2023-11-11,1394.77,1273.92,0.62,0.38,1378.64,1290.06
9223,207,269,W,2.00,11995.00,8.00,17.00,1.00,5.00,2.00,1.00,1.00,12423.00,13.00,22.00,4.00,-5.00,0.00,0.00,95.45,88.24,75.00,1,2,2023-11-11,1204.65,1201.26,0.44,0.56,1180.37,1225.54
9225,38,405,W,5.00,12432.00,15.00,26.00,2.00,10.00,4.00,0.00,1.00,11282.00,12.00,25.00,1.00,-10.00,0.00,0.00,96.00,80.77,75.00,1,2,2023-11-11,1137.11,1168.35,0.38,0.62,1110.48,1194.98
9228,431,332,L,3.00,12858.00,16.00,18.00,3.00,-15.00,3.00,1.00,6.00,12444.00,18.00,39.00,1.00,14.00,5.00,0.00,84.62,83.33,75.00,1,4,2023-11-11,1121.29,1087.13,0.62,0.38,1148.11,1060.31
9263,401,449,L,2.00,13008.00,12.00,19.00,3.00,-20.00,2.00,0.00,6.00,12508.00,37.00,42.00,3.00,20.00,4.00,0.00,85.71,89.47,75.00,1,5,2023-11-11,887.44,1008.14,0.38,0.62,903.59,992.00
9160,191,443,W,10.00,12766.00,17.00,39.00,0.00,39.00,7.00,4.00,3.00,12735.00,8.00,21.00,7.00,-40.00,3.00,1.00,85.71,74.36,75.00,1,0,2023-11-18,1548.78,1367.12,0.71,0.29,1536.38,1379.52
9162,410,109,L,2.00,12943.00,18.00,15.00,8.00,-5.00,1.00,0.00,4.00,13334.00,39.00,28.00,10.00,5.00,3.00,1.00,85.71,86.67,75.00,1,0,2023-11-18,1364.79,1377.90,0.55,0.45,1388.40,1354.30
9165,208,335,L,4.00,12433.00,11.00,31.00,10.00,-15.00,3.00,0.00,7.00,13061.00,25.00,36.00,3.00,15.00,7.00,3.00,80.56,87.10,75.00,1,0,2023-11-18,1401.07,1375.10,0.61,0.39,1427.34,1348.83
9234,402,53,L,3.00,12373.00,19.00,33.00,2.00,-12.00,1.00,0.00,5.00,11443.00,6.00,13.00,4.00,10.00,3.00,1.00,61.54,90.91,75.00,1,1,2023-11-18,1351.04,1301.73,0.65,0.35,1378.84,1273.92
9236,44,329,W,4.00,12061.00,7.00,24.00,8.00,9.00,2.00,2.00,3.00,12655.00,25.00,29.00,6.00,-9.00,3.00,0.00,89.66,83.33,75.00,1,1,2023-11-18,1392.15,1371.69,0.46,0.54,1369.06,1394.77
9237,336,408,L,0.00,12394.00,21.00,27.00,9.00,-34.00,0.00,0.00,7.00,12702.00,24.00,31.00,6.00,34.00,5.00,1.00,77.42,100.00,75.00,1,1,2023-11-18,1281.82,1453.51,0.30,0.70,1294.80,1440.53
9238,207,26,W,4.00,12668.00,22.00,40.00,6.00,5.00,3.00,3.00,3.00,12538.00,20.00,29.00,10.00,-6.00,3.00,1.00,89.66,90.00,75.00,1,2,2023-11-18,1229.10,1228.16,0.43,0.57,1204.65,1252.61
9240,38,129,L,1.00,12612.00,16.00,13.00,11.00,-10.00,1.00,0.00,2.00,13029.00,23.00,15.00,12.00,10.00,2.00,1.00,86.67,92.31,75.00,1,2,2023-11-18,1123.72,1288.34,0.31,0.69,1137.11,1274.95
9241,405,491,W,4.00,12352.00,9.00,33.00,3.00,10.00,4.00,0.00,2.00,11397.00,19.00,29.00,3.00,-10.00,2.00,2.00,93.10,87.88,75.00,1,2,2023-11-18,1195.88,1240.85,0.36,0.64,1168.35,1268.37
9243,65,445,L,6.00,10660.00,15.00,35.00,5.00,-6.00,4.00,0.00,7.00,9496.00,8.00,40.00,0.00,5.00,5.00,0.00,82.50,82.86,75.00,1,3,2023-11-18,1089.88,1023.09,0.67,0.33,1118.78,994.19
9271,375,216,W,4.00,12951.00,15.00,22.00,6.00,3.00,3.00,0.00,3.00,12966.00,22.00,23.00,10.00,-3.00,2.00,2.00,86.96,81.82,75.00,1,4,2023-11-18,1016.73,1008.15,0.44,0.56,992.81,1032.07
9276,439,411,L,4.00,13222.00,15.00,28.00,6.00,-4.00,2.00,0.00,5.00,13485.00,23.00,29.00,7.00,3.00,4.00,1.00,82.76,85.71,75.00,1,4,2023-11-18,964.42,1048.68,0.43,0.57,983.03,1030.07
9277,499,130,W,2.00,13217.00,12.00,15.00,8.00,10.00,0.00,0.00,0.00,13194.00,30.00,27.00,2.00,-11.00,0.00,0.00,100.00,86.67,75.00,1,4,2023-11-18,1020.75,994.15,0.47,0.53,998.09,1016.81
9278,332,400,W,3.00,12113.00,25.00,38.00,4.00,10.00,2.00,1.00,2.00,12854.00,20.00,19.00,7.00,-11.00,1.00,1.00,89.47,92.11,75.00,1,4,2023-11-18,1101.08,945.71,0.68,0.32,1087.13,959.66
8997,1,29,W,3.00,14012.00,15.00,34.00,14.00,-5.00,1.00,0.00,2.00,14081.00,24.00,45.00,6.00,5.00,2.00,1.00,95.56,91.18,74.00,1,0,2023-11-19,1560.91,1511.42,0.51,0.49,1539.86,1532.46
9042,442,49,L,4.00,13237.00,15.00,33.00,3.00,-16.00,2.00,1.00,6.00,12691.00,20.00,26.00,3.00,15.00,5.00,4.00,76.92,87.88,74.00,1,0,2023-11-19,1452.72,1615.51,0.31,0.69,1466.22,1602.01
9043,505,447,W,3.00,0.00,0.00,0.00,0.00,10.00,2.00,1.00,2.00,12933.00,24.00,45.00,2.00,-10.00,0.00,0.00,,-inf,74.00,1,0,2023-11-19,1502.01,1340.53,0.68,0.32,1488.44,1354.11
9163,379,409,L,4.00,13391.00,21.00,18.00,16.00,7.00,3.00,1.00,5.00,13020.00,26.00,24.00,7.00,-7.00,4.00,0.00,79.17,77.78,75.00,1,0,2023-11-19,1302.24,1555.76,0.20,0.80,1311.04,1546.97
9164,440,111,W,3.00,12923.00,17.00,22.00,14.00,15.00,3.00,1.00,0.00,12840.00,34.00,41.00,3.00,-15.00,0.00,0.00,100.00,86.36,75.00,1,0,2023-11-19,1427.08,1455.11,0.39,0.61,1400.67,1481.52
9166,506,63,L,4.00,12391.00,19.00,32.00,6.00,-10.00,4.00,2.00,6.00,12624.00,17.00,36.00,6.00,10.00,3.00,2.00,83.33,87.50,75.00,1,0,2023-11-19,1493.69,1435.89,0.66,0.34,1522.03,1407.55
9232,189,497,L,2.00,11846.00,23.00,30.00,2.00,-20.00,1.00,0.00,6.00,11180.00,4.00,12.00,5.00,19.00,6.00,4.00,50.00,,75.00,1,1,2023-11-19,1186.56,1413.04,0.23,0.77,1196.61,1403.00
9233,22,23,W,5.00,13345.00,23.00,33.00,1.00,-10.00,3.00,0.00,4.00,13270.00,19.00,26.00,6.00,10.00,4.00,1.00,,84.85,75.00,1,1,2023-11-19,1332.96,1336.68,0.42,0.58,1308.19,1361.45
9235,48,214,W,5.00,10909.00,12.00,21.00,0.00,15.00,4.00,4.00,0.00,10947.00,9.00,32.00,1.00,-15.00,0.00,0.00,100.00,76.19,75.00,1,1,2023-11-19,1566.44,1337.21,0.77,0.23,1556.53,1347.12
9244,448,104,L,4.00,12325.00,25.00,30.00,8.00,-3.00,3.00,1.00,5.00,13361.00,26.00,31.00,4.00,3.00,5.00,1.00,83.87,86.67,75.00,1,3,2023-11-19,1050.97,1176.32,0.37,0.63,1066.82,1160.48
9272,494,35,L,1.00,12732.00,32.00,24.00,4.00,-3.00,1.00,1.00,2.00,0.00,0.00,0.00,0.00,3.00,2.00,1.00,-inf,95.83,74.00,1,1,2023-11-19,1467.13,1500.96,0.52,0.48,1489.28,1478.81
9274,396,452,L,0.00,12969.00,15.00,20.00,2.00,-15.00,0.00,0.00,3.00,12584.00,11.00,20.00,1.00,15.00,0.00,0.00,85.00,100.00,74.00,1,1,2023-11-19,1363.76,1546.69,0.29,0.71,1376.09,1534.36
9279,451,501,W,6.00,12985.00,26.00,17.00,1.00,15.00,4.00,1.00,3.00,13093.00,8.00,21.00,10.00,-15.00,1.00,0.00,,64.71,75.00,1,5,2023-11-19,1007.04,905.17,0.60,0.40,989.64,922.57
9280,401,453,W,5.00,14133.00,22.00,25.00,16.00,4.00,3.00,1.00,4.00,12980.00,29.00,25.00,5.00,-3.00,2.00,0.00,84.00,80.00,75.00,1,5,2023-11-19,900.52,730.60,0.70,0.30,887.44,743.68
9345,333,15,W,7.00,12317.00,12.00,19.00,3.00,15.00,6.00,5.00,3.00,11998.00,12.00,30.00,4.00,-15.00,2.00,1.00,90.00,63.16,74.00,1,1,2023-11-19,1568.50,1359.77,0.75,0.25,1557.57,1370.71
9346,269,205,L,0.00,13288.00,31.00,20.00,6.00,-19.00,0.00,0.00,4.00,12634.00,16.00,19.00,3.00,19.00,3.00,1.00,78.95,100.00,75.00,1,2,2023-11-19,1180.19,1229.29,0.49,0.51,1201.26,1208.22
9282,333,92,W,3.00,13097.00,28.00,30.00,9.00,0.00,3.00,0.00,2.00,11606.00,30.00,24.00,5.00,0.00,2.00,0.00,91.67,90.00,74.00,1,1,2023-11-25,1591.81,1574.42,0.46,0.54,1568.50,1597.73
9286,111,409,L,0.00,0.00,16.00,33.00,6.00,-10.00,0.00,0.00,2.00,13119.00,19.00,34.00,10.00,9.00,2.00,0.00,94.12,100.00,75.00,1,0,2023-11-25,1439.67,1571.20,0.36,0.64,1455.11,1555.76
9289,208,410,W,11.00,13411.00,12.00,38.00,17.00,40.00,11.00,5.00,4.00,12771.00,25.00,34.00,7.00,-40.00,4.00,1.00,88.24,71.05,75.00,1,0,2023-11-25,1420.33,1345.53,0.55,0.45,1401.07,1364.79
9311,331,408,L,0.00,12435.00,17.00,35.00,1.00,-19.00,0.00,0.00,5.00,12607.00,15.00,28.00,11.00,20.00,5.00,1.00,,100.00,75.00,1,1,2023-11-25,1383.95,1471.86,0.43,0.57,1402.31,1453.51
9351,500,216,L,2.00,13102.00,15.00,20.00,16.00,-5.00,2.00,2.00,4.00,12274.00,17.00,43.00,3.00,5.00,2.00,0.00,90.70,,75.00,1,4,2023-11-25,1075.15,1035.34,0.63,0.37,1102.34,1008.15
9377,26,405,W,4.00,12712.00,14.00,23.00,8.00,5.00,4.00,0.00,2.00,12466.00,24.00,25.00,10.00,-5.00,1.00,0.00,92.00,82.61,75.00,1,2,2023-11-25,1247.67,1176.37,0.55,0.45,1228.16,1195.88
9385,401,501,L,2.00,13618.00,20.00,18.00,6.00,-3.00,2.00,1.00,3.00,13367.00,14.00,22.00,7.00,3.00,3.00,1.00,86.36,88.89,75.00,1,5,2023-11-25,879.31,926.38,0.49,0.51,900.52,905.17
9386,449,451,L,1.00,12903.00,16.00,13.00,8.00,-19.00,1.00,0.00,5.00,12557.00,23.00,20.00,3.00,17.00,4.00,2.00,75.00,,75.00,1,5,2023-11-25,986.57,1028.61,0.50,0.50,1008.14,1007.04
9045,29,442,L,3.00,13099.00,15.00,24.00,1.00,-15.00,3.00,2.00,5.00,12811.00,10.00,45.00,7.00,15.00,5.00,5.00,88.89,87.50,74.00,1,0,2023-11-26,1486.32,1477.82,0.58,0.42,1511.42,1452.72
9046,447,1,L,5.00,12389.00,15.00,33.00,7.00,-16.00,4.00,1.00,7.00,12767.00,8.00,30.00,2.00,15.00,6.00,4.00,,84.85,74.00,1,0,2023-11-26,1331.09,1570.34,0.22,0.78,1340.53,1560.91
9047,56,17,W,8.00,12917.00,18.00,30.00,4.00,20.00,6.00,4.00,4.00,12894.00,20.00,24.00,5.00,-20.00,3.00,2.00,83.33,73.33,74.00,1,0,2023-11-26,1633.55,1522.46,0.61,0.39,1616.77,1539.24
9281,35,396,L,2.00,12817.00,20.00,37.00,5.00,-15.00,1.00,0.00,4.00,12214.00,21.00,22.00,2.00,14.00,4.00,1.00,81.82,94.59,74.00,1,1,2023-11-26,1471.38,1393.33,0.69,0.31,1500.96,1363.76
9283,31,452,W,6.00,13607.00,12.00,40.00,1.00,25.00,5.00,4.00,1.00,13143.00,9.00,25.00,5.00,-25.00,1.00,0.00,96.00,85.00,74.00,1,1,2023-11-26,1519.71,1522.02,0.43,0.57,1495.03,1546.69
9284,379,109,W,3.00,13490.00,23.00,26.00,9.00,1.00,2.00,1.00,2.00,14076.00,25.00,27.00,13.00,0.00,2.00,0.00,92.59,88.46,75.00,1,0,2023-11-26,1328.35,1351.79,0.39,0.61,1302.24,1377.90
9285,63,496,W,7.00,0.00,0.00,0.00,0.00,10.00,6.00,2.00,5.00,12836.00,12.00,35.00,5.00,-9.00,3.00,1.00,85.71,-inf,75.00,1,0,2023-11-26,1457.08,1409.73,0.51,0.49,1435.89,1430.92
9288,440,443,W,4.00,11709.00,3.00,22.00,7.00,11.00,4.00,3.00,2.00,13316.00,22.00,33.00,1.00,-10.00,1.00,0.00,93.94,81.82,75.00,1,0,2023-11-26,1444.91,1349.30,0.59,0.41,1427.08,1367.12
9290,111,208,W,4.00,13174.00,29.00,38.00,6.00,5.00,3.00,0.00,3.00,12686.00,15.00,38.00,8.00,-5.00,1.00,1.00,92.11,89.47,75.00,1,0,2023-11-26,1459.97,1400.02,0.53,0.47,1439.67,1420.33
9307,22,214,W,5.00,12420.00,18.00,18.00,5.00,20.00,5.00,2.00,0.00,13144.00,22.00,27.00,10.00,-20.00,0.00,0.00,100.00,72.22,75.00,1,1,2023-11-26,1354.72,1315.45,0.49,0.51,1332.96,1337.21
9308,498,402,L,4.00,12316.00,10.00,30.00,1.00,-2.00,3.00,1.00,5.00,11464.00,6.00,28.00,4.00,5.00,4.00,0.00,82.14,86.67,75.00,1,1,2023-11-26,1331.60,1372.68,0.50,0.50,1353.24,1351.04
9309,497,44,W,5.00,13085.00,27.00,45.00,3.00,5.00,5.00,2.00,4.00,12915.00,16.00,25.00,11.00,-5.00,4.00,1.00,84.00,88.89,75.00,1,1,2023-11-26,1433.25,1371.94,0.53,0.47,1413.04,1392.15
9310,23,336,W,4.00,12800.00,14.00,21.00,11.00,15.00,2.00,1.00,3.00,12459.00,16.00,29.00,2.00,-15.00,3.00,1.00,89.66,80.95,75.00,1,1,2023-11-26,1354.81,1263.69,0.58,0.42,1336.68,1281.82
9353,431,176,W,3.00,8543.00,2.00,15.00,4.00,10.00,3.00,1.00,1.00,12689.00,13.00,21.00,2.00,-10.00,0.00,0.00,95.24,80.00,75.00,1,4,2023-11-26,1135.19,979.05,0.68,0.32,1121.29,992.95
9378,205,38,W,2.00,13541.00,25.00,33.00,5.00,3.00,1.00,0.00,1.00,12496.00,9.00,25.00,8.00,-3.00,1.00,0.00,96.00,93.94,75.00,1,2,2023-11-26,1244.45,1108.56,0.65,0.35,1229.29,1123.72
9379,129,207,L,1.00,12939.00,18.00,25.00,17.00,-11.00,1.00,0.00,4.00,12930.00,24.00,29.00,11.00,10.00,3.00,3.00,86.21,96.00,75.00,1,2,2023-11-26,1263.21,1254.23,0.58,0.42,1288.34,1229.10
9380,438,269,W,9.00,12995.00,14.00,36.00,5.00,5.00,5.00,1.00,7.00,12096.00,19.00,26.00,3.00,-8.00,4.00,0.00,73.08,75.00,75.00,1,2,2023-11-26,1323.65,1166.36,0.68,0.32,1309.82,1180.19
9381,448,404,W,3.00,11230.00,35.00,34.00,5.00,5.00,3.00,1.00,2.00,12627.00,14.00,23.00,21.00,-5.00,1.00,0.00,91.30,91.18,75.00,1,3,2023-11-26,1076.19,1086.45,0.41,0.59,1050.97,1111.67
9382,104,445,W,3.00,12755.00,23.00,31.00,12.00,2.00,3.00,1.00,2.00,13597.00,31.00,25.00,11.00,-3.00,2.00,1.00,92.00,90.32,75.00,1,3,2023-11-26,1188.91,1010.50,0.71,0.29,1176.32,1023.09
9383,446,406,W,9.00,12415.00,23.00,36.00,8.00,19.00,7.00,3.00,4.00,12876.00,19.00,18.00,9.00,-20.00,4.00,1.00,77.78,75.00,75.00,1,3,2023-11-26,1191.63,1091.97,0.59,0.41,1174.08,1109.52
9384,61,398,L,1.00,0.00,0.00,0.00,0.00,-15.00,1.00,0.00,4.00,12834.00,11.00,22.00,3.00,15.00,4.00,1.00,81.82,-inf,75.00,1,3,2023-11-26,1038.89,1250.53,0.25,0.75,1049.68,1239.74
7106,35,452,W,9.00,12562.00,7.00,23.00,1.00,31.00,9.00,7.00,4.00,13477.00,18.00,33.00,3.00,-30.00,4.00,2.00,87.88,60.87,68.00,1,1,2023-12-02,1496.00,1497.41,0.43,0.57,1471.38,1522.02
7108,239,12,W,10.00,13024.00,36.00,42.00,4.00,35.00,9.00,5.00,1.00,13033.00,11.00,15.00,9.00,-35.00,1.00,0.00,93.33,76.19,68.00,1,1,2023-12-02,1507.33,1326.27,0.71,0.29,1494.89,1338.71
7121,396,111,W,5.00,12793.00,10.00,22.00,1.00,0.00,4.00,0.00,4.00,13114.00,22.00,36.00,3.00,0.00,3.00,3.00,88.89,77.27,68.00,1,1,2023-12-02,1418.91,1434.40,0.41,0.59,1393.33,1459.97
7992,131,63,W,6.00,13376.00,23.00,46.00,7.00,-2.00,3.00,2.00,5.00,13731.00,15.00,39.00,9.00,-1.00,4.00,0.00,87.18,86.96,70.00,1,0,2023-12-02,1570.87,1441.50,0.64,0.36,1555.29,1457.08
7996,208,53,W,14.00,12924.00,20.00,47.00,1.00,45.00,11.00,5.00,4.00,12959.00,8.00,18.00,1.00,-46.00,4.00,2.00,77.78,70.21,70.00,1,0,2023-12-02,1415.60,1286.15,0.64,0.36,1400.02,1301.73
8001,48,333,L,2.00,12712.00,14.00,26.00,10.00,-11.00,2.00,1.00,5.00,12919.00,27.00,50.00,4.00,10.00,3.00,0.00,90.00,92.31,70.00,1,0,2023-12-02,1546.51,1611.74,0.46,0.54,1566.44,1591.81
8010,335,109,W,8.00,13021.00,14.00,27.00,10.00,19.00,7.00,0.00,5.00,12812.00,17.00,23.00,2.00,-21.00,4.00,1.00,78.26,70.37,70.00,1,1,2023-12-02,1395.16,1331.73,0.53,0.47,1375.10,1351.79
8011,187,450,W,4.00,12596.00,23.00,39.00,6.00,15.00,4.00,3.00,2.00,13223.00,15.00,16.00,7.00,-15.00,2.00,2.00,87.50,89.74,70.00,1,1,2023-12-02,1565.41,1293.61,0.81,0.19,1557.39,1301.63
8012,408,443,L,3.00,13114.00,12.00,23.00,11.00,0.00,3.00,1.00,4.00,12949.00,14.00,36.00,0.00,0.00,3.00,2.00,88.89,86.96,70.00,1,1,2023-12-02,1443.08,1378.08,0.67,0.33,1471.86,1349.30
8013,329,23,W,5.00,12136.00,15.00,33.00,7.00,0.00,5.00,3.00,3.00,12430.00,14.00,18.00,8.00,-2.00,2.00,0.00,83.33,84.85,70.00,1,1,2023-12-02,1392.14,1334.35,0.52,0.48,1371.69,1354.81
8028,331,189,L,1.00,12896.00,24.00,19.00,8.00,-15.00,1.00,0.00,5.00,12661.00,20.00,25.00,10.00,16.00,5.00,0.00,80.00,94.74,70.00,1,3,2023-12-02,1351.40,1219.11,0.76,0.24,1383.95,1186.56
8031,207,8,L,4.00,12733.00,11.00,18.00,3.00,5.00,3.00,1.00,5.00,4533.00,5.00,12.00,3.00,-5.00,5.00,3.00,58.33,77.78,70.00,1,3,2023-12-02,1225.17,1155.76,0.68,0.32,1254.23,1126.70
8040,205,269,L,3.00,12156.00,18.00,23.00,7.00,-10.00,1.00,1.00,4.00,12661.00,20.00,40.00,8.00,10.00,3.00,1.00,90.00,86.96,70.00,1,3,2023-12-02,1218.20,1192.61,0.61,0.39,1244.45,1166.36
8062,44,214,L,2.00,13222.00,24.00,24.00,7.00,4.00,1.00,0.00,4.00,13049.00,28.00,35.00,4.00,-5.00,4.00,2.00,,91.67,70.00,1,2,2023-12-02,1346.98,1340.41,0.58,0.42,1371.94,1315.45
8078,406,404,W,4.00,12667.00,24.00,25.00,8.00,9.00,3.00,1.00,3.00,12183.00,22.00,24.00,4.00,-10.00,3.00,2.00,87.50,84.00,70.00,1,4,2023-12-02,1113.13,1065.29,0.51,0.49,1091.97,1086.45
8080,104,61,L,1.00,13211.00,20.00,17.00,3.00,1.00,1.00,0.00,2.00,12628.00,10.00,23.00,6.00,0.00,2.00,2.00,91.30,94.12,70.00,1,4,2023-12-02,1158.66,1069.14,0.70,0.30,1188.91,1038.89
8081,65,332,L,4.00,12724.00,28.00,33.00,2.00,-4.00,7.00,3.00,5.00,12003.00,7.00,12.00,2.00,5.00,3.00,1.00,,78.79,70.00,1,4,2023-12-02,1069.07,1121.88,0.48,0.52,1089.88,1101.08
8082,453,449,L,1.00,12704.00,9.00,22.00,3.00,-10.00,0.00,0.00,4.00,12715.00,10.00,16.00,0.00,10.00,2.00,1.00,75.00,95.45,70.00,1,6,2023-12-02,722.58,994.59,0.19,0.81,730.60,986.57
8083,451,401,L,5.00,13138.00,19.00,19.00,7.00,0.00,1.00,0.00,6.00,12838.00,16.00,25.00,2.00,0.00,2.00,0.00,76.00,73.68,70.00,1,6,2023-12-02,998.40,909.52,0.70,0.30,1028.61,879.31
8021,410,408,W,5.00,12930.00,20.00,20.00,4.00,5.00,2.00,2.00,3.00,12369.00,18.00,22.00,2.00,-6.00,1.00,0.00,81.82,75.00,70.00,1,1,2023-12-03,1372.91,1415.70,0.36,0.64,1345.53,1443.08
8068,64,44,L,0.00,12601.00,8.00,21.00,4.00,-25.00,0.00,0.00,8.00,12820.00,14.00,45.00,0.00,25.00,7.00,2.00,82.22,100.00,70.00,1,2,2023-12-03,1313.22,1367.67,0.48,0.52,1333.91,1346.98
8090,215,448,L,3.00,12975.00,20.00,23.00,4.00,-15.00,2.00,0.00,8.00,13377.00,20.00,34.00,5.00,15.00,7.00,3.00,76.47,86.96,70.00,1,4,2023-12-03,1062.85,1098.23,0.51,0.49,1084.89,1076.19
8228,31,396,W,1.00,12411.00,16.00,19.00,7.00,5.00,1.00,0.00,0.00,12530.00,13.00,16.00,4.00,-5.00,0.00,0.00,100.00,94.74,68.00,6,1,2023-12-03,1535.14,1403.48,0.64,0.36,1519.71,1418.91
8251,442,17,L,4.00,12812.00,16.00,31.00,3.00,-15.00,3.00,2.00,8.00,12950.00,17.00,32.00,2.00,15.00,6.00,2.00,75.00,,68.00,6,0,2023-12-03,1459.07,1541.21,0.44,0.56,1477.82,1522.46
8253,49,56,W,3.00,12548.00,14.00,16.00,11.00,10.00,2.00,0.00,2.00,12598.00,28.00,24.00,4.00,-10.00,2.00,2.00,91.67,81.25,68.00,6,0,2023-12-03,1638.13,1610.93,0.47,0.53,1615.51,1633.55
8254,379,333,L,1.00,12704.00,18.00,27.00,10.00,-15.00,1.00,1.00,4.00,12448.00,12.00,35.00,2.00,15.00,4.00,1.00,88.57,96.30,70.00,6,0,2023-12-03,1321.32,1618.78,0.16,0.84,1328.35,1611.74
8256,48,208,L,5.00,12976.00,14.00,37.00,4.00,-15.00,4.00,3.00,6.00,12696.00,16.00,32.00,13.00,14.00,5.00,2.00,81.25,86.49,70.00,6,0,2023-12-03,1517.27,1444.84,0.68,0.32,1546.51,1415.60
8257,409,131,W,3.00,13009.00,25.00,32.00,11.00,5.00,1.00,0.00,2.00,13069.00,25.00,25.00,12.00,-4.00,2.00,0.00,92.00,90.62,70.00,6,0,2023-12-03,1592.68,1549.39,0.50,0.50,1571.20,1570.87
8262,29,46,W,6.00,13086.00,26.00,20.00,4.00,15.00,4.00,2.00,5.00,13009.00,18.00,25.00,2.00,-15.00,5.00,1.00,80.00,,68.00,6,0,2023-12-03,1506.38,1442.93,0.53,0.47,1486.32,1462.99
8264,111,239,L,3.00,13125.00,16.00,27.00,9.00,-5.00,3.00,2.00,4.00,12665.00,31.00,41.00,3.00,5.00,4.00,3.00,90.24,88.89,68.00,6,1,2023-12-03,1417.35,1524.38,0.40,0.60,1434.40,1507.33
8267,375,431,W,3.00,13218.00,24.00,28.00,6.00,15.00,3.00,1.00,0.00,12898.00,23.00,20.00,10.00,-15.00,0.00,0.00,100.00,89.29,70.00,6,5,2023-12-03,1045.29,1106.63,0.34,0.66,1016.73,1135.19
8268,411,176,W,4.00,14108.00,27.00,25.00,5.00,5.00,2.00,0.00,2.00,13619.00,19.00,28.00,10.00,-6.00,2.00,0.00,92.86,84.00,70.00,6,5,2023-12-03,1065.93,961.80,0.60,0.40,1048.68,979.05
8269,216,439,W,8.00,13033.00,22.00,28.00,1.00,35.00,6.00,4.00,0.00,13092.00,11.00,17.00,14.00,-33.00,0.00,0.00,,71.43,70.00,6,5,2023-12-03,1052.52,947.25,0.60,0.40,1035.34,964.42
9040,447,46,L,3.00,11798.00,24.00,27.00,5.00,-31.00,2.00,2.00,9.00,13056.00,18.00,39.00,5.00,29.00,6.00,2.00,76.92,88.89,74.00,1,0,2023-12-11,1316.28,1457.74,0.34,0.66,1331.09,1442.93
9041,56,1,L,2.00,12824.00,32.00,41.00,2.00,0.00,1.00,0.00,3.00,12286.00,10.00,23.00,6.00,-1.00,2.00,1.00,86.96,95.12,74.00,1,0,2023-12-11,1586.93,1594.34,0.56,0.44,1610.93,1570.34
9155,191,208,W,10.00,12642.00,17.00,37.00,1.00,40.00,10.00,5.00,0.00,13300.00,12.00,19.00,7.00,-40.00,0.00,0.00,100.00,72.97,75.00,1,0,2023-12-11,1564.03,1429.58,0.65,0.35,1548.78,1444.84
9157,63,335,L,2.00,13118.00,20.00,39.00,3.00,-10.00,1.00,0.00,4.00,8773.00,13.00,30.00,4.00,10.00,4.00,3.00,86.67,94.87,75.00,1,0,2023-12-11,1417.15,1419.51,0.57,0.43,1441.50,1395.16
9159,443,496,L,1.00,12318.00,11.00,22.00,6.00,-20.00,1.00,0.00,4.00,12212.00,17.00,25.00,2.00,20.00,3.00,0.00,84.00,95.45,75.00,1,0,2023-12-11,1358.53,1429.27,0.45,0.55,1378.08,1409.73
9208,398,215,W,8.00,13291.00,15.00,32.00,5.00,13.00,6.00,3.00,4.00,12455.00,19.00,22.00,4.00,-14.00,4.00,0.00,81.82,,75.00,1,3,2023-12-11,1261.42,1051.95,0.75,0.25,1250.53,1062.85
9209,446,65,W,10.00,13226.00,20.00,53.00,7.00,20.00,7.00,0.00,7.00,0.00,13.00,27.00,5.00,-20.00,5.00,1.00,74.07,81.13,75.00,1,3,2023-12-11,1205.85,1054.86,0.67,0.33,1191.63,1069.07
9210,452,15,L,4.00,13301.00,14.00,34.00,7.00,-7.00,1.00,0.00,5.00,13083.00,14.00,41.00,7.00,5.00,5.00,1.00,87.80,88.24,74.00,1,1,2023-12-11,1467.81,1389.37,0.69,0.31,1497.41,1359.77
9212,448,445,L,2.00,10448.00,23.00,50.00,2.00,0.00,2.00,0.00,3.00,12135.00,12.00,22.00,3.00,0.00,2.00,1.00,86.36,96.00,75.00,1,3,2023-12-11,1071.41,1037.31,0.62,0.38,1098.23,1010.50
9213,406,104,W,6.00,11621.00,6.00,19.00,12.00,24.00,5.00,3.00,2.00,12817.00,22.00,19.00,1.00,-25.00,2.00,0.00,89.47,68.42,75.00,1,3,2023-12-11,1137.43,1134.36,0.43,0.57,1113.13,1158.66
9215,497,23,W,8.00,12916.00,21.00,34.00,6.00,30.00,8.00,8.00,4.00,12932.00,20.00,23.00,3.00,-30.00,4.00,2.00,82.61,76.47,75.00,1,1,2023-12-11,1448.79,1318.81,0.64,0.36,1433.25,1334.35
9216,331,498,L,2.00,13256.00,17.00,22.00,1.00,-21.00,2.00,1.00,6.00,13034.00,15.00,36.00,8.00,19.00,6.00,2.00,83.33,90.91,75.00,1,1,2023-12-11,1328.68,1354.33,0.53,0.47,1351.40,1331.60
9219,48,408,W,3.00,9348.00,18.00,31.00,3.00,5.00,3.00,2.00,2.00,12533.00,14.00,31.00,8.00,-5.00,2.00,1.00,93.55,90.32,75.00,1,1,2023-12-11,1532.66,1400.31,0.64,0.36,1517.27,1415.70
9226,438,205,L,4.00,13142.00,30.00,34.00,3.00,7.00,3.00,1.00,5.00,12964.00,16.00,31.00,1.00,-9.00,4.00,0.00,83.87,88.24,75.00,1,2,2023-12-11,1295.82,1246.03,0.65,0.35,1323.65,1218.20
9227,130,400,W,6.00,9799.00,15.00,26.00,1.00,25.00,5.00,2.00,1.00,12290.00,16.00,16.00,2.00,-25.00,1.00,0.00,93.75,76.92,75.00,1,4,2023-12-11,1012.67,927.19,0.57,0.43,994.15,945.71
9229,216,502,L,1.00,12504.00,12.00,12.00,6.00,-5.00,1.00,0.00,3.00,12305.00,14.00,17.00,5.00,5.00,3.00,0.00,82.35,91.67,75.00,1,4,2023-12-11,1036.15,1153.54,0.38,0.62,1052.52,1137.18
9245,31,396,W,5.00,4249.00,4.00,11.00,1.00,5.00,4.00,1.00,1.00,12173.00,7.00,16.00,1.00,-5.00,1.00,1.00,93.75,54.55,74.00,1,1,2023-12-11,1548.86,1389.76,0.68,0.32,1535.14,1403.48
9419,452,494,W,3.00,13576.00,18.00,15.00,14.00,4.00,3.00,3.00,2.00,12816.00,19.00,48.00,4.00,-3.00,1.00,1.00,95.83,80.00,74.00,1,1,2023-12-16,1489.27,1445.67,0.50,0.50,1467.81,1467.13
9475,26,269,L,2.00,13559.00,12.00,22.00,8.00,-15.00,1.00,0.00,5.00,12951.00,20.00,31.00,4.00,15.00,3.00,2.00,83.87,90.91,75.00,1,2,2023-12-16,1222.79,1217.49,0.58,0.42,1247.67,1192.61
9476,205,129,W,3.00,12210.00,11.00,19.00,3.00,5.00,3.00,2.00,1.00,12906.00,18.00,23.00,6.00,-5.00,0.00,0.00,95.65,84.21,75.00,1,2,2023-12-16,1268.60,1240.65,0.48,0.52,1246.03,1263.21
9477,207,405,L,3.00,13703.00,26.00,22.00,10.00,2.00,2.00,1.00,4.00,14531.00,25.00,33.00,13.00,-2.00,2.00,0.00,87.88,86.36,75.00,1,2,2023-12-16,1200.67,1200.87,0.57,0.43,1225.17,1176.37
9478,491,438,L,3.00,11768.00,20.00,23.00,16.00,-5.00,2.00,2.00,5.00,13276.00,30.00,34.00,6.00,5.00,4.00,4.00,85.29,86.96,75.00,1,2,2023-12-16,1222.72,1313.95,0.42,0.58,1240.85,1295.82
9479,502,332,L,3.00,12037.00,15.00,21.00,17.00,-1.00,3.00,2.00,6.00,12864.00,26.00,33.00,4.00,1.00,5.00,2.00,,85.71,75.00,1,4,2023-12-16,1130.09,1145.34,0.55,0.45,1153.54,1121.88
9483,336,48,W,3.00,13444.00,19.00,33.00,3.00,8.00,2.00,1.00,2.00,13036.00,27.00,29.00,9.00,-8.00,2.00,2.00,93.10,90.91,75.00,1,1,2023-12-16,1299.15,1497.20,0.18,0.82,1263.69,1532.66
9485,44,214,L,4.00,12993.00,37.00,46.00,6.00,-3.00,3.00,3.00,5.00,13969.00,18.00,22.00,10.00,2.00,4.00,1.00,77.27,91.30,75.00,1,1,2023-12-16,1344.49,1363.60,0.54,0.46,1367.67,1340.41
9487,498,23,W,7.00,14141.00,14.00,26.00,8.00,-6.00,3.00,2.00,6.00,14026.00,19.00,33.00,6.00,6.00,3.00,0.00,81.82,73.08,75.00,1,1,2023-12-16,1373.64,1299.50,0.55,0.45,1354.33,1318.81
9499,446,65,L,3.00,12178.00,17.00,19.00,5.00,-35.00,1.00,0.00,10.00,13167.00,25.00,40.00,5.00,34.00,7.00,2.00,75.00,84.21,75.00,1,3,2023-12-16,1175.55,1085.15,0.70,0.30,1205.85,1054.86
9500,546,411,L,1.00,12499.00,10.00,18.00,11.00,4.00,1.00,0.00,2.00,12723.00,38.00,43.00,6.00,-5.00,2.00,0.00,95.35,94.44,75.00,1,4,2023-12-16,1054.18,1088.07,0.51,0.49,1076.32,1065.93
9502,499,439,W,2.00,12500.00,9.00,14.00,2.00,5.00,0.00,0.00,1.00,12260.00,16.00,28.00,2.00,-5.00,0.00,0.00,96.43,85.71,75.00,1,4,2023-12-16,1037.77,930.23,0.60,0.40,1020.75,947.25
9503,544,400,L,4.00,14210.00,16.00,29.00,6.00,1.00,1.00,0.00,5.00,13202.00,23.00,38.00,11.00,-1.00,1.00,0.00,86.84,86.21,75.00,1,4,2023-12-16,1041.41,957.13,0.70,0.30,1071.35,927.19
9504,176,130,W,3.00,10631.00,19.00,30.00,4.00,5.00,1.00,1.00,1.00,12282.00,15.00,22.00,6.00,-5.00,1.00,1.00,95.45,90.00,75.00,1,4,2023-12-16,986.42,988.05,0.43,0.57,961.80,1012.67
9058,447,29,L,3.00,12947.00,19.00,30.00,5.00,-30.00,3.00,1.00,11.00,13067.00,16.00,29.00,6.00,30.00,11.00,6.00,62.07,90.00,74.00,1,0,2023-12-17,1305.50,1517.17,0.25,0.75,1316.28,1506.38
9059,442,505,W,5.00,12861.00,19.00,33.00,7.00,15.00,4.00,1.00,1.00,12930.00,24.00,39.00,4.00,-15.00,1.00,0.00,97.44,84.85,74.00,1,0,2023-12-17,1483.21,1477.87,0.44,0.56,1459.07,1502.01
9299,109,496,L,4.00,12726.00,12.00,33.00,5.00,-5.00,2.00,1.00,5.00,12062.00,11.00,19.00,2.00,5.00,4.00,0.00,73.68,87.88,75.00,1,0,2023-12-17,1316.11,1444.89,0.36,0.64,1331.73,1429.27
9420,15,31,L,6.00,13198.00,7.00,24.00,2.00,-10.00,6.00,4.00,7.00,11645.00,16.00,29.00,1.00,9.00,5.00,1.00,75.86,75.00,74.00,1,1,2023-12-17,1377.10,1561.13,0.29,0.71,1389.37,1548.86
9481,497,53,W,9.00,9917.00,22.00,31.00,1.00,9.00,6.00,2.00,5.00,12397.00,23.00,23.00,11.00,-10.00,5.00,4.00,,70.97,75.00,1,1,2023-12-17,1460.90,1274.04,0.72,0.28,1448.79,1286.15
9482,402,329,L,3.00,12200.00,14.00,26.00,4.00,-10.00,2.00,1.00,4.00,12652.00,12.00,24.00,4.00,10.00,2.00,1.00,83.33,88.46,75.00,1,1,2023-12-17,1352.38,1412.44,0.47,0.53,1372.68,1392.14
9484,22,408,L,3.00,12409.00,13.00,19.00,6.00,-11.00,2.00,0.00,4.00,12737.00,16.00,23.00,9.00,10.00,3.00,1.00,82.61,84.21,75.00,1,1,2023-12-17,1336.03,1419.00,0.43,0.57,1354.72,1400.31
9486,331,189,W,5.00,10637.00,20.00,21.00,11.00,6.00,4.00,2.00,2.00,12025.00,28.00,25.00,8.00,-6.00,1.00,0.00,92.00,76.19,75.00,1,1,2023-12-17,1343.62,1204.18,0.65,0.35,1328.68,1219.11
9495,404,398,L,2.00,12529.00,20.00,25.00,3.00,-6.00,2.00,0.00,3.00,12797.00,21.00,28.00,9.00,10.00,2.00,2.00,89.29,92.00,75.00,1,3,2023-12-17,1054.78,1271.93,0.24,0.76,1065.29,1261.42
9496,445,54,L,1.00,11902.00,9.00,13.00,4.00,-3.00,0.00,0.00,2.00,12209.00,15.00,37.00,2.00,3.00,1.00,0.00,94.59,92.31,75.00,1,3,2023-12-17,1026.63,1240.25,0.25,0.75,1037.31,1229.56
9497,448,104,L,2.00,10023.00,11.00,26.00,4.00,-25.00,0.00,0.00,8.00,11856.00,11.00,28.00,4.00,25.00,5.00,2.00,71.43,92.31,75.00,1,3,2023-12-17,1053.77,1152.01,0.41,0.59,1071.41,1134.36
9498,61,406,L,2.00,11568.00,29.00,36.00,16.00,-30.00,1.00,0.00,7.00,10088.00,17.00,34.00,3.00,28.00,7.00,3.00,79.41,94.44,75.00,1,3,2023-12-17,1051.81,1154.76,0.40,0.60,1069.14,1137.43
9501,431,375,W,3.00,11152.00,10.00,17.00,4.00,10.00,2.00,1.00,2.00,13044.00,13.00,20.00,4.00,-10.00,2.00,2.00,90.00,,75.00,1,4,2023-12-17,1124.37,1027.54,0.59,0.41,1106.63,1045.29
9505,216,500,W,3.00,13174.00,29.00,24.00,3.00,10.00,3.00,2.00,1.00,13103.00,12.00,17.00,9.00,-10.00,1.00,1.00,94.12,87.50,75.00,1,4,2023-12-17,1060.06,1051.24,0.44,0.56,1036.15,1075.15
9561,545,501,L,0.00,11584.00,16.00,11.00,16.00,-10.00,0.00,0.00,2.00,10033.00,23.00,27.00,1.00,10.00,1.00,1.00,92.59,100.00,75.00,1,5,2023-12-17,952.39,950.99,0.57,0.43,977.00,926.38
9562,453,449,L,1.00,9224.00,14.00,16.00,6.00,-35.00,1.00,0.00,10.00,12230.00,24.00,31.00,4.00,35.00,3.00,1.00,67.74,93.75,75.00,1,5,2023-12-17,715.15,1002.02,0.17,0.83,722.58,994.59
9414,452,35,W,3.00,13173.00,14.00,19.00,4.00,10.00,1.00,0.00,2.00,13135.00,20.00,43.00,0.00,-10.00,2.00,0.00,95.35,84.21,74.00,1,1,2023-12-23,1511.18,1474.08,0.49,0.51,1489.27,1496.00
9489,497,402,L,3.00,13239.00,24.00,39.00,15.00,-4.00,2.00,0.00,4.00,13589.00,18.00,24.00,10.00,4.00,3.00,1.00,83.33,92.31,75.00,1,1,2023-12-23,1432.90,1380.39,0.65,0.35,1460.90,1352.38
9494,331,44,W,4.00,13951.00,13.00,28.00,10.00,8.00,3.00,3.00,3.00,13573.00,42.00,34.00,8.00,-3.00,3.00,1.00,91.18,85.71,75.00,1,1,2023-12-23,1365.17,1322.93,0.50,0.50,1343.62,1344.49
9581,445,446,L,3.00,12247.00,9.00,18.00,3.00,-35.00,3.00,1.00,12.00,13346.00,23.00,40.00,5.00,34.00,10.00,3.00,70.00,,75.00,1,3,2023-12-23,1013.82,1188.36,0.30,0.70,1026.63,1175.55
9585,61,215,L,3.00,8292.00,11.00,18.00,5.00,-4.00,2.00,0.00,4.00,7923.00,10.00,13.00,1.00,4.00,2.00,1.00,69.23,83.33,75.00,1,3,2023-12-23,1030.32,1073.44,0.50,0.50,1051.81,1051.95
9590,216,499,W,4.00,12750.00,30.00,27.00,6.00,10.00,2.00,0.00,3.00,10925.00,19.00,17.00,2.00,-10.00,2.00,1.00,82.35,85.19,75.00,1,4,2023-12-23,1080.18,1017.64,0.53,0.47,1060.06,1037.77
9591,176,546,W,4.00,12202.00,21.00,27.00,6.00,15.00,3.00,1.00,0.00,12524.00,19.00,13.00,6.00,-15.00,0.00,0.00,100.00,85.19,75.00,1,4,2023-12-23,1012.07,1028.54,0.40,0.60,986.42,1054.18
9592,375,400,W,4.00,12796.00,22.00,45.00,6.00,5.00,3.00,0.00,2.00,11910.00,16.00,27.00,5.00,-5.00,2.00,0.00,92.59,91.11,75.00,1,4,2023-12-23,1044.75,939.93,0.60,0.40,1027.54,957.13
9614,12,506,L,3.00,10625.00,12.00,21.00,5.00,-27.00,2.00,0.00,8.00,10510.00,23.00,24.00,11.00,24.00,6.00,1.00,66.67,85.71,82.00,1,0,2023-12-23,1314.40,1505.56,0.28,0.72,1326.27,1493.69
9617,208,379,L,1.00,12781.00,34.00,35.00,14.00,-10.00,1.00,0.00,3.00,13298.00,22.00,39.00,9.00,10.00,3.00,0.00,92.31,97.14,82.00,1,1,2023-12-23,1401.59,1349.31,0.65,0.35,1429.58,1321.32
9051,29,505,W,8.00,13625.00,21.00,29.00,3.00,20.00,7.00,6.00,4.00,13545.00,13.00,48.00,3.00,-20.00,4.00,2.00,91.67,72.41,74.00,1,0,2023-12-24,1536.24,1458.79,0.56,0.44,1517.17,1477.87
9416,333,396,W,6.00,9581.00,11.00,39.00,2.00,25.00,6.00,3.00,2.00,12638.00,14.00,24.00,8.00,-25.00,2.00,0.00,91.67,84.62,74.00,1,1,2023-12-24,1627.85,1380.68,0.79,0.21,1618.78,1389.76
9422,92,494,W,3.00,13986.00,21.00,31.00,9.00,-5.00,2.00,0.00,2.00,12993.00,25.00,24.00,3.00,5.00,2.00,1.00,91.67,90.32,74.00,1,1,2023-12-24,1588.30,1431.79,0.68,0.32,1574.42,1445.67
9490,48,329,W,3.00,9516.00,22.00,33.00,6.00,10.00,2.00,1.00,1.00,12447.00,15.00,15.00,6.00,-10.00,1.00,0.00,93.33,90.91,75.00,1,1,2023-12-24,1513.55,1396.08,0.62,0.38,1497.20,1412.44
9491,22,336,L,1.00,12134.00,17.00,21.00,8.00,-15.00,1.00,0.00,5.00,12601.00,24.00,33.00,6.00,16.00,3.00,2.00,84.85,95.24,75.00,1,1,2023-12-24,1312.25,1322.92,0.55,0.45,1336.03,1299.15
9492,189,498,L,1.00,13566.00,18.00,36.00,8.00,-5.00,1.00,0.00,3.00,12259.00,11.00,26.00,5.00,3.00,2.00,2.00,,97.22,75.00,1,1,2023-12-24,1192.41,1385.41,0.27,0.73,1204.18,1373.64
9493,408,214,W,5.00,13176.00,40.00,39.00,11.00,14.00,4.00,0.00,3.00,12842.00,17.00,16.00,11.00,-15.00,2.00,1.00,81.25,87.18,75.00,1,1,2023-12-24,1437.10,1345.50,0.58,0.42,1419.00,1363.60
9582,406,398,L,4.00,13202.00,33.00,29.00,2.00,-15.00,3.00,1.00,8.00,12091.00,16.00,24.00,7.00,16.00,8.00,3.00,66.67,86.21,75.00,1,3,2023-12-24,1140.25,1286.44,0.34,0.66,1154.76,1271.93
9583,65,448,L,4.00,12635.00,22.00,23.00,5.00,-11.00,3.00,1.00,5.00,12188.00,27.00,32.00,6.00,10.00,2.00,0.00,84.38,82.61,75.00,1,3,2023-12-24,1061.72,1077.20,0.55,0.45,1085.15,1053.77
9584,404,54,L,1.00,12884.00,20.00,33.00,5.00,-25.00,1.00,0.00,6.00,11841.00,18.00,38.00,3.00,22.00,4.00,1.00,84.21,96.97,75.00,1,3,2023-12-24,1043.78,1251.25,0.26,0.74,1054.78,1240.25
9586,545,453,L,3.00,13172.00,20.00,16.00,19.00,-25.00,2.00,0.00,10.00,12760.00,26.00,34.00,6.00,25.00,6.00,0.00,70.59,81.25,75.00,1,5,2023-12-24,918.13,749.41,0.80,0.20,952.39,715.15
9588,544,411,L,1.00,13568.00,18.00,14.00,21.00,-35.00,0.00,0.00,8.00,12294.00,31.00,39.00,7.00,35.00,6.00,2.00,79.49,92.86,75.00,1,4,2023-12-24,1022.78,1106.70,0.43,0.57,1041.41,1088.07
9589,439,332,W,9.00,12287.00,16.00,32.00,7.00,33.00,8.00,4.00,3.00,12478.00,32.00,26.00,1.00,-35.00,3.00,0.00,88.46,71.88,75.00,1,4,2023-12-24,963.57,1112.00,0.22,0.78,930.23,1145.34
9593,130,500,W,7.00,13109.00,26.00,30.00,5.00,30.00,6.00,0.00,1.00,12723.00,10.00,19.00,12.00,-30.00,0.00,0.00,94.74,76.67,75.00,1,4,2023-12-24,1013.42,1025.87,0.41,0.59,988.05,1051.24
9594,431,502,L,2.00,12300.00,19.00,13.00,4.00,-10.00,2.00,1.00,6.00,9674.00,11.00,29.00,11.00,10.00,5.00,3.00,79.31,84.62,75.00,1,4,2023-12-24,1103.23,1151.24,0.49,0.51,1124.37,1130.09
9613,409,556,W,7.00,12490.00,18.00,24.00,23.00,-12.00,5.00,4.00,5.00,12205.00,39.00,27.00,0.00,15.00,3.00,2.00,81.48,70.83,82.00,1,0,2023-12-24,1608.58,1484.10,0.63,0.37,1592.68,1500.00
10597,564,214,L,2.00,12592.00,14.00,18.00,5.00,-29.00,2.00,0.00,9.00,12328.00,24.00,41.00,4.00,29.00,8.00,4.00,78.05,88.89,84.00,1,0,2024-01-06,1469.52,1375.97,0.71,0.29,1500.00,1345.50
10599,393,63,W,5.00,11367.00,14.00,23.00,3.00,8.00,4.00,2.00,3.00,12448.00,15.00,22.00,6.00,-11.00,3.00,3.00,86.36,78.26,84.00,1,1,2024-01-06,1422.56,1394.59,0.48,0.52,1400.00,1417.15
10600,490,404,W,9.00,12075.00,19.00,32.00,4.00,14.00,5.00,2.00,3.00,11959.00,22.00,18.00,3.00,-17.00,3.00,1.00,83.33,71.88,84.00,1,2,2024-01-06,1418.48,1039.22,0.89,0.11,1413.92,1043.78
10605,568,451,W,11.00,12192.00,33.00,44.00,3.00,43.00,8.00,0.00,1.00,11107.00,10.00,5.00,10.00,-45.00,1.00,1.00,80.00,,84.00,1,4,2024-01-06,1115.39,983.01,0.64,0.36,1100.00,998.40
10606,502,504,W,2.00,13469.00,13.00,31.00,3.00,3.00,2.00,0.00,1.00,12567.00,22.00,15.00,0.00,-3.00,1.00,0.00,93.33,93.55,84.00,1,3,2024-01-06,1175.73,1175.50,0.43,0.57,1151.24,1200.00
10607,215,26,L,1.00,12011.00,16.00,28.00,7.00,-21.00,1.00,0.00,8.00,12404.00,27.00,29.00,12.00,20.00,6.00,3.00,72.41,96.43,84.00,1,3,2024-01-06,1060.66,1235.58,0.30,0.70,1073.44,1222.79
10610,129,400,W,5.00,12639.00,27.00,39.00,3.00,-2.00,3.00,0.00,4.00,12898.00,15.00,15.00,2.00,2.00,3.00,0.00,73.33,87.18,84.00,1,3,2024-01-06,1247.12,933.46,0.85,0.15,1240.65,939.93
11214,216,431,L,1.00,8728.00,22.00,18.00,7.00,-11.00,0.00,0.00,4.00,11681.00,16.00,16.00,11.00,10.00,2.00,0.00,,94.44,86.00,1,5,2024-01-11,1060.10,1123.30,0.47,0.53,1080.18,1103.23
11130,29,505,L,3.00,14291.00,17.00,38.00,5.00,-3.00,3.00,2.00,4.00,14054.00,26.00,47.00,4.00,3.00,3.00,2.00,91.49,92.11,85.00,1,0,2024-01-12,1510.03,1485.01,0.61,0.39,1536.24,1458.79
11131,56,447,W,8.00,13029.00,15.00,31.00,7.00,25.00,8.00,7.00,4.00,14033.00,12.00,26.00,2.00,-26.00,4.00,3.00,84.62,74.19,85.00,1,0,2024-01-12,1594.04,1298.39,0.83,0.17,1586.93,1305.50
11142,4,580,L,1.00,13227.00,15.00,12.00,14.00,-16.00,1.00,0.00,4.00,12543.00,29.00,39.00,8.00,15.00,4.00,2.00,89.74,91.67,85.00,1,0,2024-01-12,1382.55,1515.36,0.36,0.64,1397.90,1500.00
11266,443,12,W,5.00,12297.00,16.00,35.00,7.00,5.00,5.00,2.00,4.00,11719.00,17.00,27.00,12.00,-5.00,2.00,1.00,85.19,85.71,86.00,1,0,2024-01-12,1377.32,1295.62,0.56,0.44,1358.53,1314.40
11268,48,440,W,10.00,11912.00,38.00,34.00,6.00,18.00,9.00,4.00,3.00,12575.00,12.00,25.00,11.00,-20.00,3.00,0.00,88.00,70.59,86.00,1,1,2024-01-12,1530.86,1427.60,0.60,0.40,1513.55,1444.91
11282,35,333,L,5.00,11899.00,24.00,40.00,4.00,-10.00,3.00,2.00,6.00,10958.00,10.00,26.00,3.00,10.00,5.00,0.00,76.92,87.50,85.00,1,1,2024-01-12,1461.52,1640.41,0.29,0.71,1474.08,1627.85
11284,494,610,W,9.00,12154.00,19.00,32.00,6.00,30.00,5.00,1.00,5.00,12786.00,7.00,25.00,4.00,-30.00,5.00,3.00,80.00,71.88,85.00,1,1,2024-01-12,1451.33,1380.46,0.55,0.45,1431.79,1400.00
11492,453,489,L,2.00,11224.00,13.00,11.00,10.00,-40.00,1.00,0.00,11.00,13114.00,21.00,43.00,1.00,42.00,9.00,1.00,74.42,81.82,86.00,1,6,2024-01-12,746.10,1184.47,0.08,0.92,749.41,1181.17
11493,545,245,W,6.00,13751.00,25.00,36.00,6.00,-10.00,5.00,1.00,5.00,13665.00,11.00,21.00,8.00,10.00,3.00,0.00,,83.33,86.00,1,6,2024-01-12,938.51,879.62,0.53,0.47,918.13,900.00
11494,104,449,W,3.00,12602.00,21.00,24.00,4.00,5.00,3.00,1.00,2.00,13031.00,17.00,15.00,8.00,-5.00,1.00,0.00,86.67,87.50,86.00,1,6,2024-01-12,1164.76,989.27,0.70,0.30,1152.01,1002.02
11495,398,411,W,4.00,12261.00,20.00,29.00,5.00,9.00,3.00,1.00,2.00,13120.00,19.00,14.00,7.00,-10.00,1.00,0.00,85.71,86.21,86.00,1,5,2024-01-12,1297.72,1095.43,0.74,0.26,1286.44,1106.70
11499,61,375,L,0.00,12701.00,18.00,25.00,4.00,-45.00,0.00,0.00,9.00,12051.00,12.00,36.00,11.00,44.00,4.00,1.00,75.00,100.00,86.00,1,5,2024-01-12,1009.71,1065.35,0.48,0.52,1030.32,1044.75
11503,566,570,W,5.00,12088.00,18.00,32.00,5.00,19.00,4.00,1.00,1.00,12428.00,20.00,14.00,3.00,-20.00,1.00,1.00,92.86,84.38,86.00,1,4,2024-01-12,1121.50,1078.50,0.50,0.50,1100.00,1100.00
11506,568,582,L,1.00,10135.00,18.00,22.00,4.00,-12.00,1.00,0.00,3.00,11760.00,14.00,20.00,3.00,10.00,1.00,0.00,85.00,95.45,86.00,1,4,2024-01-12,1092.93,1122.45,0.52,0.48,1115.39,1100.00
11508,269,38,W,4.00,12466.00,28.00,32.00,6.00,20.00,4.00,2.00,0.00,12825.00,10.00,10.00,5.00,-20.00,0.00,0.00,100.00,87.50,86.00,1,3,2024-01-12,1232.46,1093.59,0.65,0.35,1217.49,1108.56
11510,205,491,W,6.00,11952.00,23.00,36.00,6.00,19.00,4.00,0.00,1.00,10305.00,15.00,20.00,3.00,-21.00,1.00,0.00,95.00,83.33,86.00,1,3,2024-01-12,1287.27,1204.04,0.57,0.43,1268.60,1222.72
11511,498,44,L,3.00,11859.00,27.00,27.00,4.00,-3.00,3.00,1.00,4.00,10617.00,11.00,29.00,4.00,3.00,3.00,0.00,86.21,88.89,86.00,1,2,2024-01-12,1360.08,1348.26,0.59,0.41,1385.41,1322.93
11513,22,329,L,2.00,12598.00,17.00,22.00,9.00,-16.00,1.00,1.00,4.00,12782.00,23.00,42.00,3.00,15.00,3.00,0.00,90.48,90.91,86.00,1,2,2024-01-12,1295.84,1412.49,0.38,0.62,1312.25,1396.08
11514,207,336,W,5.00,12580.00,20.00,37.00,7.00,5.00,3.00,3.00,4.00,3313.00,12.00,15.00,6.00,-4.00,3.00,1.00,73.33,86.49,86.00,1,2,2024-01-12,1229.44,1294.15,0.33,0.67,1200.67,1322.92
11515,189,23,L,1.00,12429.00,14.00,25.00,10.00,-24.00,1.00,0.00,7.00,11552.00,20.00,29.00,1.00,24.00,6.00,1.00,75.86,96.00,86.00,1,2,2024-01-12,1177.33,1314.58,0.35,0.65,1192.41,1299.50
11551,410,335,L,1.00,11866.00,20.00,18.00,3.00,-35.00,1.00,0.00,9.00,12756.00,21.00,33.00,6.00,34.00,8.00,6.00,72.73,94.44,86.00,1,1,2024-01-12,1354.28,1438.15,0.43,0.57,1372.91,1419.51
9052,17,46,L,4.00,12390.00,17.00,40.00,4.00,-3.00,3.00,0.00,5.00,13074.00,24.00,39.00,8.00,5.00,4.00,3.00,87.18,90.00,74.00,1,0,2024-01-13,1514.64,1484.31,0.62,0.38,1541.21,1457.74
9637,335,506,L,2.00,12251.00,14.00,39.00,5.00,-24.00,2.00,1.00,8.00,12089.00,16.00,34.00,4.00,24.00,8.00,2.00,76.47,94.87,82.00,1,0,2024-01-13,1420.77,1522.94,0.40,0.60,1438.15,1505.56
9651,109,379,W,6.00,12772.00,14.00,42.00,2.00,15.00,6.00,2.00,3.00,12204.00,11.00,20.00,6.00,-15.00,3.00,0.00,85.00,85.71,82.00,1,1,2024-01-13,1339.66,1325.76,0.45,0.55,1316.11,1349.31
9659,26,38,W,4.00,13526.00,17.00,28.00,5.00,10.00,4.00,2.00,1.00,12356.00,20.00,28.00,9.00,-10.00,1.00,0.00,96.43,85.71,75.00,1,2,2024-01-13,1248.75,1080.42,0.69,0.31,1235.58,1093.59
9667,44,498,L,0.00,12864.00,22.00,28.00,4.00,-20.00,0.00,0.00,5.00,10648.00,14.00,22.00,10.00,18.00,4.00,1.00,77.27,100.00,75.00,1,1,2024-01-13,1327.49,1380.85,0.48,0.52,1348.26,1360.08
9669,23,189,L,6.00,11509.00,19.00,21.00,5.00,-25.00,3.00,1.00,9.00,12766.00,12.00,21.00,9.00,25.00,7.00,0.00,57.14,71.43,75.00,1,1,2024-01-13,1285.00,1206.91,0.69,0.31,1314.58,1177.33
9675,446,61,W,9.00,12063.00,17.00,38.00,2.00,11.00,8.00,2.00,5.00,12709.00,8.00,24.00,7.00,-17.00,5.00,1.00,79.17,76.32,75.00,1,3,2024-01-13,1199.69,998.38,0.74,0.26,1188.36,1009.71
9677,404,65,L,4.00,12346.00,21.00,16.00,7.00,-15.00,3.00,0.00,6.00,13211.00,14.00,33.00,5.00,15.00,5.00,1.00,81.82,75.00,75.00,1,3,2024-01-13,1019.11,1081.83,0.47,0.53,1039.22,1061.72
9681,431,546,W,3.00,12092.00,12.00,21.00,5.00,10.00,2.00,1.00,0.00,12456.00,8.00,15.00,3.00,-10.00,0.00,0.00,100.00,85.71,75.00,1,4,2024-01-13,1139.08,1012.76,0.63,0.37,1123.30,1028.54
9682,400,332,L,2.00,11873.00,19.00,23.00,4.00,-20.00,0.00,0.00,7.00,12200.00,14.00,27.00,5.00,18.00,3.00,1.00,74.07,91.30,75.00,1,4,2024-01-13,922.13,1123.33,0.26,0.74,933.46,1112.00
9683,500,544,W,4.00,13531.00,14.00,25.00,1.00,8.00,4.00,3.00,3.00,13013.00,11.00,27.00,3.00,-8.00,3.00,0.00,88.89,84.00,75.00,1,4,2024-01-13,1047.18,1001.47,0.50,0.50,1025.87,1022.78
9686,501,453,W,4.00,11605.00,11.00,21.00,4.00,14.00,3.00,0.00,1.00,10974.00,14.00,20.00,3.00,-15.00,0.00,0.00,95.00,80.95,75.00,1,5,2024-01-13,961.10,735.99,0.76,0.24,950.99,746.10
9044,49,505,W,7.00,12045.00,26.00,36.00,7.00,28.00,7.00,2.00,2.00,13166.00,30.00,33.00,4.00,-30.00,2.00,2.00,93.94,80.56,74.00,1,0,2024-01-14,1650.72,1472.41,0.71,0.29,1638.13,1485.01
9603,1,555,L,4.00,13595.00,16.00,28.00,6.00,-5.00,4.00,3.00,5.00,12665.00,20.00,34.00,5.00,5.00,4.00,2.00,85.29,85.71,74.00,1,0,2024-01-14,1567.15,1527.20,0.63,0.37,1594.34,1500.00
9631,92,396,W,2.00,13278.00,25.00,48.00,3.00,10.00,1.00,1.00,0.00,12831.00,13.00,17.00,5.00,-10.00,0.00,0.00,100.00,95.83,74.00,1,1,2024-01-14,1598.29,1370.69,0.77,0.23,1588.30,1380.68
9634,31,333,W,7.00,13175.00,24.00,33.00,3.00,20.00,5.00,1.00,3.00,12908.00,11.00,24.00,8.00,-20.00,2.00,1.00,87.50,78.79,74.00,1,1,2024-01-14,1587.45,1614.09,0.39,0.61,1561.13,1640.41
9638,409,111,W,2.00,11355.00,10.00,29.00,14.00,12.00,0.00,0.00,1.00,12959.00,34.00,23.00,3.00,-15.00,0.00,0.00,95.65,86.21,82.00,1,0,2024-01-14,1619.31,1406.61,0.75,0.25,1608.58,1417.35
9639,63,191,L,2.00,13114.00,13.00,36.00,8.00,-30.00,2.00,0.00,8.00,12678.00,21.00,28.00,5.00,29.00,7.00,1.00,71.43,94.44,82.00,1,0,2024-01-14,1382.82,1575.81,0.27,0.73,1394.59,1564.03
9641,12,556,L,1.00,13368.00,13.00,13.00,5.00,-10.00,1.00,1.00,4.00,12102.00,21.00,30.00,3.00,10.00,4.00,1.00,86.67,92.31,82.00,1,0,2024-01-14,1284.76,1494.96,0.25,0.75,1295.62,1484.10
9652,443,496,L,2.00,13090.00,11.00,29.00,2.00,0.00,2.00,0.00,3.00,13152.00,10.00,38.00,2.00,0.00,2.00,0.00,92.11,93.10,82.00,1,1,2024-01-14,1359.95,1462.26,0.40,0.60,1377.32,1444.89
9660,405,205,L,1.00,13105.00,29.00,36.00,5.00,-15.00,1.00,0.00,6.00,11560.00,13.00,16.00,13.00,15.00,5.00,1.00,62.50,97.22,75.00,1,2,2024-01-14,1184.61,1303.53,0.38,0.62,1200.87,1287.27
9661,207,491,W,4.00,12151.00,14.00,34.00,5.00,10.00,3.00,1.00,2.00,12048.00,13.00,25.00,6.00,-10.00,2.00,0.00,92.00,88.24,75.00,1,2,2024-01-14,1249.37,1184.11,0.54,0.46,1229.44,1204.04
9662,129,269,L,0.00,12135.00,14.00,18.00,5.00,-5.00,0.00,0.00,2.00,12150.00,22.00,25.00,8.00,5.00,2.00,1.00,92.00,100.00,75.00,1,2,2024-01-14,1224.71,1254.87,0.52,0.48,1247.12,1232.46
9668,331,408,L,1.00,12779.00,15.00,31.00,7.00,-20.00,0.00,0.00,4.00,10642.00,14.00,21.00,1.00,20.00,3.00,0.00,80.95,96.77,75.00,1,1,2024-01-14,1348.06,1454.21,0.40,0.60,1365.17,1437.10
9670,48,497,L,5.00,0.00,0.00,0.00,0.00,-15.00,4.00,1.00,7.00,12967.00,24.00,39.00,7.00,15.00,7.00,2.00,82.05,,75.00,1,1,2024-01-14,1503.45,1460.30,0.64,0.36,1530.86,1432.90
9671,402,53,W,4.00,13287.00,23.00,41.00,7.00,10.00,4.00,0.00,2.00,12706.00,17.00,13.00,2.00,-10.00,1.00,0.00,84.62,90.24,75.00,1,1,2024-01-14,1395.50,1258.92,0.65,0.35,1380.39,1274.04
9672,329,22,L,2.00,12786.00,9.00,22.00,6.00,-11.00,1.00,0.00,4.00,13145.00,17.00,37.00,4.00,11.00,3.00,3.00,89.19,90.91,75.00,1,1,2024-01-14,1384.03,1324.30,0.66,0.34,1412.49,1295.84
9673,336,214,W,4.00,10796.00,36.00,32.00,13.00,6.00,4.00,2.00,3.00,13567.00,27.00,19.00,14.00,-5.00,3.00,1.00,84.21,87.50,75.00,1,1,2024-01-14,1320.63,1349.50,0.38,0.62,1294.15,1375.97
9674,398,54,W,4.00,13404.00,12.00,26.00,5.00,0.00,2.00,0.00,3.00,14322.00,18.00,27.00,6.00,0.00,1.00,0.00,88.89,84.62,75.00,1,3,2024-01-14,1316.36,1232.61,0.57,0.43,1297.72,1251.25
9676,215,448,L,4.00,12207.00,17.00,22.00,5.00,-31.00,3.00,0.00,10.00,12775.00,20.00,46.00,5.00,30.00,8.00,3.00,78.26,81.82,75.00,1,3,2024-01-14,1040.18,1097.68,0.48,0.52,1060.66,1077.20
9678,406,104,L,2.00,13430.00,10.00,18.00,7.00,-5.00,2.00,1.00,3.00,12893.00,17.00,23.00,3.00,5.00,3.00,1.00,86.96,88.89,75.00,1,3,2024-01-14,1120.26,1184.75,0.46,0.54,1140.25,1164.76
9679,130,502,L,1.00,12677.00,17.00,14.00,6.00,-15.00,0.00,0.00,4.00,13389.00,17.00,25.00,9.00,15.00,2.00,1.00,84.00,92.86,75.00,1,4,2024-01-14,1001.29,1187.86,0.28,0.72,1013.42,1175.73
9680,375,176,W,2.00,13021.00,12.00,22.00,4.00,4.00,1.00,0.00,1.00,11437.00,11.00,15.00,4.00,-4.00,1.00,1.00,93.33,90.91,75.00,1,4,2024-01-14,1083.58,993.84,0.58,0.42,1065.35,1012.07
9684,439,216,L,2.00,13349.00,24.00,16.00,3.00,-5.00,2.00,2.00,3.00,13344.00,12.00,15.00,7.00,5.00,2.00,0.00,80.00,87.50,75.00,1,4,2024-01-14,947.89,1075.78,0.36,0.64,963.57,1060.10
9685,411,499,L,2.00,12260.00,27.00,26.00,3.00,0.00,1.00,0.00,3.00,13202.00,16.00,17.00,16.00,0.00,2.00,0.00,82.35,92.31,75.00,1,4,2024-01-14,1069.19,1043.88,0.61,0.39,1095.43,1017.64
9687,449,545,W,4.00,11680.00,12.00,32.00,2.00,5.00,1.00,0.00,1.00,4177.00,0.00,2.00,3.00,-5.00,0.00,0.00,50.00,87.50,75.00,1,5,2024-01-14,1007.65,920.13,0.57,0.43,989.27,938.51
9063,17,49,W,10.00,14296.00,21.00,42.00,6.00,-5.00,9.00,6.00,9.00,11577.00,16.00,39.00,2.00,5.00,9.00,4.00,76.92,76.19,74.00,1,0,2024-01-20,1544.16,1621.20,0.31,0.69,1514.64,1650.72
9065,442,46,L,4.00,13255.00,20.00,31.00,5.00,-5.00,2.00,1.00,7.00,10782.00,19.00,32.00,0.00,4.00,7.00,1.00,78.12,87.10,74.00,1,0,2024-01-20,1461.78,1505.74,0.50,0.50,1483.21,1484.31
9644,556,191,L,3.00,11475.00,7.00,22.00,1.00,5.00,2.00,2.00,4.00,12219.00,29.00,31.00,3.00,-5.00,3.00,1.00,87.10,86.36,82.00,1,0,2024-01-20,1478.38,1592.39,0.39,0.61,1494.96,1575.81
9650,409,506,W,2.00,11786.00,17.00,31.00,3.00,10.00,2.00,0.00,0.00,12349.00,14.00,31.00,3.00,-10.00,0.00,0.00,,93.55,82.00,1,0,2024-01-20,1634.99,1507.26,0.64,0.36,1619.31,1522.94
9658,208,496,L,4.00,12087.00,15.00,25.00,6.00,-17.00,3.00,1.00,5.00,12119.00,19.00,35.00,4.00,13.00,5.00,0.00,85.71,84.00,82.00,1,1,2024-01-20,1383.81,1480.05,0.41,0.59,1401.59,1462.26
9688,92,35,L,2.00,12507.00,15.00,34.00,7.00,-15.00,1.00,1.00,4.00,11486.00,21.00,24.00,3.00,15.00,4.00,3.00,83.33,94.12,74.00,1,1,2024-01-20,1568.74,1491.07,0.69,0.31,1598.29,1461.52
9694,402,23,L,2.00,11548.00,9.00,20.00,5.00,-5.00,2.00,0.00,4.00,11645.00,23.00,35.00,1.00,5.00,4.00,0.00,88.57,90.00,75.00,1,1,2024-01-20,1367.39,1313.12,0.65,0.35,1395.50,1285.00
9695,53,48,L,4.00,13484.00,27.00,39.00,5.00,0.00,4.00,3.00,5.00,13070.00,17.00,39.00,10.00,0.00,5.00,1.00,87.18,89.74,75.00,1,1,2024-01-20,1250.47,1511.91,0.20,0.80,1258.92,1503.45
9697,214,329,L,2.00,14009.00,20.00,31.00,4.00,-4.00,2.00,2.00,3.00,12221.00,20.00,36.00,6.00,4.00,2.00,1.00,91.67,93.55,75.00,1,1,2024-01-20,1330.13,1403.40,0.45,0.55,1349.50,1384.03
9699,498,408,L,1.00,12659.00,16.00,32.00,9.00,0.00,1.00,1.00,2.00,12689.00,28.00,31.00,6.00,0.00,2.00,0.00,93.55,96.88,75.00,1,1,2024-01-20,1363.83,1471.24,0.40,0.60,1380.85,1454.21
9728,61,65,L,8.00,12815.00,20.00,19.00,5.00,0.00,8.00,4.00,9.00,12694.00,31.00,39.00,6.00,0.00,6.00,3.00,76.92,57.89,75.00,1,3,2024-01-20,981.95,1098.26,0.38,0.62,998.38,1081.83
9729,215,445,W,6.00,12373.00,15.00,41.00,7.00,19.00,4.00,0.00,2.00,9374.00,19.00,21.00,1.00,-20.00,1.00,0.00,90.48,85.37,75.00,1,3,2024-01-20,1060.05,993.95,0.54,0.46,1040.18,1013.82
9736,439,544,W,14.00,11989.00,28.00,36.00,3.00,30.00,11.00,8.00,8.00,12954.00,15.00,22.00,17.00,-33.00,5.00,3.00,,61.11,75.00,1,4,2024-01-20,972.68,976.68,0.42,0.58,947.89,1001.47
9738,431,176,W,7.00,11443.00,10.00,17.00,5.00,10.00,6.00,2.00,3.00,11921.00,15.00,33.00,3.00,-11.00,1.00,0.00,90.91,58.82,75.00,1,4,2024-01-20,1152.08,980.84,0.70,0.30,1139.08,993.84
9064,29,1,L,5.00,11102.00,19.00,29.00,5.00,-5.00,4.00,2.00,6.00,12967.00,22.00,29.00,3.00,5.00,6.00,4.00,79.31,82.76,74.00,1,0,2024-01-21,1492.03,1585.14,0.42,0.58,1510.03,1567.15
9066,447,505,W,4.00,11955.00,27.00,29.00,3.00,6.00,3.00,0.00,3.00,12568.00,15.00,26.00,6.00,-7.00,2.00,0.00,88.46,86.21,74.00,1,0,2024-01-21,1329.84,1440.96,0.27,0.73,1298.39,1472.41
9604,555,56,W,6.00,13167.00,27.00,26.00,8.00,8.00,6.00,5.00,5.00,13884.00,17.00,28.00,7.00,-9.00,4.00,2.00,82.14,76.92,74.00,1,0,2024-01-21,1552.78,1568.45,0.40,0.60,1527.20,1594.04
9633,396,494,L,0.00,13128.00,11.00,24.00,11.00,-25.00,0.00,0.00,5.00,12637.00,22.00,51.00,3.00,24.00,2.00,2.00,90.20,100.00,74.00,1,1,2024-01-21,1354.09,1467.93,0.39,0.61,1370.69,1451.33
9642,111,335,W,7.00,12660.00,21.00,33.00,7.00,18.00,7.00,4.00,3.00,12793.00,16.00,23.00,6.00,-20.00,2.00,1.00,86.96,78.79,82.00,1,0,2024-01-21,1428.99,1398.39,0.48,0.52,1406.61,1420.77
9643,63,440,L,0.00,13031.00,36.00,47.00,7.00,-3.00,0.00,0.00,1.00,11827.00,15.00,25.00,6.00,3.00,1.00,0.00,96.00,100.00,82.00,1,0,2024-01-21,1364.07,1446.35,0.44,0.56,1382.82,1427.60
9645,191,12,W,8.00,12387.00,15.00,22.00,8.00,33.00,7.00,3.00,1.00,13058.00,32.00,33.00,5.00,-34.00,1.00,1.00,96.97,63.64,82.00,1,0,2024-01-21,1598.65,1278.50,0.85,0.15,1592.39,1284.76
9653,410,379,L,0.00,12982.00,32.00,25.00,5.00,-10.00,0.00,0.00,3.00,13156.00,21.00,28.00,20.00,10.00,2.00,2.00,89.29,100.00,82.00,1,1,2024-01-21,1331.02,1349.02,0.54,0.46,1354.28,1325.76
9654,443,109,W,6.00,12952.00,23.00,23.00,10.00,29.00,5.00,0.00,2.00,13498.00,26.00,33.00,10.00,-30.00,2.00,2.00,93.94,73.91,82.00,1,1,2024-01-21,1380.19,1319.42,0.53,0.47,1359.95,1339.66
9696,22,497,L,2.00,12223.00,15.00,27.00,7.00,-15.00,2.00,0.00,4.00,0.00,0.00,0.00,0.00,10.00,4.00,0.00,-inf,92.59,75.00,1,1,2024-01-21,1310.81,1473.79,0.31,0.69,1324.30,1460.30
9698,336,331,W,3.00,12425.00,17.00,24.00,10.00,-7.00,3.00,1.00,2.00,13764.00,20.00,25.00,10.00,7.00,2.00,2.00,92.00,87.50,75.00,1,1,2024-01-21,1343.82,1324.86,0.46,0.54,1320.63,1348.06
9700,189,44,W,7.00,12705.00,22.00,38.00,3.00,9.00,5.00,1.00,1.00,12445.00,17.00,18.00,1.00,-9.00,1.00,0.00,94.44,81.58,75.00,1,1,2024-01-21,1235.58,1298.81,0.33,0.67,1206.91,1327.49
9726,398,104,W,4.00,12165.00,13.00,23.00,4.00,15.00,3.00,0.00,1.00,13214.00,19.00,25.00,7.00,-15.00,1.00,0.00,96.00,82.61,75.00,1,3,2024-01-21,1330.08,1171.02,0.68,0.32,1316.36,1184.75
9727,54,448,W,5.00,12612.00,20.00,26.00,5.00,15.00,1.00,0.00,4.00,13149.00,21.00,26.00,4.00,-15.00,3.00,0.00,84.62,80.77,75.00,1,3,2024-01-21,1246.15,1084.13,0.68,0.32,1232.61,1097.68
9730,404,406,W,4.00,12239.00,17.00,38.00,7.00,5.00,3.00,1.00,2.00,12677.00,18.00,29.00,3.00,-5.00,1.00,0.00,93.10,,75.00,1,3,2024-01-21,1046.70,1092.67,0.36,0.64,1019.11,1120.26
9737,400,130,L,1.00,11581.00,16.00,14.00,11.00,-11.00,1.00,0.00,3.00,13061.00,30.00,44.00,5.00,6.00,2.00,0.00,93.18,92.86,75.00,1,4,2024-01-21,905.45,1017.97,0.39,0.61,922.13,1001.29
9739,375,502,L,1.00,13678.00,27.00,32.00,8.00,-4.00,1.00,0.00,2.00,13279.00,27.00,21.00,21.00,4.00,1.00,0.00,90.48,96.88,75.00,1,4,2024-01-21,1068.35,1203.09,0.35,0.65,1083.58,1187.86
9740,499,546,W,2.00,12167.00,23.00,29.00,11.00,5.00,2.00,1.00,1.00,12393.00,16.00,22.00,13.00,-5.00,1.00,0.00,95.45,93.10,75.00,1,4,2024-01-21,1063.46,993.18,0.54,0.46,1043.88,1012.76
9741,332,500,W,5.00,13046.00,26.00,26.00,8.00,15.00,1.00,0.00,2.00,11099.00,17.00,21.00,13.00,-15.00,2.00,1.00,90.48,80.77,75.00,1,4,2024-01-21,1140.19,1030.32,0.61,0.39,1123.33,1047.18
9742,411,216,W,4.00,13355.00,27.00,21.00,11.00,-2.00,4.00,3.00,3.00,12402.00,17.00,20.00,17.00,2.00,2.00,0.00,85.00,,75.00,1,4,2024-01-21,1091.10,1053.87,0.49,0.51,1069.19,1075.78
9743,453,501,L,0.00,0.00,0.00,0.00,0.00,-35.00,0.00,0.00,9.00,0.00,0.00,0.00,0.00,35.00,2.00,0.00,-inf,,75.00,1,5,2024-01-21,726.75,970.34,0.21,0.79,735.99,961.10
9054,29,56,W,5.00,13487.00,19.00,30.00,6.00,20.00,4.00,2.00,1.00,12678.00,27.00,41.00,9.00,-21.00,1.00,0.00,97.56,83.33,74.00,1,0,2024-01-27,1518.19,1542.30,0.39,0.61,1492.03,1568.45
9057,46,49,L,2.00,9864.00,17.00,25.00,4.00,0.00,1.00,0.00,4.00,12932.00,15.00,34.00,6.00,0.00,3.00,2.00,88.24,92.00,74.00,1,0,2024-01-27,1491.13,1635.81,0.34,0.66,1505.74,1621.20
9646,409,335,W,4.00,12576.00,16.00,26.00,9.00,9.00,4.00,0.00,1.00,12642.00,25.00,21.00,3.00,-11.00,1.00,0.00,95.24,84.62,82.00,1,0,2024-01-27,1643.76,1389.62,0.80,0.20,1634.99,1398.39
9647,440,506,W,3.00,12043.00,19.00,31.00,13.00,10.00,3.00,1.00,2.00,12723.00,25.00,38.00,6.00,-10.00,2.00,1.00,94.74,90.32,82.00,1,0,2024-01-27,1471.58,1482.03,0.41,0.59,1446.35,1507.26
9656,410,208,L,2.00,13208.00,19.00,34.00,7.00,-5.00,1.00,0.00,3.00,12894.00,18.00,34.00,9.00,5.00,2.00,1.00,91.18,94.12,82.00,1,1,2024-01-27,1312.76,1402.07,0.42,0.58,1331.02,1383.81
9701,402,48,W,4.00,4140.00,19.00,55.00,24.00,8.00,3.00,1.00,3.00,12284.00,21.00,23.00,8.00,-8.00,3.00,1.00,86.96,92.73,75.00,1,1,2024-01-27,1397.35,1481.95,0.30,0.70,1367.39,1511.91
9704,329,331,L,3.00,13766.00,25.00,23.00,12.00,-3.00,1.00,1.00,4.00,13448.00,27.00,30.00,13.00,3.00,4.00,2.00,86.67,86.96,75.00,1,1,2024-01-27,1377.13,1351.14,0.61,0.39,1403.40,1324.86
9734,61,445,W,4.00,13192.00,19.00,30.00,3.00,5.00,1.00,0.00,2.00,13016.00,21.00,21.00,5.00,-5.00,1.00,1.00,90.48,86.67,75.00,1,3,2024-01-27,1004.19,971.71,0.48,0.52,981.95,993.95
9735,215,404,W,5.00,11826.00,24.00,27.00,10.00,14.00,5.00,2.00,0.00,12047.00,15.00,22.00,5.00,-15.00,0.00,0.00,100.00,81.48,75.00,1,3,2024-01-27,1080.72,1026.02,0.52,0.48,1060.05,1046.70
9745,449,453,W,6.00,13074.00,30.00,24.00,6.00,25.00,5.00,0.00,0.00,10211.00,12.00,15.00,4.00,-25.00,0.00,0.00,100.00,75.00,75.00,1,5,2024-01-27,1014.77,719.63,0.83,0.17,1007.65,726.75
9746,545,501,W,2.00,12296.00,7.00,17.00,8.00,5.00,2.00,0.00,1.00,11091.00,15.00,35.00,0.00,-5.00,0.00,0.00,97.14,88.24,75.00,1,5,2024-01-27,944.72,945.76,0.43,0.57,920.13,970.34
9747,439,130,L,2.00,12821.00,21.00,32.00,10.00,-5.00,2.00,1.00,4.00,11631.00,26.00,29.00,5.00,5.00,4.00,0.00,86.21,93.75,75.00,1,4,2024-01-27,953.97,1036.69,0.44,0.56,972.68,1017.97
9790,438,26,W,5.00,12512.00,19.00,30.00,10.00,5.00,3.00,5.00,3.00,12553.00,20.00,27.00,9.00,-4.00,2.00,1.00,88.89,83.33,75.00,1,2,2024-01-27,1331.46,1231.24,0.59,0.41,1313.95,1248.75
9068,1,442,W,3.00,13284.00,16.00,31.00,8.00,4.00,3.00,2.00,2.00,12881.00,18.00,34.00,2.00,-5.00,2.00,1.00,94.12,90.32,74.00,1,0,2024-01-28,1599.31,1447.61,0.67,0.33,1585.14,1461.78
9069,447,56,L,2.00,12705.00,22.00,33.00,1.00,-20.00,2.00,1.00,6.00,13032.00,17.00,28.00,2.00,17.00,6.00,4.00,78.57,93.94,74.00,1,0,2024-01-28,1320.07,1552.07,0.23,0.77,1329.84,1542.30
9611,17,555,L,1.00,12596.00,15.00,16.00,3.00,-30.00,1.00,0.00,6.00,12610.00,15.00,33.00,10.00,30.00,4.00,3.00,81.82,93.75,74.00,1,0,2024-01-28,1523.19,1573.75,0.49,0.51,1544.16,1552.78
9649,63,556,L,4.00,12153.00,20.00,30.00,4.00,-12.00,2.00,1.00,6.00,11926.00,8.00,27.00,1.00,9.00,6.00,2.00,77.78,86.67,82.00,1,0,2024-01-28,1349.40,1493.05,0.34,0.66,1364.07,1478.38
9657,410,443,L,2.00,12811.00,27.00,33.00,11.00,-33.00,2.00,2.00,8.00,12769.00,22.00,42.00,12.00,31.00,6.00,1.00,,93.94,82.00,1,1,2024-01-28,1295.38,1397.57,0.40,0.60,1312.76,1380.19
9692,452,396,L,0.00,13419.00,14.00,37.00,5.00,-3.00,0.00,0.00,1.00,11235.00,12.00,24.00,2.00,3.00,1.00,0.00,95.83,100.00,74.00,1,1,2024-01-28,1480.57,1384.70,0.71,0.29,1511.18,1354.09
9702,53,22,L,3.00,12818.00,30.00,32.00,5.00,-16.00,2.00,1.00,6.00,12724.00,18.00,32.00,12.00,15.00,5.00,0.00,81.25,90.62,75.00,1,1,2024-01-28,1232.67,1328.62,0.41,0.59,1250.47,1310.81
9703,214,497,L,0.00,13279.00,18.00,21.00,13.00,-30.00,0.00,0.00,7.00,12383.00,20.00,38.00,4.00,29.00,5.00,2.00,81.58,100.00,75.00,1,1,2024-01-28,1317.05,1486.88,0.30,0.70,1330.13,1473.79
9705,498,336,W,8.00,11870.00,19.00,34.00,5.00,32.00,9.00,8.00,4.00,13276.00,16.00,29.00,10.00,-36.00,3.00,0.00,86.21,70.59,75.00,1,1,2024-01-28,1384.09,1323.56,0.53,0.47,1363.83,1343.82
9707,23,44,W,5.00,13707.00,33.00,35.00,14.00,0.00,2.00,1.00,4.00,13601.00,27.00,25.00,8.00,0.00,4.00,1.00,84.00,85.71,75.00,1,1,2024-01-28,1333.73,1278.20,0.52,0.48,1313.12,1298.81
9716,38,491,L,2.00,12425.00,22.00,31.00,6.00,-4.00,1.00,0.00,4.00,12340.00,22.00,22.00,12.00,4.00,2.00,1.00,81.82,93.55,75.00,1,2,2024-01-28,1065.15,1199.38,0.36,0.64,1080.42,1184.11
9731,446,448,W,6.00,11971.00,7.00,32.00,5.00,10.00,4.00,3.00,3.00,11317.00,16.00,23.00,4.00,-10.00,3.00,1.00,86.96,81.25,75.00,1,3,2024-01-28,1214.29,1069.53,0.66,0.34,1199.69,1084.13
9732,104,54,L,1.00,12514.00,22.00,30.00,8.00,-11.00,1.00,1.00,4.00,11295.00,16.00,23.00,11.00,9.00,3.00,0.00,82.61,96.67,75.00,1,3,2024-01-28,1154.10,1263.07,0.39,0.61,1171.02,1246.15
9733,398,65,L,4.00,13054.00,22.00,24.00,6.00,-10.00,2.00,1.00,5.00,12761.00,22.00,33.00,14.00,10.00,4.00,3.00,84.85,83.33,75.00,1,3,2024-01-28,1296.04,1132.30,0.79,0.21,1330.08,1098.26
9744,411,332,L,2.00,12254.00,14.00,23.00,6.00,0.00,0.00,0.00,3.00,12708.00,14.00,32.00,2.00,0.00,3.00,0.00,90.62,,75.00,1,4,2024-01-28,1072.62,1158.68,0.43,0.57,1091.10,1140.19
9749,216,546,W,2.00,12801.00,30.00,37.00,2.00,0.00,2.00,2.00,1.00,12656.00,16.00,14.00,17.00,0.00,1.00,0.00,92.86,94.59,75.00,1,4,2024-01-28,1071.65,975.40,0.59,0.41,1053.87,993.18
9750,400,431,L,0.00,13691.00,10.00,22.00,8.00,-15.00,0.00,0.00,6.00,12127.00,18.00,23.00,5.00,15.00,4.00,0.00,73.91,100.00,75.00,1,4,2024-01-28,897.07,1160.45,0.19,0.81,905.45,1152.08
9751,176,502,L,2.00,13587.00,12.00,16.00,8.00,-25.00,0.00,0.00,7.00,13164.00,18.00,31.00,0.00,25.00,5.00,2.00,77.42,87.50,75.00,1,4,2024-01-28,971.48,1212.45,0.22,0.78,980.84,1203.09
9752,500,375,L,0.00,13182.00,20.00,13.00,6.00,-40.00,0.00,0.00,8.00,13215.00,19.00,24.00,4.00,40.00,8.00,3.00,66.67,100.00,75.00,1,4,2024-01-28,1011.17,1087.50,0.45,0.55,1030.32,1068.35
9855,335,63,L,5.00,12780.00,20.00,40.00,8.00,-20.00,5.00,2.00,11.00,13027.00,24.00,41.00,4.00,19.00,10.00,4.00,73.17,87.50,82.00,1,0,2024-02-03,1365.65,1373.38,0.56,0.44,1389.62,1349.40
9856,409,440,W,6.00,12871.00,21.00,45.00,4.00,1.00,6.00,0.00,5.00,12943.00,22.00,28.00,4.00,0.00,4.00,1.00,82.14,86.67,82.00,1,0,2024-02-03,1655.40,1459.94,0.73,0.27,1643.76,1471.58
9857,12,111,L,1.00,13322.00,19.00,29.00,6.00,-20.00,1.00,0.00,6.00,13304.00,15.00,31.00,2.00,20.00,6.00,2.00,80.65,96.55,82.00,1,0,2024-02-03,1265.77,1441.72,0.30,0.70,1278.50,1428.99
9925,410,109,L,4.00,13101.00,11.00,23.00,5.00,-10.00,4.00,2.00,9.00,13644.00,20.00,37.00,1.00,9.00,7.00,2.00,75.68,82.61,82.00,1,1,2024-02-03,1275.37,1339.43,0.47,0.53,1295.38,1319.42
10001,61,448,L,3.00,12927.00,10.00,14.00,7.00,0.00,3.00,0.00,5.00,12974.00,33.00,46.00,5.00,0.00,5.00,2.00,89.13,78.57,75.00,1,3,2024-02-03,986.69,1087.04,0.41,0.59,1004.19,1069.53
10003,406,65,L,3.00,12619.00,23.00,23.00,9.00,-14.00,2.00,1.00,7.00,12217.00,24.00,36.00,7.00,13.00,4.00,0.00,,86.96,75.00,1,3,2024-02-03,1073.61,1151.36,0.44,0.56,1092.67,1132.30
10006,501,545,W,3.00,13261.00,27.00,23.00,3.00,0.00,2.00,2.00,2.00,12359.00,12.00,17.00,7.00,0.00,2.00,1.00,,86.96,75.00,1,5,2024-02-03,967.19,923.28,0.50,0.50,945.76,944.72
10012,53,329,W,4.00,13058.00,20.00,20.00,10.00,0.00,3.00,1.00,3.00,12838.00,27.00,22.00,9.00,0.00,1.00,0.00,86.36,80.00,75.00,1,1,2024-02-03,1262.62,1347.17,0.30,0.70,1232.67,1377.13
10019,216,431,L,0.00,12762.00,19.00,20.00,4.00,-10.00,0.00,0.00,2.00,12941.00,10.00,15.00,3.00,10.00,2.00,1.00,86.67,100.00,75.00,1,4,2024-02-03,1055.53,1176.58,0.37,0.63,1071.65,1160.45
10020,499,176,W,3.00,12410.00,22.00,29.00,7.00,10.00,2.00,0.00,1.00,12586.00,12.00,17.00,7.00,-10.00,1.00,1.00,94.12,89.66,75.00,1,4,2024-02-03,1079.39,955.54,0.63,0.37,1063.46,971.48
10023,26,129,W,2.00,12903.00,15.00,31.00,3.00,10.00,2.00,1.00,0.00,13300.00,22.00,31.00,3.00,-10.00,0.00,0.00,100.00,93.55,75.00,6,2,2024-02-03,1252.33,1203.62,0.51,0.49,1231.24,1224.71
10028,333,452,W,6.00,13059.00,24.00,22.00,4.00,25.00,5.00,1.00,1.00,12872.00,21.00,31.00,5.00,-25.00,0.00,0.00,96.77,72.73,74.00,6,1,2024-02-03,1627.71,1466.95,0.68,0.32,1614.09,1480.57
10030,442,29,L,3.00,12337.00,17.00,52.00,7.00,-6.00,3.00,1.00,4.00,13889.00,29.00,37.00,8.00,5.00,4.00,1.00,89.19,94.23,74.00,6,0,2024-02-03,1430.42,1535.38,0.40,0.60,1447.61,1518.19
10039,46,17,W,4.00,12857.00,24.00,47.00,3.00,5.00,4.00,4.00,3.00,12560.00,12.00,20.00,7.00,-4.00,2.00,1.00,85.00,91.49,74.00,6,0,2024-02-03,1514.61,1499.71,0.45,0.55,1491.13,1523.19
10596,443,29,L,7.00,11938.00,20.00,22.00,4.00,-12.00,7.00,5.00,9.00,14334.00,12.00,31.00,6.00,12.00,8.00,5.00,70.97,68.18,84.00,1,0,2024-02-06,1384.18,1548.77,0.31,0.69,1397.57,1535.38
10598,452,239,W,5.00,11902.00,12.00,23.00,1.00,5.00,5.00,5.00,3.00,12129.00,11.00,30.00,5.00,-5.00,2.00,2.00,90.00,78.26,84.00,1,1,2024-02-06,1491.97,1499.36,0.42,0.58,1466.95,1524.38
10601,490,438,W,5.00,12654.00,6.00,16.00,6.00,2.00,3.00,1.00,4.00,12414.00,12.00,29.00,0.00,3.00,1.00,1.00,86.21,68.75,84.00,1,2,2024-02-06,1434.71,1315.23,0.62,0.38,1418.48,1331.46
10602,402,189,W,4.00,12125.00,26.00,20.00,4.00,9.00,4.00,1.00,2.00,13116.00,12.00,22.00,5.00,-9.00,0.00,0.00,90.91,,84.00,1,2,2024-02-06,1409.50,1223.43,0.72,0.28,1397.35,1235.58
10603,24,44,L,5.00,12401.00,22.00,25.00,1.00,-4.00,0.00,0.00,6.00,12464.00,10.00,23.00,8.00,4.00,5.00,0.00,73.91,80.00,84.00,1,2,2024-02-06,1277.15,1301.04,0.53,0.47,1300.00,1278.20
10608,332,566,L,5.00,12435.00,23.00,36.00,12.00,-30.00,5.00,1.00,9.00,12526.00,25.00,22.00,1.00,25.00,5.00,0.00,,86.11,84.00,1,3,2024-02-06,1134.88,1145.29,0.55,0.45,1158.68,1121.50
10609,405,489,W,7.00,12408.00,23.00,41.00,3.00,25.00,6.00,2.00,1.00,12245.00,7.00,8.00,5.00,-22.00,1.00,0.00,87.50,82.93,84.00,1,3,2024-02-06,1206.10,1162.98,0.50,0.50,1184.61,1184.47
10611,565,411,W,3.00,12593.00,24.00,35.00,4.00,5.00,2.00,1.00,2.00,12560.00,13.00,29.00,8.00,-4.00,2.00,1.00,93.10,91.43,84.00,1,3,2024-02-06,1213.95,1058.67,0.68,0.32,1200.00,1072.62
10612,545,375,L,0.00,11503.00,8.00,8.00,5.00,-64.00,0.00,0.00,8.00,11752.00,24.00,31.00,1.00,35.00,5.00,0.00,74.19,100.00,84.00,1,4,2024-02-06,911.25,1099.54,0.28,0.72,923.28,1087.50
10613,501,449,W,7.00,11863.00,26.00,23.00,5.00,2.00,4.00,3.00,6.00,12269.00,15.00,16.00,3.00,-3.00,2.00,0.00,62.50,69.57,84.00,1,4,2024-02-06,991.62,990.34,0.43,0.57,967.19,1014.77
10616,567,331,W,9.00,13093.00,24.00,28.00,3.00,44.00,8.00,3.00,0.00,12920.00,18.00,21.00,11.00,-45.00,0.00,0.00,100.00,67.86,84.00,1,2,2024-02-06,1324.64,1326.50,0.43,0.57,1300.00,1351.14
11143,31,393,W,4.00,12448.00,20.00,25.00,4.00,15.00,4.00,0.00,0.00,11182.00,16.00,29.00,0.00,-15.00,0.00,0.00,100.00,,85.00,1,1,2024-02-11,1599.45,1410.56,0.72,0.28,1587.45,1422.56
11145,92,333,W,5.00,12530.00,27.00,21.00,7.00,0.00,4.00,2.00,3.00,9970.00,16.00,23.00,11.00,-1.00,3.00,0.00,86.96,76.19,85.00,1,1,2024-02-11,1593.85,1602.60,0.42,0.58,1568.74,1627.71
11198,335,48,L,1.00,11710.00,11.00,23.00,10.00,-20.00,1.00,0.00,6.00,12163.00,18.00,35.00,7.00,20.00,5.00,0.00,82.86,95.65,86.00,1,1,2024-02-11,1351.09,1496.51,0.34,0.66,1365.65,1481.95
11213,44,438,L,4.00,12518.00,22.00,30.00,5.00,-5.00,3.00,1.00,6.00,12588.00,15.00,25.00,6.00,5.00,5.00,3.00,76.00,86.67,86.00,1,2,2024-02-11,1280.42,1335.86,0.48,0.52,1301.04,1315.23
11219,570,502,W,7.00,12715.00,28.00,33.00,4.00,23.00,6.00,0.00,4.00,12623.00,10.00,16.00,4.00,-25.00,2.00,0.00,,78.79,86.00,1,4,2024-02-11,1107.90,1183.05,0.32,0.68,1078.50,1212.45
11225,489,451,W,4.00,11594.00,18.00,20.00,10.00,15.00,4.00,1.00,1.00,11921.00,20.00,31.00,3.00,-15.00,0.00,0.00,96.77,80.00,86.00,1,6,2024-02-11,1174.24,971.75,0.74,0.26,1162.98,983.01
9061,29,46,W,10.00,13677.00,22.00,23.00,1.00,30.00,9.00,1.00,4.00,12999.00,16.00,52.00,7.00,-30.00,2.00,1.00,92.31,56.52,74.00,1,0,2024-02-17,1568.16,1495.22,0.55,0.45,1548.77,1514.61
9079,505,49,L,3.00,12874.00,22.00,28.00,8.00,-5.00,1.00,0.00,4.00,11418.00,16.00,41.00,4.00,5.00,4.00,0.00,90.24,89.29,74.00,1,0,2024-02-17,1430.40,1646.38,0.25,0.75,1440.96,1635.81
9798,333,452,W,5.00,13226.00,25.00,29.00,6.00,5.00,5.00,3.00,4.00,13794.00,21.00,34.00,5.00,-5.00,4.00,1.00,88.24,82.76,74.00,1,1,2024-02-17,1617.48,1477.10,0.65,0.35,1602.60,1491.97
9799,494,92,L,2.00,12197.00,31.00,35.00,6.00,-5.00,2.00,2.00,3.00,0.00,0.00,0.00,0.00,4.00,2.00,1.00,-inf,94.29,74.00,1,1,2024-02-17,1453.90,1607.89,0.33,0.67,1467.93,1593.85
9870,65,54,L,1.00,13523.00,21.00,30.00,7.00,-16.00,1.00,1.00,4.00,12621.00,18.00,19.00,4.00,15.00,1.00,0.00,78.95,96.67,75.00,1,3,2024-02-17,1136.54,1277.89,0.34,0.66,1151.36,1263.07
9872,215,406,L,4.00,12179.00,26.00,32.00,9.00,-5.00,4.00,1.00,5.00,12857.00,20.00,39.00,10.00,5.00,3.00,2.00,87.18,,75.00,1,3,2024-02-17,1058.78,1095.55,0.51,0.49,1080.72,1073.61
9873,61,404,L,2.00,12414.00,22.00,18.00,7.00,-15.00,1.00,0.00,5.00,0.00,17.00,20.00,10.00,15.00,4.00,3.00,75.00,88.89,75.00,1,3,2024-02-17,967.61,1045.10,0.44,0.56,986.69,1026.02
9897,63,409,W,7.00,12918.00,16.00,28.00,11.00,15.00,7.00,1.00,3.00,13068.00,24.00,36.00,8.00,-13.00,3.00,2.00,91.67,,82.00,1,0,2024-02-17,1409.30,1619.49,0.16,0.84,1373.38,1655.40
9898,335,12,L,1.00,12796.00,23.00,32.00,10.00,-25.00,1.00,0.00,6.00,12789.00,17.00,29.00,7.00,24.00,6.00,2.00,79.31,96.88,82.00,1,0,2024-02-17,1324.41,1292.45,0.62,0.38,1351.09,1265.77
9930,214,48,L,6.00,12792.00,17.00,20.00,9.00,-26.00,4.00,2.00,9.00,12803.00,17.00,31.00,3.00,24.00,6.00,2.00,70.97,70.00,75.00,1,1,2024-02-17,1305.76,1507.79,0.26,0.74,1317.05,1496.51
9931,498,53,L,4.00,12885.00,21.00,48.00,7.00,-10.00,4.00,2.00,5.00,10432.00,15.00,27.00,2.00,10.00,5.00,1.00,81.48,91.67,75.00,1,1,2024-02-17,1355.36,1291.35,0.67,0.33,1384.09,1262.62
9932,402,331,W,7.00,10796.00,26.00,27.00,2.00,15.00,7.00,2.00,1.00,7264.00,10.00,16.00,8.00,-15.00,1.00,1.00,93.75,74.07,75.00,1,1,2024-02-17,1425.96,1310.04,0.62,0.38,1409.50,1326.50
9933,329,44,L,1.00,12007.00,27.00,28.00,6.00,-5.00,1.00,0.00,2.00,13108.00,15.00,25.00,7.00,5.00,2.00,1.00,92.00,96.43,75.00,1,1,2024-02-17,1321.59,1306.00,0.59,0.41,1347.17,1280.42
9934,544,431,L,1.00,13341.00,5.00,4.00,7.00,-34.00,1.00,0.00,10.00,11986.00,19.00,45.00,2.00,39.00,7.00,2.00,77.78,75.00,75.00,1,4,2024-02-17,966.35,1186.91,0.24,0.76,976.68,1176.58
9078,442,29,L,6.00,13326.00,22.00,36.00,8.00,-15.00,4.00,1.00,10.00,8812.00,14.00,29.00,10.00,15.00,10.00,6.00,65.52,83.33,74.00,1,0,2024-02-18,1417.02,1581.56,0.31,0.69,1430.42,1568.16
9080,447,1,L,4.00,12705.00,19.00,32.00,9.00,-21.00,2.00,2.00,9.00,13270.00,18.00,39.00,7.00,20.00,8.00,4.00,76.92,87.50,74.00,1,0,2024-02-18,1312.89,1606.49,0.17,0.83,1320.07,1599.31
9081,17,56,L,1.00,13018.00,25.00,26.00,8.00,-30.00,0.00,0.00,9.00,12665.00,27.00,33.00,5.00,30.00,9.00,5.00,72.73,96.15,74.00,1,0,2024-02-18,1481.43,1570.36,0.43,0.57,1499.71,1552.07
9792,129,405,W,7.00,12694.00,4.00,23.00,3.00,30.00,2.00,0.00,2.00,11560.00,5.00,15.00,0.00,-31.00,1.00,0.00,86.67,,75.00,1,2,2024-02-18,1225.27,1184.45,0.50,0.50,1203.62,1206.10
9797,92,15,L,1.00,11447.00,20.00,21.00,1.00,-20.00,1.00,0.00,3.00,12732.00,18.00,28.00,5.00,15.00,3.00,1.00,89.29,95.24,74.00,1,1,2024-02-18,1573.89,1411.09,0.79,0.21,1607.89,1377.10
9862,443,410,W,5.00,13390.00,21.00,21.00,11.00,0.00,4.00,0.00,4.00,12998.00,16.00,19.00,3.00,-1.00,3.00,1.00,78.95,76.19,82.00,1,1,2024-02-18,1399.16,1260.39,0.65,0.35,1384.18,1275.37
9864,379,208,L,3.00,13898.00,17.00,33.00,12.00,2.00,3.00,1.00,4.00,14063.00,10.00,23.00,0.00,-2.00,3.00,1.00,82.61,90.91,82.00,1,1,2024-02-18,1330.78,1420.31,0.42,0.58,1349.02,1402.07
9869,446,104,L,3.00,13006.00,26.00,38.00,11.00,-10.00,2.00,0.00,6.00,13184.00,17.00,25.00,15.00,10.00,5.00,0.00,,92.11,75.00,1,3,2024-02-18,1189.10,1179.29,0.59,0.41,1214.29,1154.10
9871,445,398,L,4.00,13161.00,17.00,17.00,16.00,-16.00,1.00,0.00,7.00,13065.00,32.00,38.00,7.00,15.00,4.00,1.00,81.58,76.47,75.00,1,3,2024-02-18,965.95,1301.80,0.13,0.87,971.71,1296.04
9896,111,440,W,4.00,13102.00,26.00,47.00,11.00,15.00,3.00,0.00,2.00,13204.00,22.00,29.00,8.00,-15.00,2.00,1.00,93.10,91.49,82.00,1,0,2024-02-18,1464.34,1437.31,0.47,0.53,1441.72,1459.94
9928,497,189,L,1.00,13052.00,11.00,14.00,13.00,-40.00,0.00,0.00,10.00,13189.00,18.00,45.00,4.00,40.00,7.00,1.00,,92.86,75.00,1,1,2024-02-18,1451.62,1258.69,0.82,0.18,1486.88,1223.43
9929,23,22,W,5.00,13460.00,19.00,44.00,2.00,15.00,4.00,1.00,0.00,13047.00,12.00,26.00,13.00,-15.00,0.00,0.00,100.00,88.64,75.00,1,1,2024-02-18,1354.92,1307.43,0.51,0.49,1333.73,1328.62
9935,411,400,W,9.00,11053.00,14.00,22.00,1.00,25.00,8.00,4.00,2.00,10823.00,11.00,19.00,3.00,-26.00,2.00,1.00,,59.09,75.00,1,4,2024-02-18,1070.83,884.91,0.72,0.28,1058.67,897.07
9936,130,546,W,6.00,10445.00,10.00,19.00,0.00,10.00,4.00,0.00,3.00,12609.00,4.00,21.00,4.00,-10.00,2.00,0.00,85.71,68.42,75.00,1,4,2024-02-18,1054.43,957.65,0.59,0.41,1036.69,975.40
9937,408,336,L,2.00,12815.00,25.00,27.00,3.00,-24.00,1.00,1.00,7.00,12903.00,14.00,30.00,17.00,24.00,3.00,0.00,76.67,92.59,75.00,1,1,2024-02-18,1441.12,1353.68,0.70,0.30,1471.24,1323.56
9938,499,502,W,4.00,11331.00,12.00,14.00,9.00,-1.00,4.00,1.00,2.00,11949.00,10.00,17.00,1.00,0.00,2.00,1.00,88.24,71.43,75.00,1,4,2024-02-18,1107.13,1155.32,0.36,0.64,1079.39,1183.05
9939,500,439,L,3.00,13062.00,14.00,21.00,5.00,-20.00,2.00,1.00,8.00,13679.00,29.00,30.00,5.00,20.00,8.00,6.00,73.33,85.71,75.00,1,4,2024-02-18,986.16,978.98,0.58,0.42,1011.17,953.97
9940,216,176,L,1.00,12339.00,19.00,26.00,5.00,-10.00,1.00,0.00,2.00,7279.00,12.00,19.00,8.00,10.00,2.00,0.00,89.47,96.15,75.00,1,4,2024-02-18,1028.01,983.06,0.64,0.36,1055.53,955.54
9941,332,375,W,6.00,12929.00,16.00,26.00,2.00,5.00,4.00,2.00,4.00,13565.00,18.00,16.00,14.00,-5.00,4.00,1.00,75.00,76.92,75.00,1,4,2024-02-18,1154.20,1080.22,0.55,0.45,1134.88,1099.54
9942,453,449,L,3.00,12759.00,10.00,19.00,3.00,8.00,2.00,0.00,5.00,12323.00,25.00,21.00,3.00,-10.00,2.00,0.00,76.19,84.21,75.00,1,5,2024-02-18,712.15,997.82,0.17,0.83,719.63,990.34
9060,1,49,L,1.00,12859.00,22.00,27.00,6.00,0.00,1.00,1.00,5.00,12705.00,19.00,36.00,9.00,0.00,3.00,1.00,86.11,96.30,74.00,1,0,2024-02-24,1587.45,1665.42,0.44,0.56,1606.49,1646.38
9067,29,17,W,8.00,13621.00,18.00,34.00,2.00,6.00,7.00,5.00,4.00,12863.00,15.00,33.00,4.00,-5.00,4.00,0.00,87.88,76.47,74.00,1,0,2024-02-24,1597.03,1465.96,0.64,0.36,1581.56,1481.43
9796,15,333,W,6.00,13186.00,21.00,36.00,6.00,19.00,6.00,2.00,3.00,13384.00,27.00,20.00,4.00,-21.00,3.00,0.00,85.00,83.33,74.00,1,1,2024-02-24,1444.05,1584.52,0.23,0.77,1411.09,1617.48
9851,63,506,L,3.00,12766.00,19.00,37.00,12.00,-4.00,3.00,2.00,4.00,12279.00,19.00,39.00,10.00,4.00,4.00,2.00,89.74,91.89,82.00,1,0,2024-02-24,1392.23,1499.09,0.40,0.60,1409.30,1482.03
9852,12,440,L,3.00,12634.00,31.00,33.00,3.00,-15.00,3.00,1.00,6.00,12496.00,16.00,35.00,15.00,15.00,4.00,4.00,82.86,,82.00,1,0,2024-02-24,1279.43,1450.33,0.30,0.70,1292.45,1437.31
9853,191,409,W,3.00,12783.00,22.00,37.00,1.00,5.00,3.00,1.00,1.00,6394.00,6.00,11.00,5.00,-5.00,1.00,1.00,90.91,91.89,82.00,1,0,2024-02-24,1621.44,1596.70,0.47,0.53,1598.65,1619.49
9865,410,379,L,3.00,12927.00,26.00,34.00,10.00,-1.00,2.00,1.00,4.00,13329.00,18.00,28.00,19.00,0.00,4.00,1.00,85.71,91.18,82.00,1,1,2024-02-24,1243.19,1347.98,0.40,0.60,1260.39,1330.78
9944,498,402,W,6.00,14239.00,29.00,47.00,7.00,-3.00,3.00,2.00,5.00,13467.00,18.00,28.00,9.00,5.00,4.00,1.00,82.14,87.23,75.00,1,1,2024-02-24,1381.17,1400.15,0.40,0.60,1355.36,1425.96
9950,445,406,L,4.00,13120.00,18.00,15.00,6.00,-8.00,3.00,0.00,5.00,13595.00,31.00,52.00,3.00,8.00,4.00,2.00,90.38,,75.00,1,3,2024-02-24,952.12,1109.39,0.32,0.68,965.95,1095.55
9951,215,65,W,8.00,13156.00,21.00,26.00,18.00,19.00,2.00,1.00,7.00,13805.00,29.00,39.00,8.00,-20.00,5.00,4.00,82.05,69.23,75.00,1,3,2024-02-24,1085.02,1110.31,0.39,0.61,1058.78,1136.54
9956,501,453,L,1.00,13208.00,26.00,24.00,3.00,-15.00,0.00,0.00,5.00,12902.00,17.00,30.00,9.00,15.00,2.00,0.00,83.33,95.83,75.00,1,5,2024-02-24,955.79,747.98,0.83,0.17,991.62,712.15
9062,505,56,L,2.00,13501.00,14.00,29.00,5.00,-35.00,2.00,2.00,9.00,14376.00,16.00,40.00,4.00,35.00,9.00,4.00,77.50,93.10,74.00,1,0,2024-02-25,1417.12,1583.64,0.31,0.69,1430.40,1570.36
9083,447,442,W,6.00,12339.00,14.00,30.00,1.00,17.00,5.00,1.00,2.00,12045.00,19.00,35.00,6.00,-17.00,2.00,2.00,94.29,80.00,74.00,1,0,2024-02-25,1340.64,1389.26,0.35,0.65,1312.89,1417.02
9689,15,396,L,3.00,6249.00,16.00,32.00,6.00,-25.00,3.00,1.00,5.00,5322.00,4.00,19.00,5.00,24.00,3.00,1.00,73.68,90.62,74.00,1,1,2024-02-25,1418.91,1409.84,0.58,0.42,1444.05,1384.70
9794,35,92,W,9.00,13358.00,22.00,35.00,8.00,30.00,7.00,2.00,1.00,12518.00,21.00,23.00,6.00,-30.00,1.00,0.00,95.65,74.29,74.00,1,1,2024-02-25,1517.60,1547.36,0.38,0.62,1491.07,1573.89
9866,443,109,W,6.00,12989.00,19.00,31.00,5.00,9.00,4.00,0.00,2.00,12150.00,33.00,27.00,10.00,-9.00,1.00,0.00,92.59,80.65,82.00,1,1,2024-02-25,1417.00,1321.59,0.59,0.41,1399.16,1339.43
9921,191,506,W,5.00,12343.00,15.00,41.00,8.00,10.00,5.00,1.00,2.00,12191.00,15.00,24.00,8.00,-11.00,1.00,1.00,91.67,87.80,82.00,1,0,2024-02-25,1635.66,1484.86,0.67,0.33,1621.44,1499.09
9943,53,189,L,2.00,10269.00,12.00,15.00,6.00,-20.00,2.00,1.00,6.00,10486.00,15.00,29.00,5.00,20.00,6.00,2.00,79.31,86.67,75.00,1,1,2024-02-25,1267.83,1282.20,0.55,0.45,1291.35,1258.69
9945,44,497,D,6.00,12806.00,21.00,18.00,6.00,-40.00,4.00,0.00,6.00,12201.00,18.00,41.00,5.00,20.00,3.00,2.00,85.37,83.33,75.00,1,1,2024-02-25,1314.52,1443.10,0.30,0.70,1306.00,1451.62
9946,331,48,W,4.00,13076.00,25.00,31.00,11.00,13.00,3.00,2.00,1.00,11824.00,18.00,23.00,2.00,-13.00,1.00,0.00,95.65,87.10,75.00,1,1,2024-02-25,1342.61,1475.23,0.24,0.76,1310.04,1507.79
9947,214,22,W,5.00,6365.00,11.00,34.00,5.00,-5.00,4.00,3.00,3.00,5456.00,28.00,48.00,3.00,5.00,2.00,0.00,93.75,85.29,75.00,1,1,2024-02-25,1327.36,1285.83,0.50,0.50,1305.76,1307.43
9948,336,23,W,4.00,12673.00,16.00,27.00,7.00,5.00,4.00,0.00,2.00,12212.00,24.00,32.00,4.00,-5.00,2.00,0.00,93.75,85.19,75.00,1,1,2024-02-25,1375.26,1333.34,0.50,0.50,1353.68,1354.92
9949,61,104,L,2.00,13100.00,11.00,24.00,4.00,-30.00,1.00,0.00,9.00,13281.00,18.00,24.00,3.00,30.00,6.00,2.00,62.50,91.67,75.00,1,3,2024-02-25,957.80,1189.10,0.23,0.77,967.61,1179.29
9952,176,411,W,2.00,13451.00,22.00,22.00,13.00,-2.00,2.00,1.00,1.00,13626.00,31.00,34.00,4.00,2.00,1.00,1.00,97.06,90.91,75.00,1,4,2024-02-25,1009.88,1044.01,0.38,0.62,983.06,1070.83
9953,439,502,W,7.00,12311.00,20.00,22.00,8.00,30.00,6.00,1.00,2.00,13302.00,19.00,26.00,6.00,-32.00,1.00,0.00,92.31,68.18,75.00,1,4,2024-02-25,1010.54,1123.76,0.27,0.73,978.98,1155.32
9954,408,329,W,2.00,12867.00,31.00,32.00,6.00,9.00,2.00,0.00,0.00,12371.00,18.00,21.00,6.00,-10.00,0.00,0.00,100.00,93.75,75.00,1,1,2024-02-25,1455.50,1307.21,0.67,0.33,1441.12,1321.59
9955,544,130,L,1.00,13554.00,3.00,5.00,18.00,-26.00,1.00,0.00,8.00,12058.00,28.00,43.00,1.00,30.00,4.00,1.00,81.40,80.00,75.00,1,4,2024-02-25,950.19,1070.60,0.38,0.62,966.35,1054.43
9961,375,216,L,2.00,12160.00,19.00,24.00,4.00,-6.00,2.00,0.00,3.00,11965.00,22.00,26.00,5.00,11.00,2.00,0.00,88.46,,75.00,1,4,2024-02-25,1055.51,1052.72,0.57,0.43,1080.22,1028.01
9962,499,431,W,2.00,13079.00,12.00,29.00,4.00,3.00,1.00,0.00,1.00,12707.00,18.00,22.00,3.00,-6.00,1.00,0.00,95.45,93.10,75.00,1,4,2024-02-25,1133.48,1160.56,0.39,0.61,1107.13,1186.91
9815,46,555,W,5.00,12597.00,28.00,46.00,7.00,20.00,5.00,4.00,3.00,12374.00,16.00,33.00,10.00,-19.00,3.00,2.00,90.91,89.13,74.00,1,0,2024-02-28,1521.50,1547.47,0.39,0.61,1495.22,1573.75
9708,23,48,L,3.00,12636.00,26.00,27.00,9.00,-21.00,3.00,0.00,8.00,12330.00,18.00,28.00,8.00,21.00,6.00,2.00,71.43,88.89,75.00,1,1,2024-03-02,1320.16,1488.40,0.31,0.69,1333.34,1475.23
9712,329,498,L,2.00,12852.00,25.00,36.00,14.00,-10.00,2.00,0.00,4.00,13171.00,33.00,25.00,8.00,9.00,4.00,1.00,84.00,94.44,75.00,1,1,2024-03-02,1290.21,1398.17,0.40,0.60,1307.21,1381.17
9714,408,44,W,7.00,12337.00,28.00,33.00,6.00,24.00,6.00,1.00,2.00,12969.00,20.00,28.00,9.00,-24.00,2.00,0.00,92.86,78.79,75.00,1,1,2024-03-02,1468.72,1301.29,0.69,0.31,1455.50,1314.52
9720,38,207,L,4.00,12525.00,11.00,26.00,2.00,-2.00,4.00,1.00,5.00,10409.00,13.00,21.00,3.00,0.00,4.00,2.00,76.19,84.62,75.00,1,2,2024-03-02,1054.09,1260.43,0.26,0.74,1065.15,1249.37
9817,335,440,L,2.00,12499.00,17.00,28.00,5.00,-10.00,1.00,0.00,6.00,12492.00,13.00,30.00,5.00,9.00,5.00,2.00,80.00,92.86,82.00,1,0,2024-03-02,1310.38,1464.37,0.33,0.67,1324.41,1450.33
9828,332,176,L,2.00,12831.00,23.00,30.00,3.00,0.00,1.00,0.00,3.00,10545.00,12.00,22.00,6.00,-1.00,1.00,0.00,86.36,93.33,75.00,1,4,2024-03-02,1124.25,1039.83,0.70,0.30,1154.20,1009.88
9829,502,544,W,14.00,12596.00,29.00,48.00,2.00,65.00,9.00,4.00,1.00,13500.00,3.00,6.00,9.00,-54.00,1.00,1.00,83.33,70.83,75.00,1,4,2024-03-02,1135.33,938.61,0.73,0.27,1123.76,950.19
9830,216,400,L,2.00,12549.00,30.00,29.00,7.00,0.00,1.00,0.00,4.00,12370.00,13.00,30.00,12.00,-1.00,2.00,0.00,86.67,93.10,75.00,1,4,2024-03-02,1021.57,916.06,0.72,0.28,1052.72,884.91
9832,439,411,W,4.00,12907.00,25.00,29.00,10.00,20.00,4.00,1.00,2.00,13113.00,20.00,22.00,5.00,-20.00,0.00,0.00,90.91,86.21,75.00,1,4,2024-03-02,1034.11,1020.45,0.45,0.55,1010.54,1044.01
9854,111,191,L,0.00,13029.00,10.00,13.00,13.00,-20.00,0.00,0.00,4.00,13228.00,26.00,37.00,10.00,20.00,4.00,0.00,89.19,100.00,82.00,1,0,2024-03-03,1452.66,1647.34,0.27,0.73,1464.34,1635.66
9858,556,506,W,3.00,12785.00,23.00,33.00,5.00,3.00,2.00,1.00,2.00,12221.00,24.00,27.00,5.00,-5.00,2.00,0.00,92.59,90.91,82.00,1,0,2024-03-03,1514.04,1463.87,0.51,0.49,1493.05,1484.86
9926,443,208,W,2.00,12477.00,29.00,35.00,4.00,-1.00,0.00,0.00,1.00,11706.00,19.00,28.00,13.00,0.00,0.00,0.00,96.43,94.29,82.00,1,1,2024-03-03,1438.70,1398.61,0.50,0.50,1417.00,1420.31
9927,379,496,W,4.00,12026.00,26.00,33.00,8.00,5.00,3.00,0.00,2.00,12736.00,22.00,35.00,14.00,-5.00,2.00,0.00,94.29,87.88,82.00,1,1,2024-03-03,1377.28,1450.75,0.32,0.68,1347.98,1480.05
10004,404,445,W,5.00,12825.00,23.00,30.00,3.00,19.00,4.00,1.00,2.00,12203.00,17.00,11.00,5.00,-19.00,2.00,0.00,81.82,83.33,75.00,1,3,2024-03-03,1060.98,936.24,0.63,0.37,1045.10,952.12
10007,449,545,W,4.00,13193.00,24.00,32.00,3.00,10.00,1.00,0.00,2.00,13206.00,15.00,21.00,12.00,-10.00,0.00,0.00,90.48,87.50,75.00,1,5,2024-03-03,1014.07,895.00,0.62,0.38,997.82,911.25
10009,214,189,L,3.00,13106.00,20.00,16.00,8.00,-25.00,3.00,1.00,9.00,12569.00,21.00,36.00,5.00,25.00,8.00,0.00,75.00,81.25,75.00,1,1,2024-03-03,1303.09,1306.48,0.56,0.44,1327.36,1282.20
10010,22,44,L,3.00,11802.00,21.00,35.00,7.00,-3.00,3.00,1.00,4.00,12892.00,23.00,38.00,8.00,3.00,2.00,1.00,89.47,91.43,75.00,1,1,2024-03-03,1265.29,1321.84,0.48,0.52,1285.83,1301.29
10011,408,48,W,7.00,12822.00,10.00,30.00,5.00,25.00,6.00,2.00,1.00,12619.00,13.00,27.00,2.00,-25.00,1.00,1.00,96.30,,75.00,1,1,2024-03-03,1491.44,1465.69,0.47,0.53,1468.72,1488.40
10015,500,546,W,4.00,13289.00,19.00,35.00,6.00,10.00,4.00,1.00,2.00,12516.00,14.00,15.00,6.00,-11.00,0.00,0.00,86.67,88.57,75.00,1,4,2024-03-03,1005.90,937.91,0.54,0.46,986.16,957.65
10017,130,332,W,6.00,12835.00,30.00,20.00,8.00,24.00,2.00,0.00,0.00,13042.00,29.00,29.00,6.00,-25.00,0.00,0.00,100.00,70.00,75.00,1,4,2024-03-03,1095.39,1099.46,0.42,0.58,1070.60,1124.25
10018,375,544,W,9.00,13109.00,38.00,47.00,1.00,40.00,8.00,2.00,1.00,11917.00,3.00,7.00,6.00,-36.00,0.00,0.00,85.71,80.85,75.00,1,4,2024-03-03,1070.04,924.09,0.66,0.34,1055.51,938.61
10021,38,438,W,9.00,12582.00,18.00,25.00,3.00,29.00,5.00,0.00,2.00,12968.00,23.00,30.00,6.00,-31.00,2.00,0.00,93.33,,75.00,6,2,2024-03-03,1090.00,1299.95,0.16,0.84,1054.09,1335.86
10022,491,205,L,0.00,13043.00,32.00,26.00,6.00,-15.00,0.00,0.00,3.00,11787.00,17.00,15.00,6.00,13.00,3.00,1.00,80.00,100.00,75.00,6,2,2024-03-03,1184.14,1318.77,0.35,0.65,1199.38,1303.53
10024,207,269,W,5.00,12596.00,20.00,20.00,5.00,0.00,3.00,0.00,3.00,12755.00,23.00,32.00,12.00,-1.00,3.00,0.00,90.62,75.00,75.00,6,2,2024-03-03,1281.59,1233.71,0.51,0.49,1260.43,1254.87
10025,15,35,L,5.00,11828.00,12.00,25.00,8.00,5.00,4.00,1.00,6.00,12174.00,23.00,35.00,6.00,-5.00,5.00,4.00,82.86,80.00,74.00,6,1,2024-03-03,1403.36,1533.15,0.36,0.64,1418.91,1517.60
10026,396,31,L,2.00,12187.00,15.00,33.00,2.00,-10.00,2.00,1.00,4.00,11404.00,17.00,25.00,0.00,10.00,4.00,2.00,84.00,93.94,74.00,6,1,2024-03-03,1399.03,1610.26,0.25,0.75,1409.84,1599.45
10027,92,494,L,0.00,13535.00,15.00,20.00,5.00,-20.00,0.00,0.00,4.00,12240.00,15.00,32.00,4.00,20.00,3.00,1.00,87.50,100.00,74.00,6,1,2024-03-03,1520.21,1481.05,0.63,0.37,1547.36,1453.90
10029,333,452,L,2.00,13263.00,10.00,34.00,10.00,-10.00,2.00,2.00,4.00,13423.00,26.00,36.00,2.00,10.00,4.00,2.00,88.89,94.12,74.00,6,1,2024-03-03,1556.58,1505.04,0.65,0.35,1584.52,1477.10
10038,1,49,L,1.00,12454.00,14.00,31.00,9.00,-6.00,1.00,1.00,4.00,12822.00,23.00,44.00,4.00,5.00,4.00,2.00,90.91,96.77,74.00,6,0,2024-03-03,1570.69,1682.17,0.39,0.61,1587.45,1665.42
10040,46,17,L,4.00,13005.00,17.00,38.00,5.00,-21.00,4.00,3.00,6.00,12481.00,23.00,44.00,7.00,19.00,6.00,4.00,86.36,89.47,74.00,6,0,2024-03-03,1496.59,1490.87,0.58,0.42,1521.50,1465.96
11100,1,505,W,4.00,12304.00,24.00,26.00,8.00,0.00,4.00,3.00,3.00,13353.00,22.00,30.00,8.00,0.00,3.00,1.00,90.00,,85.00,1,0,2024-03-11,1583.27,1404.55,0.71,0.29,1570.69,1417.12
11101,564,447,L,3.00,11903.00,8.00,26.00,8.00,-4.00,3.00,3.00,6.00,12938.00,18.00,37.00,2.00,4.00,6.00,2.00,83.78,88.46,85.00,1,0,2024-03-11,1440.39,1369.77,0.68,0.32,1469.52,1340.64
11102,580,56,L,4.00,13912.00,45.00,38.00,5.00,0.00,4.00,1.00,6.00,13909.00,10.00,19.00,6.00,0.00,6.00,4.00,68.42,89.47,85.00,1,0,2024-03-11,1498.03,1600.97,0.40,0.60,1515.36,1583.64
11103,578,442,W,8.00,13086.00,29.00,43.00,2.00,19.00,8.00,4.00,3.00,12305.00,15.00,30.00,11.00,-20.00,2.00,1.00,90.00,81.40,85.00,1,0,2024-03-11,1514.87,1374.39,0.65,0.35,1500.00,1389.26
11104,49,29,L,3.00,11809.00,17.00,51.00,7.00,-28.00,3.00,1.00,8.00,13702.00,26.00,36.00,6.00,25.00,5.00,4.00,77.78,94.12,85.00,1,0,2024-03-11,1655.51,1623.70,0.62,0.38,1682.17,1597.03
11105,46,4,W,5.00,11924.00,17.00,28.00,3.00,20.00,5.00,2.00,1.00,13049.00,14.00,25.00,4.00,-20.00,1.00,0.00,96.00,82.14,85.00,1,0,2024-03-11,1511.28,1367.86,0.66,0.34,1496.59,1382.55
11138,452,579,W,5.00,13458.00,22.00,30.00,5.00,4.00,4.00,1.00,2.00,12097.00,16.00,37.00,8.00,-6.00,2.00,1.00,94.59,83.33,85.00,1,1,2024-03-11,1520.23,1384.81,0.65,0.35,1505.04,1400.00
11144,610,396,W,4.00,12806.00,13.00,28.00,13.00,-1.00,3.00,3.00,2.00,12480.00,20.00,28.00,2.00,-2.00,2.00,1.00,92.86,85.71,85.00,1,1,2024-03-11,1403.11,1376.38,0.47,0.53,1380.46,1399.03
11199,408,410,W,3.00,0.00,0.00,0.00,0.00,8.00,1.00,0.00,2.00,12481.00,16.00,22.00,9.00,-9.00,1.00,0.00,90.91,-inf,86.00,1,1,2024-03-11,1499.75,1234.88,0.81,0.19,1491.44,1243.19
11200,22,207,W,7.00,12414.00,17.00,33.00,6.00,14.00,5.00,3.00,3.00,12803.00,27.00,24.00,9.00,-15.00,3.00,1.00,87.50,78.79,86.00,1,2,2024-03-11,1287.79,1259.08,0.48,0.52,1265.29,1281.59
11201,336,189,L,6.00,12273.00,23.00,27.00,8.00,-21.00,3.00,1.00,9.00,13090.00,11.00,22.00,4.00,19.00,6.00,1.00,59.09,77.78,86.00,1,2,2024-03-11,1349.56,1332.19,0.60,0.40,1375.26,1306.48
11202,329,214,W,6.00,13199.00,31.00,44.00,9.00,24.00,6.00,3.00,1.00,12881.00,17.00,14.00,7.00,-25.00,1.00,1.00,,86.36,86.00,1,2,2024-03-11,1312.51,1280.79,0.48,0.52,1290.21,1303.09
11203,129,26,W,3.00,12570.00,15.00,13.00,9.00,5.00,2.00,2.00,1.00,12677.00,22.00,24.00,3.00,-5.00,1.00,0.00,95.83,76.92,86.00,1,3,2024-03-11,1248.44,1229.16,0.46,0.54,1225.27,1252.33
11204,491,569,L,0.00,12620.00,17.00,26.00,10.00,-20.00,0.00,0.00,5.00,11283.00,30.00,39.00,7.00,20.00,4.00,3.00,87.18,100.00,86.00,1,3,2024-03-11,1163.62,1220.52,0.48,0.52,1184.14,1200.00
11206,397,8,W,5.00,12485.00,21.00,25.00,11.00,19.00,4.00,0.00,3.00,12472.00,14.00,19.00,4.00,-20.00,2.00,1.00,84.21,80.00,86.00,1,3,2024-03-11,1273.25,1140.40,0.64,0.36,1257.89,1155.76
11207,205,269,L,1.00,12610.00,15.00,24.00,16.00,-25.00,1.00,1.00,7.00,12189.00,19.00,46.00,6.00,25.00,6.00,3.00,84.78,95.83,86.00,1,3,2024-03-11,1292.11,1260.37,0.62,0.38,1318.77,1233.71
11211,411,130,L,2.00,12562.00,5.00,15.00,4.00,-5.00,1.00,1.00,4.00,12092.00,19.00,14.00,3.00,5.00,3.00,1.00,71.43,86.67,86.00,1,5,2024-03-11,1003.51,1112.32,0.39,0.61,1020.45,1095.39
11212,439,398,W,3.00,11759.00,16.00,18.00,3.00,3.00,1.00,1.00,2.00,13151.00,17.00,19.00,4.00,-3.00,1.00,0.00,89.47,83.33,86.00,1,5,2024-03-11,1069.52,1266.39,0.18,0.82,1034.11,1301.80
11216,215,574,W,5.00,12222.00,10.00,15.00,5.00,17.00,2.00,0.00,2.00,11653.00,23.00,13.00,1.00,-19.00,2.00,2.00,84.62,66.67,86.00,1,5,2024-03-11,1101.36,983.66,0.62,0.38,1085.02,1000.00
11217,176,375,W,5.00,947.00,12.00,24.00,3.00,-10.00,4.00,3.00,4.00,11673.00,18.00,27.00,3.00,10.00,4.00,3.00,85.19,79.17,86.00,1,5,2024-03-11,1063.20,1046.67,0.46,0.54,1039.83,1070.04
11218,499,445,W,9.00,13107.00,9.00,32.00,0.00,35.00,5.00,2.00,1.00,12289.00,14.00,11.00,2.00,-35.00,1.00,0.00,90.91,71.88,86.00,1,5,2024-03-11,1143.93,925.78,0.76,0.24,1133.48,936.24
11220,584,577,L,0.00,12162.00,23.00,19.00,7.00,-19.00,0.00,0.00,4.00,13397.00,16.00,32.00,4.00,20.00,4.00,1.00,87.50,100.00,86.00,1,4,2024-03-11,1078.50,1121.50,0.50,0.50,1100.00,1100.00
11221,568,406,W,4.00,12394.00,31.00,25.00,4.00,9.00,4.00,3.00,2.00,11375.00,22.00,15.00,12.00,-10.00,1.00,0.00,86.67,84.00,86.00,1,4,2024-03-11,1115.45,1086.87,0.48,0.52,1092.93,1109.39
11224,582,65,W,6.00,11908.00,14.00,31.00,9.00,15.00,4.00,3.00,2.00,11860.00,24.00,28.00,4.00,-15.00,0.00,0.00,92.86,80.65,86.00,1,4,2024-03-11,1143.20,1089.56,0.52,0.48,1122.45,1110.31
11226,401,104,L,1.00,13156.00,13.00,14.00,4.00,-30.00,1.00,1.00,7.00,13173.00,28.00,35.00,4.00,30.00,5.00,4.00,80.00,92.86,86.00,1,6,2024-03-11,902.35,1196.27,0.17,0.83,909.52,1189.10
11227,504,332,L,1.00,11941.00,6.00,10.00,5.00,-30.00,1.00,0.00,10.00,12356.00,20.00,23.00,2.00,29.00,8.00,4.00,56.52,90.00,86.00,1,4,2024-03-11,1149.37,1125.59,0.61,0.39,1175.50,1099.46
10035,56,447,W,7.00,12850.00,26.00,26.00,3.00,20.00,7.00,6.00,2.00,12841.00,14.00,18.00,10.00,-20.00,1.00,0.00,88.89,73.08,74.00,6,0,2024-03-13,1609.95,1360.79,0.79,0.21,1600.97,1369.77
10076,496,109,W,12.00,13085.00,22.00,26.00,7.00,27.00,5.00,1.00,7.00,13619.00,21.00,30.00,5.00,-30.00,7.00,2.00,76.67,53.85,82.00,1,1,2024-03-16,1464.60,1307.74,0.68,0.32,1450.75,1321.59
10120,15,35,L,2.00,12577.00,22.00,21.00,8.00,-10.00,2.00,0.00,4.00,12669.00,25.00,28.00,6.00,10.00,4.00,2.00,85.71,90.48,74.00,6,1,2024-03-16,1389.54,1546.98,0.32,0.68,1403.36,1533.15
10123,92,494,W,1.00,12605.00,18.00,27.00,5.00,5.00,1.00,0.00,0.00,11202.00,18.00,24.00,4.00,-5.00,0.00,0.00,100.00,96.30,74.00,6,1,2024-03-16,1539.30,1461.96,0.56,0.44,1520.21,1481.05
10125,452,333,L,3.00,12091.00,29.00,30.00,2.00,-5.00,3.00,3.00,4.00,13112.00,17.00,35.00,9.00,4.00,4.00,1.00,88.57,90.00,74.00,6,1,2024-03-16,1500.97,1575.84,0.45,0.55,1520.23,1556.58
10126,438,38,W,7.00,10034.00,25.00,24.00,11.00,13.00,7.00,1.00,3.00,12547.00,19.00,32.00,7.00,-16.00,2.00,0.00,90.62,,75.00,6,2,2024-03-16,1309.84,1080.11,0.77,0.23,1299.95,1090.00
10133,329,23,W,3.00,11829.00,15.00,23.00,6.00,10.00,1.00,1.00,1.00,12334.00,19.00,20.00,4.00,-10.00,0.00,0.00,95.00,86.96,75.00,1,1,2024-03-16,1334.48,1298.19,0.49,0.51,1312.51,1320.16
10135,22,498,W,5.00,13329.00,18.00,30.00,4.00,0.00,5.00,0.00,4.00,12161.00,11.00,29.00,3.00,2.00,3.00,0.00,86.21,83.33,75.00,1,1,2024-03-16,1315.90,1370.06,0.35,0.65,1287.79,1398.17
10141,411,502,L,5.00,13446.00,21.00,41.00,6.00,-10.00,5.00,2.00,7.00,12471.00,18.00,24.00,7.00,11.00,6.00,2.00,70.83,,75.00,1,4,2024-03-16,989.80,1149.04,0.32,0.68,1003.51,1135.33
10142,546,332,L,5.00,11905.00,10.00,20.00,10.00,-20.00,5.00,2.00,7.00,11536.00,27.00,34.00,2.00,19.00,4.00,1.00,79.41,,75.00,1,4,2024-03-16,927.01,1136.49,0.25,0.75,937.91,1125.59
10143,400,500,L,4.00,11244.00,22.00,29.00,8.00,-5.00,2.00,0.00,5.00,13161.00,24.00,28.00,17.00,5.00,3.00,2.00,82.14,86.21,75.00,1,4,2024-03-16,899.99,1021.96,0.37,0.63,916.06,1005.90
10144,404,446,L,4.00,13130.00,22.00,26.00,5.00,1.00,2.00,2.00,5.00,13107.00,24.00,25.00,8.00,-2.00,4.00,1.00,80.00,84.62,75.00,6,3,2024-03-16,1047.07,1203.01,0.32,0.68,1060.98,1189.10
10150,448,65,W,7.00,11806.00,14.00,26.00,5.00,5.00,5.00,2.00,3.00,13042.00,20.00,26.00,5.00,-5.00,2.00,0.00,88.46,,75.00,6,3,2024-03-16,1108.69,1067.90,0.50,0.50,1087.04,1089.56
10077,410,496,L,5.00,13092.00,27.00,25.00,9.00,-5.00,5.00,3.00,8.00,12357.00,19.00,31.00,8.00,5.00,7.00,1.00,74.19,80.00,82.00,1,1,2024-03-17,1225.83,1473.65,0.21,0.79,1234.88,1464.60
10078,109,208,W,4.00,12918.00,32.00,30.00,7.00,9.00,3.00,2.00,2.00,12945.00,22.00,22.00,6.00,-11.00,2.00,2.00,90.91,86.67,82.00,1,1,2024-03-17,1334.73,1371.61,0.37,0.63,1307.74,1398.61
10079,379,443,W,2.00,12882.00,16.00,22.00,6.00,0.00,2.00,1.00,1.00,13148.00,19.00,38.00,10.00,0.00,1.00,0.00,97.37,90.91,82.00,1,1,2024-03-17,1402.54,1413.44,0.41,0.59,1377.28,1438.70
10122,396,31,W,7.00,12738.00,6.00,20.00,9.00,25.00,5.00,0.00,4.00,12394.00,16.00,46.00,2.00,-26.00,4.00,2.00,91.30,65.00,74.00,6,1,2024-03-17,1410.50,1576.14,0.21,0.79,1376.38,1610.26
10128,207,269,L,4.00,12582.00,21.00,26.00,5.00,0.00,4.00,1.00,5.00,12748.00,17.00,26.00,7.00,0.00,4.00,0.00,80.77,84.62,75.00,6,2,2024-03-17,1237.66,1281.79,0.50,0.50,1259.08,1260.37
10129,189,48,W,6.00,12902.00,19.00,29.00,5.00,5.00,3.00,1.00,3.00,12352.00,16.00,23.00,6.00,-5.00,2.00,1.00,86.96,79.31,75.00,1,1,2024-03-17,1361.56,1436.31,0.32,0.68,1332.19,1465.69
10130,53,408,L,1.00,12607.00,20.00,24.00,5.00,-10.00,0.00,0.00,3.00,12355.00,20.00,31.00,9.00,10.00,2.00,1.00,90.32,95.83,75.00,1,1,2024-03-17,1258.87,1508.71,0.21,0.79,1267.83,1499.75
10131,63,409,L,4.00,12353.00,16.00,27.00,12.00,-5.00,3.00,0.00,6.00,12659.00,30.00,34.00,8.00,2.00,6.00,2.00,82.35,,82.00,6,0,2024-03-17,1382.10,1606.83,0.24,0.76,1392.23,1596.70
10132,336,497,L,4.00,0.00,0.00,0.00,0.00,-8.00,3.00,1.00,5.00,12241.00,16.00,29.00,6.00,4.00,4.00,1.00,,,75.00,1,1,2024-03-17,1333.71,1458.95,0.37,0.63,1349.56,1443.10
10134,214,331,W,7.00,13488.00,17.00,26.00,9.00,15.00,7.00,5.00,3.00,13139.00,31.00,33.00,1.00,-15.00,1.00,0.00,90.91,73.08,75.00,1,1,2024-03-17,1306.08,1317.32,0.41,0.59,1280.79,1342.61
10140,402,44,L,0.00,11728.00,31.00,22.00,6.00,-5.00,0.00,0.00,1.00,10625.00,8.00,19.00,9.00,5.00,1.00,0.00,94.74,100.00,75.00,1,1,2024-03-17,1373.89,1348.10,0.61,0.39,1400.15,1321.84
10145,333,452,W,5.00,13465.00,24.00,33.00,9.00,10.00,4.00,3.00,3.00,13288.00,19.00,24.00,12.00,-11.00,3.00,0.00,87.50,84.85,74.00,6,1,2024-03-17,1592.77,1484.04,0.61,0.39,1575.84,1500.97
10147,215,104,L,1.00,12104.00,17.00,19.00,11.00,-10.00,1.00,0.00,5.00,12996.00,32.00,32.00,9.00,9.00,4.00,2.00,84.38,94.74,75.00,6,3,2024-03-17,1085.59,1212.04,0.37,0.63,1101.36,1196.27
10119,46,17,L,2.00,13426.00,18.00,36.00,9.00,-15.00,2.00,0.00,5.00,13512.00,23.00,39.00,5.00,15.00,5.00,3.00,87.18,94.44,74.00,6,0,2024-03-20,1488.51,1513.63,0.53,0.47,1511.28,1490.87
10136,191,12,W,7.00,12352.00,23.00,36.00,1.00,18.00,5.00,1.00,3.00,13121.00,8.00,21.00,10.00,-20.00,3.00,1.00,85.71,80.56,82.00,6,0,2024-03-23,1651.96,1274.81,0.89,0.11,1647.34,1279.43
10139,440,556,L,1.00,11658.00,10.00,24.00,7.00,-15.00,1.00,1.00,4.00,11817.00,22.00,41.00,5.00,15.00,4.00,2.00,90.24,95.83,82.00,6,0,2024-03-23,1445.92,1532.49,0.43,0.57,1464.37,1514.04
10148,54,398,L,3.00,11983.00,8.00,20.00,6.00,-5.00,1.00,1.00,4.00,12046.00,15.00,37.00,3.00,5.00,3.00,1.00,89.19,85.00,75.00,6,3,2024-03-23,1255.68,1288.60,0.52,0.48,1277.89,1266.39
10183,396,31,L,1.00,12796.00,17.00,18.00,10.00,-5.00,1.00,1.00,2.00,12574.00,19.00,37.00,5.00,5.00,2.00,0.00,94.59,94.44,74.00,6,1,2024-03-23,1398.54,1588.10,0.28,0.72,1410.50,1576.14
10187,208,109,L,3.00,13329.00,23.00,19.00,14.00,5.00,2.00,0.00,4.00,13985.00,39.00,40.00,6.00,-5.00,3.00,1.00,90.00,84.21,82.00,6,1,2024-03-23,1347.83,1358.51,0.55,0.45,1371.61,1334.73
10188,379,410,W,3.00,12566.00,13.00,23.00,7.00,5.00,2.00,1.00,1.00,12895.00,17.00,30.00,3.00,-6.00,1.00,0.00,96.67,,82.00,6,1,2024-03-23,1413.96,1214.41,0.73,0.27,1402.54,1225.83
10189,544,546,W,5.00,13654.00,19.00,26.00,6.00,2.00,4.00,1.00,4.00,12008.00,21.00,20.00,2.00,-3.00,3.00,0.00,80.00,80.77,75.00,1,4,2024-03-23,945.77,905.33,0.50,0.50,924.09,927.01
10199,26,438,L,1.00,12673.00,25.00,28.00,11.00,-10.00,1.00,0.00,3.00,12660.00,28.00,18.00,14.00,9.00,3.00,1.00,83.33,96.43,75.00,3,2,2024-03-23,1212.57,1326.43,0.39,0.61,1229.16,1309.84
10201,409,63,L,2.00,11747.00,26.00,23.00,2.00,-11.00,0.00,0.00,5.00,11244.00,7.00,30.00,11.00,7.00,2.00,1.00,83.33,91.30,82.00,6,0,2024-03-23,1573.08,1415.85,0.78,0.22,1606.83,1382.10
10203,111,506,W,2.00,14617.00,24.00,32.00,7.00,-5.00,1.00,1.00,1.00,13019.00,17.00,29.00,6.00,0.00,1.00,0.00,96.55,93.75,82.00,6,0,2024-03-23,1474.86,1441.68,0.48,0.52,1452.66,1463.87
10211,501,453,W,3.00,12820.00,33.00,23.00,3.00,10.00,2.00,0.00,1.00,12499.00,12.00,12.00,21.00,-10.00,0.00,0.00,91.67,86.96,75.00,3,5,2024-03-23,965.77,738.00,0.77,0.23,955.79,747.98
10212,216,439,L,1.00,12828.00,12.00,18.00,6.00,0.00,1.00,1.00,2.00,11437.00,20.00,31.00,5.00,0.00,2.00,1.00,93.55,94.44,75.00,7,4,2024-03-23,1003.02,1088.07,0.43,0.57,1021.57,1069.52
10213,176,411,W,4.00,12308.00,11.00,20.00,5.00,4.00,2.00,0.00,3.00,12599.00,19.00,21.00,3.00,-5.00,1.00,0.00,85.71,80.00,75.00,7,4,2024-03-23,1080.22,972.78,0.60,0.40,1063.20,989.80
10224,29,49,L,2.00,13443.00,24.00,18.00,11.00,-5.00,1.00,1.00,5.00,12921.00,12.00,37.00,3.00,5.00,5.00,1.00,86.49,88.89,74.00,3,0,2024-03-23,1604.16,1675.04,0.45,0.55,1623.70,1655.51
10137,191,12,W,6.00,12763.00,12.00,29.00,2.00,15.00,4.00,2.00,0.00,12443.00,5.00,18.00,0.00,-15.00,0.00,0.00,100.00,79.31,82.00,6,0,2024-03-24,1656.36,1270.41,0.90,0.10,1651.96,1274.81
10146,440,556,L,2.00,12321.00,9.00,19.00,3.00,-6.00,2.00,0.00,4.00,11709.00,18.00,48.00,1.00,4.00,3.00,2.00,91.67,89.47,82.00,6,0,2024-03-24,1429.67,1548.74,0.38,0.62,1445.92,1532.49
10149,398,54,L,2.00,12644.00,20.00,30.00,9.00,-6.00,2.00,1.00,3.00,12453.00,17.00,24.00,8.00,6.00,2.00,1.00,87.50,,75.00,6,3,2024-03-24,1265.07,1279.21,0.55,0.45,1288.60,1255.68
10151,65,448,L,2.00,9830.00,24.00,23.00,0.00,-15.00,2.00,0.00,4.00,12075.00,12.00,29.00,8.00,15.00,2.00,0.00,86.21,91.30,75.00,6,3,2024-03-24,1048.92,1127.68,0.44,0.56,1067.90,1108.69
10184,35,92,L,4.00,12889.00,30.00,38.00,3.00,-15.00,3.00,2.00,6.00,12352.00,16.00,24.00,16.00,15.00,5.00,2.00,75.00,89.47,74.00,3,1,2024-03-24,1525.00,1561.27,0.51,0.49,1546.98,1539.30
10185,31,333,W,4.00,12879.00,27.00,38.00,10.00,10.00,4.00,2.00,2.00,13170.00,19.00,24.00,7.00,-10.00,1.00,0.00,91.67,89.47,74.00,3,1,2024-03-24,1609.89,1570.98,0.49,0.51,1588.10,1592.77
10190,189,22,L,3.00,12651.00,17.00,33.00,11.00,-35.00,3.00,1.00,9.00,12812.00,36.00,33.00,5.00,34.00,7.00,0.00,72.73,90.91,75.00,1,1,2024-03-24,1337.25,1340.21,0.57,0.43,1361.56,1315.90
10191,331,498,L,2.00,13222.00,18.00,28.00,13.00,-30.00,2.00,0.00,6.00,12705.00,26.00,34.00,12.00,29.00,6.00,3.00,82.35,92.86,75.00,1,1,2024-03-24,1299.06,1388.32,0.42,0.58,1317.32,1370.06
10192,48,44,L,4.00,12077.00,15.00,25.00,3.00,-15.00,4.00,2.00,5.00,12434.00,11.00,22.00,3.00,15.00,3.00,1.00,77.27,84.00,75.00,1,1,2024-03-24,1409.47,1374.95,0.62,0.38,1436.31,1348.10
10193,53,336,L,2.00,12176.00,13.00,20.00,8.00,-20.00,0.00,0.00,7.00,11503.00,15.00,32.00,4.00,20.00,6.00,4.00,78.12,90.00,75.00,1,1,2024-03-24,1241.94,1350.65,0.39,0.61,1258.87,1333.71
10194,408,402,W,2.00,12540.00,30.00,28.00,14.00,0.00,2.00,1.00,1.00,12039.00,21.00,23.00,11.00,0.00,1.00,0.00,95.65,92.86,75.00,1,1,2024-03-24,1522.26,1360.33,0.68,0.32,1508.71,1373.89
10196,23,497,W,6.00,12284.00,21.00,28.00,11.00,18.00,4.00,0.00,3.00,12170.00,29.00,34.00,4.00,-20.00,2.00,1.00,91.18,,75.00,1,1,2024-03-24,1328.98,1428.15,0.28,0.72,1298.19,1458.95
10200,269,205,L,2.00,12933.00,19.00,28.00,10.00,-5.00,2.00,0.00,4.00,11782.00,19.00,27.00,7.00,5.00,1.00,1.00,85.19,92.86,75.00,3,2,2024-03-24,1260.93,1312.98,0.49,0.51,1281.79,1292.11
10205,104,215,W,6.00,12582.00,14.00,25.00,1.00,-5.00,6.00,3.00,4.00,12956.00,14.00,29.00,3.00,4.00,2.00,1.00,86.21,76.00,75.00,6,3,2024-03-24,1226.04,1071.59,0.67,0.33,1212.04,1085.59
10206,375,400,W,1.00,12087.00,34.00,40.00,13.00,5.00,0.00,0.00,0.00,12594.00,37.00,15.00,15.00,-5.00,0.00,0.00,,,75.00,7,4,2024-03-24,1059.60,887.07,0.70,0.30,1046.67,899.99
10207,410,379,W,6.00,11473.00,13.00,34.00,6.00,25.00,4.00,1.00,2.00,12715.00,18.00,26.00,2.00,-24.00,2.00,1.00,92.31,82.35,82.00,6,1,2024-03-24,1247.06,1381.31,0.24,0.76,1214.41,1413.96
10208,109,208,W,4.00,13490.00,26.00,16.00,5.00,-5.00,2.00,0.00,3.00,4440.00,15.00,38.00,16.00,4.00,3.00,0.00,92.11,75.00,82.00,6,1,2024-03-24,1379.35,1326.99,0.52,0.48,1358.51,1347.83
10210,449,545,W,3.00,12746.00,22.00,33.00,10.00,0.00,1.00,0.00,2.00,12308.00,23.00,18.00,6.00,-1.00,1.00,0.00,88.89,90.91,75.00,3,5,2024-03-24,1028.48,880.59,0.66,0.34,1014.07,895.00
10214,500,499,L,1.00,13531.00,27.00,24.00,10.00,-10.00,1.00,0.00,4.00,12034.00,23.00,17.00,12.00,10.00,3.00,0.00,76.47,95.83,75.00,7,4,2024-03-24,1007.71,1158.18,0.33,0.67,1021.96,1143.93
10225,17,56,W,4.00,13618.00,26.00,25.00,8.00,-5.00,4.00,4.00,3.00,12892.00,17.00,29.00,7.00,5.00,3.00,1.00,89.66,84.00,74.00,3,0,2024-03-24,1540.94,1582.64,0.36,0.64,1513.63,1609.95
10219,402,336,L,2.00,14529.00,27.00,32.00,15.00,-30.00,2.00,0.00,8.00,12282.00,27.00,14.00,8.00,25.00,7.00,4.00,42.86,93.75,75.00,1,1,2024-03-30,1338.24,1372.75,0.51,0.49,1360.33,1350.65
10220,331,23,L,2.00,12868.00,26.00,23.00,11.00,4.00,0.00,0.00,3.00,12184.00,22.00,21.00,12.00,-5.00,3.00,0.00,85.71,91.30,75.00,1,1,2024-03-30,1279.41,1348.64,0.46,0.54,1299.06,1328.98
10245,56,17,L,6.00,12740.00,24.00,38.00,5.00,-20.00,4.00,3.00,10.00,11235.00,18.00,35.00,6.00,20.00,10.00,2.00,71.43,84.21,74.00,3,0,2024-03-30,1558.57,1565.01,0.56,0.44,1582.64,1540.94
10247,29,49,W,5.00,12782.00,17.00,31.00,10.00,10.00,4.00,2.00,1.00,12519.00,20.00,34.00,7.00,-10.00,1.00,0.00,97.06,83.87,74.00,3,0,2024-03-30,1629.99,1649.22,0.40,0.60,1604.16,1675.04
10249,63,409,L,2.00,13368.00,34.00,36.00,10.00,0.00,1.00,1.00,4.00,12700.00,22.00,28.00,15.00,6.00,4.00,1.00,85.71,,82.00,6,0,2024-03-30,1403.46,1585.47,0.29,0.71,1415.85,1573.08
10252,439,332,L,3.00,12578.00,16.00,26.00,8.00,-19.00,2.00,0.00,8.00,12040.00,17.00,27.00,4.00,19.00,8.00,2.00,70.37,88.46,75.00,6,4,2024-03-30,1069.55,1155.01,0.43,0.57,1088.07,1136.49
10253,449,545,W,3.00,12661.00,18.00,17.00,17.00,10.00,1.00,0.00,0.00,12010.00,28.00,15.00,6.00,-10.00,0.00,0.00,100.00,82.35,75.00,3,5,2024-03-30,1041.34,867.73,0.70,0.30,1028.48,880.59
10254,501,453,W,7.00,13326.00,19.00,24.00,10.00,-1.00,7.00,0.00,6.00,12716.00,22.00,23.00,8.00,-1.00,2.00,1.00,73.91,70.83,75.00,3,5,2024-03-30,974.90,728.87,0.79,0.21,965.77,738.00
10256,176,502,W,4.00,12694.00,20.00,20.00,11.00,4.00,1.00,0.00,3.00,13551.00,34.00,39.00,8.00,-4.00,2.00,1.00,92.31,,75.00,6,4,2024-03-30,1105.92,1123.34,0.40,0.60,1080.22,1149.04
10258,499,130,L,0.00,12333.00,16.00,13.00,11.00,-5.00,0.00,0.00,1.00,12111.00,25.00,15.00,7.00,5.00,1.00,0.00,93.33,100.00,75.00,6,4,2024-03-30,1133.86,1136.64,0.57,0.43,1158.18,1112.32
10260,431,375,L,2.00,10007.00,16.00,19.00,4.00,-8.00,2.00,1.00,3.00,12856.00,20.00,21.00,6.00,8.00,2.00,1.00,85.71,89.47,75.00,6,4,2024-03-30,1132.98,1087.18,0.64,0.36,1160.56,1059.60
10261,35,92,W,4.00,12461.00,17.00,23.00,9.00,10.00,4.00,4.00,1.00,10877.00,20.00,22.00,7.00,-11.00,0.00,0.00,95.45,82.61,74.00,3,1,2024-03-30,1548.74,1537.54,0.45,0.55,1525.00,1561.27
10262,333,31,L,2.00,12775.00,17.00,19.00,6.00,-10.00,2.00,2.00,5.00,12953.00,23.00,39.00,5.00,10.00,4.00,2.00,87.18,89.47,74.00,3,1,2024-03-30,1551.88,1628.99,0.44,0.56,1570.98,1609.89
10246,56,17,L,2.00,12961.00,23.00,30.00,4.00,-19.00,1.00,0.00,8.00,12293.00,19.00,34.00,9.00,19.00,8.00,2.00,76.47,93.33,74.00,3,0,2024-03-31,1537.47,1586.11,0.49,0.51,1558.57,1565.01
10248,29,49,L,2.00,13718.00,25.00,23.00,9.00,-10.00,2.00,0.00,4.00,13233.00,22.00,49.00,9.00,10.00,4.00,1.00,91.84,91.30,74.00,3,0,2024-03-31,1609.67,1669.53,0.47,0.53,1629.99,1649.22
10250,379,410,L,5.00,13293.00,15.00,29.00,9.00,1.00,5.00,2.00,6.00,14061.00,21.00,37.00,7.00,0.00,5.00,2.00,83.78,,82.00,6,1,2024-03-31,1351.90,1276.48,0.68,0.32,1381.31,1247.06
10251,438,26,W,3.00,13382.00,20.00,33.00,10.00,0.00,2.00,1.00,2.00,12929.00,23.00,17.00,10.00,0.00,1.00,0.00,88.24,90.91,75.00,3,2,2024-03-31,1341.13,1197.87,0.66,0.34,1326.43,1212.57
10255,439,332,W,7.00,10961.00,12.00,27.00,3.00,11.00,4.00,0.00,3.00,12966.00,22.00,27.00,5.00,-11.00,3.00,1.00,88.89,,75.00,6,4,2024-03-31,1096.23,1128.33,0.38,0.62,1069.55,1155.01
10257,176,502,W,5.00,12740.00,17.00,28.00,9.00,14.00,2.00,0.00,3.00,12268.00,16.00,25.00,8.00,-15.00,2.00,0.00,88.00,82.14,75.00,6,4,2024-03-31,1128.50,1100.76,0.47,0.53,1105.92,1123.34
10259,130,499,L,0.00,12875.00,26.00,31.00,7.00,-5.00,0.00,0.00,1.00,11723.00,10.00,15.00,11.00,5.00,0.00,0.00,93.33,100.00,75.00,6,4,2024-03-31,1114.97,1155.53,0.50,0.50,1136.64,1133.86
10263,431,375,W,2.00,11873.00,14.00,16.00,11.00,5.00,1.00,0.00,1.00,13012.00,29.00,23.00,6.00,-5.00,1.00,0.00,95.65,,75.00,6,4,2024-03-31,1151.66,1068.49,0.57,0.43,1132.98,1087.18
10264,205,269,W,6.00,11597.00,11.00,22.00,7.00,19.00,3.00,0.00,0.00,12742.00,25.00,37.00,2.00,-20.00,0.00,0.00,100.00,,75.00,3,2,2024-03-31,1331.28,1242.63,0.57,0.43,1312.98,1260.93
10265,22,23,W,3.00,12406.00,25.00,33.00,10.00,14.00,2.00,1.00,0.00,12525.00,25.00,34.00,11.00,-15.00,0.00,0.00,100.00,90.91,75.00,7,1,2024-03-31,1362.23,1326.61,0.49,0.51,1340.21,1348.64
10266,331,402,L,0.00,12690.00,16.00,34.00,12.00,-20.00,0.00,0.00,4.00,12269.00,25.00,32.00,6.00,20.00,3.00,2.00,87.50,100.00,75.00,7,1,2024-03-31,1261.51,1356.13,0.42,0.58,1279.41,1338.24
10267,329,336,L,0.00,0.00,0.00,0.00,0.00,-21.00,0.00,0.00,4.00,12185.00,14.00,26.00,8.00,19.00,3.00,0.00,84.62,,75.00,7,1,2024-03-31,1315.34,1391.89,0.45,0.55,1334.48,1372.75
10268,92,35,W,5.00,0.00,0.00,0.00,0.00,10.00,4.00,1.00,4.00,12618.00,19.00,34.00,5.00,-10.00,4.00,2.00,88.24,-inf,74.00,3,1,2024-03-31,1559.73,1526.54,0.48,0.52,1537.54,1548.74
10269,189,44,L,0.00,12560.00,31.00,27.00,4.00,-10.00,0.00,0.00,3.00,10659.00,13.00,26.00,9.00,10.00,3.00,0.00,88.46,100.00,75.00,7,1,2024-03-31,1318.08,1394.12,0.45,0.55,1337.25,1374.95
10271,446,404,W,9.00,13263.00,26.00,36.00,3.00,24.00,7.00,0.00,2.00,0.00,0.00,0.00,0.00,-25.00,2.00,0.00,-inf,75.00,75.00,6,3,2024-03-31,1215.46,1034.62,0.71,0.29,1203.01,1047.07
9071,442,17,L,3.00,12226.00,14.00,34.00,0.00,-15.00,3.00,0.00,6.00,12962.00,16.00,33.00,6.00,15.00,6.00,3.00,81.82,91.18,74.00,1,0,2024-04-02,1364.58,1595.92,0.23,0.77,1374.39,1586.11
9072,56,46,L,3.00,13117.00,23.00,33.00,5.00,-5.00,3.00,0.00,5.00,13208.00,18.00,24.00,10.00,5.00,5.00,3.00,79.17,90.91,74.00,1,0,2024-04-02,1512.96,1513.02,0.57,0.43,1537.47,1488.51
9073,1,505,W,5.00,13114.00,23.00,35.00,4.00,15.00,5.00,5.00,3.00,13044.00,19.00,29.00,6.00,-16.00,3.00,1.00,89.66,,74.00,1,0,2024-04-02,1594.59,1393.22,0.74,0.26,1583.27,1404.55
9606,447,555,L,2.00,12971.00,20.00,26.00,5.00,-15.00,2.00,1.00,5.00,12846.00,21.00,38.00,3.00,15.00,4.00,2.00,86.84,92.31,74.00,1,0,2024-04-02,1349.84,1558.42,0.25,0.75,1360.79,1547.47
9693,92,31,L,1.00,12992.00,20.00,31.00,8.00,-5.00,1.00,0.00,2.00,12242.00,11.00,28.00,3.00,5.00,2.00,0.00,92.86,96.77,74.00,1,1,2024-04-02,1542.46,1646.26,0.40,0.60,1559.73,1628.99
9709,22,402,L,0.00,12493.00,14.00,28.00,5.00,-10.00,0.00,0.00,2.00,12281.00,15.00,35.00,11.00,10.00,2.00,1.00,94.29,100.00,75.00,1,1,2024-04-02,1340.36,1378.01,0.51,0.49,1362.23,1356.13
9710,214,53,W,6.00,13111.00,21.00,31.00,3.00,1.00,4.00,0.00,5.00,12893.00,15.00,27.00,9.00,-4.00,3.00,0.00,81.48,80.65,75.00,1,1,2024-04-02,1323.65,1224.36,0.59,0.41,1306.08,1241.94
9711,497,331,L,6.00,11734.00,19.00,21.00,5.00,5.00,5.00,1.00,7.00,13234.00,20.00,28.00,9.00,-5.00,7.00,6.00,,71.43,75.00,1,1,2024-04-02,1397.06,1292.60,0.72,0.28,1428.15,1261.51
9713,336,189,W,5.00,12211.00,24.00,32.00,9.00,0.00,3.00,0.00,3.00,12768.00,26.00,23.00,10.00,-1.00,2.00,0.00,86.96,84.38,75.00,1,1,2024-04-02,1408.89,1301.08,0.60,0.40,1391.89,1318.08
9719,491,205,L,4.00,12808.00,12.00,26.00,3.00,4.00,4.00,0.00,5.00,12833.00,6.00,30.00,5.00,-5.00,3.00,1.00,83.33,84.62,75.00,1,2,2024-04-02,1151.76,1343.14,0.28,0.72,1163.62,1331.28
9721,438,129,W,8.00,12961.00,20.00,29.00,7.00,25.00,4.00,1.00,3.00,12721.00,14.00,25.00,10.00,-26.00,0.00,0.00,88.00,72.41,75.00,1,2,2024-04-02,1357.02,1232.54,0.63,0.37,1341.13,1248.44
9722,405,269,L,2.00,12681.00,20.00,17.00,5.00,-15.00,1.00,0.00,5.00,12529.00,14.00,21.00,5.00,15.00,5.00,1.00,76.19,88.24,75.00,1,2,2024-04-02,1166.51,1260.56,0.42,0.58,1184.45,1242.63
9816,111,556,W,5.00,13139.00,20.00,35.00,8.00,15.00,5.00,1.00,2.00,12939.00,25.00,29.00,7.00,-15.00,1.00,0.00,93.10,85.71,82.00,1,0,2024-04-02,1500.86,1522.74,0.40,0.60,1474.86,1548.74
9823,496,379,W,6.00,12501.00,20.00,24.00,18.00,26.00,2.00,1.00,2.00,13265.00,28.00,32.00,13.00,-25.00,2.00,0.00,93.75,75.00,82.00,1,1,2024-04-02,1487.91,1337.64,0.67,0.33,1473.65,1351.90
9824,109,410,L,3.00,13352.00,29.00,28.00,9.00,0.00,3.00,1.00,4.00,12812.00,25.00,23.00,13.00,0.00,3.00,1.00,82.61,89.29,82.00,1,1,2024-04-02,1351.66,1304.16,0.64,0.36,1379.35,1276.48
9825,443,208,W,2.00,12784.00,28.00,24.00,2.00,5.00,2.00,1.00,0.00,12036.00,12.00,22.00,7.00,-5.00,0.00,0.00,100.00,91.67,82.00,1,1,2024-04-02,1429.70,1310.74,0.62,0.38,1413.44,1326.99
9826,546,375,L,0.00,12646.00,12.00,15.00,6.00,-30.00,0.00,0.00,7.00,12810.00,18.00,24.00,8.00,30.00,6.00,2.00,70.83,100.00,75.00,1,4,2024-04-02,893.25,1080.58,0.28,0.72,905.33,1068.49
9827,130,431,W,3.00,11846.00,26.00,24.00,6.00,5.00,2.00,0.00,1.00,12021.00,13.00,8.00,19.00,-5.00,1.00,0.00,87.50,87.50,75.00,1,4,2024-04-02,1138.73,1127.90,0.45,0.55,1114.97,1151.66
9831,500,499,W,5.00,13133.00,26.00,40.00,4.00,25.00,5.00,1.00,0.00,12718.00,9.00,9.00,5.00,-25.00,0.00,0.00,100.00,87.50,75.00,1,4,2024-04-02,1037.84,1125.40,0.30,0.70,1007.71,1155.53
9833,545,453,L,1.00,12007.00,23.00,14.00,13.00,-35.00,1.00,1.00,7.00,12553.00,22.00,30.00,11.00,35.00,4.00,1.00,76.67,92.86,75.00,1,5,2024-04-02,838.06,758.54,0.69,0.31,867.73,728.87
9834,501,449,L,0.00,13190.00,19.00,23.00,8.00,-15.00,0.00,0.00,3.00,11926.00,12.00,20.00,5.00,14.00,2.00,0.00,85.00,100.00,75.00,1,5,2024-04-02,957.46,1058.78,0.41,0.59,974.90,1041.34
11208,449,453,L,1.00,12368.00,24.00,21.00,7.00,5.00,1.00,0.00,2.00,12408.00,24.00,19.00,7.00,-5.00,2.00,0.00,89.47,95.24,86.00,1,6,2024-04-11,1022.26,795.05,0.85,0.15,1058.78,758.54
11215,61,400,L,1.00,11507.00,24.00,23.00,8.00,-16.00,1.00,0.00,5.00,12492.00,23.00,30.00,7.00,16.00,5.00,4.00,83.33,95.65,86.00,1,5,2024-04-11,931.98,912.89,0.60,0.40,957.80,887.07
11235,501,545,L,1.00,11130.00,16.00,28.00,9.00,-5.00,1.00,1.00,2.00,10378.00,21.00,21.00,3.00,5.00,1.00,1.00,90.48,96.43,86.00,1,6,2024-04-11,928.85,866.68,0.67,0.33,957.46,838.06
10383,49,17,L,4.00,12695.00,20.00,32.00,3.00,-40.00,4.00,2.00,6.00,12523.00,14.00,32.00,8.00,20.00,6.00,3.00,81.25,93.75,74.00,5,0,2024-04-13,1643.54,1621.91,0.60,0.40,1669.53,1595.92
10385,333,31,W,5.00,12828.00,15.00,24.00,8.00,13.00,4.00,3.00,2.00,10897.00,19.00,18.00,2.00,-10.00,1.00,0.00,88.89,87.50,74.00,3,1,2024-04-13,1579.08,1619.06,0.37,0.63,1551.88,1646.26
10389,111,191,L,2.00,13681.00,11.00,17.00,17.00,-3.00,2.00,0.00,3.00,14179.00,27.00,53.00,3.00,3.00,3.00,1.00,94.34,88.24,82.00,5,0,2024-04-13,1488.39,1668.84,0.29,0.71,1500.86,1656.36
10392,48,44,L,4.00,12371.00,17.00,32.00,7.00,10.00,3.00,2.00,5.00,12868.00,18.00,41.00,7.00,-10.00,3.00,2.00,87.80,87.50,75.00,6,1,2024-04-13,1387.02,1416.57,0.52,0.48,1409.47,1394.12
10393,402,498,D,2.00,13822.00,12.00,31.00,11.00,-10.00,2.00,1.00,2.00,12821.00,24.00,44.00,7.00,8.00,2.00,0.00,93.18,93.55,75.00,6,1,2024-04-13,1378.65,1387.68,0.49,0.51,1378.01,1388.32
10394,448,398,L,2.00,13495.00,21.00,31.00,12.00,-5.00,2.00,1.00,4.00,13152.00,23.00,29.00,10.00,5.00,2.00,0.00,86.21,93.55,75.00,3,3,2024-04-13,1114.26,1278.48,0.31,0.69,1127.68,1265.07
10398,130,431,W,2.00,12392.00,17.00,17.00,7.00,5.00,2.00,2.00,1.00,12984.00,16.00,16.00,5.00,-5.00,1.00,0.00,93.75,88.24,75.00,3,4,2024-04-13,1159.56,1107.07,0.52,0.48,1138.73,1127.90
10399,332,176,W,4.00,12456.00,28.00,29.00,9.00,13.00,3.00,0.00,1.00,12758.00,15.00,20.00,9.00,-15.00,0.00,0.00,95.00,86.21,75.00,3,4,2024-04-13,1149.84,1106.99,0.50,0.50,1128.33,1128.50
10322,205,438,W,8.00,12326.00,17.00,22.00,7.00,5.00,4.00,1.00,4.00,12825.00,20.00,31.00,4.00,-5.00,4.00,2.00,87.10,,75.00,5,2,2024-04-14,1365.50,1334.67,0.48,0.52,1343.14,1357.02
10384,49,17,L,2.00,12575.00,16.00,32.00,10.00,-1.00,1.00,1.00,3.00,12667.00,15.00,31.00,7.00,1.00,2.00,0.00,90.32,93.75,74.00,5,0,2024-04-14,1620.70,1644.75,0.53,0.47,1643.54,1621.91
10387,35,333,L,3.00,12414.00,34.00,29.00,6.00,-30.00,3.00,1.00,10.00,12905.00,16.00,35.00,14.00,30.00,9.00,5.00,71.43,89.66,74.00,5,1,2024-04-14,1508.27,1597.36,0.42,0.58,1526.54,1579.08
10388,109,496,W,5.00,13579.00,17.00,31.00,10.00,25.00,5.00,1.00,0.00,12466.00,21.00,20.00,15.00,-25.00,0.00,0.00,100.00,83.87,82.00,3,1,2024-04-14,1381.18,1458.39,0.31,0.69,1351.66,1487.91
10390,111,191,W,6.00,14097.00,17.00,18.00,16.00,-9.00,3.00,1.00,5.00,13542.00,47.00,47.00,5.00,9.00,4.00,1.00,89.36,66.67,82.00,5,0,2024-04-14,1520.15,1637.08,0.26,0.74,1488.39,1668.84
10391,409,556,L,2.00,13003.00,20.00,26.00,8.00,-4.00,2.00,0.00,3.00,12337.00,15.00,25.00,7.00,4.00,2.00,2.00,88.00,92.31,82.00,4,0,2024-04-14,1560.13,1548.08,0.59,0.41,1585.47,1522.74
10396,446,104,L,3.00,13120.00,20.00,41.00,3.00,-8.00,2.00,1.00,4.00,12986.00,13.00,31.00,5.00,8.00,4.00,1.00,87.10,92.68,75.00,3,3,2024-04-14,1194.62,1246.89,0.48,0.52,1215.46,1226.04
10397,448,398,W,3.00,12639.00,20.00,33.00,18.00,4.00,1.00,0.00,1.00,11440.00,26.00,25.00,7.00,-4.00,1.00,0.00,96.00,90.91,75.00,3,3,2024-04-14,1145.23,1247.51,0.28,0.72,1114.26,1278.48
10400,332,176,W,8.00,12228.00,35.00,30.00,9.00,26.00,6.00,0.00,1.00,11865.00,16.00,10.00,9.00,-24.00,1.00,0.00,90.00,73.33,75.00,3,4,2024-04-14,1168.70,1088.13,0.56,0.44,1149.84,1106.99
10401,130,431,W,2.00,11968.00,15.00,10.00,9.00,10.00,2.00,0.00,0.00,10955.00,14.00,15.00,7.00,-10.00,0.00,0.00,100.00,80.00,75.00,3,4,2024-04-14,1177.84,1088.80,0.57,0.43,1159.56,1107.07
10428,498,497,L,2.00,12098.00,20.00,29.00,10.00,-5.00,3.00,3.00,5.00,13221.00,27.00,38.00,11.00,5.00,4.00,3.00,,,75.00,3,1,2024-04-14,1366.76,1417.98,0.49,0.51,1387.68,1397.06
10395,446,104,W,3.00,12640.00,23.00,40.00,8.00,0.00,1.00,0.00,2.00,12016.00,19.00,18.00,5.00,0.00,2.00,2.00,88.89,92.50,75.00,3,3,2024-04-20,1219.33,1222.18,0.43,0.57,1194.62,1246.89
10402,449,501,W,2.00,13161.00,22.00,27.00,5.00,5.00,2.00,0.00,1.00,13138.00,15.00,20.00,15.00,-5.00,0.00,0.00,95.00,92.59,75.00,5,5,2024-04-20,1038.12,913.00,0.63,0.37,1022.26,928.85
10429,17,49,W,3.00,12683.00,21.00,26.00,14.00,4.00,3.00,1.00,2.00,12615.00,31.00,28.00,6.00,-4.00,2.00,0.00,92.86,88.46,74.00,5,0,2024-04-20,1664.76,1600.69,0.53,0.47,1644.75,1620.70
10432,410,496,L,0.00,0.00,0.00,0.00,0.00,-15.00,0.00,0.00,5.00,13061.00,26.00,25.00,12.00,15.00,4.00,0.00,80.00,,82.00,4,1,2024-04-20,1291.62,1470.92,0.29,0.71,1304.16,1458.39
10433,109,443,W,5.00,12661.00,17.00,39.00,12.00,15.00,4.00,1.00,3.00,12887.00,13.00,29.00,3.00,-16.00,1.00,0.00,89.66,87.18,82.00,5,1,2024-04-20,1405.67,1405.22,0.43,0.57,1381.18,1429.70
10436,35,333,L,2.00,11376.00,16.00,32.00,5.00,-23.00,2.00,1.00,6.00,12068.00,21.00,34.00,3.00,22.00,5.00,3.00,82.35,93.75,74.00,5,1,2024-04-20,1492.17,1613.46,0.37,0.63,1508.27,1597.36
10438,44,408,L,1.00,12929.00,21.00,23.00,14.00,-5.00,0.00,0.00,2.00,12012.00,23.00,26.00,7.00,5.00,2.00,0.00,92.31,95.65,75.00,3,1,2024-04-20,1401.42,1537.41,0.35,0.65,1416.57,1522.26
10440,398,448,W,2.00,12081.00,21.00,21.00,11.00,0.00,1.00,0.00,1.00,12313.00,39.00,31.00,8.00,0.00,1.00,1.00,96.77,90.48,75.00,3,3,2024-04-20,1262.86,1129.88,0.64,0.36,1247.51,1145.23
10441,130,332,L,2.00,12717.00,16.00,16.00,9.00,-20.00,2.00,0.00,5.00,13058.00,17.00,37.00,8.00,19.00,4.00,1.00,86.49,87.50,75.00,5,4,2024-04-20,1155.77,1190.77,0.51,0.49,1177.84,1168.70
10431,191,111,W,4.00,13781.00,40.00,41.00,3.00,-1.00,3.00,1.00,3.00,14206.00,16.00,28.00,16.00,0.00,2.00,0.00,89.29,90.24,82.00,5,0,2024-04-21,1651.60,1505.62,0.66,0.34,1637.08,1520.15
10434,109,443,L,0.00,13975.00,37.00,34.00,9.00,-3.00,0.00,0.00,1.00,13916.00,18.00,33.00,10.00,3.00,1.00,0.00,96.97,100.00,82.00,5,1,2024-04-21,1384.14,1426.74,0.50,0.50,1405.67,1405.22
10435,333,35,L,4.00,13129.00,13.00,23.00,4.00,0.00,4.00,2.00,5.00,12927.00,25.00,35.00,5.00,0.00,5.00,3.00,85.71,82.61,74.00,5,1,2024-04-21,1584.75,1520.88,0.67,0.33,1613.46,1492.17
10437,497,498,L,5.00,13507.00,30.00,39.00,8.00,0.00,5.00,2.00,6.00,13977.00,31.00,30.00,12.00,0.00,4.00,3.00,,87.18,75.00,3,1,2024-04-21,1393.34,1391.41,0.57,0.43,1417.98,1366.76
10439,408,44,W,3.00,12861.00,18.00,42.00,9.00,-5.00,2.00,0.00,2.00,12633.00,21.00,22.00,9.00,5.00,1.00,0.00,90.91,92.86,75.00,3,1,2024-04-21,1550.90,1387.93,0.69,0.31,1537.41,1401.42
10442,176,431,W,5.00,13004.00,18.00,28.00,7.00,19.00,3.00,1.00,3.00,11901.00,16.00,26.00,1.00,-20.00,3.00,1.00,88.46,82.14,75.00,4,4,2024-04-21,1109.67,1067.25,0.50,0.50,1088.13,1088.80
10443,130,332,W,6.00,11821.00,16.00,25.00,3.00,10.00,3.00,1.00,1.00,12745.00,20.00,35.00,3.00,-10.00,0.00,0.00,97.14,,75.00,5,4,2024-04-21,1179.43,1167.11,0.45,0.55,1155.77,1190.77
10444,205,438,L,1.00,12822.00,22.00,19.00,7.00,-15.00,1.00,1.00,4.00,12434.00,20.00,31.00,5.00,14.00,4.00,2.00,87.10,94.74,75.00,5,2,2024-04-21,1342.10,1358.07,0.54,0.46,1365.50,1334.67
10445,104,446,L,0.00,12671.00,33.00,14.00,13.00,-10.00,0.00,0.00,3.00,12678.00,26.00,28.00,7.00,11.00,1.00,0.00,89.29,100.00,75.00,3,3,2024-04-21,1200.50,1241.00,0.50,0.50,1222.18,1219.33
10475,497,498,W,4.00,12410.00,16.00,22.00,9.00,0.00,2.00,0.00,3.00,12395.00,20.00,32.00,2.00,0.00,3.00,2.00,,81.82,75.00,3,1,2024-04-27,1414.72,1370.03,0.50,0.50,1393.34,1391.41
10476,35,333,W,6.00,12641.00,19.00,41.00,6.00,19.00,3.00,1.00,0.00,13007.00,24.00,25.00,3.00,-20.00,0.00,0.00,100.00,85.37,74.00,5,1,2024-04-27,1546.29,1559.34,0.41,0.59,1520.88,1584.75
10479,446,398,L,4.00,13404.00,31.00,28.00,5.00,-10.00,2.00,1.00,5.00,12512.00,22.00,23.00,8.00,5.00,3.00,3.00,78.26,85.71,75.00,5,3,2024-04-27,1220.86,1283.01,0.47,0.53,1241.00,1262.86
10484,443,109,L,5.00,14100.00,22.00,24.00,13.00,0.00,3.00,1.00,12.00,32602.00,66.00,86.00,29.00,-51.00,9.00,7.00,95.35,79.17,82.00,5,1,2024-04-27,1402.62,1408.26,0.56,0.44,1426.74,1384.14
10477,333,35,L,1.00,13034.00,21.00,28.00,6.00,-10.00,1.00,0.00,4.00,12767.00,25.00,31.00,6.00,10.00,4.00,1.00,87.10,96.43,74.00,5,1,2024-04-28,1537.03,1568.60,0.52,0.48,1559.34,1546.29
10478,205,438,L,4.00,13119.00,15.00,27.00,7.00,-5.00,3.00,0.00,7.00,12596.00,21.00,29.00,10.00,5.00,4.00,2.00,75.86,85.19,75.00,5,2,2024-04-28,1321.58,1378.58,0.48,0.52,1342.10,1358.07
10480,398,446,W,6.00,12647.00,14.00,24.00,8.00,19.00,4.00,1.00,2.00,12968.00,13.00,29.00,2.00,-20.00,1.00,1.00,93.10,75.00,75.00,5,3,2024-04-28,1300.71,1203.16,0.59,0.41,1283.01,1220.86
10481,332,130,W,2.00,12321.00,12.00,14.00,5.00,10.00,2.00,0.00,0.00,0.00,0.00,0.00,0.00,-10.00,0.00,0.00,,85.71,75.00,5,4,2024-04-28,1189.37,1157.17,0.48,0.52,1167.11,1179.43
10487,44,498,L,1.00,12866.00,23.00,16.00,8.00,-10.00,0.00,0.00,3.00,12626.00,26.00,19.00,11.00,8.00,3.00,1.00,78.95,93.75,75.00,4,1,2024-04-28,1365.32,1392.63,0.53,0.47,1387.93,1370.03
10488,448,104,L,1.00,13309.00,25.00,30.00,7.00,0.00,1.00,1.00,2.00,12477.00,18.00,23.00,2.00,0.00,1.00,1.00,91.30,96.67,75.00,4,3,2024-05-05,1112.70,1217.69,0.40,0.60,1129.88,1200.50
10515,497,408,W,5.00,12996.00,20.00,38.00,6.00,14.00,3.00,1.00,3.00,12299.00,23.00,33.00,3.00,-16.00,2.00,1.00,,86.84,75.00,5,1,2024-05-05,1444.24,1521.38,0.31,0.69,1414.72,1550.90
10758,29,56,W,3.00,12905.00,13.00,26.00,9.00,-5.00,3.00,0.00,2.00,12521.00,26.00,33.00,4.00,5.00,2.00,2.00,93.94,88.46,85.00,1,0,2024-05-10,1625.34,1497.30,0.64,0.36,1609.67,1512.96
10759,1,442,W,4.00,11350.00,23.00,26.00,3.00,0.00,4.00,1.00,3.00,11110.00,9.00,27.00,5.00,0.00,2.00,1.00,88.89,84.62,85.00,1,0,2024-05-10,1603.62,1355.54,0.79,0.21,1594.59,1364.58
10783,452,92,W,5.00,13641.00,30.00,28.00,4.00,0.00,5.00,2.00,4.00,12612.00,12.00,26.00,10.00,0.00,3.00,3.00,84.62,82.14,85.00,1,1,2024-05-10,1509.12,1517.38,0.42,0.58,1484.04,1542.46
10932,498,23,L,4.00,4656.00,24.00,31.00,3.00,-5.00,4.00,2.00,6.00,13348.00,20.00,35.00,8.00,2.00,5.00,3.00,80.00,87.10,86.00,1,2,2024-05-10,1367.10,1352.15,0.59,0.41,1392.63,1326.61
10933,329,44,L,1.00,11474.00,14.00,18.00,5.00,5.00,1.00,0.00,2.00,12648.00,12.00,18.00,6.00,-5.00,1.00,0.00,88.89,94.44,86.00,1,2,2024-05-10,1296.91,1383.75,0.43,0.57,1315.34,1365.32
10937,569,205,L,1.00,12726.00,20.00,23.00,10.00,0.00,0.00,0.00,2.00,13099.00,31.00,33.00,4.00,1.00,2.00,2.00,93.94,95.65,86.00,1,3,2024-05-10,1205.10,1337.00,0.36,0.64,1220.52,1321.58
10939,581,446,W,8.00,12014.00,21.00,32.00,8.00,14.00,6.00,2.00,5.00,13052.00,27.00,22.00,9.00,-15.00,3.00,0.00,77.27,75.00,86.00,1,3,2024-05-10,1221.70,1181.47,0.50,0.50,1200.00,1203.16
10940,269,397,W,5.00,12961.00,24.00,31.00,3.00,5.00,5.00,4.00,4.00,12137.00,13.00,18.00,2.00,-5.00,3.00,1.00,77.78,83.87,86.00,1,3,2024-05-10,1282.85,1250.97,0.48,0.52,1260.56,1273.25
10944,12,239,L,2.00,10639.00,15.00,15.00,4.00,-15.00,2.00,2.00,4.00,12692.00,38.00,32.00,9.00,14.00,4.00,2.00,87.50,86.67,86.00,1,0,2024-05-10,1261.33,1508.44,0.21,0.79,1270.41,1499.36
10947,331,406,L,1.00,12617.00,30.00,31.00,7.00,-14.00,1.00,0.00,5.00,12129.00,18.00,18.00,10.00,17.00,3.00,0.00,72.22,96.77,86.00,1,4,2024-05-10,1259.68,1119.79,0.77,0.23,1292.60,1086.87
10955,375,574,L,0.00,12066.00,20.00,16.00,10.00,-15.00,0.00,0.00,3.00,11716.00,19.00,19.00,7.00,13.00,3.00,1.00,84.21,100.00,86.00,1,5,2024-05-10,1053.23,1011.01,0.64,0.36,1080.58,983.66
10956,216,499,L,5.00,13501.00,32.00,24.00,3.00,0.00,4.00,0.00,6.00,12773.00,23.00,24.00,8.00,0.00,2.00,0.00,75.00,79.17,86.00,1,5,2024-05-10,988.79,1139.62,0.33,0.67,1003.02,1125.40
10957,215,431,L,2.00,11560.00,12.00,20.00,5.00,-10.00,2.00,0.00,5.00,12715.00,11.00,18.00,5.00,10.00,5.00,2.00,72.22,90.00,86.00,1,5,2024-05-10,1049.82,1089.02,0.51,0.49,1071.59,1067.25
10958,401,449,W,5.00,10694.00,32.00,30.00,7.00,0.00,4.00,1.00,3.00,12465.00,12.00,16.00,10.00,-1.00,1.00,0.00,81.25,83.33,86.00,1,6,2024-05-10,931.85,1008.62,0.31,0.69,902.35,1038.12
10959,453,451,L,0.00,0.00,16.00,13.00,2.00,-10.00,0.00,0.00,4.00,12598.00,16.00,22.00,1.00,10.00,4.00,0.00,81.82,100.00,86.00,1,6,2024-05-10,783.63,983.17,0.27,0.73,795.05,971.75
10962,48,440,W,3.00,12435.00,31.00,25.00,10.00,10.00,1.00,1.00,2.00,12250.00,22.00,33.00,8.00,-11.00,2.00,1.00,93.94,88.00,86.00,1,1,2024-05-10,1411.14,1405.54,0.44,0.56,1387.02,1429.67
10550,402,490,W,4.00,13441.00,12.00,22.00,4.00,0.00,2.00,1.00,3.00,13729.00,22.00,37.00,5.00,0.00,1.00,0.00,91.89,81.82,84.00,1,2,2024-05-18,1403.58,1409.77,0.42,0.58,1378.65,1434.71
10552,331,439,L,5.00,13322.00,15.00,36.00,16.00,-6.00,5.00,2.00,6.00,12792.00,29.00,42.00,3.00,2.00,5.00,1.00,85.71,86.11,84.00,1,2,2024-05-18,1228.75,1127.16,0.72,0.28,1259.68,1096.23
10557,565,406,W,3.00,12969.00,20.00,24.00,6.00,10.00,1.00,0.00,2.00,12732.00,20.00,21.00,3.00,-10.00,2.00,1.00,90.48,87.50,84.00,1,3,2024-05-18,1229.76,1103.98,0.63,0.37,1213.95,1119.79
10563,532,449,W,5.00,11892.00,13.00,16.00,2.00,19.00,4.00,2.00,1.00,13235.00,14.00,18.00,3.00,-20.00,1.00,0.00,94.44,68.75,84.00,1,4,2024-05-18,1115.97,992.65,0.63,0.37,1100.00,1008.62
10551,490,23,W,4.00,12741.00,23.00,38.00,9.00,6.00,3.00,0.00,2.00,12737.00,16.00,27.00,10.00,-6.00,2.00,1.00,92.59,89.47,84.00,1,2,2024-05-19,1427.73,1334.18,0.58,0.42,1409.77,1352.15
10553,438,404,W,8.00,11752.00,20.00,28.00,9.00,31.00,5.00,0.00,2.00,12883.00,25.00,29.00,8.00,-32.00,2.00,2.00,93.10,71.43,84.00,1,2,2024-05-19,1383.80,1029.40,0.88,0.12,1378.58,1034.62
10554,335,24,W,5.00,12218.00,15.00,20.00,7.00,10.00,5.00,2.00,4.00,12745.00,19.00,31.00,5.00,-10.00,3.00,1.00,87.10,75.00,84.00,1,2,2024-05-19,1329.83,1257.70,0.55,0.45,1310.38,1277.15
10555,332,502,L,3.00,12491.00,26.00,32.00,2.00,-5.00,3.00,0.00,4.00,12547.00,15.00,30.00,9.00,5.00,1.00,0.00,86.67,,84.00,1,3,2024-05-19,1162.50,1127.63,0.62,0.38,1189.37,1100.76
10558,489,411,L,2.00,12552.00,26.00,23.00,10.00,-5.00,1.00,0.00,4.00,0.00,0.00,0.00,0.00,4.00,3.00,0.00,-inf,91.30,84.00,1,3,2024-05-19,1141.51,1005.51,0.76,0.24,1174.24,972.78
10559,405,400,L,3.00,12466.00,12.00,32.00,2.00,5.00,3.00,2.00,5.00,13506.00,28.00,24.00,2.00,-5.00,3.00,2.00,79.17,90.62,84.00,1,3,2024-05-19,1131.62,947.78,0.81,0.19,1166.51,912.89
10560,65,215,W,5.00,12937.00,16.00,31.00,4.00,10.00,2.00,1.00,4.00,11727.00,25.00,23.00,8.00,-16.00,2.00,2.00,91.30,83.87,84.00,1,3,2024-05-19,1070.47,1028.26,0.50,0.50,1048.92,1049.82
10561,568,545,W,10.00,12380.00,23.00,38.00,1.00,44.00,8.00,6.00,1.00,12083.00,8.00,8.00,6.00,-45.00,1.00,1.00,87.50,73.68,84.00,1,4,2024-05-19,1123.74,858.39,0.81,0.19,1115.45,866.68
10562,176,501,W,6.00,12627.00,21.00,24.00,5.00,24.00,6.00,1.00,0.00,13348.00,14.00,12.00,6.00,-25.00,0.00,0.00,100.00,,84.00,1,4,2024-05-19,1120.15,902.51,0.76,0.24,1109.67,913.00
10564,393,239,W,4.00,12582.00,15.00,29.00,4.00,15.00,2.00,1.00,0.00,12338.00,18.00,31.00,6.00,-15.00,0.00,0.00,100.00,86.21,84.00,1,1,2024-05-19,1437.96,1481.04,0.36,0.64,1410.56,1508.44
10575,29,564,W,13.00,9541.00,17.00,41.00,3.00,45.00,9.00,5.00,4.00,11888.00,17.00,20.00,4.00,-45.00,3.00,2.00,80.00,68.29,84.00,1,0,2024-05-25,1636.37,1429.37,0.74,0.26,1625.34,1440.39
10578,239,63,W,15.00,12089.00,16.00,50.00,5.00,54.00,14.00,4.00,2.00,12729.00,19.00,38.00,4.00,-55.00,2.00,0.00,94.74,,84.00,1,1,2024-05-25,1497.82,1386.69,0.61,0.39,1481.04,1403.46
10579,567,439,W,5.00,13229.00,19.00,31.00,5.00,0.00,3.00,0.00,4.00,12066.00,15.00,36.00,12.00,-1.00,3.00,0.00,88.89,83.87,84.00,1,2,2024-05-25,1335.09,1116.72,0.76,0.24,1324.64,1127.16
10585,26,332,L,3.00,12920.00,18.00,30.00,9.00,-14.00,3.00,1.00,8.00,12459.00,24.00,30.00,8.00,13.00,5.00,1.00,73.33,90.00,84.00,1,3,2024-05-25,1174.19,1186.18,0.55,0.45,1197.87,1162.50
10586,566,504,W,7.00,12757.00,17.00,24.00,2.00,20.00,7.00,2.00,2.00,12611.00,8.00,28.00,7.00,-20.00,2.00,1.00,92.86,,84.00,1,3,2024-05-25,1167.04,1127.62,0.49,0.51,1145.29,1149.37
10587,405,565,L,4.00,12211.00,6.00,29.00,3.00,-5.00,2.00,0.00,7.00,11615.00,14.00,39.00,3.00,5.00,3.00,1.00,82.05,86.21,84.00,1,3,2024-05-25,1116.03,1245.35,0.36,0.64,1131.62,1229.76
10588,129,489,W,12.00,12096.00,9.00,36.00,3.00,55.00,8.00,2.00,2.00,12324.00,9.00,12.00,5.00,-49.00,1.00,1.00,83.33,66.67,84.00,1,3,2024-05-25,1248.54,1125.52,0.63,0.37,1232.54,1141.51
10589,411,406,L,2.00,12675.00,30.00,32.00,9.00,-10.00,1.00,0.00,5.00,11819.00,24.00,22.00,9.00,10.00,4.00,0.00,77.27,93.75,84.00,1,3,2024-05-25,989.95,1119.55,0.36,0.64,1005.51,1103.98
10590,375,568,L,4.00,12078.00,18.00,22.00,8.00,-7.00,2.00,0.00,5.00,13224.00,22.00,39.00,3.00,4.00,2.00,0.00,87.18,81.82,84.00,1,4,2024-05-25,1036.04,1140.94,0.40,0.60,1053.23,1123.74
10591,501,532,W,4.00,12257.00,19.00,22.00,6.00,10.00,4.00,0.00,2.00,12398.00,20.00,19.00,8.00,-11.00,2.00,2.00,89.47,81.82,84.00,1,4,2024-05-25,935.78,1082.71,0.23,0.77,902.51,1115.97
10593,545,451,L,0.00,12052.00,8.00,11.00,6.00,-49.00,0.00,0.00,10.00,12232.00,17.00,36.00,2.00,49.00,7.00,2.00,72.22,100.00,84.00,1,4,2024-05-25,844.29,997.27,0.33,0.67,858.39,983.17
10576,443,1,W,4.00,12364.00,17.00,29.00,2.00,-7.00,4.00,2.00,3.00,12070.00,10.00,19.00,12.00,7.00,3.00,1.00,84.21,86.21,84.00,1,0,2024-05-26,1435.33,1570.91,0.24,0.76,1402.62,1603.62
10577,333,393,W,6.00,13419.00,15.00,36.00,5.00,15.00,6.00,3.00,3.00,13365.00,15.00,28.00,5.00,-15.00,3.00,2.00,89.29,83.33,84.00,1,1,2024-05-26,1552.56,1422.43,0.64,0.36,1537.03,1437.96
10580,567,44,W,4.00,11948.00,21.00,30.00,5.00,5.00,4.00,1.00,2.00,12178.00,8.00,28.00,10.00,-6.00,1.00,0.00,92.86,86.67,84.00,1,2,2024-05-26,1359.58,1359.26,0.43,0.57,1335.09,1383.75
10581,331,335,L,4.00,13025.00,15.00,21.00,12.00,-1.00,1.00,0.00,6.00,12197.00,14.00,35.00,4.00,0.00,4.00,1.00,82.86,80.95,84.00,1,2,2024-05-26,1213.33,1345.24,0.36,0.64,1228.75,1329.83
10582,189,23,L,4.00,12985.00,8.00,25.00,6.00,0.00,4.00,1.00,5.00,11943.00,19.00,22.00,1.00,-1.00,3.00,0.00,77.27,84.00,84.00,1,2,2024-05-26,1281.62,1353.64,0.45,0.55,1301.08,1334.18
10583,402,438,L,3.00,11609.00,13.00,20.00,6.00,-14.00,1.00,1.00,5.00,11651.00,19.00,32.00,2.00,13.00,3.00,3.00,84.38,85.00,84.00,1,2,2024-05-26,1380.86,1406.52,0.53,0.47,1403.58,1383.80
10584,502,65,W,6.00,11933.00,11.00,21.00,11.00,10.00,5.00,1.00,2.00,12273.00,21.00,21.00,3.00,-10.00,1.00,0.00,90.48,71.43,84.00,1,3,2024-05-26,1145.62,1052.48,0.58,0.42,1127.63,1070.47
10592,449,176,L,1.00,12427.00,3.00,12.00,11.00,-3.00,1.00,0.00,2.00,12970.00,20.00,26.00,2.00,3.00,1.00,0.00,92.31,91.67,84.00,1,4,2024-05-26,978.70,1134.10,0.32,0.68,992.65,1120.15
10294,49,29,L,4.00,12806.00,17.00,32.00,10.00,-10.00,4.00,2.00,5.00,13133.00,22.00,39.00,11.00,10.00,3.00,1.00,87.18,87.50,74.00,3,0,2024-06-04,1581.39,1655.67,0.45,0.55,1600.69,1636.37
10295,333,31,W,6.00,13786.00,25.00,28.00,4.00,0.00,4.00,1.00,4.00,13753.00,16.00,30.00,8.00,0.00,3.00,2.00,86.67,78.57,74.00,3,1,2024-06-04,1578.13,1593.49,0.41,0.59,1552.56,1619.06
10296,191,556,W,9.00,12338.00,20.00,34.00,7.00,31.00,8.00,4.00,2.00,12685.00,23.00,23.00,8.00,-36.00,1.00,0.00,91.30,73.53,82.00,3,0,2024-06-04,1666.88,1532.80,0.64,0.36,1651.60,1548.08
10298,409,111,L,1.00,12604.00,20.00,16.00,8.00,-4.00,1.00,1.00,2.00,12614.00,21.00,22.00,6.00,5.00,2.00,0.00,,93.75,82.00,3,0,2024-06-04,1535.28,1530.47,0.58,0.42,1560.13,1505.62
10303,92,35,L,1.00,12768.00,12.00,21.00,10.00,-5.00,1.00,1.00,2.00,12845.00,17.00,29.00,5.00,5.00,2.00,1.00,93.10,95.24,74.00,3,1,2024-06-04,1499.02,1586.95,0.43,0.57,1517.38,1568.60
10306,410,443,L,2.00,12265.00,16.00,39.00,7.00,-20.00,2.00,1.00,6.00,12871.00,15.00,24.00,6.00,19.00,5.00,2.00,,94.87,82.00,3,1,2024-06-04,1278.54,1448.42,0.30,0.70,1291.62,1435.33
10308,496,109,W,5.00,12811.00,24.00,27.00,13.00,10.00,4.00,2.00,1.00,12992.00,29.00,33.00,14.00,-11.00,1.00,0.00,96.97,81.48,82.00,3,1,2024-06-04,1488.59,1390.60,0.59,0.41,1470.92,1408.26
10310,408,22,W,3.00,12368.00,20.00,21.00,8.00,9.00,2.00,1.00,2.00,8763.00,16.00,15.00,3.00,-10.00,1.00,0.00,86.67,85.71,75.00,6,1,2024-06-04,1532.59,1329.14,0.74,0.26,1521.38,1340.36
10312,44,48,W,7.00,12660.00,23.00,32.00,11.00,14.00,5.00,4.00,4.00,12521.00,22.00,23.00,13.00,-17.00,2.00,1.00,82.61,78.12,75.00,6,1,2024-06-04,1383.95,1386.46,0.43,0.57,1359.26,1411.14
10316,497,336,W,6.00,10246.00,24.00,35.00,7.00,9.00,5.00,1.00,3.00,8373.00,11.00,25.00,1.00,-10.00,3.00,0.00,,82.86,75.00,6,1,2024-06-04,1463.56,1389.57,0.55,0.45,1444.24,1408.89
10318,499,130,L,0.00,13010.00,16.00,12.00,8.00,-16.00,0.00,0.00,3.00,12472.00,28.00,27.00,7.00,15.00,3.00,0.00,88.89,100.00,75.00,6,4,2024-06-04,1119.21,1177.59,0.47,0.53,1139.62,1157.17
10692,565,504,W,6.00,11342.00,16.00,49.00,3.00,20.00,2.00,1.00,0.00,12675.00,13.00,15.00,4.00,-20.00,0.00,0.00,100.00,87.76,84.00,6,3,2024-06-07,1259.83,1113.14,0.66,0.34,1245.35,1127.62
10697,411,215,W,10.00,13217.00,24.00,42.00,2.00,31.00,6.00,0.00,2.00,12213.00,9.00,13.00,5.00,-30.00,1.00,0.00,84.62,76.19,84.00,2,3,2024-06-07,1013.81,1004.40,0.45,0.55,989.95,1028.26
10698,438,44,W,7.00,12807.00,12.00,38.00,9.00,25.00,7.00,1.00,2.00,13074.00,22.00,25.00,4.00,-26.00,2.00,0.00,92.00,81.58,84.00,3,2,2024-06-07,1426.63,1363.84,0.53,0.47,1406.52,1383.95
10699,490,402,W,3.00,12074.00,17.00,18.00,8.00,0.00,3.00,2.00,2.00,12362.00,17.00,15.00,1.00,0.00,2.00,0.00,86.67,83.33,84.00,3,2,2024-06-07,1446.35,1362.24,0.57,0.43,1427.73,1380.86
10757,578,46,W,7.00,12750.00,15.00,48.00,7.00,18.00,7.00,2.00,3.00,13304.00,23.00,23.00,2.00,-20.00,3.00,1.00,86.96,85.42,85.00,1,0,2024-06-10,1536.26,1491.64,0.50,0.50,1514.87,1513.02
10760,49,442,L,6.00,13813.00,20.00,39.00,9.00,-6.00,4.00,0.00,7.00,12723.00,26.00,29.00,5.00,5.00,2.00,0.00,75.86,84.62,85.00,1,0,2024-06-10,1547.60,1389.34,0.79,0.21,1581.39,1355.54
10761,505,447,W,7.00,12223.00,19.00,33.00,5.00,-3.00,6.00,1.00,6.00,12606.00,14.00,34.00,4.00,2.00,6.00,2.00,82.35,,85.00,1,0,2024-06-10,1412.05,1331.01,0.56,0.44,1393.22,1349.84
10762,580,17,W,7.00,12199.00,20.00,31.00,3.00,20.00,6.00,4.00,4.00,12440.00,33.00,37.00,5.00,-20.00,4.00,2.00,89.19,,85.00,1,0,2024-06-10,1529.12,1633.67,0.28,0.72,1498.03,1664.76
10784,333,393,W,4.00,13530.00,27.00,49.00,9.00,15.00,3.00,1.00,0.00,13175.00,15.00,18.00,8.00,-15.00,0.00,0.00,100.00,91.84,85.00,1,1,2024-06-10,1590.59,1409.97,0.71,0.29,1578.13,1422.43
10786,396,494,L,4.00,11264.00,9.00,18.00,5.00,-16.00,2.00,2.00,8.00,12665.00,14.00,48.00,5.00,14.00,6.00,3.00,83.33,77.78,85.00,1,1,2024-06-10,1380.92,1479.58,0.41,0.59,1398.54,1461.96
10934,438,207,W,6.00,12423.00,31.00,52.00,5.00,4.00,5.00,2.00,5.00,12355.00,10.00,13.00,7.00,-6.00,4.00,2.00,61.54,88.46,86.00,1,2,2024-06-10,1437.46,1226.82,0.75,0.25,1426.63,1237.66
10935,214,189,W,10.00,12358.00,15.00,29.00,13.00,31.00,7.00,1.00,6.00,12817.00,25.00,38.00,4.00,-35.00,4.00,1.00,84.21,,86.00,1,2,2024-06-10,1342.56,1262.71,0.56,0.44,1323.65,1281.62
10936,22,336,W,5.00,11492.00,16.00,32.00,3.00,19.00,4.00,1.00,2.00,12791.00,12.00,19.00,4.00,-21.00,1.00,1.00,89.47,84.38,86.00,1,2,2024-06-10,1354.35,1364.37,0.41,0.59,1329.14,1389.57
10946,568,332,W,3.00,13328.00,16.00,29.00,5.00,0.00,2.00,2.00,2.00,13580.00,17.00,32.00,8.00,0.00,1.00,1.00,93.75,89.66,86.00,1,4,2024-06-10,1165.22,1161.90,0.44,0.56,1140.94,1186.18
10948,570,405,L,0.00,11330.00,12.00,14.00,3.00,-34.00,0.00,0.00,7.00,12822.00,21.00,34.00,6.00,34.00,7.00,2.00,79.41,100.00,86.00,1,4,2024-06-10,1086.90,1137.03,0.49,0.51,1107.90,1116.03
10949,448,582,L,3.00,12601.00,35.00,27.00,12.00,0.00,3.00,1.00,5.00,13110.00,16.00,26.00,11.00,0.00,3.00,1.00,80.77,88.89,86.00,1,4,2024-06-10,1093.08,1162.82,0.46,0.54,1112.70,1143.20
10950,566,502,W,8.00,10464.00,8.00,25.00,3.00,9.00,6.00,1.00,7.00,12132.00,19.00,32.00,4.00,-9.00,4.00,2.00,78.12,,86.00,1,4,2024-06-10,1187.22,1125.45,0.53,0.47,1167.04,1145.62
10951,504,577,L,5.00,13857.00,22.00,29.00,7.00,-15.00,3.00,0.00,6.00,13113.00,12.00,28.00,12.00,12.00,4.00,1.00,78.57,82.76,86.00,1,4,2024-06-10,1092.15,1142.48,0.49,0.51,1113.14,1121.50
10952,411,400,W,3.00,11761.00,16.00,16.00,10.00,9.00,1.00,0.00,1.00,12658.00,20.00,24.00,8.00,-10.00,1.00,1.00,95.83,81.25,86.00,1,5,2024-06-10,1031.27,930.32,0.59,0.41,1013.81,947.78
10953,130,176,W,3.00,13265.00,26.00,23.00,12.00,10.00,1.00,0.00,1.00,13165.00,26.00,25.00,15.00,-10.00,1.00,0.00,96.00,86.96,86.00,1,5,2024-06-10,1196.41,1115.27,0.56,0.44,1177.59,1134.10
10954,439,61,W,6.00,12908.00,27.00,33.00,9.00,25.00,6.00,2.00,1.00,12025.00,23.00,16.00,8.00,-25.00,1.00,0.00,93.75,81.82,86.00,1,5,2024-06-10,1127.75,920.95,0.74,0.26,1116.72,931.98
10960,545,489,L,0.00,12967.00,23.00,15.00,3.00,-20.00,0.00,0.00,5.00,12042.00,21.00,32.00,1.00,20.00,4.00,2.00,84.38,100.00,86.00,1,6,2024-06-10,837.18,1132.63,0.17,0.83,844.29,1125.52
10961,408,497,W,7.00,13022.00,18.00,34.00,13.00,35.00,4.00,1.00,0.00,13403.00,19.00,17.00,5.00,-35.00,0.00,0.00,100.00,79.41,86.00,1,1,2024-06-10,1549.88,1446.27,0.60,0.40,1532.59,1463.56
10963,109,379,W,5.00,13513.00,33.00,36.00,7.00,-5.00,4.00,3.00,3.00,12567.00,23.00,23.00,13.00,5.00,3.00,0.00,86.96,86.11,86.00,1,1,2024-06-10,1408.85,1319.39,0.58,0.42,1390.60,1337.64
10964,104,501,W,3.00,12052.00,18.00,24.00,0.00,15.00,0.00,0.00,0.00,12578.00,16.00,9.00,7.00,-15.00,0.00,0.00,100.00,87.50,86.00,1,6,2024-06-10,1224.78,928.69,0.84,0.16,1217.69,935.78
11616,451,453,W,7.00,12463.00,21.00,40.00,6.00,24.00,3.00,0.00,0.00,12680.00,22.00,14.00,9.00,-25.00,0.00,0.00,100.00,82.50,86.00,1,6,2024-06-12,1006.99,773.90,0.77,0.23,997.27,783.63
10626,63,452,L,1.00,13399.00,12.00,27.00,5.00,-50.00,0.00,0.00,12.00,13085.00,19.00,36.00,3.00,50.00,11.00,6.00,66.67,96.30,84.00,1,1,2024-06-15,1372.46,1523.34,0.33,0.67,1386.69,1509.12
10645,439,24,L,2.00,12727.00,26.00,21.00,3.00,-9.00,1.00,0.00,4.00,12279.00,24.00,31.00,11.00,9.00,1.00,1.00,87.10,90.48,84.00,1,2,2024-06-15,1113.94,1271.52,0.32,0.68,1127.75,1257.70
10650,504,65,W,4.00,12850.00,20.00,22.00,6.00,5.00,4.00,0.00,3.00,12710.00,33.00,35.00,8.00,-5.00,3.00,2.00,91.43,81.82,84.00,1,3,2024-06-15,1111.21,1033.42,0.56,0.44,1092.15,1052.48
10651,26,566,W,5.00,13175.00,18.00,39.00,6.00,9.00,3.00,1.00,2.00,13184.00,19.00,18.00,4.00,-9.00,2.00,0.00,88.89,87.18,84.00,1,3,2024-06-15,1196.50,1164.91,0.48,0.52,1174.19,1187.22
10652,215,332,L,2.00,12074.00,17.00,21.00,6.00,-20.00,2.00,1.00,8.00,12767.00,19.00,36.00,5.00,20.00,5.00,3.00,77.78,90.48,84.00,1,3,2024-06-15,992.03,1174.27,0.29,0.71,1004.40,1161.90
10654,411,129,L,5.00,12712.00,14.00,22.00,7.00,-10.00,2.00,1.00,6.00,12626.00,23.00,44.00,7.00,10.00,4.00,2.00,86.36,77.27,84.00,1,3,2024-06-15,1021.70,1258.11,0.22,0.78,1031.27,1248.54
10656,449,568,L,2.00,13153.00,17.00,15.00,14.00,-20.00,1.00,0.00,7.00,12654.00,32.00,38.00,8.00,19.00,7.00,3.00,81.58,,84.00,6,4,2024-06-15,967.75,1176.17,0.25,0.75,978.70,1165.22
10657,501,375,L,1.00,13012.00,15.00,14.00,20.00,-10.00,1.00,1.00,4.00,12319.00,34.00,25.00,1.00,10.00,2.00,0.00,84.00,92.86,84.00,6,4,2024-06-15,913.63,1051.10,0.35,0.65,928.69,1036.04
10659,176,451,W,7.00,12135.00,19.00,25.00,8.00,28.00,4.00,2.00,1.00,12679.00,17.00,30.00,6.00,-29.00,1.00,0.00,96.67,72.00,84.00,6,4,2024-06-15,1130.28,991.98,0.65,0.35,1115.27,1006.99
10619,29,1,W,12.00,12783.00,9.00,39.00,5.00,41.00,12.00,7.00,5.00,13428.00,22.00,30.00,3.00,-40.00,4.00,2.00,83.33,69.23,84.00,1,0,2024-06-16,1672.02,1554.55,0.62,0.38,1655.67,1570.91
10620,214,443,L,4.00,13352.00,23.00,27.00,6.00,-5.00,3.00,2.00,5.00,12913.00,11.00,31.00,2.00,3.00,3.00,2.00,83.87,85.19,84.00,1,0,2024-06-16,1327.42,1463.56,0.35,0.65,1342.56,1448.42
10625,333,452,L,0.00,12802.00,15.00,25.00,5.00,-20.00,0.00,0.00,4.00,13342.00,22.00,40.00,5.00,20.00,4.00,3.00,90.00,100.00,84.00,1,1,2024-06-16,1564.98,1548.95,0.60,0.40,1590.59,1523.34
10641,335,44,L,4.00,11875.00,16.00,17.00,7.00,-16.00,3.00,3.00,7.00,11913.00,15.00,38.00,4.00,15.00,5.00,1.00,81.58,76.47,84.00,1,2,2024-06-16,1324.89,1384.19,0.47,0.53,1345.24,1363.84
10642,490,189,W,5.00,13180.00,26.00,21.00,2.00,15.00,5.00,2.00,2.00,13140.00,12.00,12.00,8.00,-15.00,1.00,1.00,83.33,76.19,84.00,1,2,2024-06-16,1457.44,1251.62,0.74,0.26,1446.35,1262.71
10643,438,23,W,7.00,12645.00,18.00,39.00,4.00,20.00,4.00,2.00,3.00,12482.00,15.00,14.00,3.00,-21.00,2.00,0.00,78.57,82.05,84.00,1,2,2024-06-16,1453.87,1337.23,0.62,0.38,1437.46,1353.64
10644,402,404,W,6.00,12318.00,18.00,29.00,2.00,13.00,6.00,3.00,3.00,12683.00,17.00,30.00,8.00,-15.00,1.00,0.00,90.00,79.31,84.00,1,2,2024-06-16,1367.76,1023.88,0.87,0.13,1362.24,1029.40
10653,565,489,W,11.00,11337.00,25.00,37.00,0.00,40.00,9.00,2.00,1.00,12260.00,7.00,17.00,9.00,-38.00,1.00,0.00,94.12,70.27,84.00,1,3,2024-06-16,1273.79,1118.66,0.68,0.32,1259.83,1132.63
10655,406,400,L,3.00,11666.00,15.00,26.00,1.00,-11.00,3.00,1.00,4.00,11727.00,6.00,20.00,2.00,10.00,3.00,1.00,80.00,88.46,84.00,1,3,2024-06-16,1087.37,962.49,0.75,0.25,1119.55,930.32
10658,545,532,L,1.00,12302.00,9.00,11.00,4.00,-5.00,0.00,0.00,3.00,11855.00,16.00,28.00,4.00,4.00,2.00,0.00,89.29,90.91,84.00,6,4,2024-06-16,828.77,1091.12,0.20,0.80,837.18,1082.71
10618,1,564,W,12.00,13343.00,22.00,31.00,2.00,40.00,12.00,10.00,4.00,12397.00,12.00,32.00,4.00,-40.00,3.00,1.00,87.50,61.29,84.00,1,0,2024-06-19,1568.63,1415.30,0.67,0.33,1554.55,1429.37
10617,214,29,W,10.00,12980.00,13.00,32.00,6.00,-1.00,8.00,3.00,8.00,12927.00,15.00,49.00,2.00,-1.00,7.00,4.00,83.67,68.75,84.00,1,0,2024-06-22,1365.22,1634.22,0.12,0.88,1327.42,1672.02
10648,567,24,W,5.00,12071.00,21.00,32.00,1.00,10.00,5.00,0.00,2.00,11936.00,13.00,27.00,6.00,-10.00,2.00,1.00,92.59,84.38,84.00,1,2,2024-06-22,1375.74,1255.35,0.62,0.38,1359.58,1271.52
10661,26,65,L,7.00,12276.00,10.00,22.00,7.00,-16.00,5.00,2.00,10.00,13012.00,20.00,36.00,8.00,15.00,6.00,2.00,72.22,68.18,84.00,1,3,2024-06-22,1165.59,1064.33,0.72,0.28,1196.50,1033.42
10662,400,411,L,1.00,12344.00,17.00,26.00,4.00,-39.00,1.00,1.00,9.00,12026.00,14.00,36.00,7.00,40.00,7.00,1.00,75.00,96.15,84.00,1,3,2024-06-22,944.62,1039.57,0.42,0.58,962.49,1021.70
10663,504,215,L,3.00,13271.00,18.00,21.00,6.00,-6.00,1.00,0.00,4.00,12697.00,15.00,24.00,3.00,6.00,2.00,0.00,83.33,85.71,84.00,1,3,2024-06-22,1082.61,1020.63,0.67,0.33,1111.21,992.03
10664,405,129,L,0.00,12508.00,17.00,16.00,6.00,-15.00,0.00,0.00,4.00,12732.00,11.00,39.00,4.00,15.00,3.00,3.00,89.74,100.00,84.00,1,3,2024-06-22,1122.73,1272.40,0.33,0.67,1137.03,1258.11
10673,176,568,L,1.00,13384.00,8.00,16.00,9.00,-4.00,1.00,0.00,2.00,13078.00,28.00,36.00,4.00,3.00,1.00,0.00,94.44,93.75,84.00,3,4,2024-06-22,1111.61,1194.85,0.43,0.57,1130.28,1176.17
10627,333,239,W,4.00,12774.00,23.00,28.00,3.00,5.00,4.00,1.00,3.00,12891.00,17.00,28.00,7.00,-5.00,2.00,1.00,89.29,85.71,84.00,1,1,2024-06-23,1582.37,1480.42,0.60,0.40,1564.98,1497.82
10647,23,402,W,5.00,13979.00,19.00,24.00,6.00,5.00,3.00,1.00,4.00,12698.00,18.00,31.00,11.00,-5.00,2.00,2.00,87.10,79.17,84.00,1,2,2024-06-23,1360.61,1344.38,0.46,0.54,1337.23,1367.76
10649,44,331,W,9.00,12991.00,34.00,44.00,1.00,40.00,9.00,2.00,1.00,13248.00,10.00,9.00,6.00,-40.00,1.00,1.00,88.89,79.55,84.00,1,2,2024-06-23,1395.90,1201.63,0.73,0.27,1384.19,1213.33
10660,502,566,L,4.00,13090.00,18.00,17.00,6.00,-15.00,4.00,3.00,8.00,12981.00,16.00,31.00,4.00,15.00,6.00,1.00,74.19,76.47,84.00,1,3,2024-06-23,1106.38,1183.98,0.44,0.56,1125.45,1164.91
10665,489,406,L,0.00,13244.00,11.00,20.00,15.00,-46.00,0.00,0.00,11.00,13136.00,31.00,41.00,3.00,49.00,7.00,2.00,73.17,100.00,84.00,1,3,2024-06-23,1095.23,1110.80,0.54,0.46,1118.66,1087.37
10674,375,532,W,7.00,13004.00,24.00,31.00,7.00,20.00,5.00,2.00,2.00,12666.00,14.00,25.00,10.00,-20.00,1.00,0.00,92.00,77.42,84.00,3,4,2024-06-23,1075.06,1067.16,0.44,0.56,1051.10,1091.12
10675,451,449,W,4.00,13234.00,31.00,24.00,7.00,8.00,2.00,1.00,3.00,13314.00,19.00,14.00,8.00,-9.00,2.00,1.00,78.57,83.33,84.00,2,4,2024-06-23,1011.99,947.75,0.53,0.47,991.98,967.75
10676,501,545,W,6.00,12736.00,26.00,35.00,5.00,15.00,5.00,1.00,2.00,12440.00,10.00,15.00,4.00,-15.00,1.00,1.00,86.67,82.86,84.00,2,4,2024-06-23,929.98,812.42,0.62,0.38,913.63,828.77
10666,26,502,W,10.00,12057.00,30.00,36.00,5.00,30.00,7.00,4.00,4.00,12722.00,18.00,25.00,12.00,-31.00,2.00,1.00,84.00,72.22,84.00,1,3,2024-06-29,1183.46,1088.51,0.58,0.42,1165.59,1106.38
10669,504,332,W,5.00,11968.00,21.00,22.00,4.00,5.00,3.00,3.00,4.00,12357.00,19.00,33.00,8.00,-5.00,4.00,2.00,87.88,77.27,84.00,1,3,2024-06-29,1109.65,1147.23,0.37,0.63,1082.61,1174.27
10672,406,405,L,4.00,12898.00,16.00,19.00,3.00,-5.00,3.00,0.00,7.00,13141.00,38.00,35.00,8.00,3.00,4.00,1.00,80.00,78.95,84.00,1,3,2024-06-29,1090.04,1143.50,0.48,0.52,1110.80,1122.73
10677,29,214,W,9.00,12723.00,21.00,43.00,3.00,39.00,8.00,3.00,2.00,13710.00,19.00,27.00,5.00,-40.00,1.00,1.00,92.59,79.07,84.00,3,0,2024-06-29,1641.76,1357.68,0.82,0.18,1634.22,1365.22
10678,443,1,W,6.00,12577.00,21.00,44.00,3.00,-4.00,5.00,3.00,5.00,12554.00,17.00,29.00,5.00,3.00,4.00,4.00,82.76,86.36,84.00,3,0,2024-06-29,1491.37,1540.81,0.35,0.65,1463.56,1568.63
10679,239,452,L,2.00,13472.00,25.00,33.00,6.00,-5.00,2.00,0.00,3.00,13031.00,17.00,34.00,10.00,5.00,3.00,1.00,91.18,93.94,84.00,3,1,2024-06-29,1463.11,1566.26,0.40,0.60,1480.42,1548.95
10680,393,333,W,6.00,12797.00,12.00,29.00,5.00,9.00,2.00,1.00,3.00,12300.00,15.00,19.00,2.00,-10.00,3.00,0.00,84.21,79.31,84.00,3,1,2024-06-29,1441.34,1551.00,0.27,0.73,1409.97,1582.37
10682,402,567,W,3.00,12693.00,20.00,27.00,11.00,-5.00,2.00,0.00,2.00,11913.00,23.00,36.00,3.00,5.00,2.00,1.00,94.44,88.89,84.00,6,2,2024-06-29,1367.81,1352.31,0.45,0.55,1344.38,1375.74
10686,532,176,L,1.00,12588.00,16.00,18.00,3.00,-15.00,1.00,1.00,4.00,11742.00,16.00,33.00,7.00,15.00,3.00,0.00,87.88,94.44,84.00,4,4,2024-06-29,1048.39,1130.37,0.44,0.56,1067.16,1111.61
10687,501,451,W,3.00,12042.00,11.00,20.00,9.00,-5.00,3.00,0.00,1.00,12495.00,25.00,20.00,4.00,5.00,1.00,0.00,95.00,85.00,84.00,2,4,2024-06-29,956.46,985.50,0.38,0.62,929.98,1011.99
10667,65,566,L,3.00,13033.00,37.00,33.00,1.00,-15.00,3.00,0.00,5.00,12503.00,11.00,33.00,15.00,15.00,5.00,4.00,84.85,90.91,84.00,1,3,2024-06-30,1049.96,1198.36,0.33,0.67,1064.33,1183.98
10668,215,502,L,5.00,12549.00,19.00,24.00,4.00,-6.00,2.00,0.00,7.00,12701.00,16.00,26.00,8.00,5.00,5.00,2.00,73.08,79.17,84.00,1,3,2024-06-30,1003.28,1105.86,0.40,0.60,1020.63,1088.51
10670,129,565,W,4.00,12481.00,17.00,34.00,5.00,14.00,3.00,0.00,2.00,12443.00,15.00,25.00,4.00,-15.00,1.00,0.00,92.00,88.24,84.00,1,3,2024-06-30,1293.99,1252.21,0.50,0.50,1272.40,1273.79
10671,400,489,W,11.00,12630.00,18.00,41.00,0.00,42.00,10.00,3.00,3.00,13329.00,10.00,16.00,5.00,-36.00,3.00,0.00,81.25,73.17,84.00,1,3,2024-06-30,974.90,1064.96,0.30,0.70,944.62,1095.23
10681,490,24,W,4.00,11962.00,28.00,27.00,3.00,3.00,2.00,1.00,3.00,12284.00,20.00,21.00,6.00,-4.00,2.00,1.00,85.71,85.19,84.00,6,2,2024-06-30,1467.67,1245.11,0.76,0.24,1457.44,1255.35
10683,438,335,W,5.00,12947.00,24.00,33.00,10.00,14.00,5.00,0.00,1.00,12272.00,19.00,18.00,4.00,-15.00,1.00,1.00,94.44,84.85,84.00,6,2,2024-06-30,1467.74,1311.03,0.68,0.32,1453.87,1324.89
10684,44,23,W,3.00,12673.00,18.00,17.00,10.00,4.00,2.00,0.00,2.00,12790.00,36.00,33.00,6.00,-5.00,1.00,0.00,93.94,82.35,84.00,6,2,2024-06-30,1415.22,1341.29,0.55,0.45,1395.90,1360.61
10685,568,375,W,9.00,12987.00,31.00,34.00,8.00,34.00,6.00,1.00,2.00,12793.00,14.00,12.00,6.00,-34.00,1.00,0.00,83.33,73.53,84.00,5,4,2024-06-30,1209.22,1060.70,0.67,0.33,1194.85,1075.06
10688,443,29,L,9.00,13310.00,22.00,42.00,1.00,-15.00,5.00,3.00,13.00,12340.00,10.00,35.00,5.00,13.00,10.00,5.00,62.86,78.57,84.00,5,0,2024-06-30,1478.64,1654.49,0.30,0.70,1491.37,1641.76
10689,452,393,W,5.00,12463.00,14.00,35.00,6.00,9.00,3.00,2.00,3.00,12685.00,16.00,36.00,2.00,-10.00,2.00,1.00,91.67,85.71,84.00,5,1,2024-06-30,1580.35,1427.26,0.67,0.33,1566.26,1441.34
10690,214,1,W,7.00,13398.00,11.00,34.00,5.00,-2.00,5.00,2.00,6.00,13488.00,25.00,37.00,7.00,3.00,6.00,5.00,83.78,79.41,84.00,4,0,2024-06-30,1389.57,1508.93,0.26,0.74,1357.68,1540.81
10270,398,54,W,2.00,12470.00,14.00,26.00,14.00,10.00,2.00,1.00,1.00,11787.00,21.00,26.00,8.00,-10.00,1.00,0.00,96.15,92.31,75.00,6,3,2024-07-04,1320.88,1259.04,0.53,0.47,1300.71,1279.21
10297,556,191,L,3.00,11762.00,14.00,22.00,9.00,-10.00,2.00,1.00,5.00,12738.00,32.00,26.00,2.00,10.00,3.00,0.00,80.77,86.36,82.00,3,0,2024-07-04,1519.21,1680.47,0.32,0.68,1532.80,1666.88
10299,409,111,L,1.00,12610.00,15.00,19.00,11.00,-5.00,1.00,0.00,3.00,0.00,0.00,0.00,0.00,5.00,1.00,0.00,-inf,94.74,82.00,3,0,2024-07-04,1513.48,1552.27,0.51,0.49,1535.28,1530.47
10302,29,49,L,2.00,13005.00,22.00,26.00,4.00,-10.00,1.00,1.00,4.00,12703.00,19.00,24.00,12.00,9.00,3.00,2.00,83.33,92.31,74.00,3,0,2024-07-04,1626.58,1575.51,0.65,0.35,1654.49,1547.60
10304,31,333,L,2.00,12437.00,28.00,20.00,5.00,-6.00,2.00,1.00,3.00,12788.00,18.00,23.00,14.00,5.00,3.00,2.00,86.96,90.00,74.00,3,1,2024-07-04,1569.38,1575.12,0.56,0.44,1593.49,1551.00
10305,35,92,W,2.00,4520.00,26.00,43.00,3.00,10.00,2.00,2.00,0.00,143.00,10.00,22.00,14.00,-10.00,0.00,0.00,100.00,95.35,74.00,3,1,2024-07-04,1603.12,1482.85,0.62,0.38,1586.95,1499.02
10307,410,443,L,4.00,4038.00,21.00,22.00,11.00,4.00,4.00,0.00,5.00,420.00,27.00,28.00,6.00,-4.00,5.00,1.00,82.14,81.82,82.00,3,1,2024-07-04,1268.22,1488.96,0.24,0.76,1278.54,1478.64
10309,109,496,W,4.00,13211.00,31.00,35.00,9.00,0.00,3.00,1.00,2.00,11828.00,14.00,24.00,10.00,0.00,2.00,0.00,91.67,88.57,82.00,3,1,2024-07-04,1435.20,1462.24,0.39,0.61,1408.85,1488.59
10311,22,408,L,1.00,11911.00,5.00,28.00,4.00,-15.00,1.00,0.00,4.00,12327.00,19.00,31.00,2.00,15.00,4.00,1.00,87.10,96.43,75.00,6,1,2024-07-04,1343.81,1560.41,0.24,0.76,1354.35,1549.88
10313,48,44,W,8.00,11682.00,13.00,46.00,9.00,29.00,7.00,2.00,2.00,13148.00,21.00,23.00,8.00,-30.00,2.00,1.00,91.30,82.61,75.00,6,1,2024-07-04,1409.73,1391.94,0.46,0.54,1386.46,1415.22
10315,498,402,W,3.00,13638.00,27.00,38.00,5.00,-1.00,2.00,0.00,2.00,13746.00,15.00,26.00,15.00,0.00,2.00,1.00,92.31,92.11,75.00,6,1,2024-07-04,1388.64,1346.27,0.50,0.50,1367.10,1367.81
10319,439,332,L,2.00,185.00,17.00,28.00,4.00,0.00,0.00,0.00,3.00,2828.00,20.00,27.00,6.00,0.00,3.00,1.00,88.89,92.86,75.00,6,4,2024-07-04,1094.49,1166.67,0.45,0.55,1113.94,1147.23
10320,453,545,L,1.00,10.00,13.00,31.00,10.00,0.00,1.00,0.00,2.00,121.00,22.00,20.00,7.00,0.00,2.00,2.00,90.00,96.77,75.00,4,5,2024-07-04,754.78,831.54,0.44,0.56,773.90,812.42
10321,449,501,L,1.00,12225.00,11.00,16.00,12.00,-5.00,1.00,1.00,2.00,11904.00,21.00,17.00,4.00,5.00,1.00,0.00,88.24,93.75,75.00,5,5,2024-07-04,926.79,977.43,0.49,0.51,947.75,956.46
10323,431,375,W,5.00,12483.00,9.00,18.00,9.00,0.00,2.00,0.00,4.00,13487.00,19.00,22.00,6.00,0.00,3.00,1.00,81.82,72.22,75.00,6,4,2024-07-04,1108.77,1040.95,0.54,0.46,1089.02,1060.70
10324,269,26,W,7.00,8390.00,15.00,29.00,7.00,19.00,5.00,0.00,3.00,8038.00,17.00,19.00,7.00,-19.00,3.00,0.00,84.21,75.86,75.00,4,2,2024-07-04,1298.36,1167.95,0.64,0.36,1282.85,1183.46
10691,333,239,L,1.00,13705.00,18.00,24.00,2.00,-11.00,1.00,0.00,3.00,11919.00,9.00,25.00,4.00,10.00,3.00,1.00,88.00,95.83,84.00,4,1,2024-07-07,1546.92,1491.31,0.66,0.34,1575.12,1463.11
10693,65,129,L,1.00,10700.00,16.00,10.00,1.00,-20.00,1.00,0.00,5.00,12545.00,9.00,39.00,4.00,20.00,5.00,0.00,87.18,90.00,84.00,6,3,2024-07-07,1041.48,1302.46,0.20,0.80,1049.96,1293.99
10694,566,405,L,3.00,12119.00,13.00,23.00,5.00,-12.00,2.00,0.00,7.00,12310.00,22.00,33.00,3.00,9.00,5.00,1.00,78.79,86.96,84.00,6,3,2024-07-07,1173.49,1168.36,0.58,0.42,1198.36,1143.50
10695,400,502,W,5.00,12912.00,19.00,23.00,6.00,1.00,3.00,1.00,4.00,12878.00,17.00,28.00,13.00,0.00,3.00,1.00,85.71,78.26,84.00,6,3,2024-07-07,1004.14,1076.62,0.32,0.68,974.90,1105.86
10696,489,332,L,5.00,12440.00,15.00,18.00,5.00,-5.00,3.00,0.00,6.00,12636.00,19.00,36.00,3.00,5.00,3.00,0.00,83.33,72.22,84.00,2,3,2024-07-07,1049.58,1182.05,0.36,0.64,1064.96,1166.67
10700,490,438,L,5.00,13646.00,15.00,26.00,6.00,5.00,3.00,0.00,7.00,13677.00,25.00,39.00,3.00,-5.00,1.00,0.00,82.05,80.77,84.00,5,2,2024-07-07,1446.18,1489.24,0.50,0.50,1467.67,1467.74
10701,44,402,L,2.00,12173.00,18.00,24.00,9.00,-3.00,2.00,0.00,3.00,12899.00,14.00,26.00,7.00,3.00,3.00,3.00,88.46,91.67,84.00,4,2,2024-07-07,1367.63,1370.58,0.57,0.43,1391.94,1346.27
10809,130,400,W,5.00,12124.00,12.00,22.00,7.00,5.00,2.00,0.00,3.00,12832.00,19.00,18.00,6.00,-5.00,2.00,0.00,83.33,77.27,86.00,1,5,2024-07-09,1207.09,993.46,0.75,0.25,1196.41,1004.14
10813,504,570,L,3.00,13088.00,23.00,23.00,12.00,-10.00,2.00,0.00,5.00,12596.00,24.00,36.00,7.00,10.00,2.00,0.00,,86.96,86.00,1,4,2024-07-09,1086.75,1109.81,0.53,0.47,1109.65,1086.90
10814,566,331,W,3.00,12153.00,25.00,26.00,11.00,5.00,3.00,1.00,2.00,12525.00,21.00,21.00,8.00,-5.00,1.00,1.00,90.48,88.46,86.00,1,4,2024-07-09,1196.73,1178.39,0.46,0.54,1173.49,1201.63
10815,502,448,L,0.00,13029.00,37.00,18.00,6.00,-50.00,0.00,0.00,11.00,12023.00,21.00,28.00,13.00,49.00,7.00,2.00,60.71,100.00,86.00,1,4,2024-07-09,1056.14,1113.56,0.48,0.52,1076.62,1093.08
10819,329,438,L,1.00,12875.00,10.00,17.00,13.00,-25.00,1.00,0.00,8.00,12856.00,34.00,36.00,4.00,24.00,6.00,2.00,,94.12,86.00,1,2,2024-07-09,1286.23,1499.92,0.25,0.75,1296.91,1489.24
10822,569,446,L,3.00,11939.00,28.00,31.00,2.00,-15.00,2.00,0.00,7.00,12780.00,10.00,32.00,8.00,15.00,4.00,2.00,78.12,90.32,86.00,1,3,2024-07-09,1182.14,1204.43,0.53,0.47,1205.10,1181.47
10823,38,205,L,3.00,12418.00,11.00,22.00,19.00,-15.00,1.00,0.00,6.00,12768.00,33.00,36.00,3.00,15.00,6.00,3.00,83.33,86.36,86.00,1,3,2024-07-09,1072.13,1344.98,0.19,0.81,1080.11,1337.00
10827,109,408,L,3.00,12840.00,13.00,21.00,4.00,-20.00,2.00,2.00,6.00,12472.00,10.00,20.00,5.00,20.00,5.00,1.00,70.00,85.71,86.00,1,1,2024-07-09,1421.13,1574.48,0.33,0.67,1435.20,1560.41
11269,497,408,W,3.00,12208.00,16.00,21.00,8.00,9.00,1.00,0.00,1.00,12676.00,34.00,25.00,6.00,-10.00,1.00,0.00,96.00,85.71,86.00,1,1,2024-07-12,1475.37,1545.39,0.32,0.68,1446.27,1574.48
11285,579,396,L,1.00,12006.00,12.00,37.00,10.00,-11.00,1.00,1.00,3.00,12177.00,19.00,25.00,2.00,9.00,2.00,0.00,88.00,97.30,85.00,1,1,2024-07-12,1363.07,1402.66,0.51,0.49,1384.81,1380.92
11289,191,610,W,13.00,12957.00,17.00,31.00,2.00,33.00,10.00,4.00,7.00,11997.00,16.00,25.00,4.00,-35.00,6.00,1.00,72.00,58.06,85.00,1,1,2024-07-12,1687.71,1395.87,0.83,0.17,1680.47,1403.11
11292,580,573,W,2.00,12758.00,26.00,23.00,7.00,0.00,1.00,1.00,1.00,11600.00,28.00,31.00,6.00,0.00,1.00,1.00,96.77,91.30,85.00,1,0,2024-07-12,1548.82,1480.30,0.54,0.46,1529.12,1500.00
11305,505,17,L,4.00,13151.00,23.00,40.00,8.00,-20.00,4.00,1.00,9.00,12423.00,27.00,36.00,9.00,19.00,6.00,3.00,,90.00,85.00,1,0,2024-07-12,1402.67,1643.05,0.22,0.78,1412.05,1633.67
11610,26,491,L,1.00,12761.00,19.00,30.00,8.00,-10.00,1.00,0.00,3.00,6198.00,8.00,7.00,1.00,9.00,2.00,0.00,57.14,96.67,86.00,1,3,2024-07-12,1145.44,1174.26,0.52,0.48,1167.95,1151.76
11611,38,269,L,0.00,12136.00,17.00,18.00,5.00,-24.00,0.00,0.00,5.00,12967.00,31.00,48.00,3.00,25.00,2.00,0.00,89.58,100.00,86.00,1,3,2024-07-12,1062.93,1307.55,0.21,0.79,1072.13,1298.36
11613,205,446,W,5.00,12156.00,21.00,36.00,0.00,15.00,2.00,0.00,1.00,13085.00,14.00,22.00,7.00,-15.00,0.00,0.00,95.45,86.11,86.00,1,3,2024-07-12,1358.23,1191.18,0.69,0.31,1344.98,1204.43
11620,398,130,W,3.00,13844.00,28.00,31.00,1.00,-5.00,0.00,0.00,2.00,13362.00,12.00,19.00,13.00,5.00,1.00,1.00,89.47,90.32,86.00,1,5,2024-07-12,1335.58,1192.39,0.66,0.34,1320.88,1207.09
11621,400,439,L,1.00,11696.00,12.00,15.00,5.00,0.00,1.00,1.00,2.00,11991.00,18.00,25.00,3.00,0.00,1.00,0.00,92.00,93.33,86.00,1,5,2024-07-12,978.04,1109.91,0.36,0.64,993.46,1094.49
11623,445,375,L,0.00,12497.00,9.00,13.00,6.00,-15.00,0.00,0.00,5.00,13023.00,21.00,39.00,3.00,14.00,5.00,0.00,87.18,100.00,86.00,1,5,2024-07-12,911.16,1055.57,0.34,0.66,925.78,1040.95
11624,61,499,L,0.00,12273.00,22.00,10.00,3.00,-15.00,0.00,0.00,3.00,12733.00,20.00,21.00,10.00,15.00,1.00,0.00,85.71,100.00,86.00,1,5,2024-07-12,910.54,1129.62,0.24,0.76,920.95,1119.21
11625,584,405,L,1.00,10245.00,15.00,19.00,6.00,-24.00,1.00,0.00,9.00,12582.00,20.00,30.00,1.00,25.00,6.00,2.00,70.00,89.47,86.00,1,4,2024-07-12,1062.44,1184.42,0.37,0.63,1078.50,1168.36
11627,566,332,L,3.00,12888.00,29.00,25.00,6.00,0.00,2.00,0.00,4.00,12715.00,13.00,28.00,6.00,0.00,2.00,1.00,85.71,88.00,86.00,1,4,2024-07-12,1174.32,1204.46,0.52,0.48,1196.73,1182.05
11628,502,582,L,3.00,13065.00,14.00,28.00,5.00,-14.00,2.00,1.00,5.00,10038.00,13.00,25.00,3.00,14.00,3.00,1.00,,89.29,86.00,1,4,2024-07-12,1041.04,1177.92,0.35,0.65,1056.14,1162.82
11629,504,406,L,4.00,12844.00,30.00,24.00,3.00,-5.00,4.00,0.00,5.00,12998.00,21.00,31.00,10.00,5.00,5.00,1.00,83.87,,86.00,1,4,2024-07-12,1065.45,1111.34,0.50,0.50,1086.75,1090.04
11631,574,411,L,0.00,13135.00,30.00,34.00,4.00,-5.00,0.00,0.00,1.00,12971.00,15.00,15.00,15.00,5.00,1.00,0.00,93.33,100.00,86.00,1,5,2024-07-12,991.27,1059.31,0.46,0.54,1011.01,1039.57
10702,332,406,L,4.00,13978.00,24.00,31.00,5.00,0.00,3.00,1.00,5.00,12503.00,16.00,23.00,5.00,-1.00,4.00,1.00,78.26,87.10,84.00,2,3,2024-07-13,1177.33,1138.47,0.63,0.37,1204.46,1111.34
10703,26,411,L,6.00,12567.00,15.00,31.00,6.00,-25.00,5.00,2.00,12.00,13197.00,25.00,45.00,5.00,25.00,8.00,3.00,73.33,80.65,84.00,2,3,2024-07-13,1118.72,1086.03,0.62,0.38,1145.44,1059.31
10704,400,129,L,0.00,14024.00,22.00,36.00,23.00,-19.00,0.00,0.00,6.00,12130.00,30.00,12.00,4.00,15.00,2.00,0.00,50.00,100.00,84.00,3,3,2024-07-13,972.28,1308.22,0.13,0.87,978.04,1302.46
10705,565,405,W,4.00,12030.00,19.00,25.00,5.00,4.00,2.00,0.00,2.00,12953.00,29.00,33.00,9.00,-5.00,1.00,0.00,93.94,84.00,84.00,3,3,2024-07-13,1269.56,1167.07,0.60,0.40,1252.21,1184.42
10706,406,411,L,4.00,11807.00,9.00,19.00,7.00,-4.00,3.00,1.00,5.00,12122.00,25.00,46.00,3.00,5.00,5.00,2.00,,,84.00,2,3,2024-07-14,1113.75,1110.75,0.57,0.43,1138.47,1086.03
10707,129,565,L,3.00,13083.00,32.00,32.00,2.00,-15.00,3.00,1.00,4.00,12302.00,15.00,25.00,6.00,15.00,2.00,0.00,84.00,90.62,84.00,5,3,2024-07-14,1284.34,1293.45,0.56,0.44,1308.22,1269.56
10708,400,405,L,1.00,12568.00,22.00,20.00,4.00,-10.00,1.00,0.00,3.00,12512.00,27.00,30.00,8.00,10.00,2.00,1.00,,95.00,84.00,4,3,2024-07-14,961.71,1177.63,0.25,0.75,972.28,1167.07
10623,333,63,W,10.00,13273.00,22.00,52.00,5.00,30.00,9.00,7.00,4.00,13138.00,12.00,31.00,4.00,-30.00,3.00,2.00,87.10,80.77,84.00,1,1,2024-08-06,1558.45,1360.93,0.73,0.27,1546.92,1372.46
10624,452,393,W,5.00,12390.00,16.00,33.00,5.00,9.00,5.00,2.00,3.00,12105.00,17.00,28.00,4.00,-10.00,2.00,1.00,89.29,84.85,84.00,1,1,2024-08-06,1592.94,1414.66,0.71,0.29,1580.35,1427.26
10628,504,26,W,7.00,12799.00,22.00,25.00,8.00,20.00,6.00,1.00,5.00,13336.00,25.00,39.00,4.00,-20.00,4.00,1.00,87.18,72.00,84.00,1,3,2024-08-06,1090.22,1093.95,0.42,0.58,1065.45,1118.72
10629,65,332,W,5.00,12061.00,10.00,24.00,3.00,4.00,4.00,3.00,4.00,12501.00,20.00,30.00,6.00,-5.00,4.00,2.00,86.67,79.17,84.00,1,3,2024-08-06,1070.99,1147.83,0.31,0.69,1041.48,1177.33
10630,566,215,W,4.00,12802.00,39.00,31.00,6.00,-5.00,4.00,0.00,2.00,11451.00,7.00,19.00,11.00,-1.00,2.00,1.00,89.47,87.10,84.00,1,3,2024-08-06,1186.02,991.58,0.73,0.27,1174.32,1003.28
10631,405,411,W,4.00,12658.00,21.00,29.00,6.00,0.00,3.00,0.00,3.00,13127.00,31.00,30.00,5.00,0.00,3.00,0.00,90.00,86.21,84.00,1,3,2024-08-06,1195.05,1093.34,0.60,0.40,1177.63,1110.75
10632,406,129,L,1.00,13008.00,15.00,21.00,9.00,-40.00,0.00,0.00,9.00,12892.00,30.00,51.00,5.00,40.00,8.00,4.00,82.35,95.24,84.00,1,3,2024-08-06,1102.03,1296.05,0.27,0.73,1113.75,1284.34
10635,176,532,L,2.00,12017.00,22.00,25.00,5.00,-6.00,2.00,0.00,3.00,12884.00,17.00,23.00,11.00,5.00,3.00,0.00,86.96,92.00,84.00,1,4,2024-08-06,1103.89,1074.87,0.62,0.38,1130.37,1048.39
10637,44,439,W,4.00,12184.00,20.00,23.00,13.00,10.00,4.00,1.00,1.00,12058.00,20.00,21.00,6.00,-10.00,1.00,0.00,95.24,82.61,84.00,1,2,2024-08-06,1375.58,1101.96,0.82,0.18,1367.63,1109.91
10638,24,331,W,11.00,12726.00,22.00,37.00,4.00,45.00,7.00,1.00,3.00,12395.00,12.00,22.00,8.00,-44.00,3.00,0.00,86.36,70.27,84.00,1,2,2024-08-06,1262.54,1160.97,0.59,0.41,1245.11,1178.39
10715,29,17,W,4.00,12707.00,12.00,20.00,7.00,0.00,4.00,2.00,3.00,13344.00,28.00,37.00,7.00,0.00,3.00,3.00,91.89,80.00,85.00,1,0,2024-08-09,1649.10,1620.54,0.48,0.52,1626.58,1643.05
10716,56,564,W,5.00,6653.00,24.00,38.00,2.00,14.00,5.00,3.00,2.00,0.00,23.00,27.00,7.00,-16.00,2.00,1.00,92.59,86.84,85.00,1,0,2024-08-09,1513.81,1398.78,0.62,0.38,1497.30,1415.30
10717,4,580,L,2.00,12950.00,9.00,14.00,7.00,-15.00,2.00,2.00,6.00,12603.00,14.00,31.00,3.00,15.00,6.00,4.00,80.65,85.71,85.00,1,0,2024-08-09,1356.64,1560.04,0.26,0.74,1367.86,1548.82
10738,494,31,W,5.00,12191.00,21.00,28.00,7.00,10.00,5.00,3.00,3.00,12607.00,12.00,27.00,6.00,-10.00,3.00,2.00,88.89,,85.00,1,1,2024-08-09,1506.51,1542.44,0.37,0.63,1479.58,1569.38
10739,92,333,W,3.00,13959.00,20.00,26.00,4.00,0.00,2.00,0.00,2.00,13563.00,18.00,38.00,6.00,0.00,2.00,2.00,94.74,88.46,85.00,1,1,2024-08-09,1508.96,1532.34,0.39,0.61,1482.85,1558.45
10740,452,15,W,8.00,12914.00,18.00,28.00,2.00,40.00,7.00,3.00,2.00,13097.00,15.00,45.00,5.00,-40.00,2.00,0.00,95.56,71.43,85.00,1,1,2024-08-09,1603.12,1379.36,0.76,0.24,1592.94,1389.54
10741,393,35,L,7.00,11771.00,18.00,32.00,5.00,-11.00,4.00,2.00,8.00,8457.00,20.00,35.00,5.00,11.00,4.00,0.00,,78.12,85.00,1,1,2024-08-09,1403.80,1613.98,0.25,0.75,1414.66,1603.12
10801,449,501,W,1.00,12397.00,11.00,25.00,5.00,5.00,0.00,0.00,0.00,11970.00,11.00,19.00,10.00,-5.00,0.00,0.00,100.00,96.00,86.00,1,6,2024-08-09,951.40,952.81,0.43,0.57,926.79,977.43
10804,245,489,L,1.00,8932.00,6.00,14.00,5.00,-5.00,1.00,0.00,2.00,8075.00,10.00,19.00,4.00,5.00,2.00,0.00,89.47,92.86,86.00,1,6,2024-08-09,867.87,1061.33,0.27,0.73,879.62,1049.58
10805,574,216,L,2.00,11593.00,19.00,26.00,7.00,-15.00,1.00,1.00,5.00,12129.00,27.00,22.00,12.00,14.00,4.00,0.00,,92.31,86.00,1,5,2024-08-09,969.62,1010.45,0.50,0.50,991.27,988.79
10806,176,439,L,1.00,12599.00,18.00,18.00,4.00,-5.00,0.00,0.00,2.00,12068.00,19.00,29.00,1.00,5.00,0.00,0.00,93.10,94.44,86.00,1,5,2024-08-09,1082.27,1123.58,0.50,0.50,1103.89,1101.96
10807,215,499,W,8.00,12568.00,27.00,32.00,3.00,44.00,6.00,1.00,0.00,11700.00,5.00,14.00,5.00,-45.00,0.00,0.00,100.00,75.00,86.00,1,5,2024-08-09,1021.20,1100.00,0.31,0.69,991.58,1129.62
10810,445,431,W,4.00,9276.00,16.00,18.00,1.00,5.00,1.00,0.00,1.00,0.00,21.00,20.00,6.00,-5.00,1.00,1.00,95.00,77.78,86.00,1,5,2024-08-09,943.72,1076.21,0.24,0.76,911.16,1108.77
10812,332,577,W,5.00,0.00,13.00,42.00,6.00,-2.00,4.00,2.00,4.00,0.00,16.00,23.00,9.00,2.00,2.00,2.00,82.61,88.10,86.00,1,4,2024-08-09,1169.00,1121.31,0.51,0.49,1147.83,1142.48
10817,65,405,L,5.00,0.00,11.00,17.00,5.00,-10.00,3.00,0.00,15.00,0.00,9.00,34.00,1.00,10.00,13.00,6.00,55.88,70.59,86.00,1,4,2024-08-09,1056.85,1209.18,0.33,0.67,1070.99,1195.05
10818,498,44,W,5.00,11357.00,10.00,21.00,3.00,14.00,5.00,2.00,0.00,13131.00,27.00,26.00,4.00,-15.00,0.00,0.00,100.00,76.19,86.00,1,2,2024-08-09,1409.33,1354.89,0.52,0.48,1388.64,1375.58
10826,379,48,L,5.00,12670.00,27.00,20.00,9.00,10.00,5.00,0.00,6.00,13046.00,27.00,31.00,4.00,-10.00,6.00,2.00,80.65,75.00,86.00,1,1,2024-08-09,1303.36,1425.76,0.37,0.63,1319.39,1409.73
10828,440,335,W,5.00,12339.00,18.00,30.00,7.00,14.00,5.00,1.00,2.00,12700.00,21.00,36.00,2.00,-15.00,2.00,1.00,94.44,83.33,86.00,1,1,2024-08-09,1421.33,1295.24,0.63,0.37,1405.54,1311.03
10829,443,239,L,3.00,13408.00,13.00,21.00,6.00,-4.00,1.00,0.00,4.00,12281.00,24.00,32.00,3.00,3.00,4.00,3.00,87.50,85.71,86.00,1,0,2024-08-09,1467.61,1512.66,0.50,0.50,1488.96,1491.31
10832,491,8,L,3.00,14269.00,22.00,18.00,7.00,0.00,2.00,0.00,4.00,13869.00,27.00,35.00,4.00,0.00,2.00,0.00,88.57,83.33,86.00,1,3,2024-08-09,1150.67,1163.99,0.55,0.45,1174.26,1140.40
11267,109,379,W,4.00,13591.00,35.00,22.00,17.00,0.00,2.00,1.00,2.00,13485.00,32.00,25.00,10.00,0.00,2.00,2.00,92.00,81.82,86.00,1,1,2024-08-12,1435.60,1288.88,0.66,0.34,1421.13,1303.36
11283,452,31,W,4.00,13496.00,7.00,23.00,1.00,10.00,4.00,1.00,2.00,13482.00,13.00,24.00,5.00,-10.00,2.00,1.00,91.67,82.61,85.00,1,1,2024-08-12,1620.91,1524.66,0.59,0.41,1603.12,1542.44
11287,35,396,W,14.00,13207.00,10.00,20.00,4.00,46.00,14.00,5.00,5.00,13338.00,11.00,25.00,3.00,-47.00,3.00,1.00,80.00,30.00,85.00,1,1,2024-08-12,1623.81,1392.83,0.77,0.23,1613.98,1402.66
11288,393,494,W,2.00,12400.00,18.00,25.00,6.00,10.00,2.00,2.00,1.00,12548.00,11.00,32.00,8.00,-10.00,1.00,1.00,96.88,92.00,85.00,1,1,2024-08-12,1431.48,1478.84,0.36,0.64,1403.80,1506.51
11290,333,191,L,0.00,12813.00,17.00,20.00,6.00,-25.00,0.00,0.00,5.00,12992.00,27.00,41.00,3.00,25.00,5.00,1.00,87.80,100.00,85.00,1,1,2024-08-12,1519.86,1700.19,0.29,0.71,1532.34,1687.71
11291,1,573,L,1.00,12063.00,26.00,18.00,13.00,-11.00,1.00,1.00,3.00,12130.00,23.00,41.00,10.00,10.00,2.00,1.00,92.68,94.44,85.00,1,0,2024-08-12,1485.66,1503.57,0.54,0.46,1508.93,1480.30
11293,578,564,W,7.00,12748.00,13.00,39.00,6.00,24.00,7.00,3.00,1.00,13457.00,16.00,38.00,4.00,-25.00,1.00,0.00,97.37,,85.00,1,0,2024-08-12,1549.67,1385.37,0.69,0.31,1536.26,1398.78
11294,46,56,W,4.00,11958.00,22.00,22.00,8.00,5.00,4.00,1.00,3.00,12319.00,28.00,33.00,7.00,-5.00,3.00,1.00,90.91,81.82,85.00,1,0,2024-08-12,1514.51,1490.94,0.47,0.53,1491.64,1513.81
11295,49,442,L,1.00,12424.00,14.00,22.00,5.00,-15.00,1.00,0.00,5.00,12557.00,30.00,39.00,6.00,15.00,5.00,4.00,87.18,95.45,85.00,1,0,2024-08-12,1543.48,1421.37,0.74,0.26,1575.51,1389.34
11571,111,409,W,5.00,13193.00,30.00,25.00,5.00,15.00,5.00,4.00,2.00,13009.00,19.00,22.00,11.00,-15.00,2.00,1.00,90.91,80.00,86.00,1,0,2024-08-12,1571.38,1494.37,0.56,0.44,1552.27,1513.48
11605,498,402,W,3.00,13372.00,10.00,24.00,6.00,3.00,2.00,1.00,2.00,12625.00,29.00,28.00,5.00,-3.00,2.00,1.00,92.86,87.50,86.00,1,2,2024-08-12,1428.45,1351.47,0.56,0.44,1409.33,1370.58
11606,214,23,W,6.00,12405.00,20.00,31.00,9.00,0.00,5.00,1.00,5.00,12520.00,21.00,57.00,6.00,-4.00,5.00,2.00,,80.65,86.00,1,2,2024-08-12,1408.10,1322.76,0.57,0.43,1389.57,1341.29
11608,207,438,L,3.00,12344.00,18.00,22.00,9.00,-5.00,3.00,2.00,4.00,12706.00,28.00,33.00,7.00,5.00,4.00,2.00,87.88,86.36,86.00,1,2,2024-08-12,1219.43,1507.31,0.17,0.83,1226.82,1499.92
11609,189,336,L,4.00,12395.00,24.00,27.00,6.00,-45.00,4.00,1.00,14.00,12042.00,11.00,35.00,13.00,40.00,11.00,4.00,60.00,85.19,86.00,1,2,2024-08-12,1236.86,1379.13,0.34,0.66,1251.62,1364.37
11612,569,581,L,2.00,12504.00,29.00,38.00,3.00,-9.00,2.00,0.00,3.00,11401.00,12.00,30.00,9.00,9.00,2.00,1.00,90.00,94.74,86.00,1,3,2024-08-12,1163.08,1240.76,0.44,0.56,1182.14,1221.70
11614,8,129,W,3.00,12680.00,27.00,25.00,11.00,10.00,3.00,2.00,1.00,11777.00,21.00,16.00,2.00,-10.00,1.00,1.00,93.75,88.00,86.00,1,3,2024-08-12,1193.29,1266.75,0.32,0.68,1163.99,1296.05
11617,401,545,L,2.00,13220.00,11.00,17.00,9.00,-10.00,2.00,1.00,3.00,12811.00,13.00,28.00,1.00,10.00,2.00,0.00,89.29,88.24,86.00,1,6,2024-08-12,904.31,859.08,0.64,0.36,931.85,831.54
11618,449,245,L,1.00,13061.00,9.00,20.00,5.00,-5.00,1.00,0.00,2.00,12812.00,13.00,24.00,8.00,5.00,1.00,0.00,91.67,95.00,86.00,1,6,2024-08-12,924.83,894.44,0.62,0.38,951.40,867.87
11619,489,104,W,3.00,11916.00,41.00,39.00,14.00,5.00,2.00,0.00,1.00,11865.00,19.00,18.00,8.00,-5.00,1.00,1.00,94.44,92.31,86.00,1,6,2024-08-12,1092.25,1193.85,0.28,0.72,1061.33,1224.78
11622,431,176,W,2.00,12216.00,19.00,21.00,3.00,9.00,2.00,0.00,0.00,12257.00,13.00,17.00,6.00,-11.00,0.00,0.00,100.00,90.48,86.00,1,5,2024-08-12,1098.09,1060.40,0.49,0.51,1076.21,1082.27
11626,448,568,L,5.00,12754.00,9.00,22.00,3.00,5.00,3.00,1.00,6.00,12372.00,21.00,29.00,2.00,-5.00,5.00,2.00,79.31,77.27,86.00,1,4,2024-08-12,1097.83,1224.94,0.37,0.63,1113.56,1209.22
11630,331,577,L,1.00,12333.00,19.00,24.00,10.00,-20.00,1.00,0.00,6.00,11902.00,7.00,14.00,3.00,20.00,6.00,0.00,57.14,95.83,86.00,1,4,2024-08-12,1137.03,1145.26,0.56,0.44,1160.97,1121.31
11632,216,215,L,1.00,12565.00,8.00,21.00,5.00,-10.00,1.00,0.00,3.00,12928.00,24.00,30.00,4.00,10.00,3.00,0.00,90.00,95.24,86.00,1,5,2024-08-12,989.61,1042.04,0.48,0.52,1010.45,1021.20
9924,63,12,W,6.00,13416.00,22.00,44.00,14.00,9.00,4.00,2.00,3.00,13196.00,24.00,24.00,1.00,-10.00,3.00,1.00,87.50,86.36,82.00,1,0,2024-09-03,1376.43,1245.83,0.64,0.36,1360.93,1261.33
10005,406,448,L,5.00,12767.00,16.00,19.00,7.00,-16.00,3.00,0.00,9.00,12886.00,23.00,36.00,6.00,20.00,5.00,3.00,75.00,,75.00,1,3,2024-09-03,1080.27,1119.59,0.51,0.49,1102.03,1097.83
10032,442,29,L,3.00,12337.00,19.00,36.00,6.00,-10.00,3.00,1.00,5.00,10224.00,16.00,36.00,4.00,10.00,5.00,3.00,86.11,91.67,74.00,6,0,2024-09-03,1412.24,1658.23,0.21,0.79,1421.37,1649.10
10041,1,49,L,6.00,13131.00,26.00,47.00,0.00,-4.00,5.00,4.00,7.00,12754.00,14.00,29.00,11.00,5.00,5.00,0.00,75.86,87.23,74.00,6,0,2024-09-03,1467.70,1561.43,0.42,0.58,1485.66,1543.48
10067,46,17,L,2.00,4780.00,14.00,46.00,2.00,-10.00,2.00,0.00,4.00,4798.00,16.00,29.00,3.00,10.00,4.00,2.00,86.21,95.65,74.00,6,0,2024-09-03,1499.37,1635.67,0.35,0.65,1514.51,1620.54
10071,35,15,L,2.00,12527.00,21.00,27.00,5.00,-21.00,2.00,0.00,7.00,12767.00,11.00,23.00,3.00,20.00,5.00,3.00,69.57,92.59,74.00,6,1,2024-09-03,1589.27,1413.90,0.80,0.20,1623.81,1379.36
10081,92,494,W,3.00,12933.00,15.00,27.00,11.00,-2.00,2.00,1.00,2.00,12447.00,23.00,23.00,5.00,2.00,1.00,0.00,91.30,88.89,74.00,6,1,2024-09-03,1528.60,1459.20,0.54,0.46,1508.96,1478.84
10083,402,189,L,2.00,12903.00,14.00,21.00,5.00,-20.00,2.00,0.00,8.00,11160.00,19.00,33.00,1.00,20.00,5.00,2.00,75.76,90.48,75.00,1,1,2024-09-03,1323.12,1265.21,0.66,0.34,1351.47,1236.86
10086,336,329,L,5.00,12586.00,14.00,29.00,10.00,-11.00,4.00,0.00,8.00,12690.00,24.00,33.00,8.00,9.00,4.00,1.00,,82.76,75.00,1,1,2024-09-03,1352.01,1313.35,0.63,0.37,1379.13,1286.23
10087,498,48,W,3.00,9910.00,14.00,21.00,2.00,5.00,4.00,1.00,2.00,13119.00,17.00,18.00,5.00,-5.00,2.00,1.00,88.89,80.95,75.00,1,1,2024-09-03,1449.78,1404.43,0.50,0.50,1428.45,1425.76
10090,207,269,L,1.00,12131.00,15.00,21.00,4.00,-5.00,1.00,0.00,3.00,12597.00,23.00,34.00,4.00,5.00,3.00,1.00,91.18,95.24,75.00,6,2,2024-09-03,1203.27,1323.71,0.38,0.62,1219.43,1307.55
10092,431,411,W,3.00,12652.00,11.00,16.00,4.00,5.00,2.00,0.00,2.00,12887.00,11.00,23.00,4.00,-5.00,1.00,0.00,91.30,81.25,75.00,1,4,2024-09-03,1119.29,1072.13,0.51,0.49,1098.09,1093.34
10095,176,439,W,6.00,13114.00,17.00,26.00,7.00,-5.00,4.00,0.00,5.00,12806.00,22.00,29.00,5.00,5.00,3.00,1.00,82.76,76.92,75.00,1,4,2024-09-03,1085.76,1098.21,0.41,0.59,1060.40,1123.58
10098,38,438,L,7.00,11943.00,14.00,26.00,6.00,-20.00,5.00,1.00,11.00,10258.00,11.00,32.00,3.00,20.00,9.00,1.00,,,75.00,6,2,2024-09-03,1059.84,1510.40,0.07,0.93,1062.93,1507.31
10101,545,453,L,3.00,4941.00,14.00,15.00,4.00,0.00,1.00,0.00,4.00,13280.00,24.00,33.00,6.00,0.00,3.00,1.00,87.88,80.00,75.00,1,5,2024-09-03,831.32,782.54,0.65,0.35,859.08,754.78
10102,449,501,W,5.00,8645.00,20.00,15.00,1.00,25.00,5.00,1.00,0.00,13405.00,21.00,20.00,10.00,-25.00,0.00,0.00,100.00,66.67,75.00,1,5,2024-09-03,948.06,929.59,0.46,0.54,924.83,952.81
10621,443,564,W,7.00,12628.00,19.00,38.00,7.00,20.00,7.00,2.00,2.00,12246.00,15.00,15.00,3.00,-20.00,1.00,0.00,86.67,81.58,84.00,1,0,2024-09-06,1484.11,1368.86,0.62,0.38,1467.61,1385.37
10622,214,1,L,4.00,12733.00,19.00,33.00,3.00,-30.00,4.00,1.00,10.00,13212.00,14.00,34.00,2.00,29.00,10.00,6.00,70.59,87.88,84.00,1,0,2024-09-06,1390.25,1485.55,0.42,0.58,1408.10,1467.70
10633,565,400,W,10.00,12184.00,30.00,42.00,4.00,44.00,5.00,4.00,0.00,12766.00,16.00,17.00,8.00,-24.00,0.00,0.00,100.00,88.10,84.00,1,3,2024-09-06,1298.99,956.17,0.87,0.13,1293.45,961.71
10634,451,375,L,0.00,12504.00,16.00,8.00,5.00,-20.00,0.00,0.00,4.00,12838.00,25.00,29.00,9.00,20.00,4.00,0.00,86.21,100.00,84.00,1,4,2024-09-06,968.28,1072.79,0.40,0.60,985.50,1055.57
10636,567,335,L,4.00,12798.00,17.00,28.00,7.00,-15.00,1.00,1.00,8.00,12535.00,21.00,30.00,4.00,15.00,4.00,3.00,73.33,85.71,84.00,1,2,2024-09-06,1327.31,1320.24,0.58,0.42,1352.31,1295.24
10639,404,23,L,2.00,12663.00,16.00,34.00,5.00,-15.00,2.00,0.00,5.00,12520.00,20.00,29.00,7.00,13.00,3.00,1.00,82.76,94.12,84.00,1,2,2024-09-06,1017.35,1329.29,0.15,0.85,1023.88,1322.76
10640,189,438,L,2.00,12740.00,19.00,21.00,3.00,-20.00,2.00,0.00,5.00,13127.00,21.00,30.00,8.00,20.00,3.00,1.00,83.33,90.48,84.00,1,2,2024-09-06,1256.78,1518.83,0.20,0.80,1265.21,1510.40
11107,573,505,W,5.00,11317.00,21.00,33.00,4.00,20.00,3.00,0.00,1.00,12890.00,15.00,15.00,3.00,-20.00,1.00,1.00,93.33,,85.00,1,0,2024-09-11,1518.99,1387.24,0.64,0.36,1503.57,1402.67
11110,49,17,L,2.00,12835.00,26.00,31.00,4.00,-15.00,2.00,1.00,6.00,13019.00,19.00,25.00,10.00,15.00,6.00,3.00,76.00,93.55,85.00,1,0,2024-09-11,1544.46,1652.65,0.39,0.61,1561.43,1635.67
11111,46,564,W,5.00,12379.00,16.00,28.00,8.00,0.00,4.00,3.00,3.00,13185.00,22.00,37.00,4.00,0.00,2.00,1.00,91.89,82.14,85.00,1,0,2024-09-11,1513.16,1355.08,0.68,0.32,1499.37,1368.86
11237,191,35,W,6.00,12980.00,27.00,39.00,16.00,20.00,5.00,0.00,4.00,12899.00,23.00,30.00,7.00,-20.00,3.00,2.00,86.67,84.62,85.00,1,1,2024-09-11,1715.05,1574.41,0.65,0.35,1700.19,1589.27
11243,409,12,L,0.00,12809.00,27.00,22.00,3.00,-16.00,0.00,0.00,3.00,12885.00,21.00,29.00,11.00,14.00,2.00,0.00,89.66,100.00,86.00,1,0,2024-09-11,1459.67,1280.53,0.81,0.19,1494.37,1245.83
11256,408,379,L,3.00,13050.00,21.00,24.00,1.00,-9.00,2.00,2.00,4.00,13540.00,15.00,35.00,8.00,9.00,3.00,2.00,88.57,87.50,86.00,1,1,2024-09-11,1510.39,1323.88,0.81,0.19,1545.39,1288.88
11257,410,440,L,1.00,11544.00,29.00,29.00,11.00,-17.00,0.00,0.00,9.00,12410.00,16.00,30.00,7.00,15.00,8.00,5.00,70.00,96.55,86.00,1,1,2024-09-11,1255.62,1433.93,0.29,0.71,1268.22,1421.33
11310,26,397,L,2.00,13053.00,21.00,20.00,16.00,-10.00,1.00,1.00,4.00,12311.00,39.00,36.00,7.00,10.00,4.00,2.00,88.89,90.00,86.00,1,3,2024-09-11,1081.55,1263.36,0.29,0.71,1093.95,1250.97
11314,205,129,W,1.00,12859.00,27.00,21.00,3.00,5.00,1.00,1.00,0.00,13066.00,21.00,27.00,8.00,-5.00,0.00,0.00,100.00,95.24,86.00,1,3,2024-09-11,1374.20,1250.79,0.63,0.37,1358.23,1266.75
11315,570,448,W,4.00,12418.00,28.00,22.00,11.00,14.00,1.00,0.00,1.00,12950.00,18.00,28.00,11.00,-16.00,1.00,0.00,96.43,81.82,86.00,1,4,2024-09-11,1131.92,1097.49,0.49,0.51,1109.81,1119.59
11316,584,332,L,1.00,13405.00,9.00,13.00,9.00,-56.00,0.00,0.00,13.00,12773.00,23.00,44.00,3.00,60.00,10.00,5.00,70.45,84.62,86.00,1,4,2024-09-11,1047.33,1184.10,0.35,0.65,1062.44,1169.00
11319,405,577,L,1.00,12872.00,29.00,23.00,13.00,-10.00,0.00,0.00,2.00,12758.00,21.00,22.00,13.00,10.00,1.00,0.00,90.91,95.65,86.00,1,4,2024-09-11,1183.77,1170.67,0.59,0.41,1209.18,1145.26
11320,502,406,L,1.00,13290.00,32.00,34.00,7.00,-11.00,0.00,0.00,4.00,12952.00,19.00,17.00,10.00,10.00,2.00,1.00,,,86.00,1,4,2024-09-11,1021.96,1099.35,0.44,0.56,1041.04,1080.27
11325,400,431,L,3.00,13048.00,12.00,16.00,8.00,0.00,1.00,1.00,4.00,13326.00,26.00,29.00,7.00,0.00,2.00,1.00,86.21,81.25,86.00,1,5,2024-09-11,944.08,1131.38,0.28,0.72,956.17,1119.29
11327,215,398,L,4.00,13356.00,25.00,17.00,5.00,5.00,3.00,1.00,5.00,13292.00,15.00,18.00,9.00,-5.00,1.00,0.00,72.22,76.47,86.00,1,5,2024-09-11,1035.34,1342.28,0.16,0.84,1042.04,1335.58
11331,61,216,L,0.00,8129.00,20.00,16.00,11.00,-50.00,0.00,0.00,13.00,12870.00,22.00,36.00,8.00,50.00,9.00,2.00,63.89,,86.00,1,5,2024-09-11,893.85,1006.30,0.39,0.61,910.54,989.61
11332,499,375,W,2.00,11728.00,22.00,19.00,12.00,5.00,2.00,0.00,1.00,12806.00,18.00,21.00,7.00,-5.00,1.00,0.00,95.24,89.47,86.00,1,5,2024-09-11,1119.82,1052.97,0.54,0.46,1100.00,1072.79
11333,245,453,L,2.00,12212.00,24.00,15.00,7.00,-5.00,2.00,2.00,3.00,12996.00,21.00,23.00,11.00,5.00,3.00,0.00,86.96,86.67,86.00,1,6,2024-09-11,866.25,810.74,0.66,0.34,894.44,782.54
11334,449,501,W,4.00,12909.00,32.00,22.00,6.00,19.00,2.00,0.00,0.00,12627.00,17.00,25.00,14.00,-20.00,0.00,0.00,100.00,81.82,86.00,1,6,2024-09-11,968.41,909.23,0.53,0.47,948.06,929.59
10718,573,29,W,5.00,12830.00,28.00,31.00,5.00,0.00,4.00,2.00,1.00,12866.00,16.00,19.00,10.00,0.00,1.00,0.00,94.74,83.87,85.00,1,0,2024-09-14,1548.67,1628.55,0.31,0.69,1518.99,1658.23
10722,564,17,L,4.00,9735.00,13.00,22.00,2.00,-19.00,2.00,0.00,10.00,12440.00,20.00,35.00,1.00,20.00,9.00,7.00,71.43,81.82,85.00,1,0,2024-09-14,1348.51,1659.22,0.15,0.85,1355.08,1652.65
10839,401,453,W,3.00,12931.00,18.00,26.00,9.00,15.00,3.00,2.00,0.00,11964.00,12.00,7.00,6.00,-15.00,0.00,0.00,100.00,88.46,86.00,1,6,2024-09-14,920.16,794.89,0.63,0.37,904.31,810.74
10842,398,130,L,0.00,11256.00,17.00,15.00,1.00,-10.00,0.00,0.00,2.00,12818.00,11.00,17.00,11.00,10.00,1.00,0.00,88.24,100.00,86.00,1,5,2024-09-14,1312.04,1222.63,0.70,0.30,1342.28,1192.39
10848,331,65,W,6.00,12786.00,17.00,30.00,2.00,18.00,6.00,2.00,2.00,12836.00,27.00,17.00,5.00,-19.00,1.00,1.00,88.24,80.00,86.00,1,4,2024-09-14,1153.65,1040.23,0.61,0.39,1137.03,1056.85
10851,566,577,W,5.00,12646.00,21.00,34.00,1.00,5.00,2.00,0.00,3.00,12766.00,12.00,17.00,9.00,-5.00,2.00,2.00,82.35,85.29,86.00,1,4,2024-09-14,1206.57,1150.12,0.52,0.48,1186.02,1170.67
10853,569,26,W,3.00,11476.00,21.00,30.00,10.00,15.00,3.00,3.00,0.00,12756.00,17.00,18.00,9.00,-15.00,0.00,0.00,100.00,90.00,86.00,1,3,2024-09-14,1179.62,1065.01,0.62,0.38,1163.08,1081.55
10854,397,38,W,6.00,10758.00,16.00,36.00,6.00,21.00,6.00,1.00,1.00,12596.00,13.00,14.00,5.00,-21.00,0.00,0.00,92.86,83.33,86.00,1,3,2024-09-14,1273.53,1049.67,0.76,0.24,1263.36,1059.84
10864,410,208,W,8.00,12855.00,22.00,35.00,7.00,-5.00,4.00,0.00,7.00,12723.00,16.00,26.00,2.00,4.00,5.00,3.00,73.08,77.14,86.00,1,1,2024-09-14,1280.50,1285.85,0.42,0.58,1255.62,1310.74
10866,207,336,L,1.00,11356.00,26.00,30.00,4.00,-6.00,1.00,0.00,2.00,10805.00,13.00,20.00,6.00,6.00,1.00,0.00,90.00,96.67,86.00,1,2,2024-09-14,1190.45,1364.83,0.30,0.70,1203.27,1352.01
10867,497,109,L,0.00,11983.00,23.00,32.00,6.00,-30.00,0.00,0.00,7.00,11877.00,18.00,40.00,15.00,29.00,6.00,3.00,82.50,100.00,86.00,1,1,2024-09-14,1451.42,1459.55,0.56,0.44,1475.37,1435.60
10713,4,447,L,1.00,11799.00,17.00,22.00,12.00,-5.00,1.00,1.00,5.00,12345.00,22.00,25.00,3.00,4.00,5.00,2.00,80.00,95.45,85.00,1,0,2024-09-15,1333.56,1354.10,0.54,0.46,1356.64,1331.01
10719,29,573,L,5.00,13089.00,14.00,16.00,5.00,5.00,5.00,2.00,6.00,13071.00,26.00,53.00,6.00,-5.00,5.00,3.00,88.68,68.75,85.00,1,0,2024-09-15,1602.19,1575.03,0.61,0.39,1628.55,1548.67
10721,56,505,L,6.00,12573.00,12.00,36.00,8.00,-10.00,4.00,1.00,7.00,12840.00,24.00,31.00,3.00,10.00,7.00,3.00,77.42,,85.00,1,0,2024-09-15,1463.21,1414.98,0.64,0.36,1490.94,1387.24
10723,578,580,W,4.00,13096.00,8.00,18.00,9.00,10.00,3.00,1.00,3.00,12260.00,24.00,29.00,3.00,-10.00,3.00,2.00,89.66,77.78,85.00,1,0,2024-09-15,1571.81,1537.90,0.49,0.51,1549.67,1560.04
10742,31,92,W,5.00,12546.00,22.00,38.00,2.00,0.00,5.00,4.00,4.00,12677.00,12.00,19.00,10.00,0.00,3.00,2.00,78.95,86.84,85.00,1,1,2024-09-15,1546.40,1506.85,0.49,0.51,1524.66,1528.60
10745,494,579,W,5.00,11982.00,24.00,18.00,3.00,0.00,4.00,4.00,3.00,11989.00,13.00,20.00,7.00,0.00,3.00,0.00,85.00,72.22,85.00,1,1,2024-09-15,1474.89,1347.37,0.63,0.37,1459.20,1363.07
10831,111,63,L,3.00,11688.00,14.00,17.00,5.00,-9.00,3.00,0.00,4.00,12923.00,28.00,42.00,9.00,9.00,3.00,2.00,90.48,82.35,86.00,1,0,2024-09-15,1538.94,1408.87,0.75,0.25,1571.38,1376.43
10838,245,451,W,3.00,12631.00,26.00,24.00,2.00,10.00,2.00,1.00,2.00,12652.00,22.00,22.00,6.00,-10.00,0.00,0.00,90.91,87.50,86.00,1,6,2024-09-15,893.89,940.64,0.36,0.64,866.25,968.28
10840,104,449,W,2.00,12603.00,27.00,29.00,1.00,0.00,2.00,0.00,1.00,13288.00,15.00,26.00,12.00,0.00,1.00,0.00,96.15,93.10,86.00,1,6,2024-09-15,1203.07,959.19,0.79,0.21,1193.85,968.41
10843,439,400,W,1.00,7311.00,13.00,24.00,5.00,5.00,1.00,0.00,0.00,12714.00,21.00,23.00,4.00,-5.00,0.00,0.00,100.00,95.83,86.00,1,5,2024-09-15,1110.76,931.54,0.71,0.29,1098.21,944.08
10845,215,216,L,0.00,12402.00,30.00,21.00,8.00,-15.00,0.00,0.00,3.00,1425.00,22.00,17.00,10.00,14.00,2.00,0.00,82.35,100.00,86.00,1,5,2024-09-15,1012.04,1029.59,0.54,0.46,1035.34,1006.30
10846,499,61,L,2.00,12642.00,15.00,24.00,16.00,-10.00,1.00,0.00,5.00,11847.00,23.00,25.00,3.00,9.00,4.00,2.00,80.00,91.67,86.00,1,5,2024-09-15,1086.02,927.64,0.79,0.21,1119.82,893.85
10849,502,568,W,2.00,12640.00,14.00,19.00,8.00,10.00,0.00,0.00,0.00,12339.00,24.00,23.00,1.00,-10.00,0.00,0.00,100.00,89.47,86.00,1,4,2024-09-15,1054.76,1192.14,0.24,0.76,1021.96,1224.94
10850,504,405,L,2.00,12949.00,29.00,27.00,4.00,-20.00,1.00,1.00,5.00,11920.00,18.00,30.00,14.00,19.00,3.00,0.00,83.33,92.59,86.00,1,4,2024-09-15,1074.38,1199.61,0.37,0.63,1090.22,1183.77
10855,446,129,W,5.00,12383.00,23.00,32.00,5.00,0.00,5.00,1.00,4.00,12506.00,18.00,26.00,9.00,-1.00,3.00,2.00,84.62,84.38,86.00,1,3,2024-09-15,1216.33,1225.63,0.42,0.58,1191.18,1250.79
10856,581,8,L,2.00,11865.00,25.00,29.00,17.00,0.00,2.00,1.00,3.00,12219.00,47.00,47.00,7.00,-1.00,1.00,1.00,93.62,93.10,86.00,1,3,2024-09-15,1216.34,1217.71,0.57,0.43,1240.76,1193.29
10858,23,402,W,2.00,12934.00,19.00,29.00,8.00,9.00,2.00,0.00,0.00,12338.00,23.00,28.00,7.00,-10.00,0.00,0.00,100.00,93.10,86.00,1,2,2024-09-15,1350.41,1302.00,0.51,0.49,1329.29,1323.12
10859,438,189,W,5.00,11649.00,14.00,12.00,7.00,10.00,5.00,1.00,3.00,12932.00,20.00,28.00,7.00,-10.00,3.00,0.00,89.29,58.33,86.00,1,2,2024-09-15,1526.62,1248.99,0.82,0.18,1518.83,1256.78
10860,329,498,L,2.00,4241.00,16.00,15.00,7.00,4.00,1.00,0.00,3.00,13773.00,22.00,33.00,4.00,-5.00,3.00,1.00,90.91,86.67,86.00,1,2,2024-09-15,1299.88,1463.25,0.31,0.69,1313.35,1449.78
10726,46,29,L,2.00,13180.00,26.00,36.00,1.00,-30.00,2.00,0.00,8.00,13027.00,12.00,31.00,13.00,27.00,8.00,2.00,74.19,94.44,85.00,1,0,2024-09-21,1497.05,1618.30,0.37,0.63,1513.16,1602.19
10727,447,17,L,3.00,12230.00,18.00,29.00,2.00,-6.00,2.00,1.00,7.00,11417.00,6.00,34.00,6.00,4.00,7.00,3.00,79.41,89.66,85.00,1,0,2024-09-21,1347.76,1665.55,0.15,0.85,1354.10,1659.22
10747,452,31,W,4.00,14205.00,17.00,32.00,4.00,0.00,1.00,1.00,2.00,13522.00,28.00,25.00,3.00,0.00,2.00,1.00,92.00,87.50,85.00,1,1,2024-09-21,1637.86,1529.44,0.61,0.39,1620.91,1546.40
10750,92,579,L,0.00,12755.00,19.00,17.00,3.00,-20.00,0.00,0.00,4.00,11813.00,11.00,22.00,4.00,19.00,3.00,2.00,81.82,100.00,85.00,1,1,2024-09-21,1476.13,1378.10,0.71,0.29,1506.85,1347.37
10862,63,409,W,5.00,11950.00,28.00,30.00,5.00,19.00,4.00,1.00,1.00,12057.00,13.00,23.00,13.00,-19.00,1.00,0.00,95.65,83.33,86.00,1,0,2024-09-21,1433.49,1435.05,0.43,0.57,1408.87,1459.67
10868,440,408,L,3.00,12424.00,19.00,29.00,6.00,-38.00,3.00,2.00,10.00,17776.00,18.00,26.00,4.00,38.00,8.00,3.00,61.54,89.66,86.00,1,1,2024-09-21,1417.08,1527.23,0.39,0.61,1433.93,1510.39
10870,410,497,L,4.00,12479.00,19.00,28.00,11.00,-10.00,4.00,2.00,5.00,12314.00,27.00,38.00,3.00,10.00,3.00,1.00,86.84,85.71,86.00,1,1,2024-09-21,1268.80,1463.12,0.27,0.73,1280.50,1451.42
10871,208,379,L,1.00,12723.00,24.00,34.00,4.00,-25.00,1.00,0.00,6.00,11687.00,17.00,33.00,7.00,25.00,5.00,0.00,81.82,97.06,86.00,1,1,2024-09-21,1266.70,1343.04,0.45,0.55,1285.85,1323.88
10874,498,207,W,7.00,13237.00,25.00,37.00,8.00,25.00,6.00,2.00,2.00,13025.00,14.00,22.00,5.00,-21.00,1.00,1.00,90.91,81.08,86.00,1,2,2024-09-21,1470.65,1183.05,0.83,0.17,1463.25,1190.45
10878,397,129,W,7.00,13117.00,27.00,37.00,6.00,20.00,7.00,1.00,2.00,12761.00,8.00,24.00,8.00,-20.00,2.00,1.00,91.67,81.08,86.00,1,3,2024-09-21,1292.09,1207.08,0.57,0.43,1273.53,1225.63
10880,446,26,L,1.00,12468.00,27.00,27.00,8.00,-5.00,0.00,0.00,2.00,11467.00,16.00,22.00,10.00,5.00,1.00,0.00,90.91,96.30,86.00,1,3,2024-09-21,1186.02,1095.32,0.70,0.30,1216.33,1065.01
10882,566,406,W,4.00,11970.00,17.00,25.00,6.00,-1.00,4.00,0.00,3.00,11872.00,18.00,22.00,6.00,1.00,3.00,1.00,86.36,84.00,86.00,1,4,2024-09-21,1221.63,1084.28,0.65,0.35,1206.57,1099.35
10884,215,130,L,3.00,13124.00,22.00,28.00,6.00,-16.00,2.00,0.00,5.00,12994.00,11.00,23.00,9.00,15.00,4.00,2.00,78.26,89.29,86.00,1,5,2024-09-21,1002.18,1232.49,0.23,0.77,1012.04,1222.63
10886,448,331,W,6.00,11460.00,20.00,32.00,15.00,24.00,3.00,2.00,1.00,12790.00,36.00,27.00,11.00,-25.00,1.00,0.00,96.30,81.25,86.00,1,4,2024-09-21,1122.43,1128.71,0.42,0.58,1097.49,1153.65
10889,568,577,W,7.00,10960.00,11.00,32.00,1.00,15.00,4.00,2.00,4.00,11619.00,12.00,24.00,4.00,-15.00,3.00,3.00,83.33,78.12,86.00,1,4,2024-09-21,1211.05,1131.21,0.56,0.44,1192.14,1150.12
10890,502,405,L,3.00,13274.00,15.00,22.00,7.00,-25.00,3.00,0.00,9.00,12439.00,22.00,28.00,6.00,24.00,6.00,3.00,67.86,86.36,86.00,1,4,2024-09-21,1041.74,1212.64,0.30,0.70,1054.76,1199.61
10725,578,56,W,9.00,13064.00,28.00,38.00,4.00,19.00,9.00,3.00,5.00,12345.00,12.00,32.00,7.00,-19.00,5.00,4.00,84.38,76.32,85.00,1,0,2024-09-22,1586.80,1448.22,0.65,0.35,1571.81,1463.21
10728,564,4,W,4.00,12392.00,21.00,33.00,5.00,14.00,4.00,1.00,1.00,12643.00,16.00,22.00,6.00,-15.00,1.00,0.00,95.45,87.88,85.00,1,0,2024-09-22,1369.09,1312.99,0.52,0.48,1348.51,1333.56
10729,1,49,W,5.00,12444.00,22.00,36.00,9.00,2.00,4.00,2.00,4.00,13256.00,26.00,24.00,12.00,-3.00,4.00,1.00,83.33,86.11,85.00,1,0,2024-09-22,1510.66,1519.35,0.42,0.58,1485.55,1544.46
10730,580,505,W,6.00,12509.00,13.00,46.00,3.00,30.00,5.00,3.00,0.00,12649.00,11.00,20.00,10.00,-30.00,0.00,0.00,100.00,86.96,85.00,1,0,2024-09-22,1552.09,1400.78,0.67,0.33,1537.90,1414.98
10746,393,396,W,6.00,12616.00,25.00,48.00,8.00,20.00,4.00,3.00,2.00,12014.00,16.00,20.00,4.00,-20.00,2.00,1.00,90.00,87.50,85.00,1,1,2024-09-22,1450.59,1373.72,0.56,0.44,1431.48,1392.83
10861,111,239,W,6.00,11827.00,12.00,39.00,6.00,15.00,6.00,1.00,4.00,13180.00,13.00,27.00,3.00,-15.00,4.00,1.00,85.19,84.62,86.00,1,0,2024-09-22,1558.81,1492.79,0.54,0.46,1538.94,1512.66
10863,12,443,W,7.00,12960.00,21.00,36.00,11.00,10.00,4.00,1.00,4.00,12806.00,24.00,30.00,5.00,-10.00,4.00,1.00,86.67,80.56,86.00,1,0,2024-09-22,1313.36,1451.28,0.24,0.76,1280.53,1484.11
10875,214,336,L,5.00,12893.00,36.00,31.00,9.00,-11.00,4.00,2.00,8.00,12504.00,25.00,30.00,11.00,8.00,4.00,3.00,73.33,83.87,86.00,1,2,2024-09-22,1367.18,1387.90,0.54,0.46,1390.25,1364.83
10876,44,402,W,4.00,13191.00,18.00,31.00,12.00,3.00,0.00,0.00,3.00,11238.00,24.00,33.00,9.00,-3.00,2.00,0.00,90.91,87.10,86.00,1,2,2024-09-22,1373.14,1283.75,0.58,0.42,1354.89,1302.00
10877,569,269,W,4.00,12994.00,22.00,35.00,11.00,-1.00,4.00,1.00,3.00,12397.00,20.00,43.00,11.00,0.00,3.00,1.00,93.02,88.57,86.00,1,3,2024-09-22,1209.56,1293.77,0.30,0.70,1179.62,1323.71
10879,38,581,L,6.00,13050.00,33.00,36.00,9.00,-4.00,5.00,0.00,7.00,12477.00,22.00,41.00,12.00,3.00,5.00,1.00,82.93,83.33,86.00,1,3,2024-09-22,1037.76,1228.25,0.28,0.72,1049.67,1216.34
10881,8,205,L,1.00,12668.00,24.00,31.00,10.00,-15.00,1.00,0.00,4.00,12938.00,15.00,32.00,6.00,15.00,3.00,1.00,87.50,96.77,86.00,1,3,2024-09-22,1205.29,1386.62,0.29,0.71,1217.71,1374.20
10885,574,398,L,1.00,11798.00,12.00,20.00,3.00,-20.00,1.00,0.00,5.00,12421.00,13.00,28.00,3.00,21.00,3.00,1.00,82.14,95.00,86.00,1,5,2024-09-22,964.36,1317.29,0.12,0.88,969.62,1312.04
10888,332,570,W,8.00,12756.00,21.00,25.00,2.00,30.00,6.00,2.00,2.00,12967.00,20.00,14.00,5.00,-30.00,2.00,2.00,85.71,68.00,86.00,1,4,2024-09-22,1202.40,1113.62,0.57,0.43,1184.10,1131.92
10891,176,445,W,4.00,13264.00,20.00,26.00,7.00,15.00,2.00,1.00,1.00,13054.00,24.00,17.00,6.00,-15.00,0.00,0.00,94.12,84.62,86.00,1,5,2024-09-22,1098.93,930.55,0.69,0.31,1085.76,943.72
10892,499,431,L,2.00,13153.00,10.00,8.00,14.00,-5.00,1.00,0.00,3.00,12467.00,21.00,29.00,1.00,5.00,1.00,1.00,89.66,75.00,86.00,1,5,2024-09-22,1067.31,1150.09,0.44,0.56,1086.02,1131.38
10893,489,104,L,1.00,12800.00,15.00,21.00,4.00,-10.00,1.00,0.00,2.00,13145.00,18.00,21.00,6.00,10.00,1.00,1.00,90.48,95.24,86.00,1,6,2024-09-22,1077.39,1217.94,0.35,0.65,1092.25,1203.07
10894,449,245,L,1.00,13148.00,24.00,25.00,7.00,-10.00,1.00,0.00,3.00,12870.00,21.00,29.00,9.00,10.00,3.00,1.00,89.66,96.00,86.00,1,6,2024-09-22,933.69,919.38,0.59,0.41,959.19,893.89
10895,401,545,L,4.00,12900.00,15.00,26.00,8.00,-8.00,1.00,0.00,5.00,12207.00,24.00,17.00,3.00,7.00,1.00,0.00,70.59,,86.00,1,6,2024-09-22,893.27,858.20,0.63,0.37,920.16,831.32
10896,501,451,W,6.00,11824.00,13.00,17.00,13.00,8.00,4.00,0.00,4.00,12221.00,30.00,25.00,9.00,-11.00,2.00,0.00,84.00,,86.00,1,6,2024-09-22,932.67,917.21,0.45,0.55,909.23,940.64
10897,216,439,L,5.00,13744.00,25.00,31.00,13.00,-5.00,3.00,0.00,6.00,13139.00,32.00,43.00,10.00,2.00,3.00,0.00,86.05,,86.00,1,5,2024-09-22,1013.03,1127.32,0.39,0.61,1029.59,1110.76
10898,411,375,L,2.00,12210.00,20.00,15.00,10.00,-15.00,0.00,0.00,5.00,12720.00,33.00,34.00,4.00,15.00,4.00,0.00,85.29,86.67,86.00,1,5,2024-09-22,1049.45,1075.66,0.53,0.47,1072.13,1052.97
10731,442,573,L,0.00,11364.00,11.00,22.00,4.00,-35.00,0.00,0.00,9.00,10328.00,15.00,35.00,3.00,35.00,9.00,5.00,74.29,100.00,85.00,1,0,2024-09-28,1400.13,1587.14,0.28,0.72,1412.24,1575.03
10737,447,49,W,10.00,12290.00,18.00,37.00,4.00,18.00,8.00,0.00,5.00,12632.00,13.00,44.00,6.00,-20.00,5.00,4.00,88.64,72.97,85.00,1,0,2024-09-28,1379.10,1488.02,0.27,0.73,1347.76,1519.35
10754,191,92,W,3.00,12673.00,32.00,42.00,4.00,14.00,2.00,0.00,1.00,12624.00,15.00,26.00,12.00,-16.00,1.00,0.00,96.15,92.86,85.00,1,1,2024-09-28,1723.73,1467.45,0.80,0.20,1715.05,1476.13
10901,498,402,L,1.00,12014.00,20.00,37.00,7.00,-5.00,1.00,0.00,2.00,10728.00,16.00,16.00,13.00,5.00,1.00,0.00,87.50,97.30,86.00,1,2,2024-09-28,1438.58,1315.82,0.75,0.25,1470.65,1283.75
10907,208,109,L,0.00,12720.00,13.00,11.00,10.00,-25.00,0.00,0.00,6.00,13281.00,36.00,47.00,10.00,26.00,5.00,2.00,87.23,100.00,86.00,1,1,2024-09-28,1256.04,1470.21,0.25,0.75,1266.70,1459.55
10908,379,440,L,5.00,12546.00,27.00,41.00,12.00,-10.00,3.00,0.00,6.00,12547.00,20.00,26.00,4.00,10.00,5.00,1.00,76.92,87.80,86.00,1,1,2024-09-28,1326.05,1434.07,0.40,0.60,1343.04,1417.08
10910,410,335,L,3.00,12552.00,15.00,27.00,12.00,-10.00,3.00,1.00,5.00,13085.00,26.00,46.00,7.00,10.00,5.00,3.00,89.13,88.89,86.00,1,1,2024-09-28,1250.46,1338.58,0.43,0.57,1268.80,1320.24
10912,569,38,W,2.00,12240.00,37.00,41.00,3.00,5.00,2.00,0.00,1.00,10199.00,13.00,16.00,11.00,-5.00,1.00,0.00,93.75,95.12,86.00,1,3,2024-09-28,1221.22,1026.10,0.73,0.27,1209.56,1037.76
10914,269,446,W,6.00,12529.00,29.00,35.00,4.00,19.00,3.00,2.00,2.00,12441.00,7.00,23.00,8.00,-20.00,1.00,0.00,91.30,82.86,86.00,1,3,2024-09-28,1308.81,1170.98,0.65,0.35,1293.77,1186.02
10915,129,8,L,2.00,3249.00,24.00,37.00,15.00,-9.00,1.00,0.00,4.00,0.00,20.00,23.00,4.00,10.00,3.00,0.00,82.61,94.59,86.00,1,3,2024-09-28,1185.47,1226.90,0.50,0.50,1207.08,1205.29
10916,581,205,L,3.00,12466.00,14.00,27.00,4.00,-15.00,3.00,2.00,5.00,12764.00,21.00,29.00,6.00,15.00,1.00,1.00,82.76,88.89,86.00,1,3,2024-09-28,1215.92,1398.94,0.29,0.71,1228.25,1386.62
10917,400,375,W,3.00,12271.00,12.00,15.00,12.00,10.00,2.00,1.00,1.00,12953.00,30.00,33.00,7.00,-10.00,0.00,0.00,96.97,80.00,86.00,1,5,2024-09-28,961.48,1045.72,0.30,0.70,931.54,1075.66
10920,216,445,L,3.00,12461.00,20.00,24.00,17.00,-5.00,1.00,1.00,5.00,13094.00,38.00,33.00,7.00,6.00,5.00,3.00,84.85,87.50,86.00,1,5,2024-09-28,986.52,957.06,0.62,0.38,1013.03,930.55
10921,61,574,W,10.00,12135.00,20.00,32.00,5.00,19.00,10.00,2.00,4.00,12256.00,19.00,28.00,5.00,-20.00,4.00,3.00,85.71,68.75,86.00,1,5,2024-09-28,951.41,940.59,0.45,0.55,927.64,964.36
10924,504,448,L,3.00,12720.00,23.00,15.00,5.00,0.00,2.00,2.00,4.00,11787.00,18.00,26.00,12.00,0.00,3.00,0.00,84.62,,86.00,1,4,2024-09-28,1055.83,1140.98,0.43,0.57,1074.38,1122.43
10926,405,568,W,9.00,12374.00,15.00,31.00,8.00,10.00,5.00,2.00,8.00,12570.00,15.00,24.00,3.00,-10.00,7.00,5.00,66.67,70.97,86.00,1,4,2024-09-28,1234.04,1189.65,0.50,0.50,1212.64,1211.05
10732,573,1,L,3.00,12983.00,12.00,34.00,2.00,-20.00,3.00,1.00,6.00,13658.00,23.00,37.00,7.00,20.00,6.00,3.00,83.78,91.18,85.00,1,0,2024-09-29,1560.98,1536.82,0.61,0.39,1587.14,1510.66
10733,578,4,W,5.00,13229.00,25.00,40.00,5.00,20.00,5.00,1.00,2.00,12812.00,17.00,28.00,7.00,-20.00,2.00,1.00,92.86,87.50,85.00,1,0,2024-09-29,1594.17,1305.62,0.83,0.17,1586.80,1312.99
10735,56,17,L,3.00,13128.00,19.00,21.00,5.00,-7.00,3.00,2.00,6.00,12550.00,24.00,42.00,7.00,5.00,6.00,3.00,85.71,85.71,85.00,1,0,2024-09-29,1438.65,1675.12,0.22,0.78,1448.22,1665.55
10736,46,505,L,3.00,12971.00,15.00,30.00,4.00,-30.00,2.00,1.00,9.00,12978.00,29.00,52.00,3.00,30.00,9.00,4.00,82.69,90.00,85.00,1,0,2024-09-29,1469.74,1428.09,0.64,0.36,1497.05,1400.78
10751,452,494,W,2.00,13788.00,19.00,29.00,6.00,3.00,0.00,0.00,1.00,13084.00,18.00,35.00,8.00,-6.00,1.00,0.00,97.14,93.10,85.00,1,1,2024-09-29,1649.96,1462.80,0.72,0.28,1637.86,1474.89
10752,393,31,W,5.00,12954.00,24.00,34.00,5.00,20.00,5.00,3.00,0.00,11202.00,14.00,15.00,2.00,-20.00,0.00,0.00,100.00,85.29,85.00,1,1,2024-09-29,1476.89,1503.15,0.39,0.61,1450.59,1529.44
10753,333,396,W,7.00,11220.00,12.00,22.00,1.00,22.00,6.00,3.00,1.00,13054.00,17.00,24.00,3.00,-25.00,1.00,1.00,95.83,68.18,85.00,1,1,2024-09-29,1532.82,1360.76,0.70,0.30,1519.86,1373.72
10755,191,15,W,6.00,12691.00,14.00,36.00,4.00,20.00,4.00,3.00,1.00,12642.00,16.00,17.00,1.00,-19.00,1.00,1.00,94.12,83.33,85.00,1,1,2024-09-29,1729.91,1407.72,0.86,0.14,1723.73,1413.90
10756,35,579,L,2.00,10678.00,16.00,28.00,3.00,-10.00,2.00,1.00,5.00,11790.00,17.00,43.00,4.00,10.00,5.00,1.00,88.37,92.86,85.00,1,1,2024-09-29,1541.91,1410.60,0.76,0.24,1574.41,1378.10
10902,189,22,W,9.00,13347.00,22.00,31.00,3.00,25.00,7.00,1.00,4.00,12726.00,19.00,27.00,4.00,-25.00,4.00,2.00,85.19,70.97,86.00,1,2,2024-09-29,1276.22,1316.59,0.37,0.63,1248.99,1343.81
10903,438,336,W,6.00,12949.00,17.00,28.00,4.00,5.00,4.00,1.00,5.00,14150.00,18.00,26.00,4.00,-5.00,5.00,3.00,80.77,78.57,86.00,1,2,2024-09-29,1539.96,1374.56,0.69,0.31,1526.62,1387.90
10904,207,214,W,7.00,12464.00,18.00,31.00,5.00,9.00,5.00,2.00,5.00,13047.00,19.00,25.00,11.00,-10.00,3.00,2.00,80.00,77.42,86.00,1,2,2024-09-29,1214.98,1335.25,0.26,0.74,1183.05,1367.18
10906,215,411,W,4.00,11551.00,25.00,29.00,9.00,15.00,2.00,0.00,1.00,12718.00,20.00,17.00,10.00,-16.00,1.00,0.00,94.12,86.21,86.00,1,5,2024-09-29,1026.59,1025.04,0.43,0.57,1002.18,1049.45
10918,431,398,W,1.00,12193.00,26.00,30.00,3.00,5.00,1.00,1.00,0.00,12779.00,12.00,11.00,5.00,-5.00,0.00,0.00,100.00,96.67,86.00,1,5,2024-09-29,1181.21,1286.18,0.28,0.72,1150.09,1317.29
10922,176,499,L,2.00,12602.00,31.00,23.00,0.00,-5.00,1.00,0.00,3.00,12703.00,8.00,13.00,11.00,5.00,3.00,0.00,76.92,91.30,86.00,1,5,2024-09-29,1075.48,1090.76,0.55,0.45,1098.93,1067.31
10923,65,502,L,4.00,13335.00,13.00,24.00,8.00,-35.00,3.00,0.00,11.00,12813.00,25.00,41.00,6.00,34.00,9.00,1.00,73.17,83.33,86.00,1,4,2024-09-29,1018.82,1063.14,0.50,0.50,1040.23,1041.74
10925,331,570,L,1.00,12939.00,17.00,12.00,9.00,-5.00,0.00,0.00,3.00,13432.00,27.00,20.00,9.00,5.00,2.00,0.00,85.00,91.67,86.00,1,4,2024-09-29,1106.27,1136.05,0.52,0.48,1128.71,1113.62
10927,577,406,W,5.00,13124.00,20.00,30.00,6.00,10.00,5.00,3.00,3.00,12315.00,21.00,8.00,7.00,-10.00,1.00,0.00,62.50,83.33,86.00,1,4,2024-09-29,1149.82,1065.67,0.57,0.43,1131.21,1084.28
10928,332,566,L,2.00,12724.00,14.00,23.00,7.00,-5.00,2.00,1.00,4.00,11596.00,25.00,31.00,5.00,5.00,3.00,2.00,87.10,91.30,86.00,1,4,2024-09-29,1182.09,1241.95,0.47,0.53,1202.40,1221.63
10929,104,245,W,3.00,12975.00,23.00,27.00,2.00,5.00,2.00,0.00,1.00,12275.00,10.00,11.00,10.00,-5.00,0.00,0.00,90.91,,86.00,1,6,2024-09-29,1224.48,912.84,0.85,0.15,1217.94,919.38
10931,451,501,W,4.00,11263.00,20.00,15.00,0.00,14.00,2.00,0.00,2.00,12673.00,10.00,20.00,12.00,-15.00,2.00,0.00,90.00,73.33,86.00,1,6,2024-09-29,939.66,910.21,0.48,0.52,917.21,932.67
9077,46,447,W,6.00,12215.00,20.00,42.00,7.00,12.00,6.00,4.00,5.00,12371.00,17.00,25.00,6.00,-13.00,5.00,2.00,80.00,85.71,74.00,1,0,2024-10-02,1485.75,1363.08,0.63,0.37,1469.74,1379.10
9691,452,92,W,4.00,13221.00,17.00,15.00,0.00,5.00,4.00,2.00,2.00,13217.00,11.00,41.00,8.00,-5.00,2.00,1.00,95.12,,74.00,1,1,2024-10-02,1661.10,1456.31,0.74,0.26,1649.96,1467.45
9724,38,438,L,1.00,12693.00,14.00,20.00,4.00,-25.00,1.00,0.00,5.00,11182.00,17.00,38.00,0.00,25.00,3.00,1.00,,95.00,75.00,1,2,2024-10-02,1023.98,1542.09,0.05,0.95,1026.10,1539.96
9725,26,129,L,4.00,12612.00,18.00,23.00,6.00,-18.00,4.00,2.00,9.00,12031.00,14.00,27.00,3.00,18.00,6.00,3.00,66.67,82.61,75.00,1,2,2024-10-02,1079.28,1201.51,0.37,0.63,1095.32,1185.47
9793,205,207,W,3.00,11981.00,16.00,24.00,12.00,10.00,1.00,0.00,1.00,13167.00,29.00,25.00,5.00,-11.00,0.00,0.00,96.00,87.50,75.00,1,2,2024-10-02,1410.02,1203.91,0.74,0.26,1398.94,1214.98
9818,191,440,W,5.00,12384.00,32.00,49.00,11.00,5.00,3.00,0.00,2.00,12253.00,17.00,11.00,9.00,-6.00,2.00,1.00,81.82,89.80,82.00,1,0,2024-10-02,1736.54,1427.45,0.85,0.15,1729.91,1434.07
9861,410,496,L,2.00,11805.00,27.00,22.00,3.00,-15.00,1.00,0.00,5.00,13197.00,12.00,21.00,6.00,15.00,2.00,0.00,76.19,90.91,82.00,1,1,2024-10-02,1240.65,1472.05,0.23,0.77,1250.46,1462.24
9876,402,214,W,5.00,12097.00,9.00,27.00,3.00,20.00,4.00,3.00,0.00,12781.00,15.00,18.00,1.00,-20.00,0.00,0.00,100.00,81.48,75.00,1,1,2024-10-02,1338.52,1312.55,0.47,0.53,1315.82,1335.25
9877,53,331,W,7.00,11829.00,18.00,25.00,3.00,13.00,6.00,2.00,3.00,12586.00,16.00,38.00,6.00,-16.00,2.00,2.00,92.11,72.00,75.00,1,1,2024-10-02,1238.82,1091.81,0.66,0.34,1224.36,1106.27
9879,23,408,L,2.00,13650.00,19.00,32.00,8.00,-2.00,1.00,0.00,3.00,12644.00,20.00,32.00,1.00,2.00,2.00,0.00,90.62,93.75,75.00,1,1,2024-10-02,1338.99,1538.64,0.27,0.73,1350.41,1527.23
9881,546,439,L,2.00,12955.00,11.00,23.00,6.00,-15.00,1.00,0.00,4.00,12136.00,14.00,29.00,2.00,14.00,2.00,2.00,86.21,91.30,75.00,1,4,2024-10-02,884.38,1136.19,0.21,0.79,893.25,1127.32
9882,499,400,L,0.00,12466.00,17.00,15.00,7.00,-4.00,0.00,0.00,1.00,12539.00,18.00,21.00,4.00,5.00,0.00,0.00,95.24,100.00,75.00,1,4,2024-10-02,1061.61,990.63,0.68,0.32,1090.76,961.48
9885,431,332,W,5.00,12087.00,10.00,22.00,7.00,15.00,2.00,0.00,2.00,13228.00,16.00,24.00,1.00,-15.00,2.00,0.00,91.67,77.27,75.00,1,4,2024-10-02,1202.76,1160.53,0.50,0.50,1181.21,1182.09
9887,502,216,W,3.00,7749.00,2.00,15.00,3.00,9.00,2.00,1.00,1.00,8864.00,14.00,20.00,0.00,-8.00,1.00,0.00,,80.00,75.00,1,4,2024-10-02,1079.98,969.68,0.61,0.39,1063.14,986.52
9922,335,556,L,3.00,13480.00,14.00,17.00,6.00,-3.00,2.00,2.00,4.00,13206.00,21.00,33.00,5.00,3.00,4.00,3.00,87.88,82.35,82.00,1,0,2024-10-03,1327.35,1530.44,0.26,0.74,1338.58,1519.21
9923,111,506,W,7.00,13302.00,30.00,31.00,10.00,23.00,5.00,3.00,0.00,12284.00,17.00,25.00,13.00,-24.00,0.00,0.00,100.00,77.42,82.00,1,0,2024-10-03,1573.33,1427.16,0.66,0.34,1558.81,1441.68
10000,446,398,W,5.00,13064.00,15.00,29.00,7.00,-1.00,3.00,0.00,4.00,12026.00,21.00,19.00,2.00,-2.00,2.00,0.00,78.95,82.76,75.00,1,3,2024-10-03,1199.36,1257.80,0.34,0.66,1170.98,1286.18
10002,215,104,L,2.00,12832.00,22.00,41.00,6.00,1.00,1.00,1.00,3.00,13376.00,20.00,23.00,11.00,0.00,1.00,0.00,86.96,95.12,75.00,1,3,2024-10-03,1016.16,1234.90,0.24,0.76,1026.59,1224.48
10033,29,442,W,6.00,12662.00,18.00,25.00,10.00,15.00,5.00,2.00,2.00,12479.00,24.00,45.00,4.00,-15.00,2.00,2.00,95.56,76.00,74.00,6,0,2024-10-03,1627.83,1390.60,0.78,0.22,1618.30,1400.13
10068,46,17,W,3.00,12958.00,22.00,30.00,3.00,5.00,3.00,0.00,2.00,13408.00,14.00,30.00,4.00,-4.00,1.00,0.00,93.33,90.00,74.00,6,0,2024-10-03,1517.94,1642.93,0.25,0.75,1485.75,1675.12
10069,1,49,L,2.00,13105.00,25.00,46.00,4.00,-18.00,2.00,0.00,6.00,12561.00,13.00,28.00,6.00,19.00,5.00,3.00,78.57,95.65,74.00,6,0,2024-10-03,1512.32,1512.52,0.57,0.43,1536.82,1488.02
10070,31,396,W,2.00,12994.00,22.00,49.00,5.00,10.00,2.00,0.00,0.00,11963.00,14.00,27.00,11.00,-10.00,0.00,0.00,100.00,95.92,74.00,6,1,2024-10-03,1516.30,1347.61,0.69,0.31,1503.15,1360.76
10072,15,35,L,3.00,13006.00,21.00,33.00,3.00,-21.00,3.00,1.00,5.00,12207.00,12.00,34.00,10.00,20.00,4.00,0.00,85.29,90.91,74.00,6,1,2024-10-03,1394.13,1555.49,0.32,0.68,1407.72,1541.91
10073,379,109,L,1.00,13317.00,19.00,13.00,7.00,-30.00,1.00,0.00,7.00,13130.00,37.00,21.00,7.00,30.00,7.00,4.00,66.67,92.31,82.00,1,1,2024-10-03,1312.99,1483.27,0.30,0.70,1326.05,1470.21
10074,208,410,W,3.00,13239.00,21.00,32.00,6.00,0.00,3.00,1.00,2.00,12440.00,29.00,26.00,9.00,0.00,2.00,0.00,92.31,90.62,82.00,1,1,2024-10-03,1276.59,1220.11,0.52,0.48,1256.04,1240.65
10075,443,496,W,7.00,13169.00,22.00,30.00,4.00,25.00,5.00,0.00,1.00,12857.00,11.00,22.00,6.00,-25.00,0.00,0.00,95.45,76.67,82.00,1,1,2024-10-03,1474.07,1449.26,0.47,0.53,1451.28,1472.05
10080,333,452,L,7.00,14167.00,22.00,42.00,5.00,5.00,6.00,6.00,8.00,14521.00,24.00,28.00,7.00,-5.00,7.00,5.00,71.43,83.33,74.00,6,1,2024-10-03,1518.91,1675.00,0.32,0.68,1532.82,1661.10
10082,494,92,W,5.00,12279.00,23.00,40.00,4.00,20.00,4.00,1.00,3.00,12333.00,15.00,18.00,7.00,-20.00,2.00,1.00,83.33,,74.00,6,1,2024-10-03,1483.90,1435.21,0.51,0.49,1462.80,1456.31
10084,53,44,W,4.00,11822.00,21.00,35.00,4.00,6.00,4.00,1.00,3.00,13300.00,30.00,30.00,6.00,-6.00,3.00,1.00,90.00,88.57,75.00,1,1,2024-10-03,1268.24,1343.72,0.32,0.68,1238.82,1373.14
10085,408,497,W,5.00,13928.00,23.00,36.00,9.00,0.00,2.00,0.00,4.00,14219.00,22.00,32.00,10.00,0.00,3.00,1.00,87.50,,75.00,1,1,2024-10-03,1555.54,1446.22,0.61,0.39,1538.64,1463.12
10088,331,22,W,7.00,12381.00,23.00,31.00,10.00,12.00,5.00,2.00,5.00,12417.00,20.00,29.00,9.00,-17.00,4.00,2.00,82.76,77.42,75.00,1,1,2024-10-03,1125.56,1282.84,0.22,0.78,1091.81,1316.59
10089,26,129,W,4.00,12119.00,16.00,22.00,10.00,5.00,4.00,2.00,2.00,12586.00,19.00,31.00,5.00,-5.00,1.00,0.00,93.55,81.82,75.00,6,2,2024-10-03,1108.05,1172.75,0.33,0.67,1079.28,1201.51
10091,546,400,L,1.00,12837.00,27.00,20.00,6.00,0.00,0.00,0.00,2.00,12803.00,18.00,23.00,9.00,0.00,0.00,0.00,91.30,95.00,75.00,1,4,2024-10-03,869.26,1005.75,0.35,0.65,884.38,990.63
10093,130,216,L,2.00,12395.00,7.00,17.00,8.00,-5.00,1.00,0.00,4.00,11698.00,22.00,23.00,2.00,5.00,3.00,1.00,82.61,88.24,75.00,1,4,2024-10-03,1197.25,1004.92,0.82,0.18,1232.49,969.68
10094,491,205,W,8.00,12508.00,20.00,26.00,17.00,23.00,4.00,0.00,5.00,12660.00,32.00,28.00,5.00,-4.00,4.00,0.00,82.14,69.23,75.00,6,2,2024-10-03,1185.78,1374.91,0.18,0.82,1150.67,1410.02
10096,500,502,L,4.00,13399.00,20.00,26.00,11.00,-15.00,4.00,2.00,6.00,0.00,16.00,17.00,8.00,15.00,5.00,1.00,64.71,84.62,75.00,1,4,2024-10-03,1018.94,1098.88,0.44,0.56,1037.84,1079.98
10097,214,23,L,5.00,12577.00,14.00,26.00,5.00,-46.00,4.00,1.00,13.00,11913.00,13.00,38.00,4.00,45.00,11.00,7.00,65.79,80.77,75.00,1,1,2024-10-03,1292.68,1358.86,0.46,0.54,1312.55,1338.99
10100,499,375,L,3.00,12547.00,14.00,21.00,11.00,-11.00,2.00,0.00,5.00,13626.00,28.00,18.00,5.00,10.00,2.00,1.00,72.22,85.71,75.00,1,4,2024-10-03,1039.13,1068.20,0.52,0.48,1061.61,1045.72
11106,29,1,L,5.00,12817.00,24.00,26.00,3.00,-10.00,4.00,1.00,7.00,12598.00,22.00,32.00,15.00,10.00,5.00,4.00,78.12,80.77,85.00,1,0,2024-10-11,1599.43,1540.72,0.66,0.34,1627.83,1512.32
11108,573,578,W,11.00,12304.00,22.00,44.00,6.00,39.00,9.00,1.00,3.00,13346.00,12.00,23.00,3.00,-40.00,1.00,0.00,86.96,75.00,85.00,1,0,2024-10-11,1584.53,1570.62,0.45,0.55,1560.98,1594.17
11109,442,580,L,0.00,11895.00,17.00,23.00,9.00,-40.00,0.00,0.00,8.00,12658.00,16.00,25.00,0.00,37.00,8.00,5.00,68.00,100.00,85.00,1,0,2024-10-11,1378.43,1564.26,0.28,0.72,1390.60,1552.09
11115,4,447,L,3.00,13579.00,12.00,30.00,10.00,-15.00,1.00,0.00,5.00,13196.00,17.00,36.00,3.00,15.00,4.00,3.00,86.11,90.00,85.00,1,0,2024-10-11,1287.64,1381.06,0.42,0.58,1305.62,1363.08
11236,610,452,L,0.00,13124.00,12.00,30.00,8.00,-19.00,0.00,0.00,5.00,13150.00,15.00,32.00,0.00,19.00,5.00,2.00,84.38,100.00,85.00,1,1,2024-10-11,1388.68,1682.19,0.17,0.83,1395.87,1675.00
11238,191,31,W,7.00,12720.00,21.00,32.00,2.00,0.00,5.00,4.00,4.00,12873.00,20.00,24.00,3.00,0.00,4.00,1.00,83.33,78.12,85.00,1,1,2024-10-11,1745.98,1506.85,0.78,0.22,1736.54,1516.30
11239,333,494,L,3.00,12634.00,18.00,21.00,12.00,-34.00,2.00,1.00,12.00,11292.00,19.00,39.00,13.00,32.00,8.00,1.00,69.23,85.71,85.00,1,1,2024-10-11,1495.25,1507.56,0.55,0.45,1518.91,1483.90
11240,396,92,L,1.00,12655.00,19.00,18.00,7.00,-5.00,1.00,0.00,2.00,11794.00,23.00,33.00,4.00,5.00,1.00,1.00,93.94,94.44,85.00,1,1,2024-10-11,1331.42,1451.40,0.38,0.62,1347.61,1435.21
11241,393,579,W,4.00,12616.00,17.00,34.00,10.00,5.00,4.00,2.00,3.00,12761.00,28.00,30.00,7.00,-5.00,2.00,1.00,90.00,88.24,85.00,1,1,2024-10-11,1494.34,1393.15,0.59,0.41,1476.89,1410.60
11242,63,111,W,2.00,13297.00,25.00,39.00,7.00,0.00,2.00,2.00,1.00,13754.00,20.00,27.00,14.00,0.00,1.00,1.00,96.30,94.87,86.00,1,0,2024-10-11,1463.21,1543.61,0.31,0.69,1433.49,1573.33
11244,443,239,L,1.00,12627.00,22.00,35.00,9.00,-15.00,1.00,0.00,5.00,12528.00,31.00,31.00,9.00,14.00,5.00,3.00,83.87,97.14,86.00,1,0,2024-10-11,1453.72,1513.13,0.47,0.53,1474.07,1492.79
11255,109,335,L,2.00,12651.00,28.00,24.00,14.00,-10.00,1.00,1.00,4.00,9634.00,28.00,22.00,9.00,10.00,3.00,1.00,81.82,91.67,86.00,1,1,2024-10-11,1452.72,1357.90,0.71,0.29,1483.27,1327.35
11307,207,329,L,2.00,11979.00,8.00,22.00,1.00,-29.00,2.00,1.00,8.00,12055.00,19.00,27.00,2.00,29.00,6.00,1.00,70.37,90.91,86.00,1,2,2024-10-11,1188.20,1315.59,0.37,0.63,1203.91,1299.88
11309,402,336,W,4.00,11400.00,27.00,23.00,1.00,14.00,4.00,2.00,2.00,11133.00,11.00,24.00,7.00,-14.00,2.00,1.00,91.67,82.61,86.00,1,2,2024-10-11,1362.24,1350.83,0.45,0.55,1338.52,1374.56
11311,491,581,W,5.00,12669.00,22.00,33.00,7.00,9.00,4.00,2.00,2.00,12897.00,26.00,26.00,8.00,-11.00,2.00,1.00,92.31,84.85,86.00,1,3,2024-10-11,1209.14,1192.56,0.46,0.54,1185.78,1215.92
11312,446,38,W,8.00,13269.00,23.00,24.00,1.00,20.00,5.00,3.00,3.00,12783.00,25.00,29.00,16.00,-20.00,2.00,2.00,89.66,66.67,86.00,1,3,2024-10-11,1210.84,1012.50,0.73,0.27,1199.36,1023.98
11318,504,566,W,7.00,12266.00,14.00,33.00,7.00,15.00,6.00,0.00,5.00,11931.00,23.00,27.00,4.00,-16.00,4.00,0.00,81.48,78.79,86.00,1,4,2024-10-11,1087.86,1209.92,0.26,0.74,1055.83,1241.95
11321,568,65,W,4.00,11877.00,21.00,19.00,5.00,15.00,2.00,0.00,1.00,12190.00,13.00,21.00,5.00,-15.00,1.00,0.00,95.24,78.95,86.00,1,4,2024-10-11,1201.36,1007.12,0.73,0.27,1189.65,1018.82
11322,176,411,W,1.00,12488.00,20.00,18.00,14.00,5.00,1.00,1.00,0.00,12436.00,17.00,23.00,12.00,-5.00,0.00,0.00,100.00,94.44,86.00,1,5,2024-10-11,1093.88,1006.64,0.57,0.43,1075.48,1025.04
11323,445,130,L,1.00,13462.00,11.00,4.00,2.00,-45.00,1.00,0.00,11.00,15606.00,24.00,37.00,8.00,43.00,7.00,0.00,70.27,75.00,86.00,1,5,2024-10-11,948.43,1205.88,0.20,0.80,957.06,1197.25
11330,574,439,W,6.00,13029.00,27.00,27.00,9.00,19.00,6.00,0.00,3.00,11707.00,16.00,17.00,6.00,-20.00,3.00,2.00,82.35,77.78,86.00,1,5,2024-10-11,973.06,1103.72,0.24,0.76,940.59,1136.19
10764,29,564,W,6.00,12768.00,25.00,38.00,4.00,5.00,6.00,3.00,3.00,12659.00,9.00,30.00,10.00,-5.00,1.00,0.00,90.00,84.21,85.00,1,0,2024-10-13,1608.46,1360.06,0.79,0.21,1599.43,1369.09
10765,56,1,L,2.00,12745.00,14.00,33.00,2.00,-20.00,2.00,1.00,7.00,11045.00,8.00,29.00,1.00,20.00,6.00,2.00,75.86,93.94,85.00,1,0,2024-10-13,1423.29,1556.08,0.36,0.64,1438.65,1540.72
10768,447,580,L,1.00,3579.00,19.00,18.00,9.00,-10.00,1.00,0.00,6.00,11623.00,20.00,33.00,3.00,10.00,5.00,3.00,81.82,94.44,85.00,1,0,2024-10-13,1369.95,1575.37,0.26,0.74,1381.06,1564.26
10769,505,442,W,5.00,12260.00,26.00,27.00,5.00,15.00,4.00,0.00,1.00,12195.00,16.00,19.00,5.00,-15.00,1.00,0.00,94.74,81.48,85.00,1,0,2024-10-13,1446.54,1359.98,0.57,0.43,1428.09,1378.43
10770,4,17,L,4.00,13433.00,18.00,25.00,12.00,-3.00,2.00,0.00,5.00,13883.00,22.00,64.00,5.00,2.00,3.00,3.00,92.19,84.00,85.00,1,0,2024-10-13,1282.72,1647.86,0.11,0.89,1287.64,1642.93
10788,452,396,L,2.00,12836.00,21.00,49.00,6.00,0.00,1.00,0.00,4.00,12677.00,18.00,23.00,10.00,0.00,3.00,1.00,82.61,95.92,85.00,1,1,2024-10-13,1644.23,1369.38,0.88,0.12,1682.19,1331.42
10790,333,579,L,4.00,12515.00,15.00,31.00,7.00,-10.00,2.00,2.00,6.00,12833.00,18.00,30.00,5.00,10.00,6.00,2.00,80.00,87.10,85.00,1,1,2024-10-13,1467.61,1420.80,0.64,0.36,1495.25,1393.15
10792,191,494,W,6.00,13366.00,8.00,33.00,2.00,10.00,5.00,3.00,4.00,11708.00,17.00,26.00,3.00,-10.00,2.00,0.00,84.62,81.82,85.00,1,1,2024-10-13,1754.68,1498.86,0.80,0.20,1745.98,1507.56
10982,111,443,W,4.00,12880.00,21.00,30.00,7.00,0.00,4.00,2.00,3.00,13239.00,17.00,29.00,4.00,2.00,3.00,3.00,89.66,86.67,86.00,1,0,2024-10-13,1559.67,1437.67,0.63,0.37,1543.61,1453.72
10983,239,409,W,7.00,12968.00,24.00,37.00,5.00,10.00,7.00,5.00,5.00,12608.00,8.00,22.00,12.00,-10.00,2.00,1.00,77.27,81.08,86.00,1,0,2024-10-13,1529.88,1418.30,0.61,0.39,1513.13,1435.05
10990,329,23,L,1.00,12276.00,15.00,13.00,9.00,-15.00,1.00,0.00,5.00,12714.00,21.00,27.00,7.00,14.00,2.00,0.00,81.48,92.31,86.00,1,2,2024-10-13,1296.75,1377.69,0.44,0.56,1315.59,1358.86
10991,189,44,L,0.00,12955.00,16.00,16.00,14.00,-20.00,0.00,0.00,5.00,12445.00,31.00,25.00,4.00,20.00,5.00,1.00,80.00,100.00,86.00,1,2,2024-10-13,1258.84,1361.10,0.40,0.60,1276.22,1343.72
10993,214,438,L,7.00,13130.00,24.00,35.00,4.00,-55.00,5.00,2.00,15.00,11980.00,16.00,26.00,3.00,55.00,12.00,7.00,42.31,80.00,86.00,1,2,2024-10-13,1284.41,1550.35,0.19,0.81,1292.68,1542.09
10996,397,569,L,3.00,12990.00,22.00,37.00,2.00,-5.00,3.00,0.00,4.00,11611.00,15.00,22.00,6.00,5.00,3.00,1.00,81.82,91.89,86.00,1,3,2024-10-13,1266.26,1247.05,0.60,0.40,1292.09,1221.22
10998,8,446,L,4.00,13332.00,37.00,38.00,13.00,9.00,2.00,0.00,6.00,12715.00,21.00,24.00,14.00,-10.00,3.00,1.00,75.00,89.47,86.00,1,3,2024-10-13,1204.41,1233.34,0.52,0.48,1226.90,1210.84
10999,491,129,W,5.00,12439.00,21.00,19.00,13.00,10.00,3.00,2.00,1.00,13031.00,32.00,27.00,8.00,-11.00,0.00,0.00,96.30,73.68,86.00,1,3,2024-10-13,1228.40,1153.49,0.55,0.45,1209.14,1172.75
11004,499,398,W,4.00,13244.00,9.00,15.00,2.00,15.00,3.00,0.00,1.00,12692.00,6.00,20.00,1.00,-15.00,1.00,0.00,95.00,73.33,86.00,1,5,2024-10-13,1072.62,1224.31,0.22,0.78,1039.13,1257.80
11008,332,502,W,7.00,12935.00,27.00,32.00,2.00,15.00,6.00,3.00,4.00,12142.00,14.00,17.00,6.00,-15.00,3.00,0.00,76.47,,86.00,1,4,2024-10-13,1178.26,1081.16,0.59,0.41,1160.53,1098.88
11011,406,582,W,7.00,12103.00,34.00,48.00,3.00,10.00,6.00,1.00,4.00,12532.00,14.00,23.00,9.00,-9.00,4.00,1.00,82.61,85.42,86.00,1,4,2024-10-13,1093.88,1149.70,0.34,0.66,1065.67,1177.92
11015,545,449,L,4.00,12534.00,20.00,14.00,2.00,-5.00,1.00,0.00,5.00,14266.00,43.00,40.00,11.00,5.00,4.00,0.00,,71.43,86.00,1,6,2024-10-13,841.30,950.59,0.39,0.61,858.20,933.69
11017,401,451,W,2.00,12650.00,13.00,28.00,10.00,3.00,1.00,0.00,1.00,13146.00,30.00,32.00,2.00,-3.00,1.00,0.00,96.88,92.86,86.00,1,6,2024-10-13,917.63,915.31,0.43,0.57,893.27,939.66
11052,445,215,L,1.00,11979.00,9.00,21.00,10.00,-15.00,1.00,0.00,4.00,11550.00,27.00,56.00,4.00,14.00,4.00,2.00,92.86,95.24,86.00,1,5,2024-10-13,931.07,1033.53,0.40,0.60,948.43,1016.16
11093,375,439,L,2.00,12997.00,21.00,19.00,5.00,-20.00,1.00,0.00,6.00,12902.00,19.00,23.00,8.00,20.00,5.00,1.00,73.91,,86.00,1,5,2024-10-18,1048.89,1123.03,0.45,0.55,1068.20,1103.72
10771,442,17,L,2.00,12542.00,17.00,23.00,10.00,-40.00,2.00,1.00,10.00,13060.00,37.00,41.00,1.00,40.00,9.00,4.00,75.61,91.30,85.00,1,0,2024-10-19,1353.10,1654.75,0.16,0.84,1359.98,1647.86
10900,505,49,W,6.00,12915.00,13.00,40.00,2.00,19.00,5.00,1.00,2.00,12287.00,13.00,26.00,3.00,-21.00,1.00,0.00,92.31,85.00,85.00,1,0,2024-10-19,1472.07,1486.98,0.41,0.59,1446.54,1512.52
10942,31,333,L,1.00,12535.00,15.00,26.00,5.00,-16.00,1.00,1.00,3.00,12961.00,11.00,27.00,11.00,15.00,2.00,2.00,88.89,96.15,85.00,1,1,2024-10-19,1482.93,1491.53,0.56,0.44,1506.85,1467.61
11028,22,438,W,2.00,12760.00,23.00,18.00,7.00,5.00,2.00,0.00,1.00,12117.00,20.00,31.00,12.00,-6.00,1.00,0.00,96.77,88.89,86.00,1,2,2024-10-19,1318.25,1514.94,0.18,0.82,1282.84,1550.35
11029,214,23,L,3.00,12233.00,22.00,12.00,12.00,-15.00,3.00,1.00,7.00,11740.00,34.00,59.00,9.00,18.00,5.00,3.00,88.14,75.00,86.00,1,2,2024-10-19,1268.55,1393.56,0.37,0.63,1284.41,1377.69
11076,26,8,L,2.00,12664.00,14.00,23.00,14.00,-15.00,2.00,1.00,4.00,12011.00,21.00,30.00,6.00,14.00,3.00,1.00,86.67,91.30,86.00,1,3,2024-10-19,1092.36,1220.09,0.36,0.64,1108.05,1204.41
11077,129,38,L,5.00,11333.00,12.00,23.00,1.00,-17.00,3.00,2.00,8.00,11458.00,10.00,21.00,7.00,16.00,6.00,2.00,61.90,78.26,86.00,1,3,2024-10-19,1123.71,1042.27,0.69,0.31,1153.49,1012.50
11078,397,581,W,7.00,11982.00,25.00,26.00,7.00,15.00,6.00,0.00,4.00,12671.00,21.00,20.00,10.00,-16.00,3.00,1.00,80.00,73.08,86.00,1,3,2024-10-19,1283.27,1175.56,0.60,0.40,1266.26,1192.56
11079,491,269,L,3.00,12262.00,13.00,18.00,11.00,-15.00,0.00,0.00,6.00,12738.00,29.00,28.00,10.00,15.00,5.00,0.00,78.57,83.33,86.00,1,3,2024-10-19,1211.79,1325.42,0.39,0.61,1228.40,1308.81
11081,568,566,W,6.00,12667.00,13.00,32.00,11.00,14.00,5.00,3.00,3.00,12786.00,20.00,31.00,4.00,-15.00,2.00,0.00,90.32,81.25,86.00,1,4,2024-10-19,1223.39,1187.89,0.49,0.51,1201.36,1209.92
11082,332,448,W,11.00,12034.00,39.00,42.00,4.00,35.00,8.00,2.00,3.00,11913.00,13.00,16.00,7.00,-35.00,3.00,1.00,81.25,73.81,86.00,1,4,2024-10-19,1197.46,1121.78,0.55,0.45,1178.26,1140.98
11086,405,582,W,3.00,13184.00,16.00,33.00,7.00,10.00,1.00,0.00,0.00,10757.00,13.00,20.00,3.00,-10.00,0.00,0.00,100.00,90.91,86.00,1,4,2024-10-19,1250.42,1133.32,0.62,0.38,1234.04,1149.70
11089,499,130,W,2.00,13695.00,20.00,16.00,12.00,3.00,0.00,0.00,1.00,12850.00,23.00,23.00,4.00,-3.00,1.00,0.00,95.65,87.50,86.00,1,5,2024-10-19,1101.98,1176.51,0.32,0.68,1072.62,1205.88
11095,401,245,L,3.00,13383.00,29.00,33.00,3.00,-10.00,1.00,1.00,4.00,12402.00,7.00,15.00,15.00,10.00,2.00,0.00,73.33,90.91,86.00,1,6,2024-10-19,895.83,934.64,0.51,0.49,917.63,912.84
11097,501,545,L,4.00,11533.00,10.00,18.00,6.00,-5.00,2.00,0.00,5.00,12638.00,25.00,32.00,4.00,3.00,5.00,0.00,,,86.00,1,6,2024-10-19,884.50,867.01,0.60,0.40,910.21,841.30
10763,1,46,W,6.00,12757.00,26.00,43.00,6.00,6.00,6.00,6.00,2.00,12199.00,12.00,16.00,5.00,-6.00,2.00,2.00,87.50,86.05,85.00,1,0,2024-10-20,1575.22,1498.79,0.55,0.45,1556.08,1517.94
10772,56,4,W,7.00,12954.00,22.00,34.00,6.00,30.00,6.00,4.00,0.00,12959.00,18.00,26.00,11.00,-30.00,0.00,0.00,100.00,79.41,85.00,1,0,2024-10-20,1436.54,1269.47,0.69,0.31,1423.29,1282.72
10773,580,564,L,2.00,12969.00,14.00,27.00,3.00,-20.00,2.00,0.00,7.00,12596.00,15.00,24.00,13.00,20.00,7.00,5.00,70.83,92.59,85.00,1,0,2024-10-20,1542.03,1393.41,0.78,0.22,1575.37,1360.06
10774,578,447,W,5.00,12439.00,14.00,37.00,5.00,-5.00,5.00,2.00,3.00,11712.00,14.00,35.00,1.00,5.00,2.00,0.00,91.43,86.49,85.00,1,0,2024-10-20,1580.92,1359.65,0.76,0.24,1570.62,1369.95
10775,442,29,L,3.00,13765.00,25.00,32.00,14.00,-5.00,3.00,2.00,4.00,13237.00,23.00,28.00,5.00,4.00,3.00,1.00,85.71,90.62,85.00,1,0,2024-10-20,1345.06,1616.50,0.19,0.81,1353.10,1608.46
10793,452,393,L,3.00,13048.00,24.00,34.00,9.00,-20.00,3.00,1.00,6.00,13411.00,20.00,33.00,6.00,20.00,5.00,5.00,81.82,91.18,85.00,1,1,2024-10-20,1613.99,1524.58,0.70,0.30,1644.23,1494.34
10794,396,579,W,4.00,12669.00,10.00,19.00,12.00,5.00,4.00,1.00,3.00,13069.00,21.00,28.00,0.00,-5.00,3.00,1.00,89.29,78.95,85.00,1,1,2024-10-20,1394.04,1396.14,0.43,0.57,1369.38,1420.80
10795,494,35,W,5.00,12922.00,23.00,35.00,7.00,15.00,5.00,3.00,3.00,13184.00,18.00,22.00,6.00,-16.00,3.00,2.00,86.36,85.71,85.00,1,1,2024-10-20,1523.84,1530.52,0.42,0.58,1498.86,1555.49
10985,63,12,W,10.00,12554.00,28.00,52.00,9.00,28.00,6.00,3.00,7.00,13059.00,29.00,26.00,10.00,-30.00,6.00,4.00,73.08,,86.00,1,0,2024-10-20,1475.97,1300.60,0.70,0.30,1463.21,1313.36
10986,409,111,W,5.00,11511.00,17.00,16.00,6.00,13.00,4.00,0.00,1.00,12297.00,17.00,20.00,5.00,-15.00,1.00,1.00,95.00,68.75,86.00,1,0,2024-10-20,1448.10,1529.88,0.31,0.69,1418.30,1559.67
11019,48,410,W,4.00,12010.00,23.00,41.00,9.00,5.00,3.00,2.00,3.00,12603.00,19.00,15.00,10.00,-7.00,2.00,1.00,80.00,90.24,86.00,1,1,2024-10-20,1415.49,1209.05,0.74,0.26,1404.43,1220.11
11020,335,408,L,2.00,12806.00,21.00,33.00,5.00,0.00,2.00,2.00,4.00,11924.00,11.00,23.00,7.00,0.00,3.00,1.00,82.61,93.94,86.00,1,1,2024-10-20,1347.46,1565.98,0.24,0.76,1357.90,1555.54
11021,379,497,L,4.00,13668.00,25.00,30.00,7.00,-10.00,4.00,2.00,6.00,8304.00,15.00,19.00,3.00,11.00,6.00,3.00,68.42,86.67,86.00,1,1,2024-10-20,1299.36,1459.86,0.32,0.68,1312.99,1446.22
11027,498,189,W,9.00,12279.00,20.00,37.00,2.00,30.00,8.00,5.00,3.00,13154.00,10.00,33.00,9.00,-30.00,3.00,1.00,90.91,,86.00,1,2,2024-10-20,1449.86,1247.57,0.74,0.26,1438.58,1258.84
11030,402,329,W,7.00,7882.00,21.00,36.00,6.00,30.00,7.00,3.00,0.00,12221.00,11.00,26.00,7.00,-30.00,0.00,0.00,100.00,80.56,86.00,1,2,2024-10-20,1379.73,1279.26,0.59,0.41,1362.24,1296.75
11031,44,207,W,9.00,11506.00,29.00,29.00,3.00,33.00,9.00,3.00,2.00,12967.00,9.00,22.00,15.00,-30.00,2.00,1.00,90.91,68.97,86.00,1,2,2024-10-20,1372.70,1176.60,0.73,0.27,1361.10,1188.20
11080,446,205,L,4.00,13210.00,22.00,38.00,10.00,-15.00,4.00,1.00,6.00,0.00,0.00,0.00,0.00,15.00,5.00,1.00,-inf,89.47,86.00,1,3,2024-10-20,1220.14,1388.10,0.31,0.69,1233.34,1374.91
11083,570,577,L,0.00,12771.00,19.00,36.00,6.00,-10.00,0.00,0.00,2.00,12091.00,8.00,11.00,6.00,9.00,2.00,0.00,,100.00,86.00,1,4,2024-10-20,1115.41,1170.47,0.48,0.52,1136.05,1149.82
11084,502,331,L,3.00,14023.00,27.00,21.00,9.00,5.00,2.00,0.00,4.00,13868.00,30.00,37.00,12.00,-4.00,3.00,0.00,89.19,85.71,86.00,1,4,2024-10-20,1062.39,1144.33,0.44,0.56,1081.16,1125.56
11085,504,406,L,1.00,12496.00,14.00,29.00,8.00,-25.00,1.00,0.00,7.00,12588.00,29.00,38.00,6.00,25.00,5.00,3.00,81.58,96.55,86.00,1,4,2024-10-20,1066.73,1115.01,0.49,0.51,1087.86,1093.88
11087,584,65,W,4.00,12891.00,22.00,20.00,23.00,16.00,3.00,0.00,3.00,12455.00,30.00,35.00,10.00,-20.00,1.00,0.00,91.43,75.00,86.00,1,4,2024-10-20,1066.36,988.09,0.56,0.44,1047.33,1007.12
11090,400,574,W,6.00,12748.00,19.00,29.00,10.00,20.00,5.00,0.00,1.00,11463.00,19.00,31.00,8.00,-20.00,1.00,0.00,96.77,79.31,86.00,1,5,2024-10-20,1025.23,953.58,0.55,0.45,1005.75,973.06
11091,411,431,L,1.00,10958.00,17.00,15.00,8.00,-20.00,1.00,0.00,5.00,12590.00,24.00,26.00,14.00,20.00,5.00,0.00,80.77,93.33,86.00,1,5,2024-10-20,996.13,1213.27,0.24,0.76,1006.64,1202.76
11092,61,445,W,6.00,12364.00,18.00,27.00,6.00,25.00,5.00,5.00,2.00,12548.00,10.00,13.00,8.00,-25.00,1.00,0.00,84.62,77.78,86.00,1,5,2024-10-20,971.65,910.83,0.53,0.47,951.41,931.07
11094,215,176,L,2.00,12586.00,15.00,16.00,8.00,-10.00,2.00,0.00,4.00,12820.00,27.00,26.00,5.00,10.00,2.00,0.00,84.62,87.50,86.00,1,5,2024-10-20,1015.72,1111.68,0.41,0.59,1033.53,1093.88
11096,489,449,W,3.00,12868.00,14.00,27.00,8.00,10.00,2.00,1.00,2.00,13006.00,14.00,18.00,14.00,-10.00,1.00,0.00,88.89,88.89,86.00,1,6,2024-10-20,1091.37,936.61,0.67,0.33,1077.39,950.59
11098,104,451,W,4.00,13195.00,37.00,25.00,4.00,9.00,4.00,1.00,2.00,12667.00,16.00,19.00,11.00,-10.00,1.00,0.00,89.47,84.00,86.00,1,6,2024-10-20,1240.80,909.41,0.86,0.14,1234.90,915.31
10779,573,17,L,5.00,12823.00,26.00,36.00,5.00,-25.00,5.00,2.00,7.00,12370.00,19.00,21.00,12.00,25.00,7.00,5.00,66.67,86.11,85.00,1,0,2024-10-26,1567.31,1671.96,0.40,0.60,1584.53,1654.75
10780,505,4,W,7.00,12806.00,22.00,41.00,9.00,20.00,6.00,1.00,2.00,13213.00,16.00,27.00,10.00,-20.00,1.00,1.00,92.59,82.93,85.00,1,0,2024-10-26,1482.29,1259.26,0.76,0.24,1472.07,1269.47
10798,579,191,W,6.00,12351.00,17.00,32.00,17.00,0.00,4.00,1.00,4.00,13623.00,26.00,31.00,3.00,-1.00,4.00,0.00,87.10,81.25,85.00,1,1,2024-10-26,1434.29,1716.52,0.11,0.89,1396.14,1754.68
10988,443,63,W,8.00,13304.00,14.00,23.00,1.00,30.00,4.00,2.00,2.00,12497.00,9.00,28.00,4.00,-30.00,2.00,0.00,92.86,65.22,86.00,1,0,2024-10-26,1461.53,1452.11,0.45,0.55,1437.67,1475.97
10989,409,239,L,3.00,11715.00,27.00,22.00,9.00,-3.00,3.00,2.00,4.00,13503.00,21.00,24.00,4.00,4.00,3.00,3.00,83.33,86.36,86.00,1,0,2024-10-26,1431.57,1546.41,0.38,0.62,1448.10,1529.88
11023,408,48,L,2.00,12547.00,11.00,18.00,5.00,-15.00,2.00,0.00,6.00,11922.00,13.00,33.00,3.00,14.00,4.00,0.00,81.82,88.89,86.00,1,1,2024-10-26,1535.71,1445.76,0.70,0.30,1565.98,1415.49
11024,440,497,L,1.00,12148.00,23.00,45.00,10.00,-20.00,0.00,0.00,7.00,12988.00,24.00,26.00,4.00,20.00,5.00,1.00,73.08,97.78,86.00,1,1,2024-10-26,1407.94,1479.36,0.45,0.55,1427.45,1459.86
11025,410,379,L,0.00,12616.00,25.00,18.00,3.00,-9.00,0.00,0.00,2.00,11320.00,23.00,29.00,11.00,9.00,1.00,0.00,93.10,100.00,86.00,1,1,2024-10-26,1193.02,1315.39,0.37,0.63,1209.05,1299.36
11034,438,498,W,8.00,12743.00,9.00,27.00,7.00,25.00,6.00,3.00,3.00,12298.00,24.00,28.00,3.00,-25.00,3.00,2.00,89.29,70.37,86.00,1,2,2024-10-26,1532.46,1432.34,0.59,0.41,1514.94,1449.86
11035,214,22,L,3.00,13420.00,27.00,39.00,12.00,0.00,3.00,0.00,4.00,13250.00,19.00,35.00,8.00,0.00,2.00,1.00,88.57,92.31,86.00,1,2,2024-10-26,1250.11,1336.69,0.43,0.57,1268.55,1318.25
11146,26,205,L,2.00,14382.00,12.00,18.00,3.00,-5.00,1.00,1.00,4.00,12251.00,14.00,24.00,6.00,4.00,3.00,3.00,83.33,88.89,86.00,1,3,2024-10-26,1085.73,1394.73,0.15,0.85,1092.36,1388.10
11150,331,502,L,5.00,12927.00,19.00,24.00,13.00,9.00,3.00,0.00,6.00,12803.00,31.00,22.00,2.00,-10.00,6.00,4.00,72.73,79.17,86.00,1,4,2024-10-26,1117.85,1088.87,0.62,0.38,1144.33,1062.39
11151,566,405,W,5.00,12339.00,11.00,24.00,4.00,15.00,3.00,0.00,2.00,12620.00,14.00,28.00,3.00,-15.00,2.00,0.00,92.86,79.17,86.00,1,4,2024-10-26,1213.22,1225.09,0.41,0.59,1187.89,1250.42
11152,582,584,W,5.00,12452.00,45.00,44.00,1.00,0.00,2.00,0.00,4.00,14048.00,10.00,18.00,13.00,0.00,1.00,0.00,77.78,88.64,86.00,1,4,2024-10-26,1150.73,1048.95,0.60,0.40,1133.32,1066.36
11153,448,568,L,2.00,11250.00,17.00,10.00,4.00,-40.00,1.00,0.00,10.00,12468.00,19.00,34.00,5.00,39.00,9.00,5.00,70.59,80.00,86.00,1,4,2024-10-26,1106.39,1238.77,0.36,0.64,1121.78,1223.39
11155,245,501,L,0.00,13138.00,26.00,22.00,8.00,-10.00,0.00,0.00,3.00,12805.00,19.00,25.00,9.00,10.00,2.00,0.00,88.00,100.00,86.00,1,6,2024-10-26,910.06,909.08,0.57,0.43,934.64,884.50
11158,216,375,W,5.00,11777.00,14.00,43.00,8.00,9.00,2.00,1.00,3.00,12854.00,10.00,13.00,5.00,-10.00,2.00,0.00,76.92,88.37,86.00,1,5,2024-10-26,1029.13,1024.68,0.44,0.56,1004.92,1048.89
11162,411,499,L,6.00,12985.00,13.00,37.00,13.00,0.00,4.00,2.00,7.00,13564.00,26.00,36.00,5.00,1.00,3.00,0.00,80.56,83.78,86.00,1,5,2024-10-26,980.99,1117.13,0.35,0.65,996.13,1101.98
10776,29,578,W,3.00,13024.00,24.00,24.00,21.00,-5.00,2.00,1.00,2.00,13453.00,33.00,27.00,10.00,5.00,2.00,1.00,92.59,87.50,85.00,1,0,2024-10-27,1635.80,1561.61,0.55,0.45,1616.50,1580.92
10777,1,564,L,2.00,12060.00,16.00,43.00,5.00,-1.00,2.00,1.00,5.00,12669.00,18.00,27.00,8.00,1.00,4.00,2.00,81.48,95.35,85.00,1,0,2024-10-27,1543.40,1425.23,0.74,0.26,1575.22,1393.41
10778,573,56,W,7.00,12762.00,29.00,55.00,3.00,19.00,6.00,2.00,1.00,12741.00,12.00,18.00,5.00,-20.00,1.00,1.00,94.44,87.27,85.00,1,0,2024-10-27,1581.08,1422.77,0.68,0.32,1567.31,1436.54
10781,580,49,W,5.00,12890.00,13.00,22.00,6.00,0.00,2.00,1.00,4.00,13176.00,14.00,28.00,2.00,0.00,3.00,2.00,85.71,77.27,85.00,1,0,2024-10-27,1560.15,1468.86,0.58,0.42,1542.03,1486.98
10782,442,447,L,3.00,12749.00,6.00,15.00,6.00,-5.00,3.00,2.00,6.00,12378.00,18.00,34.00,4.00,5.00,5.00,2.00,82.35,80.00,85.00,1,0,2024-10-27,1324.46,1380.25,0.48,0.52,1345.06,1359.65
10797,191,452,L,3.00,13536.00,27.00,40.00,4.00,-15.00,3.00,1.00,6.00,12917.00,14.00,27.00,13.00,15.00,6.00,1.00,77.78,92.50,85.00,1,1,2024-10-27,1688.86,1641.65,0.64,0.36,1716.52,1613.99
10987,12,111,L,0.00,12970.00,24.00,22.00,13.00,-21.00,0.00,0.00,4.00,12791.00,26.00,37.00,7.00,18.00,3.00,0.00,89.19,100.00,86.00,1,0,2024-10-27,1291.53,1538.94,0.21,0.79,1300.60,1529.88
11026,335,109,L,4.00,13024.00,11.00,18.00,11.00,-5.00,4.00,4.00,5.00,12217.00,33.00,24.00,6.00,5.00,3.00,1.00,79.17,77.78,86.00,1,1,2024-10-27,1332.28,1467.90,0.35,0.65,1347.46,1452.72
11032,402,189,W,7.00,11929.00,22.00,32.00,7.00,12.00,6.00,3.00,1.00,12458.00,19.00,15.00,6.00,-15.00,1.00,0.00,93.33,78.12,86.00,1,2,2024-10-27,1393.43,1233.87,0.68,0.32,1379.73,1247.57
11033,336,329,W,3.00,13031.00,12.00,13.00,13.00,7.00,3.00,0.00,2.00,12622.00,33.00,43.00,4.00,-8.00,2.00,1.00,95.35,76.92,86.00,1,2,2024-10-27,1367.97,1262.13,0.60,0.40,1350.83,1279.26
11037,23,207,W,9.00,13026.00,27.00,29.00,8.00,22.00,5.00,0.00,2.00,11848.00,17.00,23.00,8.00,-25.00,2.00,0.00,91.30,68.97,86.00,1,2,2024-10-27,1403.14,1167.01,0.78,0.22,1393.56,1176.60
11139,92,35,W,3.00,12503.00,8.00,32.00,10.00,4.00,3.00,2.00,2.00,12691.00,32.00,29.00,1.00,-5.00,2.00,1.00,93.10,90.62,85.00,1,1,2024-10-27,1477.71,1504.21,0.39,0.61,1451.40,1530.52
11147,269,8,W,5.00,12290.00,23.00,41.00,1.00,5.00,4.00,2.00,1.00,11554.00,11.00,22.00,3.00,-5.00,1.00,0.00,95.45,87.80,86.00,1,3,2024-10-27,1340.60,1204.92,0.65,0.35,1325.42,1220.09
11148,491,446,L,4.00,12327.00,26.00,33.00,10.00,-16.00,3.00,1.00,8.00,10995.00,17.00,29.00,5.00,-1.00,6.00,3.00,,87.88,86.00,1,3,2024-10-27,1190.80,1241.12,0.49,0.51,1211.79,1220.14
11149,569,129,W,5.00,13358.00,20.00,20.00,11.00,-5.00,5.00,1.00,4.00,12731.00,18.00,22.00,5.00,5.00,3.00,0.00,81.82,75.00,86.00,1,3,2024-10-27,1261.22,1109.54,0.67,0.33,1247.05,1123.71
11156,577,570,L,0.00,12240.00,21.00,21.00,8.00,-5.00,0.00,0.00,2.00,11905.00,26.00,21.00,9.00,5.00,2.00,0.00,90.48,100.00,86.00,1,4,2024-10-27,1145.59,1140.28,0.58,0.42,1170.47,1115.41
11157,431,574,W,4.00,12928.00,20.00,25.00,3.00,0.00,4.00,1.00,3.00,12293.00,10.00,18.00,3.00,0.00,3.00,2.00,83.33,84.00,86.00,1,5,2024-10-27,1221.14,945.70,0.82,0.18,1213.27,953.58
11159,130,61,L,3.00,13164.00,23.00,26.00,9.00,-5.00,2.00,0.00,5.00,11739.00,20.00,19.00,10.00,5.00,5.00,1.00,73.68,88.46,86.00,1,5,2024-10-27,1143.63,1004.54,0.76,0.24,1176.51,971.65
11160,445,398,L,2.00,12955.00,8.00,12.00,2.00,-25.00,1.00,0.00,6.00,12397.00,24.00,32.00,3.00,24.00,6.00,0.00,81.25,,86.00,1,5,2024-10-27,904.75,1230.39,0.14,0.86,910.83,1224.31
11161,176,400,L,0.00,10802.00,21.00,27.00,0.00,-5.00,0.00,0.00,1.00,11973.00,15.00,19.00,10.00,5.00,1.00,1.00,94.74,100.00,86.00,1,5,2024-10-27,1084.94,1051.98,0.62,0.38,1111.68,1025.23
11163,104,453,W,11.00,12698.00,16.00,28.00,1.00,50.00,10.00,3.00,0.00,12694.00,9.00,11.00,9.00,-50.00,0.00,0.00,100.00,60.71,86.00,1,6,2024-10-27,1243.86,791.83,0.93,0.07,1240.80,794.89
11183,393,494,L,2.00,11957.00,8.00,19.00,6.00,-10.00,2.00,1.00,4.00,12424.00,15.00,38.00,3.00,10.00,4.00,1.00,89.47,89.47,85.00,1,1,2024-10-27,1503.03,1545.38,0.50,0.50,1524.58,1523.84
9074,49,442,W,1.00,4870.00,7.00,11.00,5.00,5.00,1.00,0.00,0.00,4369.00,6.00,11.00,3.00,-5.00,0.00,0.00,100.00,90.91,74.00,1,0,2024-11-02,1481.91,1311.42,0.70,0.30,1468.86,1324.46
9075,17,505,W,5.00,13308.00,28.00,34.00,4.00,5.00,5.00,2.00,4.00,12901.00,14.00,27.00,6.00,-5.00,4.00,1.00,85.19,85.29,74.00,1,0,2024-11-02,1682.76,1471.48,0.75,0.25,1671.96,1482.29
9076,56,1,W,4.00,12437.00,19.00,40.00,9.00,4.00,4.00,1.00,2.00,13207.00,22.00,34.00,3.00,-4.00,2.00,1.00,94.12,90.00,74.00,1,0,2024-11-02,1451.45,1514.72,0.33,0.67,1422.77,1543.40
9607,29,555,W,4.00,13606.00,22.00,28.00,5.00,15.00,3.00,1.00,2.00,13182.00,22.00,27.00,1.00,-11.00,1.00,0.00,92.59,85.71,74.00,1,0,2024-11-02,1652.59,1541.63,0.61,0.39,1635.80,1558.42
9632,15,35,L,1.00,0.00,0.00,0.00,0.00,-15.00,0.00,0.00,4.00,11521.00,26.00,30.00,2.00,15.00,4.00,2.00,86.67,-inf,74.00,1,1,2024-11-02,1379.22,1519.11,0.35,0.65,1394.13,1504.21
9795,396,92,L,1.00,11812.00,11.00,27.00,4.00,0.00,1.00,0.00,2.00,12463.00,15.00,31.00,4.00,0.00,0.00,0.00,93.55,96.30,74.00,1,1,2024-11-02,1377.62,1494.13,0.38,0.62,1394.04,1477.71
9819,335,191,L,4.00,13152.00,13.00,20.00,9.00,-25.00,4.00,2.00,10.00,12954.00,31.00,41.00,4.00,22.00,7.00,1.00,75.61,80.00,82.00,1,0,2024-11-02,1327.39,1693.75,0.11,0.89,1332.28,1688.86
9820,409,12,W,8.00,9297.00,10.00,18.00,6.00,20.00,7.00,3.00,5.00,13120.00,22.00,35.00,8.00,-20.00,4.00,2.00,,55.56,82.00,1,0,2024-11-02,1444.84,1278.26,0.69,0.31,1431.57,1291.53
9821,556,440,L,1.00,12380.00,23.00,32.00,3.00,-4.00,1.00,1.00,2.00,12481.00,20.00,21.00,10.00,4.00,1.00,0.00,90.48,96.88,82.00,1,0,2024-11-02,1501.66,1436.73,0.67,0.33,1530.44,1407.94
9822,111,63,W,6.00,12394.00,15.00,22.00,3.00,5.00,6.00,2.00,4.00,12997.00,18.00,47.00,4.00,-5.00,4.00,0.00,91.49,72.73,82.00,1,0,2024-11-02,1555.18,1435.87,0.62,0.38,1538.94,1452.11
9859,443,379,W,8.00,13011.00,23.00,42.00,8.00,30.00,7.00,1.00,1.00,12043.00,22.00,13.00,4.00,-30.00,1.00,0.00,92.31,80.95,82.00,1,1,2024-11-02,1474.48,1302.44,0.70,0.30,1461.53,1315.39
9860,208,109,W,6.00,10885.00,9.00,13.00,5.00,27.00,5.00,2.00,0.00,12570.00,18.00,37.00,2.00,-29.00,0.00,0.00,100.00,53.85,82.00,1,1,2024-11-02,1308.86,1435.63,0.25,0.75,1276.59,1467.90
9874,22,48,L,1.00,12787.00,17.00,20.00,2.00,-15.00,1.00,0.00,5.00,12578.00,14.00,37.00,10.00,15.00,4.00,1.00,86.49,95.00,75.00,1,1,2024-11-02,1321.73,1460.72,0.35,0.65,1336.69,1445.76
9875,329,189,L,4.00,0.00,0.00,0.00,0.00,0.00,2.00,0.00,5.00,13024.00,20.00,32.00,3.00,0.00,3.00,0.00,84.38,-inf,75.00,1,1,2024-11-02,1238.88,1257.12,0.54,0.46,1262.13,1233.87
9878,497,498,L,4.00,11022.00,9.00,23.00,4.00,-6.00,2.00,0.00,6.00,12582.00,18.00,33.00,2.00,4.00,4.00,1.00,,82.61,75.00,1,1,2024-11-02,1454.97,1456.73,0.57,0.43,1479.36,1432.34
9880,44,336,W,5.00,13015.00,12.00,26.00,2.00,14.00,2.00,1.00,3.00,13310.00,21.00,36.00,4.00,-16.00,2.00,0.00,91.67,80.77,75.00,1,1,2024-11-02,1393.91,1346.76,0.51,0.49,1372.70,1367.97
9883,176,544,W,8.00,12728.00,30.00,37.00,2.00,29.00,5.00,1.00,1.00,13324.00,0.00,9.00,8.00,-27.00,1.00,0.00,88.89,78.38,75.00,1,4,2024-11-02,1098.26,932.45,0.69,0.31,1084.94,945.77
9884,375,130,L,3.00,10399.00,18.00,19.00,4.00,-5.00,1.00,1.00,4.00,12658.00,8.00,19.00,6.00,5.00,2.00,3.00,78.95,84.21,75.00,1,4,2024-11-02,1010.27,1158.04,0.34,0.66,1024.68,1143.63
9895,448,398,L,2.00,12109.00,20.00,16.00,4.00,-5.00,1.00,0.00,4.00,11769.00,18.00,23.00,4.00,5.00,3.00,2.00,82.61,87.50,75.00,1,3,2024-11-02,1092.25,1244.52,0.33,0.67,1106.39,1230.39
11429,473,511,L,6.00,11619.00,8.00,17.00,5.00,-15.00,4.00,0.00,7.00,7535.00,13.00,39.00,7.00,18.00,6.00,3.00,,64.71,93.00,1,0,2024-11-15,1478.50,1521.50,0.50,0.50,1500.00,1500.00
11430,613,470,W,7.00,12740.00,15.00,30.00,3.00,30.00,3.00,0.00,1.00,11766.00,13.00,10.00,10.00,-27.00,1.00,1.00,90.00,,93.00,1,0,2024-11-15,1521.50,1478.50,0.50,0.50,1500.00,1500.00
11431,473,614,W,5.00,11970.00,8.00,23.00,5.00,-5.00,2.00,1.00,4.00,12208.00,18.00,23.00,3.00,3.00,2.00,1.00,82.61,78.26,93.00,1,0,2024-11-15,1501.33,1477.17,0.47,0.53,1478.50,1500.00
11432,511,470,L,2.00,7814.00,12.00,12.00,6.00,-19.00,1.00,1.00,5.00,12212.00,12.00,29.00,1.00,25.00,4.00,0.00,82.76,,93.00,1,0,2024-11-15,1497.35,1502.65,0.56,0.44,1521.50,1478.50
11433,613,614,W,5.00,12133.00,12.00,25.00,1.00,15.00,2.00,0.00,3.00,11202.00,6.00,17.00,2.00,-15.00,3.00,2.00,,,93.00,1,0,2024-11-15,1540.27,1458.40,0.56,0.44,1521.50,1477.17
11114,442,17,L,6.00,12090.00,8.00,38.00,3.00,-10.00,5.00,2.00,9.00,12888.00,21.00,24.00,2.00,10.00,6.00,2.00,62.50,84.21,85.00,1,0,2024-11-16,1306.88,1687.30,0.11,0.89,1311.42,1682.76
11116,564,56,L,0.00,12267.00,19.00,16.00,3.00,-50.00,0.00,0.00,10.00,12834.00,11.00,34.00,4.00,50.00,10.00,7.00,70.59,100.00,85.00,1,0,2024-11-16,1405.35,1471.33,0.46,0.54,1425.23,1451.45
11122,49,505,W,6.00,12668.00,7.00,23.00,5.00,16.00,5.00,4.00,3.00,12934.00,24.00,26.00,3.00,-15.00,3.00,1.00,88.46,,85.00,1,0,2024-11-16,1502.76,1450.63,0.51,0.49,1481.91,1471.48
11258,379,48,L,2.00,12900.00,14.00,22.00,5.00,-20.00,1.00,0.00,6.00,11884.00,24.00,35.00,4.00,20.00,3.00,1.00,82.86,90.91,86.00,1,1,2024-11-16,1290.10,1473.05,0.29,0.71,1302.44,1460.72
11259,408,109,L,3.00,13844.00,23.00,33.00,13.00,0.00,3.00,1.00,4.00,13987.00,25.00,30.00,10.00,0.00,1.00,1.00,86.67,90.91,86.00,1,1,2024-11-16,1508.18,1463.15,0.64,0.36,1535.71,1435.63
11274,92,610,W,5.00,12718.00,26.00,34.00,6.00,10.00,4.00,1.00,2.00,13217.00,10.00,30.00,9.00,-10.00,1.00,1.00,93.33,85.29,85.00,1,1,2024-11-16,1509.30,1373.52,0.65,0.35,1494.13,1388.68
11364,23,336,W,5.00,12283.00,27.00,33.00,3.00,13.00,4.00,3.00,1.00,12374.00,9.00,25.00,13.00,-15.00,1.00,1.00,96.00,84.85,86.00,1,2,2024-11-16,1421.18,1328.72,0.58,0.42,1403.14,1346.76
11372,26,269,L,2.00,12026.00,20.00,28.00,6.00,-25.00,2.00,2.00,6.00,13676.00,26.00,34.00,11.00,24.00,6.00,0.00,82.35,92.86,86.00,1,3,2024-11-16,1077.67,1348.65,0.19,0.81,1085.73,1340.60
11375,205,397,W,4.00,12083.00,18.00,25.00,5.00,-2.00,3.00,1.00,3.00,13113.00,26.00,23.00,7.00,2.00,2.00,3.00,86.96,84.00,86.00,1,3,2024-11-16,1409.56,1268.44,0.66,0.34,1394.73,1283.27
11377,8,38,W,5.00,12515.00,23.00,27.00,4.00,14.00,4.00,2.00,2.00,12804.00,26.00,26.00,6.00,-14.00,1.00,0.00,92.31,81.48,86.00,1,3,2024-11-16,1217.03,1030.16,0.72,0.28,1204.92,1042.27
11378,446,491,W,4.00,11800.00,17.00,25.00,2.00,9.00,4.00,3.00,3.00,12068.00,14.00,19.00,1.00,-9.00,1.00,0.00,84.21,84.00,86.00,1,3,2024-11-16,1259.53,1172.40,0.57,0.43,1241.12,1190.80
11380,568,584,W,5.00,13395.00,24.00,30.00,1.00,-5.00,5.00,2.00,3.00,11504.00,11.00,16.00,4.00,3.00,1.00,0.00,75.00,83.33,86.00,1,4,2024-11-16,1249.57,1038.15,0.75,0.25,1238.77,1048.95
11385,406,570,L,2.00,13096.00,14.00,21.00,11.00,-15.00,1.00,1.00,4.00,13171.00,27.00,29.00,3.00,16.00,2.00,0.00,,90.48,86.00,1,4,2024-11-16,1095.07,1160.22,0.46,0.54,1115.01,1140.28
11386,405,331,W,8.00,13004.00,31.00,25.00,6.00,35.00,7.00,2.00,1.00,12866.00,19.00,16.00,8.00,-35.00,0.00,0.00,93.75,68.00,86.00,1,4,2024-11-16,1240.16,1102.78,0.65,0.35,1225.09,1117.85
11388,176,398,L,1.00,11945.00,15.00,12.00,2.00,0.00,1.00,0.00,2.00,12184.00,19.00,19.00,2.00,0.00,2.00,1.00,89.47,91.67,86.00,1,5,2024-11-16,1085.31,1257.47,0.30,0.70,1098.26,1244.52
11389,400,215,W,4.00,12384.00,16.00,14.00,6.00,10.00,3.00,0.00,2.00,13278.00,25.00,28.00,3.00,-10.00,2.00,0.00,92.86,71.43,86.00,1,5,2024-11-16,1071.24,996.46,0.55,0.45,1051.98,1015.72
11390,216,130,W,2.00,12502.00,20.00,35.00,7.00,-1.00,1.00,0.00,1.00,13390.00,16.00,18.00,7.00,0.00,1.00,0.00,94.44,94.29,86.00,1,5,2024-11-16,1058.26,1128.91,0.32,0.68,1029.13,1158.04
11394,545,104,L,3.00,12741.00,10.00,17.00,4.00,-10.00,2.00,1.00,5.00,11847.00,8.00,24.00,2.00,10.00,3.00,2.00,,82.35,86.00,1,6,2024-11-16,862.60,1248.27,0.10,0.90,867.01,1243.86
11434,614,470,L,4.00,12389.00,14.00,19.00,10.00,-6.00,3.00,0.00,5.00,10232.00,8.00,19.00,2.00,6.00,2.00,0.00,,,93.00,1,0,2024-11-16,1439.62,1521.42,0.44,0.56,1458.40,1502.65
11435,613,511,W,11.00,11679.00,20.00,29.00,3.00,20.00,6.00,0.00,1.00,12053.00,13.00,11.00,11.00,-20.00,1.00,0.00,90.91,,93.00,1,0,2024-11-16,1559.13,1478.50,0.56,0.44,1540.27,1497.35
11436,470,473,W,6.00,12400.00,26.00,27.00,10.00,22.00,3.00,0.00,3.00,11508.00,13.00,24.00,2.00,-20.00,3.00,1.00,,,93.00,1,0,2024-11-16,1541.68,1481.07,0.53,0.47,1521.42,1501.33
11437,614,511,W,8.00,12041.00,14.00,23.00,10.00,23.00,7.00,2.00,5.00,9991.00,7.00,27.00,0.00,-25.00,3.00,2.00,,,93.00,1,0,2024-11-16,1463.52,1454.60,0.44,0.56,1439.62,1478.50
11438,613,473,W,7.00,12685.00,20.00,29.00,8.00,15.00,5.00,0.00,4.00,11557.00,4.00,10.00,1.00,-15.00,0.00,0.00,,75.86,93.00,1,0,2024-11-16,1575.88,1464.32,0.61,0.39,1559.13,1481.07
11112,29,580,W,3.00,12911.00,10.00,23.00,3.00,4.00,3.00,3.00,2.00,13062.00,13.00,41.00,3.00,-4.00,2.00,0.00,95.12,86.96,85.00,1,0,2024-11-17,1668.50,1544.24,0.63,0.37,1652.59,1560.15
11117,46,578,L,9.00,13297.00,14.00,42.00,4.00,-15.00,9.00,2.00,13.00,13424.00,17.00,32.00,1.00,15.00,13.00,8.00,59.38,78.57,85.00,1,0,2024-11-17,1481.13,1579.27,0.41,0.59,1498.79,1561.61
11245,239,111,L,2.00,13606.00,28.00,40.00,12.00,-9.00,1.00,0.00,3.00,13402.00,28.00,38.00,11.00,9.00,2.00,0.00,92.11,95.00,86.00,1,0,2024-11-17,1525.45,1576.14,0.49,0.51,1546.41,1555.18
11246,63,12,W,7.00,12497.00,24.00,36.00,19.00,19.00,5.00,1.00,4.00,13302.00,33.00,40.00,9.00,-21.00,2.00,1.00,90.00,80.56,86.00,1,0,2024-11-17,1448.24,1265.89,0.71,0.29,1435.87,1278.26
11247,443,409,W,3.00,11868.00,21.00,21.00,4.00,10.00,3.00,0.00,1.00,11787.00,19.00,29.00,6.00,-10.00,1.00,1.00,96.55,85.71,86.00,1,0,2024-11-17,1494.15,1425.17,0.54,0.46,1474.48,1444.84
11260,440,335,L,1.00,12535.00,16.00,20.00,9.00,0.00,1.00,1.00,3.00,12455.00,28.00,47.00,3.00,0.00,3.00,2.00,93.62,95.00,86.00,1,1,2024-11-17,1408.67,1355.44,0.65,0.35,1436.73,1327.39
11261,410,497,L,2.00,13260.00,18.00,26.00,9.00,-10.00,2.00,0.00,4.00,12361.00,19.00,38.00,11.00,10.00,4.00,3.00,89.47,92.31,86.00,1,1,2024-11-17,1185.22,1462.76,0.18,0.82,1193.02,1454.97
11272,494,92,W,4.00,12589.00,36.00,28.00,3.00,5.00,4.00,3.00,2.00,12676.00,19.00,22.00,8.00,-5.00,2.00,2.00,90.91,85.71,85.00,1,1,2024-11-17,1564.66,1490.03,0.55,0.45,1545.38,1509.30
11273,452,35,L,3.00,11226.00,8.00,22.00,1.00,-5.00,3.00,1.00,7.00,10677.00,4.00,24.00,1.00,5.00,6.00,6.00,70.83,86.36,85.00,1,1,2024-11-17,1612.87,1547.90,0.67,0.33,1641.65,1519.11
11275,393,333,W,6.00,12512.00,19.00,40.00,4.00,25.00,6.00,4.00,1.00,12403.00,16.00,30.00,3.00,-25.00,1.00,1.00,96.67,85.00,85.00,1,1,2024-11-17,1523.82,1470.74,0.52,0.48,1503.03,1491.53
11362,329,189,W,4.00,12075.00,23.00,28.00,6.00,4.00,2.00,1.00,3.00,12573.00,13.00,18.00,6.00,-4.00,2.00,1.00,83.33,85.71,86.00,1,2,2024-11-17,1261.51,1234.49,0.47,0.53,1238.88,1257.12
11363,498,214,W,6.00,12022.00,28.00,33.00,4.00,15.00,5.00,3.00,3.00,13024.00,11.00,34.00,6.00,-15.00,3.00,1.00,91.18,81.82,86.00,1,2,2024-11-17,1466.76,1240.07,0.77,0.23,1456.73,1250.11
11367,402,438,W,4.00,12109.00,29.00,24.00,5.00,9.00,3.00,1.00,3.00,11725.00,21.00,32.00,8.00,-9.00,3.00,1.00,90.62,83.33,86.00,1,2,2024-11-17,1423.10,1502.79,0.31,0.69,1393.43,1532.46
11381,504,502,L,2.00,11408.00,10.00,22.00,2.00,-40.00,2.00,1.00,11.00,11847.00,18.00,34.00,2.00,40.00,10.00,4.00,67.65,90.91,86.00,1,4,2024-11-17,1046.60,1109.00,0.47,0.53,1066.73,1088.87
11382,582,332,L,2.00,12304.00,15.00,16.00,9.00,-39.00,2.00,0.00,9.00,12836.00,30.00,30.00,5.00,40.00,9.00,2.00,,,86.00,1,4,2024-11-17,1132.10,1216.08,0.43,0.57,1150.73,1197.46
11383,577,448,L,3.00,12583.00,14.00,22.00,6.00,-10.00,2.00,0.00,9.00,4878.00,13.00,13.00,1.00,9.00,7.00,1.00,30.77,86.36,86.00,1,4,2024-11-17,1120.81,1117.03,0.58,0.42,1145.59,1092.25
11384,65,566,L,1.00,13448.00,10.00,15.00,5.00,-30.00,0.00,0.00,8.00,12101.00,19.00,35.00,1.00,30.00,6.00,0.00,77.14,93.33,86.00,1,4,2024-11-17,978.85,1222.45,0.21,0.79,988.09,1213.22
11387,445,411,W,6.00,12789.00,11.00,24.00,9.00,10.00,4.00,0.00,5.00,12547.00,29.00,29.00,3.00,-9.00,2.00,1.00,82.76,75.00,86.00,1,5,2024-11-17,930.90,954.85,0.39,0.61,904.75,980.99
11392,431,375,L,3.00,10903.00,14.00,17.00,9.00,-15.00,2.00,0.00,6.00,11557.00,9.00,22.00,7.00,15.00,5.00,2.00,72.73,82.35,86.00,1,5,2024-11-17,1187.99,1043.42,0.77,0.23,1221.14,1010.27
11395,489,501,W,7.00,12841.00,30.00,31.00,6.00,19.00,7.00,2.00,1.00,12441.00,10.00,18.00,6.00,-20.00,1.00,0.00,,77.42,86.00,1,6,2024-11-17,1102.52,897.93,0.74,0.26,1091.37,909.08
11418,1,564,W,5.00,12204.00,22.00,48.00,5.00,15.00,5.00,2.00,1.00,11571.00,18.00,20.00,4.00,-15.00,1.00,0.00,95.00,89.58,85.00,1,0,2024-11-17,1529.67,1390.41,0.65,0.35,1514.72,1405.35
11489,511,614,L,0.00,12702.00,20.00,21.00,3.00,-5.00,0.00,0.00,3.00,12760.00,16.00,23.00,3.00,5.00,2.00,0.00,86.96,,93.00,4,0,2024-11-17,1433.65,1484.47,0.49,0.51,1454.60,1463.52
11490,613,470,W,4.00,13388.00,24.00,37.00,8.00,10.00,4.00,0.00,3.00,13252.00,13.00,25.00,7.00,-10.00,3.00,2.00,88.00,,93.00,5,0,2024-11-17,1595.27,1522.29,0.55,0.45,1575.88,1541.68
11453,569,8,L,1.00,12414.00,23.00,26.00,9.00,-10.00,1.00,0.00,3.00,11509.00,18.00,28.00,10.00,9.00,3.00,1.00,89.29,96.15,86.00,1,3,2024-11-22,1237.00,1241.25,0.56,0.44,1261.22,1217.03
11113,46,49,L,2.00,13126.00,18.00,18.00,14.00,0.00,2.00,2.00,3.00,12540.00,31.00,36.00,6.00,0.00,3.00,0.00,91.67,88.89,85.00,1,0,2024-11-23,1460.97,1522.93,0.47,0.53,1481.13,1502.76
11118,573,564,W,13.00,12064.00,29.00,63.00,3.00,56.00,13.00,7.00,2.00,12845.00,6.00,15.00,10.00,-55.00,1.00,1.00,86.67,79.37,85.00,1,0,2024-11-23,1591.84,1379.65,0.75,0.25,1581.08,1390.41
11123,442,4,W,7.00,13245.00,38.00,34.00,5.00,25.00,6.00,3.00,3.00,13047.00,16.00,27.00,16.00,-25.00,2.00,0.00,88.89,79.41,85.00,1,0,2024-11-23,1325.45,1240.69,0.57,0.43,1306.88,1259.26
11249,239,63,W,5.00,13198.00,15.00,34.00,3.00,25.00,2.00,2.00,0.00,12935.00,25.00,26.00,8.00,-25.00,0.00,0.00,100.00,85.29,86.00,1,0,2024-11-23,1542.25,1431.44,0.61,0.39,1525.45,1448.24
11262,109,48,W,3.00,13199.00,27.00,23.00,4.00,10.00,3.00,0.00,1.00,10807.00,12.00,20.00,6.00,-10.00,0.00,0.00,95.00,86.96,86.00,1,1,2024-11-23,1485.27,1450.94,0.49,0.51,1463.15,1473.05
11264,335,497,W,4.00,12460.00,21.00,26.00,5.00,10.00,4.00,3.00,2.00,11479.00,20.00,27.00,2.00,-10.00,2.00,1.00,92.59,84.62,86.00,1,1,2024-11-23,1383.38,1434.82,0.35,0.65,1355.44,1462.76
11278,191,333,L,6.00,12739.00,28.00,26.00,6.00,2.00,6.00,2.00,7.00,13077.00,16.00,26.00,5.00,0.00,5.00,2.00,73.08,76.92,85.00,1,1,2024-11-23,1660.08,1504.41,0.78,0.22,1693.75,1470.74
11279,35,579,W,8.00,12107.00,24.00,31.00,5.00,28.00,8.00,5.00,1.00,11758.00,10.00,23.00,9.00,-30.00,0.00,0.00,95.65,,85.00,1,1,2024-11-23,1562.61,1419.58,0.66,0.34,1547.90,1434.29
11444,22,402,L,0.00,12745.00,18.00,24.00,4.00,-25.00,0.00,0.00,5.00,12288.00,16.00,30.00,4.00,25.00,5.00,2.00,83.33,100.00,86.00,1,2,2024-11-23,1306.33,1438.50,0.36,0.64,1321.73,1423.10
11449,23,438,L,3.00,13796.00,29.00,21.00,7.00,-5.00,3.00,1.00,5.00,13036.00,16.00,29.00,7.00,4.00,2.00,2.00,82.76,80.95,86.00,1,2,2024-11-23,1404.64,1519.33,0.38,0.62,1421.18,1502.79
11450,205,26,W,8.00,11965.00,20.00,29.00,3.00,32.00,4.00,0.00,2.00,12659.00,20.00,14.00,10.00,-33.00,1.00,0.00,85.71,72.41,86.00,1,3,2024-11-23,1415.10,1072.13,0.87,0.13,1409.56,1077.67
11451,446,397,L,1.00,12011.00,16.00,19.00,16.00,-25.00,0.00,0.00,8.00,12452.00,22.00,38.00,3.00,25.00,8.00,1.00,78.95,94.74,86.00,1,3,2024-11-23,1238.58,1289.39,0.49,0.51,1259.53,1268.44
11454,491,38,L,2.00,12713.00,18.00,20.00,16.00,-35.00,1.00,0.00,9.00,12940.00,30.00,36.00,10.00,35.00,6.00,0.00,75.00,90.00,86.00,1,3,2024-11-23,1142.55,1060.00,0.69,0.31,1172.40,1030.16
11455,566,582,L,2.00,12202.00,30.00,30.00,5.00,0.00,2.00,2.00,3.00,10843.00,13.00,15.00,6.00,0.00,3.00,3.00,80.00,93.33,86.00,1,4,2024-11-23,1195.49,1159.07,0.63,0.37,1222.45,1132.10
11457,584,570,L,0.00,12619.00,15.00,8.00,22.00,-38.00,0.00,0.00,8.00,13247.00,27.00,38.00,7.00,40.00,7.00,3.00,78.95,100.00,86.00,1,4,2024-11-23,1023.91,1174.47,0.33,0.67,1038.15,1160.22
11459,405,448,W,7.00,12942.00,28.00,38.00,11.00,28.00,5.00,3.00,1.00,13036.00,16.00,10.00,8.00,-31.00,1.00,1.00,90.00,81.58,86.00,1,4,2024-11-23,1254.34,1102.85,0.67,0.33,1240.16,1117.03
11465,499,400,W,3.00,12741.00,9.00,18.00,3.00,-2.00,2.00,1.00,2.00,12406.00,9.00,24.00,1.00,2.00,2.00,0.00,91.67,83.33,86.00,1,5,2024-11-23,1135.81,1052.56,0.57,0.43,1117.13,1071.24
11468,574,445,L,4.00,13301.00,18.00,28.00,4.00,2.00,4.00,3.00,5.00,12532.00,22.00,30.00,6.00,-2.00,2.00,1.00,83.33,85.71,86.00,1,5,2024-11-23,923.29,953.31,0.52,0.48,945.70,930.90
11470,401,489,L,2.00,13056.00,11.00,12.00,5.00,-20.00,2.00,1.00,6.00,12240.00,33.00,30.00,6.00,20.00,4.00,2.00,80.00,,86.00,1,6,2024-11-23,885.80,1112.56,0.23,0.77,895.83,1102.52
11119,573,564,W,15.00,11441.00,30.00,52.00,0.00,65.00,12.00,6.00,1.00,11590.00,4.00,14.00,9.00,-65.00,0.00,0.00,92.86,71.15,85.00,1,0,2024-11-24,1601.63,1369.86,0.77,0.23,1591.84,1379.65
11121,46,17,L,1.00,12999.00,12.00,16.00,6.00,-39.00,1.00,1.00,8.00,12403.00,15.00,23.00,2.00,38.00,7.00,2.00,65.22,93.75,85.00,1,0,2024-11-24,1451.78,1696.49,0.21,0.79,1460.97,1687.30
11124,1,578,L,4.00,14148.00,24.00,34.00,5.00,0.00,4.00,2.00,6.00,13369.00,16.00,30.00,4.00,-6.00,3.00,1.00,80.00,88.24,85.00,1,0,2024-11-24,1511.22,1597.72,0.43,0.57,1529.67,1579.27
11248,12,111,W,3.00,12189.00,21.00,24.00,5.00,-5.00,3.00,0.00,2.00,12799.00,16.00,27.00,10.00,5.00,2.00,0.00,92.59,87.50,86.00,1,0,2024-11-24,1302.72,1539.31,0.14,0.86,1265.89,1576.14
11250,443,409,W,8.00,12244.00,33.00,32.00,7.00,20.00,6.00,1.00,2.00,12044.00,22.00,34.00,21.00,-21.00,2.00,0.00,94.12,75.00,86.00,1,0,2024-11-24,1511.44,1407.89,0.60,0.40,1494.15,1425.17
11263,408,440,W,8.00,11053.00,19.00,36.00,5.00,29.00,7.00,4.00,1.00,11872.00,11.00,28.00,6.00,-30.00,1.00,0.00,96.43,77.78,86.00,1,1,2024-11-24,1523.69,1393.17,0.64,0.36,1508.18,1408.67
11276,610,191,W,6.00,12670.00,20.00,27.00,10.00,3.00,5.00,1.00,5.00,13131.00,27.00,45.00,2.00,-3.00,5.00,2.00,88.89,77.78,85.00,1,1,2024-11-24,1409.59,1624.01,0.16,0.84,1373.52,1660.08
11277,92,31,L,2.00,12675.00,18.00,21.00,14.00,-5.00,2.00,1.00,3.00,12895.00,27.00,22.00,7.00,5.00,2.00,0.00,86.36,90.48,85.00,1,1,2024-11-24,1468.09,1504.87,0.51,0.49,1490.03,1482.93
11445,22,498,W,6.00,12814.00,15.00,23.00,12.00,14.00,6.00,3.00,2.00,12815.00,34.00,27.00,4.00,-15.00,1.00,1.00,92.59,73.91,86.00,1,2,2024-11-24,1337.11,1435.99,0.28,0.72,1306.33,1466.76
11446,214,44,W,6.00,13412.00,28.00,26.00,11.00,4.00,5.00,2.00,5.00,12775.00,20.00,34.00,5.00,-5.00,4.00,1.00,85.29,76.92,86.00,1,2,2024-11-24,1270.51,1363.47,0.29,0.71,1240.07,1393.91
11447,207,189,W,6.00,11963.00,16.00,28.00,7.00,20.00,4.00,2.00,4.00,13103.00,21.00,19.00,5.00,-20.00,2.00,0.00,78.95,,86.00,1,2,2024-11-24,1192.64,1208.87,0.40,0.60,1167.01,1234.49
11448,336,329,L,3.00,12946.00,27.00,35.00,6.00,-25.00,3.00,0.00,8.00,11705.00,26.00,32.00,8.00,25.00,5.00,2.00,75.00,91.43,86.00,1,2,2024-11-24,1303.11,1287.12,0.60,0.40,1328.72,1261.51
11452,581,129,L,4.00,11300.00,26.00,36.00,8.00,-20.00,1.00,0.00,7.00,12314.00,27.00,37.00,3.00,19.00,3.00,0.00,81.08,88.89,86.00,1,3,2024-11-24,1150.02,1135.08,0.59,0.41,1175.56,1109.54
11456,582,331,L,3.00,12185.00,17.00,16.00,10.00,0.00,3.00,0.00,5.00,12952.00,25.00,29.00,16.00,0.00,4.00,1.00,82.76,81.25,86.00,1,4,2024-11-24,1134.12,1127.73,0.58,0.42,1159.07,1102.78
11458,406,584,W,10.00,13390.00,27.00,35.00,4.00,35.00,6.00,3.00,2.00,11487.00,11.00,21.00,10.00,-33.00,1.00,0.00,80.95,71.43,86.00,1,4,2024-11-24,1112.23,1006.75,0.60,0.40,1095.07,1023.91
11460,577,502,L,3.00,10806.00,16.00,25.00,8.00,-14.00,3.00,3.00,7.00,12425.00,33.00,44.00,5.00,14.00,6.00,3.00,84.09,88.00,86.00,1,4,2024-11-24,1098.58,1131.23,0.52,0.48,1120.81,1109.00
11461,504,332,L,4.00,11452.00,9.00,17.00,5.00,-21.00,3.00,1.00,10.00,13038.00,22.00,42.00,2.00,20.00,10.00,4.00,76.19,76.47,86.00,1,4,2024-11-24,1034.83,1227.86,0.27,0.73,1046.60,1216.08
11462,439,411,W,4.00,10964.00,24.00,30.00,10.00,5.00,3.00,1.00,3.00,12811.00,25.00,37.00,9.00,-5.00,2.00,0.00,91.89,86.67,86.00,1,5,2024-11-24,1134.87,943.01,0.72,0.28,1123.03,954.85
11463,130,431,W,3.00,1046.00,24.00,27.00,6.00,9.00,1.00,0.00,2.00,11267.00,13.00,24.00,3.00,-10.00,2.00,0.00,91.67,88.89,86.00,1,5,2024-11-24,1154.03,1162.87,0.42,0.58,1128.91,1187.99
11464,215,61,W,5.00,10460.00,16.00,24.00,7.00,15.00,4.00,3.00,1.00,12584.00,15.00,23.00,6.00,-15.00,1.00,1.00,95.65,79.17,86.00,1,5,2024-11-24,1018.46,982.54,0.49,0.51,996.46,1004.54
11466,375,398,W,4.00,13483.00,22.00,18.00,6.00,-5.00,2.00,0.00,3.00,13883.00,18.00,20.00,6.00,5.00,3.00,0.00,85.00,77.78,86.00,1,5,2024-11-24,1076.71,1224.18,0.23,0.77,1043.42,1257.47
11467,216,176,L,4.00,12275.00,26.00,26.00,3.00,-5.00,3.00,2.00,6.00,12922.00,8.00,13.00,2.00,5.00,5.00,1.00,53.85,84.62,86.00,1,5,2024-11-24,1038.43,1105.14,0.46,0.54,1058.26,1085.31
11469,501,453,L,1.00,13186.00,29.00,32.00,3.00,-10.00,1.00,0.00,3.00,11168.00,9.00,14.00,6.00,9.00,1.00,0.00,78.57,96.88,86.00,1,6,2024-11-24,870.06,819.70,0.65,0.35,897.93,791.83
11471,451,545,W,5.00,11393.00,18.00,23.00,8.00,6.00,5.00,2.00,4.00,11437.00,20.00,20.00,12.00,-6.00,4.00,3.00,80.00,78.26,86.00,1,6,2024-11-24,928.03,843.98,0.57,0.43,909.41,862.60
11472,104,245,W,2.00,12608.00,41.00,38.00,5.00,8.00,2.00,0.00,1.00,12345.00,11.00,16.00,18.00,-8.00,0.00,0.00,93.75,94.74,86.00,1,6,2024-11-24,1253.64,904.69,0.88,0.12,1248.27,910.06
11496,431,445,W,5.00,13295.00,16.00,22.00,4.00,14.00,2.00,1.00,2.00,11603.00,17.00,19.00,8.00,-15.00,2.00,1.00,89.47,77.27,86.00,1,5,2024-11-29,1172.78,943.41,0.77,0.23,1162.87,953.31
11125,17,1,W,7.00,12156.00,26.00,37.00,5.00,13.00,4.00,3.00,4.00,12613.00,19.00,30.00,7.00,-14.00,4.00,2.00,86.67,81.08,85.00,1,0,2024-11-30,1707.50,1500.21,0.74,0.26,1696.49,1511.22
11126,573,49,W,11.00,11990.00,17.00,34.00,1.00,18.00,9.00,4.00,2.00,8170.00,11.00,21.00,8.00,-20.00,2.00,2.00,90.48,67.65,85.00,1,0,2024-11-30,1618.34,1506.21,0.61,0.39,1601.63,1522.93
11128,564,442,L,3.00,12978.00,26.00,31.00,3.00,-16.00,3.00,1.00,5.00,12822.00,19.00,28.00,10.00,15.00,4.00,3.00,82.14,90.32,85.00,1,0,2024-11-30,1345.62,1349.68,0.56,0.44,1369.86,1325.45
11265,63,239,L,3.00,11558.00,14.00,21.00,7.00,-20.00,3.00,0.00,9.00,11474.00,19.00,29.00,1.00,19.00,9.00,5.00,,85.71,86.00,1,0,2024-11-30,1416.57,1557.12,0.35,0.65,1431.44,1542.25
11281,610,393,L,0.00,11816.00,16.00,20.00,3.00,-35.00,0.00,0.00,8.00,11217.00,20.00,42.00,4.00,35.00,6.00,7.00,80.95,100.00,85.00,1,1,2024-11-30,1394.91,1538.50,0.34,0.66,1409.59,1523.82
11491,401,451,W,3.00,11694.00,12.00,27.00,4.00,-6.00,2.00,0.00,2.00,12844.00,16.00,23.00,3.00,5.00,2.00,1.00,91.30,88.89,86.00,1,6,2024-11-30,909.90,903.93,0.44,0.56,885.80,928.03
11497,574,216,W,6.00,11113.00,8.00,26.00,6.00,9.00,4.00,3.00,3.00,12603.00,17.00,19.00,5.00,-10.00,2.00,1.00,84.21,76.92,86.00,1,5,2024-11-30,951.66,1010.05,0.34,0.66,923.29,1038.43
11498,215,499,L,2.00,12817.00,35.00,27.00,4.00,0.00,1.00,0.00,3.00,12810.00,10.00,19.00,14.00,0.00,2.00,0.00,84.21,92.59,86.00,1,5,2024-11-30,1003.96,1150.31,0.34,0.66,1018.46,1135.81
11500,176,439,L,2.00,13314.00,20.00,26.00,7.00,-15.00,2.00,0.00,4.00,12227.00,18.00,23.00,8.00,15.00,2.00,1.00,82.61,92.31,86.00,1,5,2024-11-30,1085.48,1154.53,0.46,0.54,1105.14,1134.87
11501,332,331,L,3.00,12170.00,22.00,16.00,8.00,0.00,1.00,0.00,4.00,11216.00,25.00,24.00,7.00,0.00,4.00,3.00,83.33,81.25,86.00,1,4,2024-11-30,1200.33,1155.26,0.64,0.36,1227.86,1127.73
11502,405,406,L,4.00,13004.00,25.00,33.00,5.00,-10.00,3.00,1.00,6.00,12318.00,15.00,21.00,8.00,7.00,6.00,2.00,71.43,87.88,86.00,1,4,2024-11-30,1224.51,1142.06,0.69,0.31,1254.34,1112.23
11504,504,584,L,1.00,12456.00,23.00,25.00,11.00,-20.00,0.00,0.00,3.00,12082.00,12.00,19.00,7.00,19.00,3.00,0.00,73.68,96.00,86.00,1,4,2024-11-30,1011.60,1029.99,0.54,0.46,1034.83,1006.75
11507,26,397,L,1.00,11196.00,15.00,15.00,3.00,-15.00,1.00,0.00,8.00,10671.00,17.00,40.00,5.00,15.00,5.00,4.00,80.00,93.33,86.00,1,3,2024-11-30,1062.56,1298.96,0.22,0.78,1072.13,1289.39
11509,569,581,W,3.00,11340.00,19.00,25.00,7.00,10.00,3.00,1.00,1.00,12304.00,19.00,26.00,11.00,-11.00,1.00,0.00,96.15,88.00,86.00,1,3,2024-11-30,1253.23,1133.79,0.62,0.38,1237.00,1150.02
11512,214,402,L,2.00,12848.00,11.00,24.00,9.00,-44.00,1.00,1.00,9.00,12760.00,35.00,37.00,4.00,45.00,8.00,3.00,75.68,91.67,86.00,1,2,2024-11-30,1258.67,1450.35,0.28,0.72,1270.51,1438.50
10034,56,447,W,7.00,12842.00,30.00,46.00,4.00,9.00,7.00,5.00,4.00,12510.00,11.00,31.00,8.00,-11.00,4.00,1.00,87.10,84.78,74.00,6,0,2024-12-03,1487.32,1364.26,0.63,0.37,1471.33,1380.25
10787,92,393,W,5.00,11978.00,14.00,29.00,9.00,-1.00,4.00,1.00,4.00,12041.00,14.00,31.00,2.00,0.00,3.00,2.00,87.10,82.76,85.00,1,1,2024-12-10,1493.89,1512.70,0.40,0.60,1468.09,1538.50
10789,31,191,W,5.00,12384.00,5.00,21.00,4.00,10.00,4.00,0.00,3.00,12697.00,19.00,28.00,0.00,-10.00,2.00,1.00,89.29,76.19,85.00,1,1,2024-12-10,1533.47,1595.41,0.33,0.67,1504.87,1624.01
10992,498,336,L,3.00,13536.00,24.00,30.00,5.00,5.00,2.00,1.00,4.00,13880.00,19.00,26.00,7.00,-5.00,4.00,2.00,84.62,90.00,86.00,1,2,2024-12-10,1406.64,1332.45,0.68,0.32,1435.99,1303.11
10994,207,402,L,3.00,12080.00,24.00,23.00,4.00,-16.00,2.00,1.00,8.00,12595.00,17.00,30.00,2.00,15.00,7.00,3.00,73.33,86.96,86.00,1,2,2024-12-10,1184.69,1458.30,0.18,0.82,1192.64,1450.35
10997,269,581,W,7.00,12656.00,37.00,38.00,4.00,11.00,7.00,3.00,6.00,9442.00,13.00,30.00,7.00,-12.00,2.00,0.00,80.00,81.58,86.00,1,3,2024-12-10,1358.33,1124.12,0.78,0.22,1348.65,1133.79
11000,411,61,W,5.00,12357.00,15.00,27.00,0.00,15.00,3.00,3.00,1.00,11286.00,12.00,22.00,5.00,-15.00,1.00,0.00,95.45,81.48,86.00,1,5,2024-12-10,966.95,958.60,0.44,0.56,943.01,982.54
11002,574,176,W,3.00,12007.00,21.00,34.00,1.00,-6.00,2.00,1.00,2.00,12391.00,10.00,21.00,6.00,6.00,1.00,1.00,90.48,91.18,86.00,1,5,2024-12-10,981.06,1056.08,0.32,0.68,951.66,1085.48
11003,216,400,L,2.00,11853.00,18.00,23.00,5.00,-10.00,2.00,0.00,4.00,12473.00,26.00,21.00,11.00,10.00,4.00,3.00,,91.30,86.00,1,5,2024-12-10,991.17,1071.45,0.44,0.56,1010.05,1052.56
11005,375,130,W,3.00,13525.00,21.00,22.00,17.00,10.00,1.00,0.00,1.00,12926.00,39.00,19.00,6.00,-10.00,1.00,0.00,94.74,86.36,86.00,1,5,2024-12-10,1102.92,1127.83,0.39,0.61,1076.71,1154.03
11006,439,431,W,4.00,12690.00,16.00,23.00,15.00,13.00,4.00,1.00,1.00,12944.00,31.00,23.00,7.00,-16.00,1.00,0.00,95.65,82.61,86.00,1,5,2024-12-10,1177.16,1150.15,0.47,0.53,1154.53,1172.78
11007,504,331,L,0.00,12992.00,14.00,20.00,9.00,-9.00,0.00,0.00,2.00,12342.00,28.00,22.00,6.00,9.00,0.00,0.00,90.91,100.00,86.00,1,4,2024-12-10,998.51,1168.35,0.30,0.70,1011.60,1155.26
11009,577,65,W,1.00,13409.00,14.00,27.00,6.00,5.00,0.00,0.00,0.00,12069.00,16.00,29.00,1.00,-5.00,0.00,0.00,100.00,96.30,86.00,1,4,2024-12-10,1112.95,964.48,0.67,0.33,1098.58,978.85
11012,497,335,W,7.00,13214.00,21.00,30.00,10.00,10.00,6.00,3.00,3.00,11315.00,13.00,43.00,4.00,-10.00,3.00,1.00,93.02,76.67,86.00,1,1,2024-12-10,1453.16,1365.04,0.57,0.43,1434.82,1383.38
11013,48,109,W,12.00,12122.00,15.00,32.00,7.00,52.00,7.00,1.00,2.00,13303.00,20.00,25.00,4.00,-53.00,1.00,1.00,92.00,,86.00,1,1,2024-12-10,1474.56,1461.65,0.45,0.55,1450.94,1485.27
11051,38,26,W,5.00,13322.00,13.00,19.00,5.00,0.00,2.00,0.00,4.00,13000.00,32.00,33.00,4.00,0.00,2.00,1.00,87.88,73.68,86.00,1,3,2024-12-10,1081.66,1040.90,0.50,0.50,1060.00,1062.56
11615,397,129,W,7.00,12607.00,21.00,40.00,5.00,25.00,3.00,4.00,2.00,12721.00,20.00,43.00,3.00,-25.00,1.00,0.00,95.35,82.50,86.00,1,3,2024-12-13,1311.01,1123.03,0.72,0.28,1298.96,1135.08
11297,49,564,W,6.00,12195.00,24.00,28.00,5.00,19.00,5.00,2.00,2.00,13351.00,13.00,17.00,11.00,-21.00,2.00,0.00,88.24,78.57,85.00,1,0,2024-12-14,1518.43,1333.41,0.72,0.28,1506.21,1345.62
11299,56,442,L,3.00,13169.00,26.00,22.00,7.00,5.00,3.00,0.00,4.00,13041.00,24.00,37.00,7.00,-5.00,4.00,2.00,89.19,86.36,85.00,1,0,2024-12-14,1457.72,1379.28,0.69,0.31,1487.32,1349.68
11573,443,111,L,1.00,13225.00,16.00,21.00,4.00,-5.00,1.00,0.00,2.00,13345.00,21.00,35.00,8.00,5.00,2.00,1.00,94.29,95.24,86.00,1,0,2024-12-14,1491.66,1559.09,0.46,0.54,1511.44,1539.31
11574,409,63,W,5.00,13405.00,13.00,26.00,4.00,20.00,5.00,1.00,0.00,12906.00,20.00,26.00,0.00,-20.00,0.00,0.00,100.00,80.77,86.00,1,0,2024-12-14,1429.92,1394.54,0.49,0.51,1407.89,1416.57
11578,335,379,W,4.00,12862.00,21.00,29.00,5.00,3.00,3.00,1.00,3.00,12369.00,22.00,29.00,7.00,-4.00,0.00,0.00,89.66,86.21,86.00,1,1,2024-12-14,1381.97,1273.17,0.61,0.39,1365.04,1290.10
11579,48,497,W,3.00,12434.00,20.00,27.00,12.00,4.00,1.00,1.00,2.00,12545.00,20.00,13.00,8.00,-5.00,1.00,0.00,84.62,88.89,86.00,1,1,2024-12-14,1494.73,1432.98,0.53,0.47,1474.56,1453.16
11633,402,329,L,4.00,11714.00,16.00,27.00,11.00,-5.00,3.00,2.00,5.00,11651.00,21.00,31.00,8.00,4.00,3.00,1.00,83.87,85.19,86.00,1,2,2024-12-14,1426.98,1318.43,0.73,0.27,1458.30,1287.12
11636,214,336,L,7.00,13131.00,23.00,31.00,6.00,-3.00,7.00,3.00,8.00,3673.00,4.00,16.00,1.00,5.00,7.00,4.00,50.00,77.42,86.00,1,2,2024-12-14,1241.67,1349.46,0.40,0.60,1258.67,1332.45
11638,449,401,W,5.00,12051.00,12.00,17.00,6.00,11.00,1.00,1.00,4.00,12354.00,29.00,27.00,3.00,-11.00,3.00,1.00,85.19,70.59,86.00,1,6,2024-12-14,956.46,890.05,0.54,0.46,936.61,909.90
11639,489,451,W,5.00,12293.00,30.00,26.00,5.00,17.00,4.00,2.00,0.00,11708.00,19.00,16.00,8.00,-20.00,0.00,0.00,100.00,80.77,86.00,1,6,2024-12-14,1122.50,893.99,0.77,0.23,1112.56,903.93
11640,104,501,W,5.00,12730.00,30.00,38.00,7.00,23.00,4.00,0.00,0.00,11505.00,10.00,9.00,13.00,-24.00,0.00,0.00,100.00,86.84,86.00,1,6,2024-12-14,1257.90,865.80,0.90,0.10,1253.64,870.06
11692,269,26,W,12.00,12524.00,17.00,34.00,3.00,60.00,8.00,2.00,1.00,12960.00,12.00,24.00,7.00,-60.00,1.00,0.00,95.83,64.71,86.00,1,3,2024-12-14,1364.29,1034.94,0.86,0.14,1358.33,1040.90
11693,38,581,L,3.00,13092.00,17.00,31.00,7.00,-20.00,3.00,2.00,7.00,13328.00,24.00,33.00,8.00,20.00,4.00,3.00,78.79,90.32,86.00,1,3,2024-12-14,1062.77,1143.00,0.44,0.56,1081.66,1124.12
11696,582,566,L,2.00,12541.00,17.00,29.00,11.00,-9.00,0.00,0.00,4.00,11389.00,23.00,49.00,12.00,9.00,3.00,0.00,91.84,,86.00,1,4,2024-12-14,1116.38,1213.23,0.41,0.59,1134.12,1195.49
11700,65,568,L,0.00,11425.00,0.00,8.00,2.00,-40.00,0.00,0.00,9.00,11643.00,13.00,35.00,0.00,40.00,9.00,5.00,74.29,100.00,86.00,1,4,2024-12-14,957.50,1256.55,0.16,0.84,964.48,1249.57
11702,431,176,W,1.00,12222.00,17.00,19.00,6.00,5.00,0.00,0.00,0.00,12538.00,23.00,20.00,8.00,-5.00,0.00,0.00,100.00,94.74,86.00,1,5,2024-12-14,1165.97,1040.27,0.63,0.37,1150.15,1056.08
11703,61,398,L,0.00,12349.00,12.00,19.00,3.00,-30.00,0.00,0.00,6.00,13066.00,27.00,27.00,1.00,30.00,5.00,0.00,77.78,100.00,86.00,1,5,2024-12-14,950.94,1231.84,0.18,0.82,958.60,1224.18
11704,439,411,W,5.00,11919.00,22.00,37.00,2.00,13.00,5.00,1.00,2.00,11688.00,10.00,26.00,6.00,-14.00,1.00,0.00,92.31,86.49,86.00,1,5,2024-12-14,1187.04,957.07,0.77,0.23,1177.16,966.95
11707,130,400,L,1.00,12014.00,22.00,13.00,6.00,-5.00,1.00,0.00,4.00,12348.00,11.00,15.00,7.00,5.00,4.00,2.00,73.33,92.31,86.00,1,5,2024-12-14,1102.87,1096.40,0.58,0.42,1127.83,1071.45
11286,31,579,L,4.00,13036.00,21.00,22.00,6.00,-5.00,4.00,1.00,5.00,12598.00,13.00,21.00,9.00,5.00,4.00,2.00,76.19,81.82,85.00,1,1,2024-12-15,1505.16,1447.89,0.66,0.34,1533.47,1419.58
11300,17,580,W,6.00,13162.00,24.00,29.00,8.00,9.00,4.00,2.00,2.00,12987.00,18.00,30.00,2.00,-10.00,2.00,0.00,93.33,79.31,85.00,1,0,2024-12-15,1719.58,1532.16,0.72,0.28,1707.50,1544.24
11301,4,1,W,3.00,12578.00,16.00,35.00,7.00,4.00,1.00,0.00,2.00,13248.00,20.00,33.00,4.00,-5.00,2.00,1.00,93.94,91.43,85.00,1,0,2024-12-15,1275.80,1465.09,0.18,0.82,1240.69,1500.21
11302,447,46,W,2.00,12584.00,25.00,49.00,5.00,10.00,2.00,1.00,0.00,13088.00,15.00,14.00,7.00,-10.00,0.00,0.00,100.00,95.92,85.00,1,0,2024-12-15,1391.06,1424.98,0.38,0.62,1364.26,1451.78
11420,333,610,W,5.00,12977.00,18.00,45.00,6.00,15.00,3.00,2.00,2.00,12886.00,14.00,29.00,5.00,-15.00,2.00,1.00,93.10,88.89,85.00,1,1,2024-12-15,1519.35,1379.97,0.65,0.35,1504.41,1394.91
11421,396,35,L,2.00,12583.00,9.00,15.00,3.00,-10.00,2.00,1.00,4.00,12760.00,11.00,25.00,0.00,10.00,2.00,2.00,84.00,86.67,85.00,1,1,2024-12-15,1366.59,1573.63,0.26,0.74,1377.62,1562.61
11428,494,92,L,0.00,12164.00,27.00,29.00,4.00,-5.00,0.00,0.00,1.00,12344.00,15.00,25.00,8.00,5.00,1.00,0.00,96.00,100.00,85.00,1,1,2024-12-15,1538.84,1519.71,0.60,0.40,1564.66,1493.89
11572,12,239,L,3.00,13435.00,30.00,30.00,13.00,-15.00,2.00,2.00,5.00,12848.00,25.00,40.00,11.00,15.00,5.00,5.00,87.50,90.00,86.00,1,0,2024-12-15,1294.64,1565.19,0.19,0.81,1302.72,1557.12
11634,207,44,L,2.00,12689.00,20.00,38.00,16.00,-25.00,2.00,1.00,7.00,13128.00,34.00,30.00,13.00,24.00,4.00,1.00,76.67,94.74,86.00,1,2,2024-12-15,1173.37,1374.79,0.26,0.74,1184.69,1363.47
11635,189,498,L,2.00,12164.00,13.00,12.00,9.00,-45.00,1.00,1.00,11.00,12981.00,36.00,48.00,8.00,44.00,7.00,3.00,,83.33,86.00,1,2,2024-12-15,1198.43,1417.07,0.24,0.76,1208.87,1406.64
11637,438,22,W,12.00,13421.00,33.00,46.00,3.00,55.00,9.00,5.00,1.00,13320.00,10.00,22.00,7.00,-55.00,1.00,0.00,95.45,73.91,86.00,1,2,2024-12-15,1530.49,1325.95,0.74,0.26,1519.33,1337.11
11694,8,569,W,4.00,12111.00,24.00,38.00,10.00,14.00,4.00,2.00,0.00,11962.00,19.00,20.00,9.00,-15.00,0.00,0.00,100.00,89.47,86.00,1,3,2024-12-15,1263.49,1230.99,0.48,0.52,1241.25,1253.23
11695,205,491,W,10.00,12791.00,31.00,38.00,6.00,40.00,10.00,2.00,1.00,12914.00,13.00,11.00,16.00,-40.00,1.00,1.00,90.91,73.68,86.00,1,3,2024-12-15,1422.51,1135.14,0.83,0.17,1415.10,1142.55
11697,448,584,L,2.00,12499.00,28.00,39.00,4.00,-10.00,2.00,1.00,4.00,12995.00,18.00,24.00,19.00,11.00,4.00,1.00,79.17,94.87,86.00,1,4,2024-12-15,1076.90,1055.93,0.60,0.40,1102.85,1029.99
11698,570,502,W,8.00,13190.00,26.00,29.00,0.00,30.00,7.00,5.00,0.00,12983.00,14.00,25.00,5.00,-30.00,0.00,0.00,100.00,72.41,86.00,1,4,2024-12-15,1193.30,1112.39,0.56,0.44,1174.47,1131.23
11699,332,405,W,7.00,11597.00,23.00,20.00,6.00,32.00,7.00,4.00,1.00,12301.00,19.00,19.00,8.00,-35.00,1.00,0.00,,65.00,86.00,1,4,2024-12-15,1223.32,1201.51,0.47,0.53,1200.33,1224.51
11701,577,406,L,4.00,13652.00,21.00,30.00,14.00,0.00,3.00,1.00,6.00,13764.00,28.00,31.00,8.00,-1.00,4.00,2.00,80.65,86.67,86.00,1,4,2024-12-15,1093.25,1161.77,0.46,0.54,1112.95,1142.06
11705,574,499,L,0.00,12562.00,23.00,21.00,1.00,-34.00,0.00,0.00,7.00,12227.00,9.00,18.00,7.00,34.00,5.00,2.00,61.11,100.00,86.00,1,5,2024-12-15,969.27,1162.09,0.27,0.73,981.06,1150.31
11706,375,445,W,8.00,11673.00,23.00,31.00,5.00,28.00,7.00,2.00,3.00,12018.00,11.00,24.00,9.00,-30.00,2.00,0.00,87.50,74.19,86.00,1,5,2024-12-15,1115.19,931.14,0.71,0.29,1102.92,943.41
11745,331,504,W,5.00,13133.00,16.00,27.00,14.00,10.00,4.00,2.00,4.00,13069.00,20.00,28.00,0.00,-10.00,2.00,0.00,85.71,81.48,86.00,1,4,2024-12-15,1180.10,986.76,0.73,0.27,1168.35,998.51
11756,439,445,W,8.00,12236.00,24.00,57.00,6.00,35.00,5.00,2.00,0.00,12767.00,17.00,18.00,6.00,-35.00,0.00,0.00,100.00,85.96,86.00,1,5,2024-12-20,1195.06,923.12,0.81,0.19,1187.04,931.14
11304,4,49,L,1.00,12236.00,17.00,17.00,8.00,-15.00,1.00,0.00,5.00,12238.00,24.00,33.00,6.00,15.00,5.00,4.00,84.85,94.12,85.00,1,0,2024-12-21,1267.27,1526.96,0.20,0.80,1275.80,1518.43
11424,191,35,L,3.00,13678.00,27.00,30.00,6.00,-8.00,2.00,0.00,4.00,13459.00,21.00,36.00,9.00,8.00,4.00,2.00,88.89,90.00,85.00,1,1,2024-12-21,1572.56,1596.48,0.53,0.47,1595.41,1573.63
11425,396,31,L,3.00,11995.00,8.00,20.00,3.00,-1.00,2.00,1.00,5.00,12973.00,17.00,30.00,3.00,0.00,4.00,1.00,83.33,85.00,85.00,1,1,2024-12-21,1353.24,1518.52,0.31,0.69,1366.59,1505.16
11577,111,239,L,7.00,13124.00,26.00,32.00,13.00,-22.00,5.00,1.00,12.00,13296.00,30.00,31.00,12.00,21.00,12.00,5.00,61.29,78.12,86.00,1,0,2024-12-21,1537.97,1586.31,0.49,0.51,1559.09,1565.19
11751,489,501,W,3.00,13770.00,56.00,39.00,6.00,0.00,1.00,0.00,2.00,14169.00,17.00,20.00,27.00,0.00,1.00,0.00,90.00,92.31,86.00,1,6,2024-12-21,1130.49,857.81,0.81,0.19,1122.50,865.80
11753,453,449,W,4.00,12094.00,21.00,21.00,8.00,3.00,3.00,0.00,3.00,13539.00,27.00,35.00,7.00,-3.00,2.00,0.00,91.43,80.95,86.00,1,6,2024-12-21,849.25,926.91,0.31,0.69,819.70,956.46
11755,216,411,L,4.00,12315.00,42.00,39.00,5.00,-11.00,4.00,0.00,7.00,12419.00,19.00,31.00,5.00,10.00,5.00,4.00,,89.74,86.00,1,5,2024-12-21,967.57,980.67,0.55,0.45,991.17,957.07
11762,405,448,W,4.00,10032.00,33.00,30.00,9.00,5.00,3.00,1.00,3.00,10752.00,14.00,19.00,5.00,-5.00,3.00,1.00,84.21,86.67,86.00,1,4,2024-12-21,1215.62,1062.80,0.67,0.33,1201.51,1076.90
11763,570,332,L,3.00,13407.00,24.00,31.00,9.00,-8.00,2.00,0.00,4.00,12774.00,20.00,26.00,8.00,7.00,1.00,2.00,84.62,90.32,86.00,1,4,2024-12-21,1173.66,1242.97,0.46,0.54,1193.30,1223.32
11767,26,8,L,1.00,12863.00,23.00,19.00,5.00,-10.00,0.00,0.00,6.00,12333.00,23.00,37.00,5.00,11.00,2.00,1.00,83.78,94.74,86.00,1,3,2024-12-21,1025.85,1272.59,0.21,0.79,1034.94,1263.49
11769,38,129,L,3.00,12475.00,9.00,17.00,5.00,-10.00,1.00,1.00,7.00,12308.00,21.00,35.00,1.00,10.00,7.00,2.00,80.00,82.35,86.00,1,3,2024-12-21,1044.97,1140.84,0.41,0.59,1062.77,1123.03
11770,176,130,L,1.00,12806.00,20.00,16.00,5.00,-10.00,0.00,0.00,3.00,12518.00,20.00,30.00,6.00,10.00,2.00,1.00,90.00,93.75,86.00,1,5,2024-12-21,1022.60,1120.53,0.41,0.59,1040.27,1102.87
11774,402,336,W,12.00,12190.00,25.00,32.00,6.00,49.00,9.00,2.00,1.00,11966.00,20.00,17.00,7.00,-50.00,1.00,0.00,94.12,62.50,86.00,1,2,2024-12-21,1443.76,1332.67,0.61,0.39,1426.98,1349.46
11775,498,329,L,1.00,13152.00,13.00,15.00,11.00,-10.00,0.00,0.00,3.00,12600.00,24.00,37.00,0.00,10.00,2.00,1.00,91.89,93.33,86.00,1,2,2024-12-21,1389.63,1345.87,0.64,0.36,1417.07,1318.43
11303,578,56,W,7.00,13699.00,20.00,35.00,9.00,13.00,6.00,3.00,6.00,13684.00,22.00,35.00,6.00,-13.00,6.00,4.00,82.86,80.00,85.00,1,0,2024-12-22,1611.00,1444.44,0.69,0.31,1597.72,1457.72
11423,393,191,L,3.00,12486.00,19.00,31.00,8.00,1.00,3.00,2.00,4.00,13190.00,22.00,47.00,8.00,0.00,4.00,3.00,91.49,90.32,85.00,1,1,2024-12-22,1494.87,1590.40,0.41,0.59,1512.70,1572.56
11426,333,396,W,6.00,13337.00,27.00,34.00,6.00,-5.00,3.00,2.00,5.00,14045.00,20.00,34.00,5.00,6.00,5.00,2.00,85.29,82.35,85.00,1,1,2024-12-22,1531.29,1341.30,0.72,0.28,1519.35,1353.24
11575,443,63,L,3.00,12773.00,16.00,42.00,15.00,-10.00,3.00,0.00,4.00,12089.00,21.00,23.00,1.00,10.00,4.00,2.00,82.61,92.86,86.00,1,0,2024-12-22,1464.30,1421.89,0.64,0.36,1491.66,1394.54
11754,451,245,L,1.00,12607.00,11.00,19.00,7.00,-15.00,0.00,0.00,4.00,11662.00,20.00,32.00,5.00,15.00,4.00,1.00,87.50,94.74,86.00,1,6,2024-12-22,873.15,925.53,0.48,0.52,893.99,904.69
11757,431,61,W,10.00,11760.00,13.00,36.00,4.00,35.00,10.00,3.00,3.00,13232.00,6.00,14.00,2.00,-35.00,2.00,2.00,78.57,72.22,86.00,1,5,2024-12-22,1175.63,941.27,0.78,0.22,1165.97,950.94
11758,375,215,L,2.00,11906.00,17.00,18.00,10.00,-8.00,1.00,0.00,4.00,11998.00,24.00,20.00,7.00,8.00,3.00,0.00,80.00,88.89,86.00,1,5,2024-12-22,1087.03,1032.11,0.65,0.35,1115.19,1003.96
11759,499,574,L,0.00,10880.00,19.00,27.00,10.00,-15.00,0.00,0.00,3.00,11824.00,12.00,21.00,1.00,14.00,2.00,0.00,85.71,100.00,86.00,1,5,2024-12-22,1129.75,1001.62,0.75,0.25,1162.09,969.27
11760,584,582,W,4.00,12141.00,5.00,15.00,11.00,6.00,3.00,0.00,3.00,12367.00,25.00,45.00,2.00,-6.00,1.00,0.00,93.33,66.67,86.00,1,4,2024-12-22,1081.13,1091.17,0.41,0.59,1055.93,1116.38
11761,566,577,W,6.00,12634.00,19.00,42.00,11.00,15.00,5.00,2.00,3.00,12605.00,17.00,21.00,3.00,-15.00,3.00,0.00,85.71,85.71,86.00,1,4,2024-12-22,1227.58,1078.89,0.67,0.33,1213.23,1093.25
11764,502,504,W,7.00,13079.00,39.00,31.00,6.00,0.00,5.00,3.00,6.00,13222.00,11.00,13.00,5.00,0.00,4.00,0.00,53.85,77.42,86.00,1,4,2024-12-22,1126.44,972.71,0.67,0.33,1112.39,986.76
11766,406,568,W,5.00,11071.00,10.00,10.00,3.00,13.00,3.00,0.00,4.00,13096.00,23.00,50.00,2.00,-15.00,4.00,1.00,92.00,50.00,86.00,1,4,2024-12-22,1188.99,1229.32,0.37,0.63,1161.77,1256.55
11768,581,397,L,2.00,11322.00,24.00,21.00,6.00,-20.00,1.00,1.00,9.00,12207.00,15.00,36.00,5.00,19.00,8.00,7.00,75.00,90.48,86.00,1,3,2024-12-22,1131.16,1322.85,0.28,0.72,1143.00,1311.01
11771,569,269,L,4.00,12757.00,16.00,30.00,12.00,-15.00,3.00,0.00,6.00,12583.00,27.00,36.00,6.00,15.00,6.00,5.00,83.33,86.67,86.00,1,3,2024-12-22,1217.35,1377.92,0.32,0.68,1230.99,1364.29
11772,23,44,W,3.00,12776.00,18.00,26.00,11.00,-2.00,2.00,1.00,2.00,13005.00,32.00,35.00,10.00,2.00,1.00,0.00,94.29,88.46,86.00,1,2,2024-12-22,1424.30,1355.13,0.54,0.46,1404.64,1374.79
11773,189,22,L,3.00,12979.00,19.00,28.00,6.00,-20.00,2.00,1.00,7.00,12573.00,22.00,32.00,11.00,20.00,5.00,2.00,78.12,89.29,86.00,1,2,2024-12-22,1184.49,1339.90,0.32,0.68,1198.43,1325.95
11776,214,207,W,7.00,13329.00,14.00,21.00,13.00,25.00,6.00,2.00,1.00,12345.00,44.00,38.00,3.00,-25.00,1.00,1.00,97.37,66.67,86.00,1,2,2024-12-22,1258.99,1156.04,0.60,0.40,1241.67,1173.37
11827,49,447,W,9.00,12747.00,17.00,31.00,4.00,45.00,7.00,4.00,0.00,12407.00,18.00,25.00,4.00,-45.00,0.00,0.00,100.00,70.97,85.00,1,0,2025-01-02,1540.45,1377.57,0.69,0.31,1526.96,1391.06
11840,46,564,L,1.00,12340.00,17.00,21.00,4.00,-36.00,1.00,0.00,9.00,12401.00,16.00,38.00,6.00,35.00,7.00,3.00,76.32,95.24,85.00,1,0,2025-01-02,1397.94,1360.45,0.63,0.37,1424.98,1333.41
11841,505,17,W,9.00,12049.00,15.00,25.00,5.00,23.00,7.00,4.00,2.00,12060.00,28.00,35.00,4.00,-24.00,2.00,0.00,94.29,64.00,85.00,1,0,2025-01-02,1486.09,1684.12,0.18,0.82,1450.63,1719.58
11898,12,239,W,7.00,12406.00,21.00,32.00,12.00,3.00,4.00,2.00,6.00,12272.00,22.00,30.00,8.00,-3.00,5.00,3.00,80.00,78.12,86.00,1,0,2025-01-02,1330.88,1550.07,0.16,0.84,1294.64,1586.31
11953,23,329,W,5.00,12888.00,18.00,25.00,6.00,-1.00,4.00,3.00,4.00,12640.00,17.00,31.00,4.00,0.00,4.00,3.00,87.10,80.00,86.00,1,2,2025-01-02,1441.03,1329.15,0.61,0.39,1424.30,1345.87
11997,129,26,W,9.00,12260.00,16.00,33.00,5.00,34.00,8.00,2.00,1.00,12406.00,17.00,26.00,5.00,-34.00,1.00,1.00,96.15,72.73,86.00,1,3,2025-01-02,1155.47,1011.21,0.66,0.34,1140.84,1025.85
12119,35,31,W,4.00,12275.00,16.00,22.00,13.00,2.00,4.00,1.00,3.00,12830.00,28.00,35.00,5.00,-1.00,3.00,2.00,91.43,81.82,85.00,1,1,2025-01-02,1613.23,1501.76,0.61,0.39,1596.48,1518.52
12120,584,406,L,1.00,12798.00,16.00,21.00,9.00,-16.00,0.00,0.00,4.00,12731.00,24.00,40.00,4.00,15.00,4.00,4.00,90.00,95.24,86.00,1,4,2025-01-02,1066.10,1204.02,0.35,0.65,1081.13,1188.99
12122,401,501,L,2.00,13400.00,20.00,20.00,10.00,-30.00,1.00,0.00,7.00,12894.00,18.00,27.00,4.00,30.00,5.00,2.00,74.07,,86.00,1,6,2025-01-02,866.56,881.30,0.55,0.45,890.05,857.81
12127,439,499,L,0.00,12531.00,28.00,24.00,12.00,-15.00,0.00,0.00,4.00,12654.00,30.00,26.00,13.00,15.00,2.00,0.00,,100.00,86.00,1,5,2025-01-02,1169.56,1155.25,0.59,0.41,1195.06,1129.75
12128,61,176,L,1.00,12843.00,7.00,23.00,7.00,-15.00,1.00,0.00,6.00,11825.00,15.00,29.00,2.00,15.00,4.00,2.00,79.31,95.65,86.00,1,5,2025-01-02,924.72,1039.16,0.39,0.61,941.27,1022.60
12129,574,130,L,3.00,12589.00,12.00,19.00,4.00,-8.00,1.00,0.00,4.00,12687.00,21.00,26.00,3.00,8.00,2.00,0.00,84.62,84.21,86.00,1,5,2025-01-02,987.20,1134.95,0.34,0.66,1001.62,1120.53
12130,448,582,W,5.00,12386.00,17.00,32.00,10.00,14.00,3.00,0.00,4.00,11132.00,18.00,23.00,3.00,-14.00,2.00,1.00,82.61,84.38,86.00,1,4,2025-01-02,1086.05,1067.92,0.46,0.54,1062.80,1091.17
12132,502,405,L,4.00,12396.00,11.00,17.00,19.00,-10.00,2.00,1.00,7.00,12667.00,34.00,45.00,4.00,10.00,7.00,1.00,84.44,76.47,86.00,1,4,2025-01-02,1110.34,1231.72,0.37,0.63,1126.44,1215.62
12133,568,504,W,3.00,11521.00,24.00,48.00,3.00,6.00,3.00,2.00,2.00,11534.00,6.00,8.00,5.00,-6.00,1.00,0.00,75.00,93.75,86.00,1,4,2025-01-02,1237.32,964.72,0.81,0.19,1229.32,972.71
11964,446,26,W,8.00,12590.00,22.00,34.00,6.00,27.00,6.00,1.00,1.00,12704.00,17.00,16.00,10.00,-30.00,1.00,1.00,93.75,76.47,86.00,1,3,2025-01-03,1247.73,1002.07,0.79,0.21,1238.58,1011.21
11987,214,44,L,2.00,12229.00,14.00,18.00,10.00,-10.00,2.00,1.00,7.00,12414.00,31.00,52.00,3.00,10.00,4.00,0.00,86.54,88.89,86.00,1,2,2025-01-03,1243.30,1370.83,0.37,0.63,1258.99,1355.13
11989,329,438,L,2.00,12301.00,23.00,24.00,5.00,-25.00,2.00,0.00,6.00,11525.00,19.00,29.00,7.00,25.00,5.00,3.00,79.31,91.67,86.00,1,2,2025-01-03,1318.88,1540.76,0.24,0.76,1329.15,1530.49
12017,269,397,L,4.00,12022.00,17.00,33.00,6.00,-4.00,3.00,1.00,7.00,12575.00,29.00,40.00,6.00,3.00,5.00,1.00,82.50,87.88,86.00,1,3,2025-01-03,1353.04,1347.73,0.58,0.42,1377.92,1322.85
12264,502,584,W,4.00,12988.00,40.00,37.00,9.00,9.00,1.00,1.00,3.00,13895.00,17.00,27.00,17.00,-10.00,1.00,1.00,,89.19,86.00,1,4,2025-01-03,1129.12,1047.32,0.56,0.44,1110.34,1066.10
12265,582,405,W,4.00,12230.00,12.00,15.00,7.00,9.00,3.00,1.00,2.00,5387.00,19.00,30.00,9.00,-10.00,1.00,1.00,93.33,73.33,86.00,1,4,2025-01-03,1098.87,1200.77,0.28,0.72,1067.92,1231.72
12269,111,63,L,1.00,12112.00,9.00,16.00,7.00,-20.00,1.00,1.00,6.00,13701.00,13.00,38.00,4.00,20.00,4.00,3.00,84.21,93.75,86.00,1,0,2025-01-03,1509.54,1450.32,0.66,0.34,1537.97,1421.89
12285,408,440,W,4.00,11896.00,14.00,31.00,6.00,11.00,4.00,1.00,2.00,13249.00,22.00,30.00,5.00,-10.00,2.00,0.00,93.33,87.10,86.00,6,1,2025-01-03,1537.47,1379.39,0.68,0.32,1523.69,1393.17
12287,335,497,L,1.00,11658.00,18.00,21.00,0.00,-33.00,1.00,0.00,9.00,0.00,0.00,0.00,0.00,37.00,5.00,2.00,,95.24,86.00,6,1,2025-01-03,1363.60,1451.35,0.43,0.57,1381.97,1432.98
12293,49,442,L,5.00,13407.00,25.00,47.00,7.00,-11.00,3.00,1.00,7.00,13395.00,18.00,27.00,8.00,10.00,6.00,1.00,74.07,89.36,85.00,7,0,2025-01-03,1509.64,1410.10,0.72,0.28,1540.45,1379.28
12318,61,398,L,1.00,12485.00,14.00,14.00,5.00,-5.00,1.00,1.00,3.00,12013.00,20.00,25.00,5.00,5.00,1.00,0.00,88.00,92.86,86.00,1,5,2025-01-03,918.45,1238.11,0.15,0.85,924.72,1231.84
12322,216,400,W,4.00,12563.00,29.00,23.00,12.00,4.00,3.00,0.00,2.00,12933.00,23.00,26.00,14.00,-5.00,1.00,0.00,92.31,82.61,86.00,1,5,2025-01-03,996.69,1067.28,0.32,0.68,967.57,1096.40
12327,393,452,L,2.00,12834.00,24.00,33.00,8.00,-10.00,2.00,1.00,4.00,12082.00,22.00,33.00,8.00,6.00,2.00,0.00,87.88,,85.00,6,1,2025-01-03,1480.40,1627.34,0.34,0.66,1494.87,1612.87
12835,333,92,L,3.00,11901.00,21.00,24.00,7.00,-5.00,3.00,3.00,4.00,12862.00,15.00,29.00,9.00,5.00,4.00,2.00,86.21,87.50,97.00,1,0,2025-01-06,1509.07,1541.92,0.52,0.48,1531.29,1519.71
12840,567,409,W,8.00,12300.00,33.00,37.00,6.00,40.00,7.00,1.00,0.00,12815.00,19.00,15.00,10.00,-40.00,0.00,0.00,100.00,78.38,97.00,1,2,2025-01-06,1354.98,1402.25,0.36,0.64,1327.31,1429.92
12841,329,23,W,3.00,12644.00,18.00,28.00,6.00,10.00,3.00,1.00,1.00,12932.00,19.00,40.00,4.00,-10.00,1.00,1.00,97.50,89.29,97.00,1,2,2025-01-06,1347.64,1412.26,0.33,0.67,1318.88,1441.03
12844,662,492,W,7.00,11637.00,12.00,42.00,4.00,30.00,6.00,5.00,1.00,12756.00,17.00,15.00,6.00,-30.00,1.00,0.00,93.33,83.33,97.00,1,2,2025-01-06,1321.50,1278.50,0.50,0.50,1300.00,1300.00
12845,189,504,W,3.00,12447.00,17.00,32.00,7.00,10.00,1.00,0.00,2.00,11478.00,12.00,23.00,5.00,-10.00,1.00,1.00,91.30,90.62,97.00,1,3,2025-01-06,1193.95,955.25,0.78,0.22,1184.49,964.72
12846,665,337,L,2.00,12625.00,11.00,10.00,8.00,-35.00,2.00,1.00,8.00,12584.00,17.00,27.00,1.00,35.00,6.00,3.00,70.37,80.00,97.00,1,3,2025-01-06,1178.50,1221.50,0.50,0.50,1200.00,1200.00
12847,582,565,L,3.00,12794.00,27.00,30.00,10.00,-6.00,3.00,0.00,5.00,12634.00,21.00,40.00,9.00,5.00,5.00,3.00,87.50,90.00,97.00,1,3,2025-01-06,1088.54,1309.32,0.24,0.76,1098.87,1298.99
12848,129,491,W,4.00,12511.00,15.00,35.00,5.00,10.00,2.00,1.00,1.00,12671.00,12.00,11.00,3.00,-12.00,1.00,0.00,90.91,88.57,97.00,1,3,2025-01-06,1175.71,1114.90,0.53,0.47,1155.47,1135.14
12849,332,570,W,5.00,12206.00,8.00,22.00,10.00,-1.00,4.00,4.00,3.00,12563.00,35.00,31.00,2.00,0.00,3.00,2.00,90.32,77.27,97.00,1,3,2025-01-06,1260.23,1156.39,0.60,0.40,1242.97,1173.66
12852,375,176,W,10.00,12432.00,19.00,40.00,6.00,24.00,9.00,3.00,5.00,12716.00,19.00,22.00,9.00,-24.00,4.00,3.00,77.27,75.00,97.00,1,4,2025-01-06,1105.59,1020.60,0.57,0.43,1087.03,1039.16
13417,49,442,W,7.00,12869.00,18.00,26.00,13.00,10.00,7.00,5.00,5.00,12515.00,20.00,41.00,3.00,-10.00,5.00,1.00,87.80,73.08,99.00,1,0,2025-01-11,1525.14,1394.59,0.64,0.36,1509.64,1410.10
13447,506,44,W,6.00,11719.00,20.00,39.00,8.00,14.00,5.00,4.00,2.00,12284.00,14.00,34.00,5.00,-14.00,2.00,1.00,94.12,84.62,100.00,1,2,2025-01-11,1445.21,1352.78,0.58,0.42,1427.16,1370.83
13460,499,661,W,4.00,13674.00,32.00,28.00,19.00,-2.00,4.00,3.00,3.00,13595.00,24.00,31.00,11.00,2.00,3.00,2.00,90.32,85.71,100.00,1,5,2025-01-11,1167.73,987.51,0.71,0.29,1155.25,1000.00
13461,398,216,W,8.00,12515.00,31.00,40.00,1.00,32.00,6.00,2.00,0.00,11177.00,12.00,17.00,12.00,-34.00,0.00,0.00,100.00,,100.00,1,5,2025-01-11,1246.69,988.12,0.80,0.20,1238.11,996.69
13465,696,574,L,2.00,12743.00,33.00,20.00,10.00,-10.00,2.00,1.00,4.00,12586.00,23.00,27.00,14.00,10.00,4.00,3.00,85.19,90.00,100.00,1,6,2025-01-11,883.79,1003.41,0.38,0.62,900.00,987.20
13482,439,502,L,2.00,12913.00,19.00,24.00,11.00,-15.00,2.00,1.00,8.00,13323.00,31.00,40.00,3.00,15.00,6.00,3.00,80.00,91.67,100.00,1,4,2025-01-11,1145.57,1153.11,0.56,0.44,1169.56,1129.12
12025,439,130,W,6.00,12077.00,18.00,21.00,4.00,20.00,6.00,3.00,1.00,12739.00,22.00,27.00,10.00,-20.00,1.00,0.00,96.30,71.43,86.00,1,5,2025-01-17,1166.41,1114.11,0.52,0.48,1145.57,1134.95
11306,46,29,L,2.00,12625.00,17.00,33.00,5.00,-40.00,1.00,0.00,9.00,13113.00,19.00,39.00,5.00,39.00,7.00,1.00,76.92,93.94,85.00,1,0,2025-01-18,1390.46,1675.98,0.17,0.83,1397.94,1668.50
11826,578,505,L,6.00,12995.00,11.00,35.00,0.00,-31.00,6.00,2.00,12.00,12707.00,13.00,39.00,1.00,29.00,9.00,2.00,69.23,82.86,85.00,1,0,2025-01-18,1582.08,1515.00,0.67,0.33,1611.00,1486.09
11861,333,579,L,1.00,13561.00,17.00,20.00,5.00,-45.00,0.00,0.00,10.00,10911.00,13.00,42.00,2.00,45.00,8.00,4.00,76.19,95.00,85.00,1,1,2025-01-18,1483.83,1473.14,0.59,0.41,1509.07,1447.89
11862,35,31,W,7.00,12399.00,14.00,26.00,5.00,15.00,6.00,4.00,2.00,11931.00,17.00,31.00,6.00,-15.00,2.00,0.00,93.55,73.08,85.00,1,1,2025-01-18,1628.06,1486.93,0.66,0.34,1613.23,1501.76
11867,191,92,W,4.00,13140.00,29.00,36.00,8.00,14.00,3.00,2.00,1.00,12776.00,15.00,24.00,13.00,-16.00,1.00,0.00,95.83,88.89,85.00,1,1,2025-01-18,1608.92,1523.40,0.57,0.43,1590.40,1541.92
11893,12,443,W,8.00,13073.00,10.00,34.00,4.00,14.00,8.00,5.00,7.00,13855.00,7.00,24.00,1.00,-14.00,5.00,2.00,70.83,76.47,86.00,1,0,2025-01-18,1360.26,1434.93,0.32,0.68,1330.88,1464.30
11894,239,63,W,5.00,12788.00,28.00,48.00,7.00,19.00,4.00,3.00,1.00,12825.00,17.00,20.00,12.00,-20.00,1.00,0.00,95.00,89.58,86.00,1,0,2025-01-18,1565.57,1434.83,0.64,0.36,1550.07,1450.32
11949,23,336,L,5.00,12387.00,18.00,27.00,5.00,-21.00,4.00,3.00,7.00,11719.00,12.00,18.00,14.00,20.00,6.00,2.00,61.11,81.48,86.00,1,2,2025-01-18,1385.92,1359.02,0.61,0.39,1412.26,1332.67
11950,329,214,W,7.00,13469.00,24.00,44.00,5.00,0.00,6.00,3.00,6.00,13731.00,10.00,19.00,5.00,4.00,3.00,2.00,,84.09,86.00,1,2,2025-01-18,1362.87,1228.07,0.65,0.35,1347.64,1243.30
11951,22,207,W,7.00,12534.00,13.00,34.00,2.00,8.00,5.00,1.00,4.00,16312.00,18.00,39.00,3.00,-11.00,3.00,0.00,89.74,79.41,86.00,1,2,2025-01-18,1350.97,1144.96,0.74,0.26,1339.90,1156.04
11958,26,569,W,5.00,12558.00,15.00,38.00,7.00,10.00,3.00,2.00,3.00,12790.00,22.00,32.00,6.00,-10.00,1.00,1.00,90.62,86.84,86.00,1,3,2025-01-18,1035.41,1184.01,0.22,0.78,1002.07,1217.35
11961,491,269,L,3.00,12803.00,8.00,18.00,5.00,-25.00,3.00,0.00,8.00,12626.00,20.00,39.00,4.00,23.00,6.00,5.00,79.49,83.33,86.00,1,3,2025-01-18,1106.19,1361.75,0.20,0.80,1114.90,1353.04
11962,397,38,L,3.00,13633.00,33.00,31.00,8.00,0.00,3.00,3.00,4.00,12971.00,15.00,33.00,11.00,0.00,2.00,0.00,87.88,90.32,86.00,1,3,2025-01-18,1311.14,1081.56,0.85,0.15,1347.73,1044.97
12020,411,215,L,2.00,12266.00,22.00,25.00,5.00,-15.00,2.00,2.00,7.00,12118.00,24.00,26.00,8.00,20.00,6.00,1.00,80.77,92.00,86.00,1,5,2025-01-18,962.33,1050.45,0.43,0.57,980.67,1032.11
12021,445,216,L,3.00,13273.00,19.00,17.00,3.00,-20.00,1.00,1.00,7.00,9072.00,30.00,36.00,12.00,20.00,4.00,0.00,80.56,82.35,86.00,1,5,2025-01-18,905.60,1005.64,0.41,0.59,923.12,988.12
12024,375,400,L,0.00,12605.00,26.00,18.00,7.00,-15.00,0.00,0.00,3.00,12307.00,20.00,31.00,9.00,15.00,3.00,3.00,90.32,100.00,86.00,1,5,2025-01-18,1081.73,1091.14,0.55,0.45,1105.59,1067.28
12036,584,331,W,3.00,13642.00,13.00,13.00,16.00,1.00,0.00,0.00,2.00,13320.00,35.00,36.00,7.00,0.00,1.00,0.00,94.44,76.92,86.00,1,4,2025-01-18,1076.66,1150.76,0.32,0.68,1047.32,1180.10
12083,501,245,L,1.00,12814.00,15.00,19.00,6.00,-19.00,1.00,1.00,5.00,10225.00,12.00,17.00,0.00,19.00,4.00,3.00,70.59,94.74,86.00,1,6,2025-01-18,862.53,944.30,0.44,0.56,881.30,925.53
11828,4,17,L,1.00,12397.00,6.00,20.00,9.00,-42.00,0.00,0.00,11.00,13489.00,33.00,39.00,2.00,40.00,10.00,5.00,71.79,95.00,85.00,1,0,2025-01-19,1263.70,1687.70,0.08,0.92,1267.27,1684.12
11829,580,505,L,1.00,12904.00,35.00,37.00,2.00,-5.00,1.00,0.00,2.00,12505.00,11.00,13.00,7.00,5.00,2.00,1.00,84.62,97.30,85.00,1,0,2025-01-19,1509.60,1537.56,0.52,0.48,1532.16,1515.00
11864,92,396,L,3.00,13035.00,16.00,40.00,8.00,-10.00,3.00,0.00,4.00,12528.00,24.00,22.00,3.00,10.00,4.00,2.00,81.82,92.50,85.00,1,1,2025-01-19,1491.56,1373.14,0.74,0.26,1523.40,1341.30
11889,452,191,W,4.00,12730.00,9.00,12.00,5.00,15.00,4.00,0.00,2.00,13721.00,24.00,45.00,6.00,-15.00,2.00,0.00,95.56,66.67,85.00,1,1,2025-01-19,1647.70,1588.55,0.53,0.47,1627.34,1608.92
11892,409,111,L,2.00,12496.00,11.00,23.00,10.00,-5.00,2.00,1.00,4.00,12143.00,23.00,31.00,2.00,5.00,2.00,1.00,87.10,91.30,86.00,1,0,2025-01-19,1387.19,1524.60,0.35,0.65,1402.25,1509.54
11905,440,379,W,6.00,11276.00,15.00,18.00,7.00,15.00,5.00,2.00,2.00,11374.00,21.00,34.00,4.00,-15.00,1.00,0.00,94.12,66.67,86.00,1,1,2025-01-19,1394.51,1258.05,0.65,0.35,1379.39,1273.17
11948,402,44,W,5.00,10885.00,7.00,25.00,5.00,14.00,4.00,2.00,1.00,12061.00,22.00,29.00,3.00,-15.00,1.00,0.00,96.55,80.00,86.00,1,2,2025-01-19,1459.76,1336.79,0.63,0.37,1443.76,1352.78
11952,438,189,W,7.00,12979.00,38.00,42.00,5.00,19.00,6.00,4.00,3.00,12628.00,21.00,27.00,3.00,-20.00,3.00,1.00,88.89,,86.00,1,2,2025-01-19,1545.90,1188.81,0.88,0.12,1540.76,1193.95
11959,8,581,W,6.00,10405.00,12.00,32.00,2.00,5.00,4.00,2.00,3.00,10969.00,10.00,25.00,4.00,-5.00,2.00,0.00,88.00,81.25,86.00,1,3,2025-01-19,1285.79,1117.96,0.69,0.31,1272.59,1131.16
11960,446,129,L,4.00,12339.00,16.00,23.00,8.00,-16.00,3.00,2.00,6.00,12481.00,19.00,23.00,1.00,16.00,2.00,0.00,73.91,82.61,86.00,1,3,2025-01-19,1221.83,1201.61,0.60,0.40,1247.73,1175.71
12022,499,176,L,2.00,12750.00,17.00,21.00,5.00,-10.00,1.00,1.00,4.00,12720.00,14.00,26.00,7.00,11.00,1.00,0.00,84.62,90.48,86.00,1,5,2025-01-19,1137.63,1050.70,0.70,0.30,1167.73,1020.60
12023,398,431,W,3.00,12587.00,27.00,33.00,5.00,5.00,2.00,1.00,2.00,12305.00,15.00,15.00,7.00,-5.00,2.00,0.00,86.67,90.91,86.00,1,5,2025-01-19,1263.85,1158.47,0.60,0.40,1246.69,1175.63
12026,574,61,L,2.00,12615.00,24.00,17.00,2.00,-10.00,2.00,1.00,4.00,12080.00,11.00,12.00,12.00,10.00,4.00,2.00,66.67,88.24,86.00,1,5,2025-01-19,976.76,945.10,0.62,0.38,1003.41,918.45
12034,584,502,L,1.00,12336.00,19.00,18.00,11.00,-8.00,1.00,0.00,5.00,12012.00,34.00,45.00,5.00,9.00,3.00,1.00,88.89,94.44,86.00,1,4,2025-01-19,1059.82,1169.95,0.39,0.61,1076.66,1153.11
12035,582,568,L,1.00,12070.00,10.00,12.00,3.00,-45.00,1.00,0.00,11.00,10418.00,13.00,33.00,3.00,45.00,10.00,7.00,66.67,91.67,86.00,1,4,2025-01-19,1075.72,1250.13,0.30,0.70,1088.54,1237.32
12037,566,448,W,7.00,12569.00,19.00,23.00,10.00,27.00,4.00,0.00,1.00,12349.00,18.00,21.00,4.00,-29.00,1.00,0.00,95.24,69.57,86.00,1,4,2025-01-19,1240.78,1072.85,0.69,0.31,1227.58,1086.05
12038,577,405,L,3.00,12012.00,17.00,20.00,6.00,0.00,3.00,2.00,4.00,12058.00,12.00,23.00,4.00,0.00,4.00,2.00,82.61,85.00,86.00,1,4,2025-01-19,1064.64,1215.02,0.33,0.67,1078.89,1200.77
12039,332,406,W,5.00,12284.00,25.00,30.00,4.00,14.00,4.00,1.00,0.00,11645.00,13.00,16.00,12.00,-14.00,0.00,0.00,100.00,83.33,86.00,1,4,2025-01-19,1278.29,1185.97,0.58,0.42,1260.23,1204.02
12042,451,104,L,2.00,12048.00,14.00,13.00,8.00,0.00,1.00,1.00,3.00,12116.00,29.00,25.00,5.00,0.00,3.00,1.00,88.00,84.62,86.00,1,6,2025-01-19,868.92,1262.13,0.10,0.90,873.15,1257.90
12043,489,449,W,3.00,12837.00,20.00,41.00,3.00,4.00,1.00,0.00,2.00,13035.00,16.00,13.00,6.00,-5.00,1.00,0.00,84.62,92.68,86.00,1,6,2025-01-19,1140.66,916.74,0.76,0.24,1130.49,926.91
12070,652,453,L,3.00,11984.00,17.00,11.00,9.00,-5.00,3.00,2.00,4.00,12055.00,19.00,23.00,7.00,4.00,2.00,1.00,82.61,72.73,86.00,1,6,2025-01-19,875.38,873.87,0.57,0.43,900.00,849.25
11296,505,447,W,8.00,12662.00,19.00,33.00,2.00,25.00,8.00,5.00,1.00,12444.00,12.00,16.00,2.00,-25.00,1.00,1.00,93.75,75.76,85.00,1,0,2025-01-25,1549.80,1365.32,0.72,0.28,1537.56,1377.57
11831,4,573,L,0.00,12927.00,9.00,17.00,11.00,-45.00,0.00,0.00,9.00,13241.00,30.00,40.00,1.00,44.00,9.00,2.00,77.50,,85.00,1,0,2025-01-25,1258.75,1623.28,0.11,0.89,1263.70,1618.34
11868,494,35,W,13.00,11606.00,17.00,38.00,3.00,55.00,10.00,6.00,2.00,12691.00,5.00,28.00,7.00,-55.00,2.00,2.00,92.86,65.79,85.00,1,1,2025-01-25,1565.74,1601.16,0.37,0.63,1538.84,1628.06
11871,92,393,L,2.00,12414.00,17.00,39.00,12.00,-5.00,2.00,1.00,3.00,11425.00,16.00,17.00,6.00,5.00,2.00,0.00,82.35,94.87,85.00,1,1,2025-01-25,1469.37,1502.59,0.52,0.48,1491.56,1480.40
11908,109,440,W,6.00,13222.00,34.00,58.00,5.00,21.00,6.00,1.00,2.00,12408.00,11.00,21.00,13.00,-20.00,0.00,0.00,90.48,89.66,86.00,1,1,2025-01-25,1479.05,1377.11,0.60,0.40,1461.65,1394.51
11909,48,497,W,6.00,12450.00,12.00,37.00,7.00,19.00,5.00,4.00,3.00,12505.00,21.00,23.00,1.00,-20.00,3.00,3.00,86.96,83.78,86.00,1,1,2025-01-25,1513.56,1432.52,0.56,0.44,1494.73,1451.35
11963,569,38,W,2.00,12760.00,25.00,30.00,10.00,5.00,2.00,1.00,1.00,12947.00,28.00,19.00,9.00,-5.00,1.00,0.00,94.74,93.33,86.00,1,3,2025-01-25,1199.35,1066.22,0.64,0.36,1184.01,1081.56
11971,44,336,W,7.00,12743.00,32.00,33.00,3.00,20.00,6.00,2.00,2.00,12081.00,8.00,18.00,12.00,-20.00,2.00,1.00,88.89,78.79,86.00,1,2,2025-01-25,1359.66,1336.14,0.47,0.53,1336.79,1359.02
12027,574,445,W,6.00,12958.00,29.00,41.00,3.00,18.00,6.00,5.00,1.00,12445.00,10.00,19.00,11.00,-19.00,0.00,0.00,94.74,85.37,86.00,1,5,2025-01-25,993.92,888.44,0.60,0.40,976.76,905.60
12028,61,411,L,1.00,11958.00,18.00,14.00,5.00,-10.00,1.00,0.00,3.00,12627.00,21.00,23.00,11.00,10.00,2.00,1.00,86.96,92.86,86.00,1,5,2025-01-25,924.67,982.77,0.48,0.52,945.10,962.33
12029,439,215,W,6.00,12190.00,17.00,29.00,8.00,20.00,4.00,2.00,2.00,12651.00,22.00,29.00,2.00,-20.00,1.00,0.00,,79.31,86.00,1,5,2025-01-25,1180.99,1035.87,0.66,0.34,1166.41,1050.45
12030,176,216,W,5.00,12439.00,19.00,26.00,9.00,15.00,3.00,1.00,4.00,12896.00,16.00,26.00,10.00,-15.00,3.00,1.00,84.62,80.77,86.00,1,5,2025-01-25,1069.42,986.91,0.56,0.44,1050.70,1005.64
12033,130,431,L,0.00,12632.00,27.00,13.00,5.00,-15.00,0.00,0.00,3.00,12661.00,13.00,11.00,8.00,15.00,2.00,1.00,72.73,100.00,86.00,1,5,2025-01-25,1095.34,1177.24,0.44,0.56,1114.11,1158.47
12063,504,582,L,2.00,13120.00,32.00,26.00,6.00,-5.00,1.00,0.00,4.00,12063.00,9.00,19.00,10.00,5.00,2.00,0.00,78.95,92.31,86.00,1,4,2025-01-25,940.92,1090.05,0.33,0.67,955.25,1075.72
12068,331,568,L,1.00,12700.00,18.00,21.00,7.00,-30.00,1.00,1.00,7.00,12103.00,20.00,19.00,3.00,30.00,7.00,5.00,63.16,95.24,86.00,1,4,2025-01-25,1135.25,1265.65,0.36,0.64,1150.76,1250.13
12069,406,332,L,4.00,12594.00,10.00,19.00,16.00,-10.00,4.00,1.00,5.00,12892.00,34.00,45.00,1.00,10.00,4.00,0.00,88.89,,86.00,1,4,2025-01-25,1170.05,1294.20,0.37,0.63,1185.97,1278.29
12086,245,652,W,10.00,12910.00,33.00,44.00,4.00,50.00,9.00,5.00,0.00,12111.00,11.00,13.00,10.00,-50.00,0.00,0.00,100.00,77.27,86.00,1,6,2025-01-25,961.59,858.09,0.60,0.40,944.30,875.38
11832,573,56,L,3.00,12285.00,32.00,48.00,5.00,5.00,3.00,1.00,4.00,12624.00,12.00,24.00,9.00,-5.00,3.00,2.00,83.33,93.75,85.00,1,0,2025-01-26,1591.60,1476.13,0.74,0.26,1623.28,1444.44
11833,1,578,L,2.00,12078.00,16.00,28.00,7.00,-30.00,2.00,1.00,8.00,12235.00,23.00,41.00,8.00,29.00,8.00,4.00,80.49,92.86,85.00,1,0,2025-01-26,1450.57,1596.60,0.34,0.66,1465.09,1582.08
11834,564,29,L,2.00,13773.00,21.00,24.00,7.00,-26.00,2.00,1.00,7.00,13190.00,14.00,32.00,5.00,24.00,5.00,2.00,78.12,91.67,85.00,1,0,2025-01-26,1354.43,1682.00,0.14,0.86,1360.45,1675.98
11835,46,442,L,2.00,12801.00,19.00,37.00,10.00,-5.00,2.00,1.00,4.00,11269.00,17.00,31.00,5.00,3.00,3.00,1.00,87.10,94.59,85.00,1,0,2025-01-26,1369.21,1415.84,0.49,0.51,1390.46,1394.59
11853,580,447,W,11.00,12923.00,25.00,44.00,4.00,53.00,10.00,5.00,1.00,12782.00,7.00,21.00,3.00,-55.00,1.00,1.00,,,85.00,1,0,2025-01-26,1522.65,1352.27,0.70,0.30,1509.60,1365.32
11865,333,452,L,2.00,13237.00,16.00,28.00,9.00,-30.00,1.00,1.00,9.00,13865.00,13.00,37.00,3.00,30.00,6.00,2.00,75.68,92.86,85.00,1,1,2025-01-26,1471.78,1659.75,0.28,0.72,1483.83,1647.70
11869,393,396,W,5.00,12939.00,13.00,32.00,5.00,10.00,5.00,3.00,2.00,12535.00,11.00,22.00,2.00,-11.00,2.00,1.00,90.91,84.38,85.00,1,1,2025-01-26,1516.43,1359.30,0.68,0.32,1502.59,1373.14
11895,111,12,L,2.00,12493.00,8.00,22.00,1.00,-5.00,1.00,1.00,3.00,11620.00,19.00,33.00,4.00,5.00,3.00,1.00,90.91,90.91,86.00,1,0,2025-01-26,1493.63,1391.23,0.72,0.28,1524.60,1360.26
11896,63,443,W,6.00,12623.00,10.00,27.00,1.00,10.00,4.00,1.00,4.00,12460.00,12.00,30.00,8.00,-10.00,4.00,2.00,86.67,77.78,86.00,1,0,2025-01-26,1456.34,1413.42,0.50,0.50,1434.83,1434.93
11897,409,239,W,4.00,12691.00,34.00,30.00,9.00,8.00,2.00,0.00,2.00,12512.00,17.00,35.00,10.00,-9.00,2.00,1.00,94.29,86.67,86.00,1,0,2025-01-26,1418.85,1533.90,0.26,0.74,1387.19,1565.57
11965,397,491,W,15.00,13032.00,21.00,41.00,2.00,50.00,13.00,4.00,4.00,12488.00,10.00,12.00,7.00,-58.00,3.00,0.00,66.67,63.41,86.00,1,3,2025-01-26,1321.25,1096.08,0.76,0.24,1311.14,1106.19
11966,129,269,L,2.00,12163.00,14.00,15.00,11.00,-11.00,0.00,0.00,4.00,12826.00,31.00,29.00,7.00,11.00,3.00,0.00,86.21,86.67,86.00,1,3,2025-01-26,1189.37,1373.98,0.28,0.72,1201.61,1361.75
11967,205,581,W,7.00,12247.00,26.00,36.00,5.00,14.00,5.00,2.00,4.00,11977.00,6.00,25.00,6.00,-14.00,4.00,0.00,84.00,80.56,86.00,1,3,2025-01-26,1428.86,1111.61,0.85,0.15,1422.51,1117.96
11968,329,22,W,6.00,12686.00,26.00,35.00,8.00,4.00,6.00,2.00,2.00,13467.00,17.00,22.00,7.00,-7.00,2.00,1.00,90.91,82.86,86.00,1,2,2025-01-26,1383.63,1330.21,0.52,0.48,1362.87,1350.97
11969,402,189,W,11.00,10782.00,19.00,29.00,4.00,34.00,10.00,4.00,1.00,11652.00,10.00,7.00,3.00,-35.00,1.00,1.00,85.71,,86.00,1,2,2025-01-26,1467.23,1181.34,0.83,0.17,1459.76,1188.81
11970,23,207,W,3.00,12784.00,12.00,18.00,6.00,4.00,3.00,1.00,1.00,12019.00,16.00,24.00,4.00,-6.00,1.00,0.00,95.83,83.33,86.00,1,2,2025-01-26,1394.52,1136.37,0.80,0.20,1385.92,1144.96
11972,438,498,L,1.00,10537.00,12.00,20.00,6.00,-25.00,1.00,1.00,7.00,12274.00,17.00,36.00,4.00,25.00,7.00,4.00,80.56,95.00,86.00,1,2,2025-01-26,1515.33,1420.20,0.71,0.29,1545.90,1389.63
12031,499,400,W,2.00,11942.00,14.00,15.00,12.00,5.00,1.00,0.00,1.00,11831.00,17.00,14.00,0.00,-5.00,0.00,0.00,92.86,86.67,86.00,1,5,2025-01-26,1156.27,1072.50,0.57,0.43,1137.63,1091.14
12032,375,398,W,4.00,10364.00,20.00,21.00,3.00,15.00,4.00,2.00,0.00,11263.00,12.00,20.00,7.00,-15.00,0.00,0.00,100.00,80.95,86.00,1,5,2025-01-26,1113.57,1232.01,0.26,0.74,1081.73,1263.85
12064,577,582,W,5.00,12519.00,11.00,21.00,9.00,19.00,3.00,2.00,1.00,11969.00,12.00,14.00,2.00,-20.00,1.00,0.00,92.86,76.19,86.00,1,4,2025-01-26,1087.71,1066.98,0.46,0.54,1064.64,1090.05
12065,584,570,W,5.00,12954.00,5.00,14.00,11.00,8.00,3.00,0.00,4.00,13482.00,34.00,40.00,0.00,-8.00,4.00,1.00,90.00,,86.00,1,4,2025-01-26,1087.15,1129.06,0.36,0.64,1059.82,1156.39
12066,448,502,W,5.00,11196.00,20.00,32.00,6.00,0.00,4.00,1.00,4.00,11771.00,19.00,19.00,10.00,-2.00,4.00,3.00,78.95,,86.00,1,4,2025-01-26,1100.21,1142.60,0.36,0.64,1072.85,1169.95
12067,566,405,W,3.00,12894.00,30.00,22.00,10.00,3.00,2.00,1.00,2.00,14265.00,17.00,26.00,6.00,-3.00,1.00,1.00,92.31,86.36,86.00,1,4,2025-01-26,1260.69,1195.11,0.54,0.46,1240.78,1215.02
12085,545,449,W,6.00,11845.00,23.00,35.00,9.00,15.00,5.00,2.00,2.00,12458.00,12.00,17.00,11.00,-15.00,2.00,0.00,88.24,82.86,86.00,1,6,2025-01-26,869.91,890.80,0.40,0.60,843.98,916.74
12087,401,104,L,1.00,13208.00,19.00,14.00,9.00,-50.00,1.00,1.00,10.00,12049.00,24.00,37.00,5.00,50.00,10.00,4.00,72.97,92.86,86.00,1,6,2025-01-26,862.56,1266.13,0.09,0.91,866.56,1262.13
11821,56,46,W,10.00,12774.00,20.00,45.00,9.00,20.00,9.00,5.00,4.00,13393.00,21.00,25.00,7.00,-20.00,2.00,0.00,84.00,77.78,85.00,1,0,2025-02-02,1491.21,1354.13,0.65,0.35,1476.13,1369.21
11836,1,447,L,5.00,12836.00,28.00,25.00,10.00,-10.00,5.00,4.00,6.00,12010.00,21.00,32.00,4.00,10.00,3.00,2.00,81.25,80.00,85.00,1,0,2025-02-02,1423.14,1379.69,0.64,0.36,1450.57,1352.27
11837,578,49,W,9.00,13115.00,10.00,44.00,6.00,20.00,5.00,3.00,4.00,13156.00,26.00,50.00,4.00,-20.00,4.00,1.00,92.00,79.55,85.00,1,0,2025-02-02,1613.74,1508.00,0.60,0.40,1596.60,1525.14
11838,4,29,L,1.00,12895.00,13.00,27.00,2.00,-45.00,1.00,1.00,10.00,13784.00,20.00,41.00,7.00,45.00,10.00,6.00,75.61,96.30,85.00,1,0,2025-02-02,1255.30,1685.46,0.08,0.92,1258.75,1682.00
11839,580,442,W,11.00,12136.00,35.00,38.00,9.00,45.00,9.00,2.00,1.00,12926.00,12.00,23.00,10.00,-45.00,1.00,1.00,,71.05,85.00,1,0,2025-02-02,1537.74,1400.75,0.65,0.35,1522.65,1415.84
11870,452,579,L,2.00,13680.00,11.00,22.00,6.00,-35.00,1.00,0.00,8.00,12384.00,25.00,41.00,4.00,24.00,5.00,0.00,80.49,90.91,85.00,1,1,2025-02-02,1627.70,1505.19,0.75,0.25,1659.75,1473.14
11873,396,494,L,1.00,12605.00,8.00,19.00,4.00,-38.00,0.00,0.00,9.00,12502.00,15.00,50.00,3.00,35.00,8.00,0.00,82.00,,85.00,1,1,2025-02-02,1349.26,1575.78,0.23,0.77,1359.30,1565.74
11899,111,443,L,4.00,13738.00,16.00,42.00,7.00,-10.00,4.00,3.00,5.00,13241.00,13.00,38.00,8.00,7.00,4.00,2.00,86.84,90.48,86.00,1,0,2025-02-02,1467.25,1439.80,0.61,0.39,1493.63,1413.42
11911,440,497,W,5.00,12688.00,18.00,35.00,19.00,24.00,4.00,2.00,1.00,12835.00,28.00,37.00,2.00,-26.00,1.00,0.00,97.30,85.71,86.00,1,1,2025-02-02,1402.01,1407.62,0.42,0.58,1377.11,1432.52
11912,335,379,W,9.00,12436.00,16.00,37.00,8.00,21.00,9.00,7.00,7.00,12652.00,19.00,33.00,5.00,-22.00,2.00,1.00,78.79,75.68,86.00,1,1,2025-02-02,1378.77,1242.88,0.65,0.35,1363.60,1258.05
11913,408,48,L,2.00,12000.00,9.00,25.00,10.00,-10.00,1.00,0.00,5.00,12437.00,27.00,22.00,5.00,10.00,3.00,0.00,77.27,92.00,86.00,1,1,2025-02-02,1514.49,1536.54,0.53,0.47,1537.47,1513.56
11955,189,44,L,1.00,13155.00,13.00,14.00,11.00,-40.00,1.00,1.00,9.00,12632.00,25.00,31.00,5.00,40.00,4.00,4.00,70.97,92.86,86.00,1,2,2025-02-02,1170.00,1371.00,0.26,0.74,1181.34,1359.66
11956,498,336,L,1.00,12447.00,22.00,19.00,5.00,-5.00,0.00,0.00,2.00,13075.00,22.00,31.00,11.00,5.00,1.00,0.00,93.55,94.74,86.00,1,2,2025-02-02,1393.59,1362.74,0.62,0.38,1420.20,1336.14
11957,214,438,L,4.00,12814.00,21.00,28.00,11.00,-16.00,3.00,2.00,8.00,12689.00,21.00,47.00,12.00,20.00,7.00,2.00,82.98,85.71,86.00,1,2,2025-02-02,1221.16,1522.24,0.16,0.84,1228.07,1515.33
12001,446,269,L,1.00,13199.00,21.00,17.00,14.00,-15.00,1.00,1.00,5.00,12610.00,33.00,31.00,4.00,14.00,3.00,0.00,83.87,94.12,86.00,1,3,2025-02-02,1209.19,1386.63,0.29,0.71,1221.83,1373.98
12018,205,569,W,8.00,12250.00,22.00,48.00,5.00,36.00,7.00,2.00,0.00,12373.00,13.00,27.00,5.00,-40.00,0.00,0.00,100.00,83.33,86.00,1,3,2025-02-02,1437.92,1190.29,0.79,0.21,1428.86,1199.35
12121,331,577,L,4.00,12648.00,24.00,27.00,12.00,0.00,2.00,1.00,6.00,12302.00,24.00,31.00,7.00,0.00,4.00,3.00,80.65,85.19,86.00,1,4,2025-02-02,1110.83,1112.13,0.57,0.43,1135.25,1087.71
12123,545,245,W,3.00,12595.00,31.00,26.00,8.00,10.00,3.00,1.00,1.00,12624.00,23.00,20.00,7.00,-10.00,1.00,0.00,95.00,88.46,86.00,1,6,2025-02-02,896.96,934.55,0.37,0.63,869.91,961.59
12124,652,449,L,1.00,12973.00,16.00,13.00,6.00,-30.00,0.00,0.00,8.00,12477.00,29.00,36.00,3.00,30.00,8.00,3.00,77.78,92.31,86.00,1,6,2025-02-02,838.61,910.28,0.45,0.55,858.09,890.80
12125,398,400,W,4.00,12898.00,22.00,24.00,7.00,10.00,2.00,1.00,1.00,12153.00,22.00,17.00,8.00,-10.00,1.00,1.00,94.12,83.33,86.00,1,5,2025-02-02,1244.28,1060.23,0.71,0.29,1232.01,1072.50
12126,445,215,L,1.00,12867.00,10.00,11.00,6.00,-45.00,0.00,0.00,10.00,12243.00,33.00,46.00,3.00,40.00,9.00,7.00,78.26,90.91,86.00,1,5,2025-02-02,875.55,1048.76,0.30,0.70,888.44,1035.87
12131,566,570,W,5.00,12247.00,31.00,20.00,6.00,10.00,5.00,1.00,2.00,12903.00,18.00,29.00,5.00,-10.00,2.00,1.00,93.10,75.00,86.00,1,4,2025-02-02,1274.41,1115.34,0.68,0.32,1260.69,1129.06
11954,402,438,L,2.00,11483.00,27.00,32.00,8.00,0.00,2.00,1.00,4.00,12365.00,12.00,19.00,9.00,0.00,4.00,1.00,78.95,93.75,86.00,1,2,2025-02-03,1449.10,1540.36,0.42,0.58,1467.23,1522.24
11999,38,205,L,0.00,11973.00,10.00,25.00,5.00,-20.00,0.00,0.00,6.00,12391.00,7.00,17.00,0.00,20.00,5.00,0.00,64.71,100.00,86.00,1,3,2025-02-03,1061.69,1442.45,0.11,0.89,1066.22,1437.92
12007,129,581,W,4.00,11704.00,17.00,23.00,2.00,15.00,4.00,1.00,1.00,10389.00,4.00,11.00,7.00,-15.00,1.00,0.00,90.91,82.61,86.00,1,3,2025-02-03,1206.14,1094.84,0.61,0.39,1189.37,1111.61
12163,245,489,L,5.00,12950.00,13.00,19.00,11.00,-16.00,3.00,2.00,8.00,13191.00,27.00,37.00,4.00,16.00,7.00,3.00,78.38,73.68,86.00,1,6,2025-02-03,924.49,1150.72,0.23,0.77,934.55,1140.66
12167,453,401,W,6.00,12525.00,28.00,31.00,6.00,15.00,3.00,0.00,3.00,13113.00,9.00,13.00,12.00,-16.00,3.00,1.00,76.92,80.65,86.00,1,6,2025-02-03,894.67,841.76,0.52,0.48,873.87,862.56
12169,652,104,L,1.00,12381.00,10.00,16.00,11.00,-40.00,0.00,0.00,9.00,11666.00,15.00,21.00,0.00,40.00,6.00,1.00,57.14,93.75,86.00,1,6,2025-02-03,835.23,1269.52,0.08,0.92,838.61,1266.13
12266,566,331,W,13.00,12059.00,18.00,40.00,3.00,47.00,10.00,7.00,4.00,12986.00,18.00,27.00,2.00,-49.00,4.00,0.00,85.19,67.50,86.00,1,4,2025-02-03,1286.48,1098.76,0.72,0.28,1274.41,1110.83
12267,406,448,W,3.00,12144.00,23.00,31.00,8.00,5.00,2.00,0.00,2.00,13015.00,7.00,12.00,0.00,-4.00,1.00,1.00,83.33,90.32,86.00,1,4,2025-02-03,1187.29,1082.98,0.60,0.40,1170.05,1100.21
12268,504,570,L,2.00,13092.00,16.00,13.00,5.00,-15.00,0.00,0.00,5.00,12656.00,13.00,37.00,7.00,15.00,2.00,1.00,86.49,84.62,86.00,1,4,2025-02-03,929.39,1126.87,0.27,0.73,940.92,1115.34
12271,239,443,W,9.00,12853.00,14.00,35.00,1.00,31.00,9.00,7.00,2.00,12846.00,19.00,25.00,4.00,-31.00,2.00,0.00,92.00,74.29,86.00,1,0,2025-02-03,1549.72,1423.98,0.63,0.37,1533.90,1439.80
12281,568,577,W,8.00,11685.00,23.00,48.00,2.00,20.00,8.00,7.00,4.00,10848.00,4.00,11.00,3.00,-18.00,4.00,2.00,63.64,83.33,86.00,1,4,2025-02-03,1278.22,1099.56,0.71,0.29,1265.65,1112.13
12284,379,109,L,0.00,12340.00,12.00,22.00,2.00,-25.00,0.00,0.00,7.00,11994.00,33.00,36.00,5.00,24.00,5.00,2.00,80.56,100.00,86.00,6,1,2025-02-03,1234.10,1487.83,0.20,0.80,1242.88,1479.05
12286,408,440,W,4.00,12109.00,26.00,28.00,8.00,20.00,4.00,1.00,2.00,11926.00,17.00,10.00,5.00,-19.00,2.00,1.00,80.00,85.71,86.00,6,1,2025-02-03,1529.27,1387.24,0.66,0.34,1514.49,1402.01
12288,335,497,L,3.00,11655.00,10.00,29.00,8.00,-5.00,3.00,2.00,4.00,11573.00,24.00,26.00,7.00,5.00,2.00,0.00,84.62,89.66,86.00,6,1,2025-02-03,1359.05,1427.34,0.46,0.54,1378.77,1407.62
12310,56,580,W,4.00,13816.00,26.00,34.00,12.00,8.00,4.00,4.00,3.00,13404.00,34.00,45.00,12.00,-8.00,2.00,2.00,93.33,88.24,85.00,7,0,2025-02-03,1515.57,1513.38,0.43,0.57,1491.21,1537.74
12311,1,505,W,2.00,12896.00,21.00,44.00,6.00,0.00,2.00,0.00,1.00,12303.00,13.00,20.00,5.00,0.00,1.00,0.00,95.00,95.45,85.00,6,0,2025-02-03,1452.15,1520.80,0.33,0.67,1423.14,1549.80
12316,29,578,W,6.00,13465.00,26.00,46.00,5.00,5.00,5.00,1.00,4.00,13087.00,19.00,45.00,5.00,-5.00,4.00,2.00,91.11,86.96,85.00,6,0,2025-02-03,1702.58,1596.62,0.60,0.40,1685.46,1613.74
12317,176,411,W,6.00,12680.00,17.00,36.00,9.00,4.00,2.00,1.00,4.00,12407.00,17.00,29.00,6.00,-5.00,3.00,0.00,86.21,,86.00,1,5,2025-02-03,1085.67,966.52,0.62,0.38,1069.42,982.77
12319,375,499,L,0.00,12656.00,29.00,23.00,5.00,-10.00,0.00,0.00,3.00,12800.00,16.00,11.00,11.00,10.00,1.00,0.00,72.73,100.00,86.00,1,5,2025-02-03,1094.70,1175.14,0.44,0.56,1113.57,1156.27
12320,31,494,W,5.00,13027.00,17.00,34.00,9.00,4.00,3.00,3.00,4.00,12743.00,18.00,39.00,7.00,-5.00,4.00,2.00,89.74,85.29,85.00,6,1,2025-02-03,1513.81,1548.90,0.37,0.63,1486.93,1575.78
12323,574,439,W,4.00,12035.00,21.00,22.00,7.00,10.00,4.00,1.00,3.00,11806.00,18.00,20.00,1.00,-10.00,3.00,0.00,85.00,81.82,86.00,1,5,2025-02-03,1025.99,1148.92,0.25,0.75,993.92,1180.99
12325,579,35,W,5.00,12126.00,13.00,25.00,3.00,9.00,4.00,3.00,3.00,12712.00,19.00,32.00,8.00,-10.00,1.00,1.00,90.62,80.00,85.00,6,1,2025-02-03,1532.48,1573.87,0.37,0.63,1505.19,1601.16
12326,452,393,W,4.00,13971.00,14.00,28.00,8.00,0.00,2.00,1.00,3.00,13732.00,20.00,34.00,4.00,0.00,2.00,2.00,91.18,85.71,85.00,6,1,2025-02-03,1642.54,1501.59,0.65,0.35,1627.70,1516.43
13175,1,4,W,10.00,14044.00,33.00,53.00,7.00,28.00,12.00,9.00,3.00,13077.00,14.00,36.00,11.00,-15.00,3.00,2.00,91.67,86.79,99.00,1,0,2025-02-11,1462.62,1244.82,0.76,0.24,1452.15,1255.30
13230,393,452,L,1.00,13036.00,22.00,36.00,4.00,-5.00,0.00,0.00,3.00,11244.00,19.00,27.00,4.00,6.00,3.00,2.00,88.89,97.22,99.00,1,1,2025-02-11,1488.36,1655.76,0.31,0.69,1501.59,1642.54
13418,29,442,L,3.00,13041.00,15.00,32.00,3.00,0.00,2.00,2.00,4.00,13028.00,10.00,39.00,10.00,0.00,4.00,1.00,89.74,90.62,99.00,1,0,2025-02-11,1666.02,1437.31,0.85,0.15,1702.58,1400.75
13419,447,505,W,3.00,12109.00,20.00,34.00,6.00,10.00,2.00,1.00,1.00,12389.00,19.00,33.00,6.00,-11.00,1.00,0.00,96.97,91.18,99.00,1,0,2025-02-11,1409.48,1491.01,0.31,0.69,1379.69,1520.80
13420,56,218,W,8.00,12897.00,18.00,38.00,4.00,30.00,8.00,6.00,0.00,12574.00,14.00,14.00,10.00,-30.00,0.00,0.00,100.00,,99.00,1,0,2025-02-11,1536.11,1479.46,0.52,0.48,1515.57,1500.00
13422,547,399,L,5.00,13536.00,18.00,25.00,6.00,-4.00,4.00,3.00,6.00,12870.00,21.00,25.00,5.00,5.00,5.00,1.00,76.00,80.00,99.00,1,1,2025-02-11,1370.70,1297.17,0.68,0.32,1400.00,1267.86
13423,92,396,W,7.00,12683.00,13.00,32.00,6.00,14.00,5.00,3.00,3.00,10715.00,19.00,32.00,3.00,-15.00,2.00,0.00,90.62,78.12,99.00,1,1,2025-02-11,1483.72,1334.91,0.67,0.33,1469.37,1349.26
13425,494,579,W,5.00,13439.00,20.00,31.00,9.00,5.00,3.00,0.00,4.00,13332.00,25.00,47.00,8.00,-5.00,4.00,1.00,91.49,83.87,99.00,1,1,2025-02-11,1569.39,1512.00,0.52,0.48,1548.90,1532.48
13427,63,379,L,1.00,13099.00,23.00,28.00,3.00,-20.00,0.00,0.00,5.00,13026.00,12.00,35.00,14.00,20.00,4.00,2.00,85.71,96.43,100.00,1,0,2025-02-11,1422.70,1267.74,0.78,0.22,1456.34,1234.10
13449,329,22,W,5.00,12478.00,17.00,27.00,6.00,15.00,4.00,3.00,1.00,11073.00,15.00,23.00,4.00,-15.00,1.00,0.00,95.65,81.48,100.00,1,2,2025-02-11,1401.85,1311.99,0.58,0.42,1383.63,1330.21
13452,8,332,L,4.00,12455.00,25.00,38.00,12.00,-20.00,2.00,0.00,6.00,12965.00,28.00,21.00,10.00,20.00,4.00,1.00,71.43,,100.00,1,3,2025-02-11,1264.81,1315.18,0.49,0.51,1285.79,1294.20
13454,24,581,L,2.00,12519.00,19.00,25.00,1.00,-5.00,2.00,0.00,3.00,12857.00,16.00,19.00,6.00,5.00,2.00,1.00,84.21,92.00,100.00,1,3,2025-02-11,1231.40,1125.98,0.72,0.28,1262.54,1094.84
13455,570,189,W,8.00,12733.00,29.00,31.00,5.00,20.00,8.00,4.00,3.00,11353.00,14.00,24.00,4.00,-20.00,1.00,1.00,87.50,74.19,100.00,1,3,2025-02-11,1151.03,1145.85,0.44,0.56,1126.87,1170.00
13456,336,38,L,2.00,12800.00,21.00,24.00,3.00,-11.00,1.00,0.00,6.00,12886.00,9.00,25.00,10.00,10.00,4.00,2.00,76.00,91.67,100.00,1,3,2025-02-11,1326.20,1098.24,0.85,0.15,1362.74,1061.69
13458,411,431,L,0.00,13127.00,10.00,8.00,7.00,-45.00,0.00,0.00,10.00,12647.00,25.00,35.00,6.00,42.00,7.00,2.00,71.43,100.00,100.00,1,5,2025-02-11,956.67,1187.09,0.23,0.77,966.52,1177.24
13459,130,269,W,3.00,12832.00,16.00,20.00,6.00,15.00,2.00,0.00,0.00,13289.00,18.00,29.00,3.00,-15.00,0.00,0.00,100.00,85.00,100.00,1,5,2025-02-11,1131.56,1350.40,0.16,0.84,1095.34,1386.63
13462,672,446,W,3.00,12386.00,12.00,22.00,5.00,10.00,3.00,1.00,1.00,11188.00,18.00,28.00,4.00,-10.00,1.00,1.00,96.43,86.36,100.00,1,5,2025-02-11,1033.08,1176.11,0.23,0.77,1000.00,1209.19
13467,201,245,L,0.00,12672.00,26.00,33.00,2.00,-20.00,0.00,0.00,4.00,12131.00,13.00,23.00,6.00,21.00,2.00,1.00,82.61,100.00,100.00,1,6,2025-02-11,880.01,944.48,0.46,0.54,900.00,924.49
13468,61,375,W,13.00,13032.00,14.00,37.00,1.00,55.00,11.00,5.00,1.00,11880.00,5.00,9.00,8.00,-55.00,0.00,0.00,88.89,,100.00,1,6,2025-02-11,955.92,1063.44,0.27,0.73,924.67,1094.70
13469,545,59,W,3.00,13097.00,20.00,19.00,2.00,0.00,3.00,1.00,2.00,5718.00,16.00,12.00,8.00,0.00,2.00,2.00,83.33,84.21,100.00,1,6,2025-02-11,918.65,878.31,0.50,0.50,896.96,900.00
13471,671,663,W,3.00,12364.00,24.00,19.00,13.00,3.00,2.00,0.00,1.00,12860.00,32.00,16.00,12.00,-5.00,0.00,0.00,93.75,84.21,100.00,1,7,2025-02-11,821.50,778.50,0.50,0.50,800.00,800.00
13478,501,676,W,7.00,12595.00,26.00,36.00,4.00,34.00,5.00,1.00,0.00,12406.00,15.00,11.00,15.00,-35.00,0.00,0.00,100.00,80.56,100.00,1,7,2025-02-11,880.20,782.33,0.59,0.41,862.53,800.00
13479,453,664,L,1.00,12373.00,17.00,14.00,7.00,-5.00,0.00,0.00,2.00,12811.00,20.00,15.00,9.00,5.00,1.00,0.00,86.67,92.86,100.00,1,7,2025-02-11,867.45,827.22,0.63,0.37,894.67,800.00
11849,4,49,W,4.00,12816.00,14.00,23.00,13.00,5.00,3.00,1.00,3.00,12922.00,30.00,27.00,9.00,-5.00,3.00,2.00,88.89,82.61,85.00,1,0,2025-02-15,1280.07,1472.75,0.18,0.82,1244.82,1508.00
11851,29,56,W,8.00,12876.00,6.00,33.00,10.00,19.00,7.00,4.00,4.00,13067.00,22.00,42.00,2.00,-25.00,4.00,2.00,90.48,75.76,85.00,1,0,2025-02-15,1679.83,1522.29,0.68,0.32,1666.02,1536.11
11854,573,578,W,4.00,12521.00,25.00,43.00,7.00,5.00,4.00,1.00,3.00,13183.00,20.00,27.00,8.00,0.00,2.00,1.00,88.89,90.70,85.00,1,0,2025-02-15,1613.41,1574.81,0.49,0.51,1591.60,1596.62
11855,447,17,L,4.00,12628.00,26.00,36.00,6.00,-5.00,2.00,1.00,8.00,12527.00,16.00,24.00,14.00,5.00,6.00,3.00,66.67,88.89,85.00,1,0,2025-02-15,1402.26,1694.91,0.17,0.83,1409.48,1687.70
11884,333,31,L,4.00,12768.00,8.00,25.00,7.00,-10.00,2.00,1.00,6.00,12635.00,21.00,39.00,3.00,15.00,4.00,2.00,84.62,84.00,85.00,1,1,2025-02-15,1452.87,1532.73,0.44,0.56,1471.78,1513.81
11901,12,63,L,1.00,12160.00,17.00,34.00,5.00,-30.00,1.00,0.00,5.00,11901.00,19.00,35.00,6.00,32.00,5.00,1.00,85.71,97.06,86.00,1,0,2025-02-15,1371.67,1442.25,0.45,0.55,1391.23,1422.70
11917,109,440,W,6.00,12964.00,20.00,51.00,9.00,10.00,6.00,3.00,1.00,11560.00,18.00,24.00,12.00,-10.00,1.00,0.00,95.83,88.24,86.00,1,1,2025-02-15,1503.28,1371.80,0.64,0.36,1487.83,1387.24
11979,498,22,W,3.00,8762.00,21.00,33.00,4.00,15.00,1.00,0.00,0.00,9300.00,17.00,20.00,2.00,-15.00,0.00,0.00,100.00,90.91,86.00,1,2,2025-02-15,1410.13,1295.45,0.62,0.38,1393.59,1311.99
12002,38,26,L,3.00,12356.00,20.00,33.00,8.00,-10.00,2.00,0.00,4.00,12789.00,19.00,24.00,12.00,10.00,4.00,2.00,83.33,90.91,86.00,1,3,2025-02-15,1072.89,1060.76,0.59,0.41,1098.24,1035.41
12003,205,397,L,5.00,12059.00,13.00,31.00,6.00,5.00,4.00,2.00,6.00,13000.00,34.00,28.00,4.00,-5.00,6.00,5.00,78.57,83.87,86.00,1,3,2025-02-15,1413.74,1349.96,0.67,0.33,1442.45,1321.25
12006,269,581,L,1.00,12962.00,46.00,38.00,7.00,-5.00,1.00,1.00,2.00,8281.00,18.00,14.00,8.00,5.00,0.00,0.00,85.71,97.37,86.00,1,3,2025-02-15,1316.67,1159.71,0.78,0.22,1350.40,1125.98
12160,401,501,L,3.00,12939.00,15.00,24.00,9.00,-5.00,2.00,2.00,4.00,12547.00,27.00,24.00,6.00,5.00,4.00,0.00,83.33,87.50,86.00,1,6,2025-02-15,822.63,899.33,0.44,0.56,841.76,880.20
12161,545,453,W,6.00,12238.00,28.00,30.00,6.00,20.00,5.00,0.00,4.00,11974.00,15.00,21.00,14.00,-24.00,1.00,0.00,,80.00,86.00,1,6,2025-02-15,937.00,849.10,0.57,0.43,918.65,867.45
12185,570,582,W,4.00,13141.00,21.00,32.00,5.00,10.00,3.00,1.00,2.00,11911.00,16.00,29.00,8.00,-10.00,1.00,1.00,93.10,87.50,86.00,1,4,2025-02-15,1167.42,1050.59,0.62,0.38,1151.03,1066.98
12186,448,577,L,1.00,11756.00,9.00,23.00,5.00,-15.00,1.00,0.00,6.00,12118.00,9.00,23.00,3.00,15.00,5.00,0.00,73.91,95.65,86.00,1,4,2025-02-15,1062.50,1120.04,0.48,0.52,1082.98,1099.56
12187,405,406,W,5.00,12859.00,36.00,36.00,4.00,20.00,5.00,0.00,2.00,11591.00,15.00,11.00,19.00,-20.00,1.00,0.00,81.82,77.78,86.00,1,4,2025-02-15,1216.13,1166.27,0.51,0.49,1195.11,1187.29
12219,215,400,L,0.00,11647.00,19.00,24.00,7.00,-5.00,0.00,0.00,1.00,11969.00,13.00,15.00,2.00,5.00,1.00,0.00,93.33,100.00,86.00,1,5,2025-02-15,1027.97,1081.02,0.48,0.52,1048.76,1060.23
12220,574,398,L,3.00,11597.00,15.00,21.00,5.00,-11.00,2.00,3.00,6.00,12551.00,23.00,27.00,3.00,9.00,4.00,2.00,77.78,85.71,86.00,1,5,2025-02-15,1016.46,1253.81,0.22,0.78,1025.99,1244.28
12221,130,216,W,2.00,8115.00,5.00,9.00,2.00,5.00,2.00,0.00,1.00,8829.00,4.00,12.00,0.00,-5.00,0.00,0.00,91.67,77.78,86.00,1,5,2025-02-15,1144.60,973.88,0.70,0.30,1131.56,986.91
11818,573,447,W,3.00,11998.00,22.00,32.00,10.00,5.00,3.00,2.00,2.00,12133.00,17.00,15.00,6.00,-5.00,1.00,1.00,86.67,90.62,85.00,1,0,2025-02-16,1623.25,1392.43,0.77,0.23,1613.41,1402.26
11830,580,49,L,2.00,12940.00,28.00,24.00,6.00,-10.00,2.00,2.00,3.00,12317.00,20.00,15.00,8.00,10.00,3.00,0.00,80.00,91.67,85.00,1,0,2025-02-16,1489.37,1496.75,0.56,0.44,1513.38,1472.75
11842,1,29,W,7.00,13231.00,15.00,34.00,12.00,10.00,7.00,4.00,3.00,12890.00,20.00,36.00,6.00,-10.00,3.00,2.00,91.67,79.41,85.00,1,0,2025-02-16,1496.05,1646.40,0.22,0.78,1462.62,1679.83
11876,494,333,W,10.00,11386.00,16.00,36.00,4.00,34.00,10.00,3.00,2.00,12545.00,12.00,23.00,7.00,-36.00,2.00,1.00,91.30,72.22,85.00,1,1,2025-02-16,1583.93,1438.32,0.66,0.34,1569.39,1452.87
11879,396,191,L,1.00,13096.00,4.00,16.00,13.00,-35.00,0.00,0.00,9.00,13116.00,31.00,62.00,1.00,35.00,8.00,3.00,85.48,93.75,85.00,1,1,2025-02-16,1326.81,1596.66,0.19,0.81,1334.91,1588.55
11882,92,35,L,4.00,13337.00,13.00,20.00,6.00,-2.00,4.00,2.00,5.00,13643.00,26.00,34.00,7.00,9.00,5.00,2.00,85.29,80.00,85.00,1,1,2025-02-16,1467.68,1589.91,0.37,0.63,1483.72,1573.87
11883,452,393,L,2.00,12792.00,17.00,23.00,15.00,-20.00,2.00,1.00,6.00,13060.00,23.00,47.00,9.00,20.00,6.00,2.00,87.23,91.30,85.00,1,1,2025-02-16,1624.64,1519.49,0.72,0.28,1655.76,1488.36
11902,443,409,W,6.00,12584.00,14.00,40.00,3.00,5.00,4.00,0.00,4.00,11905.00,10.00,24.00,1.00,-5.00,2.00,0.00,83.33,85.00,86.00,1,0,2025-02-16,1445.17,1397.67,0.51,0.49,1423.98,1418.85
11918,497,379,W,3.00,12969.00,19.00,32.00,11.00,9.00,3.00,2.00,1.00,11942.00,19.00,22.00,4.00,-10.00,0.00,0.00,95.45,90.62,86.00,1,1,2025-02-16,1439.60,1255.47,0.71,0.29,1427.34,1267.74
11978,22,44,L,3.00,12763.00,25.00,27.00,9.00,-15.00,3.00,2.00,6.00,12457.00,22.00,32.00,7.00,15.00,6.00,3.00,81.25,88.89,86.00,1,2,2025-02-16,1278.55,1387.90,0.39,0.61,1295.45,1371.00
11980,23,498,L,2.00,12288.00,25.00,32.00,4.00,-5.00,2.00,2.00,3.00,13058.00,13.00,30.00,2.00,5.00,2.00,0.00,90.00,93.75,86.00,1,2,2025-02-16,1373.98,1430.67,0.48,0.52,1394.52,1410.13
11981,402,207,W,7.00,11909.00,25.00,33.00,8.00,10.00,5.00,3.00,4.00,11687.00,15.00,24.00,8.00,-11.00,4.00,1.00,83.33,78.79,86.00,1,2,2025-02-16,1455.20,1130.27,0.86,0.14,1449.10,1136.37
11982,189,329,L,4.00,13946.00,20.00,33.00,8.00,0.00,4.00,2.00,5.00,14095.00,24.00,36.00,3.00,0.00,3.00,1.00,86.11,87.88,86.00,1,2,2025-02-16,1137.83,1409.87,0.19,0.81,1145.85,1401.85
12004,129,569,W,2.00,12756.00,22.00,25.00,1.00,5.00,1.00,0.00,1.00,11892.00,2.00,16.00,9.00,-5.00,1.00,0.00,93.75,92.00,86.00,1,3,2025-02-16,1226.66,1169.77,0.52,0.48,1206.14,1190.29
12005,8,446,W,5.00,11544.00,24.00,36.00,2.00,9.00,4.00,2.00,4.00,13239.00,9.00,36.00,12.00,-10.00,4.00,3.00,88.89,86.11,86.00,1,3,2025-02-16,1280.94,1159.98,0.62,0.38,1264.81,1176.11
12134,408,335,W,7.00,11832.00,15.00,30.00,3.00,10.00,5.00,1.00,4.00,11131.00,9.00,21.00,2.00,-10.00,2.00,2.00,80.95,76.67,86.00,1,1,2025-02-16,1541.00,1347.31,0.73,0.27,1529.27,1359.05
12162,489,652,W,7.00,12357.00,35.00,44.00,2.00,25.00,4.00,1.00,2.00,10648.00,10.00,7.00,5.00,-25.00,1.00,0.00,71.43,,86.00,1,6,2025-02-16,1156.73,829.21,0.86,0.14,1150.72,835.23
12184,331,332,L,2.00,12154.00,9.00,10.00,6.00,-10.00,2.00,0.00,4.00,12228.00,19.00,28.00,3.00,9.00,2.00,0.00,85.71,,86.00,1,4,2025-02-16,1089.16,1324.79,0.22,0.78,1098.76,1315.18
12188,584,568,L,0.00,11690.00,4.00,5.00,12.00,-25.00,0.00,0.00,5.00,13117.00,41.00,34.00,1.00,25.00,5.00,5.00,85.29,100.00,86.00,1,4,2025-02-16,1076.41,1288.96,0.25,0.75,1087.15,1278.22
12189,566,504,W,2.00,12220.00,21.00,32.00,6.00,5.00,2.00,0.00,1.00,12435.00,13.00,24.00,3.00,-5.00,1.00,0.00,95.83,93.75,86.00,1,4,2025-02-16,1291.36,924.51,0.89,0.11,1286.48,929.39
12207,111,63,L,2.00,13508.00,17.00,26.00,8.00,-5.00,2.00,0.00,3.00,13605.00,30.00,27.00,7.00,5.00,2.00,2.00,88.89,92.31,86.00,1,0,2025-02-16,1444.21,1465.30,0.54,0.46,1467.25,1442.25
12218,411,445,W,8.00,12073.00,13.00,34.00,7.00,25.00,8.00,3.00,2.00,12555.00,17.00,15.00,8.00,-25.00,2.00,1.00,86.67,76.47,86.00,1,5,2025-02-16,973.24,858.98,0.61,0.39,956.67,875.55
12222,176,61,D,4.00,13105.00,16.00,18.00,3.00,0.00,2.00,1.00,4.00,13107.00,13.00,24.00,3.00,-6.00,3.00,2.00,87.50,77.78,86.00,1,5,2025-02-16,1077.99,963.60,0.68,0.32,1085.67,955.92
12223,499,439,W,6.00,12069.00,14.00,21.00,5.00,10.00,6.00,4.00,0.00,4196.00,6.00,10.00,3.00,-10.00,0.00,0.00,100.00,71.43,86.00,1,5,2025-02-16,1195.02,1129.04,0.54,0.46,1175.14,1148.92
12224,375,431,W,4.00,14594.00,20.00,19.00,13.00,10.00,3.00,0.00,2.00,12978.00,26.00,26.00,6.00,-10.00,2.00,0.00,92.31,78.95,86.00,1,5,2025-02-16,1092.29,1158.25,0.33,0.67,1063.44,1187.09
11825,1,56,W,5.00,13347.00,28.00,36.00,12.00,10.00,5.00,3.00,2.00,13303.00,19.00,29.00,11.00,-10.00,2.00,2.00,93.10,86.11,85.00,1,0,2025-02-19,1519.17,1499.17,0.46,0.54,1496.05,1522.29
11863,452,494,L,2.00,12939.00,18.00,19.00,12.00,-15.00,2.00,0.00,5.00,12289.00,20.00,35.00,7.00,15.00,4.00,1.00,85.71,89.47,85.00,1,1,2025-02-22,1600.63,1607.94,0.56,0.44,1624.64,1583.93
11986,438,23,L,3.00,12509.00,23.00,21.00,10.00,-15.00,3.00,0.00,5.00,12116.00,21.00,38.00,10.00,14.00,4.00,3.00,86.84,85.71,86.00,1,2,2025-02-22,1509.29,1405.06,0.72,0.28,1540.36,1373.98
11988,498,214,W,8.00,12371.00,26.00,47.00,7.00,15.00,8.00,4.00,5.00,13392.00,14.00,27.00,18.00,-15.00,5.00,1.00,81.48,82.98,86.00,1,2,2025-02-22,1440.58,1211.25,0.77,0.23,1430.67,1221.16
11991,336,44,L,4.00,11735.00,12.00,25.00,4.00,-15.00,3.00,2.00,7.00,12288.00,23.00,37.00,3.00,13.00,6.00,0.00,81.08,84.00,86.00,1,2,2025-02-22,1308.48,1405.62,0.41,0.59,1326.20,1387.90
12011,397,446,L,3.00,12786.00,43.00,38.00,7.00,-10.00,3.00,0.00,6.00,12991.00,18.00,24.00,26.00,10.00,5.00,0.00,75.00,92.11,86.00,1,3,2025-02-22,1317.75,1192.19,0.75,0.25,1349.96,1159.98
12165,652,545,L,2.00,12653.00,20.00,16.00,4.00,-10.00,1.00,1.00,5.00,12639.00,21.00,25.00,8.00,10.00,3.00,0.00,80.00,87.50,86.00,1,6,2025-02-22,814.18,952.04,0.35,0.65,829.21,937.00
12166,501,453,W,2.00,13342.00,28.00,23.00,7.00,5.00,0.00,0.00,0.00,12549.00,20.00,16.00,9.00,-5.00,0.00,0.00,100.00,91.30,86.00,1,6,2025-02-22,917.74,830.68,0.57,0.43,899.33,849.10
12209,63,12,W,7.00,10554.00,44.00,48.00,17.00,26.00,4.00,2.00,3.00,12303.00,25.00,48.00,6.00,-25.00,3.00,1.00,93.75,85.42,86.00,1,0,2025-02-22,1481.14,1355.83,0.63,0.37,1465.30,1371.67
12216,570,568,L,2.00,13106.00,20.00,20.00,5.00,-10.00,1.00,0.00,4.00,12457.00,10.00,22.00,0.00,9.00,3.00,1.00,81.82,90.00,86.00,1,4,2025-02-22,1153.15,1303.23,0.33,0.67,1167.42,1288.96
12217,331,406,L,0.00,12745.00,24.00,28.00,8.00,-10.00,0.00,0.00,2.00,11654.00,18.00,23.00,2.00,10.00,2.00,0.00,91.30,100.00,86.00,1,4,2025-02-22,1072.35,1183.08,0.39,0.61,1089.16,1166.27
12240,445,176,L,1.00,13096.00,16.00,16.00,7.00,-60.00,1.00,1.00,13.00,13330.00,25.00,52.00,7.00,60.00,8.00,4.00,75.00,93.75,86.00,1,5,2025-02-22,849.49,1087.49,0.22,0.78,858.98,1077.99
12242,574,130,L,4.00,12538.00,20.00,23.00,11.00,-11.00,4.00,1.00,5.00,13290.00,21.00,22.00,6.00,10.00,3.00,0.00,77.27,82.61,86.00,1,5,2025-02-22,1002.55,1158.51,0.32,0.68,1016.46,1144.60
12245,375,411,W,7.00,12741.00,24.00,27.00,13.00,20.00,6.00,2.00,4.00,13369.00,30.00,25.00,7.00,-20.00,2.00,1.00,84.00,74.07,86.00,1,5,2025-02-22,1106.69,958.83,0.66,0.34,1092.29,973.24
12260,109,379,L,3.00,13286.00,32.00,33.00,10.00,0.00,3.00,0.00,4.00,12098.00,21.00,23.00,17.00,-1.00,2.00,1.00,82.61,90.91,86.00,6,1,2025-02-22,1468.60,1290.15,0.81,0.19,1503.28,1255.47
12261,332,502,W,6.00,12355.00,34.00,38.00,4.00,10.00,4.00,0.00,3.00,12999.00,23.00,26.00,10.00,-11.00,0.00,0.00,,84.21,86.00,1,4,2025-02-22,1335.95,1131.44,0.74,0.26,1324.79,1142.60
12291,580,56,L,2.00,12715.00,29.00,35.00,7.00,4.00,0.00,0.00,3.00,13127.00,19.00,27.00,13.00,-6.00,2.00,1.00,88.89,94.29,85.00,7,0,2025-02-22,1468.48,1520.07,0.49,0.51,1489.37,1499.17
11885,35,333,W,9.00,12636.00,17.00,41.00,6.00,14.00,9.00,6.00,6.00,12593.00,14.00,23.00,3.00,-15.00,6.00,4.00,73.91,78.05,85.00,1,1,2025-02-23,1602.58,1425.65,0.71,0.29,1589.91,1438.32
11886,31,494,W,6.00,13194.00,20.00,34.00,6.00,6.00,5.00,2.00,4.00,12698.00,16.00,25.00,3.00,-5.00,3.00,2.00,84.00,82.35,85.00,1,1,2025-02-23,1558.81,1581.86,0.39,0.61,1532.73,1607.94
11887,452,396,W,6.00,12889.00,26.00,39.00,2.00,10.00,5.00,2.00,3.00,12843.00,11.00,26.00,12.00,-10.00,3.00,1.00,88.46,84.62,85.00,1,1,2025-02-23,1608.00,1319.44,0.83,0.17,1600.63,1326.81
11888,579,393,L,0.00,12112.00,18.00,34.00,6.00,-10.00,0.00,0.00,2.00,12537.00,21.00,30.00,7.00,10.00,1.00,0.00,93.33,100.00,85.00,1,1,2025-02-23,1490.96,1540.53,0.49,0.51,1512.00,1519.49
11983,402,22,W,5.00,12458.00,11.00,21.00,1.00,15.00,5.00,3.00,0.00,11763.00,14.00,23.00,7.00,-15.00,0.00,0.00,100.00,76.19,86.00,1,2,2025-02-23,1466.63,1267.13,0.73,0.27,1455.20,1278.55
11984,207,189,L,3.00,12878.00,28.00,34.00,9.00,-10.00,3.00,2.00,6.00,12530.00,18.00,22.00,10.00,9.00,1.00,0.00,,91.18,86.00,1,2,2025-02-23,1109.24,1158.86,0.49,0.51,1130.27,1137.83
12012,8,38,W,3.00,12187.00,27.00,44.00,5.00,-5.00,3.00,1.00,2.00,12318.00,8.00,24.00,2.00,5.00,1.00,1.00,91.67,93.18,86.00,1,3,2025-02-23,1290.91,1062.92,0.77,0.23,1280.94,1072.89
12164,401,652,L,3.00,13299.00,29.00,29.00,16.00,-5.00,3.00,1.00,4.00,12786.00,34.00,33.00,8.00,5.00,2.00,0.00,87.88,89.66,86.00,1,6,2025-02-23,800.61,836.20,0.51,0.49,822.63,814.18
12210,443,409,W,6.00,12956.00,10.00,30.00,10.00,15.00,2.00,0.00,3.00,12396.00,20.00,30.00,2.00,-15.00,3.00,0.00,90.00,80.00,86.00,1,0,2025-02-23,1463.74,1379.09,0.57,0.43,1445.17,1397.67
12211,584,566,L,3.00,13042.00,24.00,21.00,12.00,-35.00,1.00,0.00,11.00,11441.00,29.00,35.00,6.00,38.00,9.00,4.00,68.57,85.71,86.00,1,4,2025-02-23,1066.74,1301.03,0.22,0.78,1076.41,1291.36
12212,582,570,L,1.00,12922.00,16.00,23.00,10.00,-35.00,0.00,0.00,9.00,12520.00,23.00,31.00,2.00,34.00,6.00,0.00,70.97,95.65,86.00,1,4,2025-02-23,1035.25,1168.48,0.36,0.64,1050.59,1153.15
12214,577,504,L,1.00,12529.00,13.00,27.00,8.00,-5.00,1.00,0.00,2.00,12083.00,16.00,28.00,3.00,5.00,1.00,1.00,92.86,96.30,86.00,1,4,2025-02-23,1087.57,956.98,0.76,0.24,1120.04,924.51
12241,398,215,W,3.00,12243.00,20.00,28.00,10.00,5.00,1.00,0.00,2.00,13177.00,28.00,30.00,7.00,-5.00,2.00,1.00,93.33,89.29,86.00,1,5,2025-02-23,1263.02,1018.76,0.79,0.21,1253.81,1027.97
12243,216,439,L,2.00,12670.00,29.00,18.00,7.00,-14.00,2.00,1.00,7.00,11936.00,22.00,54.00,13.00,14.00,6.00,3.00,87.04,,86.00,1,5,2025-02-23,961.39,1141.53,0.29,0.71,973.88,1129.04
12244,431,499,L,1.00,11438.00,15.00,28.00,2.00,-5.00,0.00,0.00,2.00,12048.00,7.00,21.00,7.00,5.00,2.00,0.00,90.48,96.43,86.00,1,5,2025-02-23,1139.02,1214.26,0.45,0.55,1158.25,1195.02
12290,56,580,L,2.00,12549.00,15.00,16.00,12.00,-16.00,2.00,2.00,5.00,12617.00,20.00,38.00,3.00,15.00,3.00,1.00,86.84,87.50,85.00,7,0,2025-02-23,1495.40,1493.15,0.57,0.43,1520.07,1468.48
12262,568,570,L,2.00,12411.00,30.00,25.00,8.00,-20.00,2.00,0.00,7.00,12657.00,13.00,29.00,16.00,20.00,6.00,1.00,75.86,92.00,86.00,1,4,2025-02-28,1273.79,1197.93,0.68,0.32,1303.23,1168.48
12775,397,205,W,7.00,12783.00,38.00,52.00,5.00,15.00,6.00,1.00,4.00,12100.00,21.00,35.00,18.00,-15.00,3.00,3.00,88.57,86.54,86.00,5,3,2025-03-05,1345.04,1386.44,0.37,0.63,1317.75,1413.74
12777,502,570,L,1.00,13095.00,17.00,18.00,10.00,-25.00,1.00,0.00,6.00,11886.00,27.00,32.00,1.00,25.00,4.00,0.00,81.25,94.44,86.00,4,4,2025-03-05,1114.01,1215.36,0.41,0.59,1131.44,1197.93
12778,568,332,L,2.00,12492.00,23.00,25.00,4.00,-10.00,2.00,1.00,5.00,11790.00,18.00,26.00,6.00,10.00,4.00,2.00,80.77,92.00,86.00,5,4,2025-03-05,1256.09,1353.64,0.41,0.59,1273.79,1335.95
13163,667,379,W,7.00,12782.00,30.00,44.00,3.00,15.00,5.00,3.00,3.00,11990.00,12.00,23.00,10.00,-15.00,3.00,2.00,86.96,84.09,100.00,1,0,2025-03-10,1509.89,1280.26,0.77,0.23,1500.00,1290.15
13211,217,411,W,7.00,12092.00,21.00,24.00,3.00,23.00,7.00,2.00,2.00,13030.00,11.00,20.00,8.00,-25.00,1.00,0.00,,70.83,100.00,1,5,2025-03-10,1018.96,939.86,0.56,0.44,1000.00,958.83
13421,31,378,L,1.00,12418.00,17.00,11.00,4.00,-20.00,1.00,0.00,7.00,12995.00,23.00,50.00,8.00,20.00,5.00,3.00,86.00,90.91,99.00,1,1,2025-03-11,1528.11,1430.70,0.71,0.29,1558.81,1400.00
13445,667,35,L,5.00,15753.00,20.00,43.00,7.00,14.00,4.00,2.00,7.00,16619.00,21.00,36.00,6.00,-15.00,5.00,5.00,80.56,88.37,100.00,1,0,2025-03-11,1494.00,1618.48,0.37,0.63,1509.89,1602.58
13446,239,443,L,3.00,13244.00,19.00,23.00,14.00,-20.00,3.00,1.00,7.00,13678.00,33.00,42.00,3.00,20.00,7.00,5.00,,86.96,100.00,1,0,2025-03-11,1523.01,1490.46,0.62,0.38,1549.72,1463.74
13451,402,498,W,5.00,12940.00,31.00,24.00,6.00,10.00,4.00,2.00,3.00,12730.00,23.00,30.00,10.00,-10.00,3.00,3.00,90.00,79.17,100.00,1,2,2025-03-11,1486.52,1420.69,0.54,0.46,1466.63,1440.58
13453,568,214,L,2.00,12398.00,26.00,39.00,6.00,-14.00,0.00,0.00,5.00,12215.00,17.00,22.00,6.00,14.00,4.00,2.00,,94.87,100.00,1,3,2025-03-11,1231.83,1235.51,0.56,0.44,1256.09,1211.25
13463,176,217,L,2.00,12241.00,19.00,19.00,3.00,-25.00,1.00,0.00,7.00,11277.00,11.00,29.00,12.00,23.00,5.00,4.00,75.86,89.47,100.00,1,5,2025-03-11,1061.80,1044.65,0.60,0.40,1087.49,1018.96
13464,448,400,L,1.00,12447.00,25.00,26.00,6.00,-15.00,1.00,1.00,4.00,11718.00,16.00,21.00,9.00,14.00,2.00,0.00,80.95,96.15,100.00,1,5,2025-03-11,1042.15,1101.38,0.47,0.53,1062.50,1081.02
13470,584,201,L,1.00,12550.00,30.00,23.00,9.00,0.00,1.00,0.00,2.00,13444.00,20.00,28.00,7.00,0.00,2.00,2.00,92.86,95.65,100.00,1,6,2025-03-11,1034.68,912.07,0.75,0.25,1066.74,880.01
13472,674,673,L,3.00,12845.00,12.00,16.00,12.00,-10.00,2.00,0.00,5.00,12932.00,41.00,43.00,6.00,10.00,3.00,1.00,88.37,81.25,100.00,1,7,2025-03-11,778.50,821.50,0.50,0.50,800.00,800.00
13474,48,409,W,7.00,11978.00,34.00,32.00,11.00,14.00,4.00,1.00,4.00,12133.00,23.00,18.00,12.00,-16.00,4.00,1.00,77.78,78.12,100.00,1,1,2025-03-11,1548.91,1366.71,0.71,0.29,1536.54,1379.09
13475,408,12,W,4.00,12302.00,24.00,41.00,11.00,14.00,3.00,1.00,1.00,11758.00,30.00,23.00,6.00,-15.00,1.00,1.00,95.65,90.24,100.00,1,1,2025-03-11,1552.02,1344.81,0.74,0.26,1541.00,1355.83
12436,176,215,L,1.00,12666.00,25.00,27.00,6.00,-10.00,1.00,1.00,3.00,12078.00,18.00,20.00,15.00,10.00,2.00,1.00,85.00,96.30,86.00,1,5,2025-03-14,1037.65,1042.91,0.56,0.44,1061.80,1018.76
12015,205,269,W,3.00,12876.00,22.00,23.00,13.00,0.00,2.00,2.00,2.00,12871.00,30.00,30.00,5.00,0.00,2.00,2.00,93.33,86.96,86.00,1,3,2025-03-15,1403.68,1299.43,0.60,0.40,1386.44,1316.67
12313,505,1,L,0.00,13657.00,33.00,31.00,8.00,-16.00,0.00,0.00,3.00,12534.00,24.00,46.00,13.00,14.00,3.00,1.00,93.48,100.00,85.00,6,0,2025-03-15,1471.25,1538.93,0.46,0.54,1491.01,1519.17
12351,406,582,L,1.00,14031.00,31.00,29.00,4.00,-5.00,0.00,0.00,2.00,13973.00,12.00,33.00,10.00,5.00,1.00,0.00,93.94,96.55,86.00,1,4,2025-03-15,1152.94,1065.39,0.70,0.30,1183.08,1035.25
12357,332,448,W,7.00,12926.00,27.00,35.00,6.00,14.00,5.00,3.00,4.00,12846.00,18.00,28.00,10.00,-15.00,2.00,0.00,85.71,80.00,86.00,1,4,2025-03-15,1359.78,1036.01,0.86,0.14,1353.64,1042.15
12375,61,431,L,5.00,14117.00,30.00,30.00,7.00,0.00,3.00,3.00,6.00,13761.00,18.00,24.00,14.00,-1.00,4.00,0.00,75.00,83.33,86.00,1,5,2025-03-15,952.12,1150.50,0.27,0.73,963.60,1139.02
12379,445,439,L,2.00,8766.00,13.00,25.00,10.00,-15.00,1.00,0.00,6.00,8531.00,22.00,26.00,8.00,15.00,3.00,0.00,76.92,92.00,86.00,1,5,2025-03-15,842.74,1148.28,0.16,0.84,849.49,1141.53
12380,216,411,W,6.00,12890.00,32.00,36.00,7.00,15.00,5.00,0.00,4.00,12108.00,19.00,16.00,9.00,-15.00,3.00,2.00,75.00,83.33,86.00,1,5,2025-03-15,981.56,919.69,0.53,0.47,961.39,939.86
12396,438,22,W,6.00,13422.00,39.00,44.00,8.00,3.00,5.00,1.00,5.00,13082.00,14.00,24.00,18.00,-3.00,4.00,3.00,79.17,86.36,86.00,6,2,2025-03-15,1517.84,1258.58,0.80,0.20,1509.29,1267.13
12397,23,336,L,2.00,12162.00,24.00,29.00,4.00,-10.00,2.00,1.00,6.00,11756.00,12.00,34.00,7.00,10.00,6.00,3.00,82.35,93.10,86.00,6,2,2025-03-15,1377.73,1335.81,0.64,0.36,1405.06,1308.48
12416,452,393,W,5.00,13178.00,13.00,30.00,2.00,15.00,5.00,1.00,3.00,12918.00,17.00,38.00,5.00,-16.00,2.00,0.00,92.11,83.33,85.00,6,1,2025-03-15,1625.37,1523.15,0.60,0.40,1608.00,1540.53
12417,17,56,W,3.00,13178.00,22.00,34.00,7.00,10.00,2.00,1.00,1.00,12180.00,17.00,24.00,5.00,-10.00,1.00,1.00,95.83,91.18,85.00,6,0,2025-03-15,1705.26,1485.05,0.76,0.24,1694.91,1495.40
12421,451,489,L,1.00,11955.00,12.00,13.00,14.00,-20.00,0.00,0.00,6.00,12672.00,19.00,30.00,4.00,21.00,3.00,0.00,80.00,92.31,86.00,6,6,2025-03-15,862.03,1163.62,0.16,0.84,868.92,1156.73
12422,501,104,L,0.00,12299.00,13.00,12.00,19.00,-5.00,0.00,0.00,1.00,13375.00,48.00,52.00,5.00,5.00,1.00,0.00,98.08,100.00,86.00,6,6,2025-03-15,912.73,1274.53,0.12,0.88,917.74,1269.52
12424,449,245,L,1.00,12185.00,9.00,11.00,7.00,-20.00,0.00,0.00,4.00,12878.00,30.00,30.00,3.00,20.00,4.00,3.00,86.67,90.91,86.00,6,6,2025-03-15,890.89,963.87,0.45,0.55,910.28,944.48
12425,573,442,W,3.00,12948.00,30.00,33.00,10.00,5.00,3.00,2.00,1.00,12275.00,29.00,16.00,8.00,-5.00,1.00,0.00,93.75,90.91,85.00,6,0,2025-03-15,1634.23,1426.33,0.74,0.26,1623.25,1437.31
12427,35,579,L,4.00,13217.00,14.00,32.00,7.00,-1.00,4.00,3.00,5.00,12092.00,17.00,28.00,2.00,1.00,5.00,2.00,82.14,87.50,85.00,6,1,2025-03-15,1589.42,1520.01,0.68,0.32,1618.48,1490.96
12430,402,498,W,7.00,12166.00,20.00,36.00,11.00,20.00,6.00,4.00,1.00,12259.00,27.00,24.00,7.00,-19.00,1.00,1.00,95.83,,86.00,6,2,2025-03-15,1503.99,1403.21,0.59,0.41,1486.52,1420.69
12433,408,497,L,2.00,12006.00,16.00,26.00,6.00,-11.00,2.00,0.00,4.00,12277.00,23.00,28.00,4.00,10.00,3.00,0.00,85.71,92.31,86.00,3,1,2025-03-15,1523.79,1467.83,0.66,0.34,1552.02,1439.60
12275,443,111,L,2.00,12742.00,26.00,37.00,5.00,-10.00,1.00,0.00,4.00,12941.00,19.00,22.00,4.00,10.00,3.00,2.00,81.82,94.59,86.00,1,0,2025-03-16,1466.11,1468.55,0.57,0.43,1490.46,1444.21
12276,12,239,L,3.00,12750.00,26.00,38.00,8.00,-30.00,3.00,0.00,7.00,12522.00,34.00,30.00,13.00,28.00,7.00,5.00,76.67,92.11,86.00,1,0,2025-03-16,1333.47,1534.35,0.26,0.74,1344.81,1523.01
12314,505,1,W,5.00,12880.00,23.00,32.00,15.00,9.00,5.00,3.00,3.00,12783.00,25.00,45.00,5.00,-8.00,3.00,3.00,93.33,84.38,85.00,6,0,2025-03-16,1496.89,1513.30,0.40,0.60,1471.25,1538.93
12352,582,332,L,0.00,13073.00,22.00,20.00,9.00,-20.00,0.00,0.00,5.00,12469.00,22.00,41.00,11.00,20.00,5.00,3.00,87.80,100.00,86.00,1,4,2025-03-16,1058.72,1366.45,0.16,0.84,1065.39,1359.78
12353,584,331,W,3.00,13220.00,25.00,19.00,18.00,0.00,3.00,2.00,2.00,12714.00,36.00,29.00,9.00,0.00,2.00,2.00,93.10,84.21,86.00,1,4,2025-03-16,1058.50,1048.53,0.45,0.55,1034.68,1072.35
12354,502,566,L,5.00,9992.00,27.00,26.00,6.00,-10.00,2.00,0.00,6.00,11280.00,13.00,26.00,9.00,9.00,5.00,3.00,,80.77,86.00,1,4,2025-03-16,1103.08,1311.96,0.25,0.75,1114.01,1301.03
12355,405,568,L,2.00,11930.00,17.00,23.00,8.00,-15.00,2.00,1.00,4.00,12472.00,21.00,24.00,10.00,15.00,4.00,3.00,83.33,91.30,86.00,1,4,2025-03-16,1195.60,1252.36,0.48,0.52,1216.13,1231.83
12356,504,448,W,4.00,12682.00,14.00,20.00,7.00,15.00,4.00,1.00,2.00,12687.00,24.00,45.00,6.00,-15.00,2.00,0.00,95.56,80.00,86.00,1,4,2025-03-16,983.29,1009.70,0.39,0.61,956.98,1036.01
12377,375,215,L,3.00,12676.00,23.00,17.00,12.00,0.00,2.00,0.00,4.00,11176.00,20.00,17.00,1.00,0.00,2.00,1.00,76.47,82.35,86.00,1,5,2025-03-16,1081.29,1068.31,0.59,0.41,1106.69,1042.91
12418,56,17,L,2.00,12576.00,28.00,24.00,4.00,-15.00,2.00,1.00,6.00,12324.00,10.00,26.00,9.00,14.00,6.00,3.00,76.92,91.67,85.00,6,0,2025-03-16,1475.60,1714.71,0.22,0.78,1485.05,1705.26
12423,453,545,L,1.00,12641.00,16.00,15.00,11.00,-45.00,1.00,1.00,11.00,13324.00,30.00,35.00,4.00,45.00,9.00,1.00,68.57,93.33,86.00,6,6,2025-03-16,816.40,966.32,0.33,0.67,830.68,952.04
12426,573,442,W,4.00,13302.00,31.00,43.00,8.00,0.00,3.00,2.00,3.00,12052.00,17.00,25.00,9.00,-1.00,2.00,1.00,88.00,90.70,85.00,6,0,2025-03-16,1644.20,1416.35,0.77,0.23,1634.23,1426.33
12431,44,329,W,3.00,11830.00,23.00,21.00,9.00,15.00,3.00,2.00,0.00,13107.00,28.00,25.00,6.00,-15.00,0.00,0.00,100.00,85.71,86.00,6,2,2025-03-16,1427.38,1388.10,0.49,0.51,1405.62,1409.87
12432,22,438,L,5.00,10764.00,22.00,28.00,4.00,8.00,3.00,2.00,6.00,12695.00,24.00,29.00,5.00,-10.00,6.00,3.00,79.31,,86.00,6,2,2025-03-16,1250.69,1525.73,0.18,0.82,1258.58,1517.84
12434,497,408,L,2.00,11763.00,21.00,31.00,9.00,-12.00,2.00,1.00,5.00,13036.00,33.00,34.00,10.00,14.00,4.00,2.00,85.29,93.55,86.00,3,1,2025-03-16,1449.76,1541.86,0.42,0.58,1467.83,1523.79
12435,400,398,W,6.00,12831.00,14.00,22.00,5.00,11.00,4.00,3.00,4.00,12923.00,26.00,20.00,4.00,-11.00,4.00,1.00,80.00,72.73,86.00,1,5,2025-03-16,1132.21,1232.18,0.28,0.72,1101.38,1263.02
12437,570,405,W,4.00,12710.00,20.00,28.00,2.00,10.00,2.00,1.00,3.00,12229.00,22.00,21.00,9.00,-10.00,1.00,0.00,85.71,85.71,86.00,1,4,2025-03-22,1235.64,1175.32,0.53,0.47,1215.36,1195.60
12439,448,331,W,7.00,12491.00,21.00,22.00,5.00,4.00,5.00,0.00,4.00,12625.00,18.00,21.00,9.00,-6.00,3.00,1.00,80.95,68.18,86.00,1,4,2025-03-22,1033.60,1024.64,0.44,0.56,1009.70,1048.53
12441,504,582,W,6.00,12800.00,23.00,25.00,5.00,20.00,3.00,0.00,2.00,11924.00,11.00,21.00,9.00,-20.00,2.00,0.00,90.48,76.00,86.00,1,4,2025-03-22,1009.38,1032.62,0.39,0.61,983.29,1058.72
12442,566,584,W,5.00,12150.00,28.00,38.00,1.00,15.00,1.00,1.00,1.00,12748.00,9.00,25.00,8.00,-15.00,1.00,1.00,96.00,86.84,86.00,1,4,2025-03-22,1320.07,1050.39,0.81,0.19,1311.96,1058.50
12444,568,332,W,5.00,12194.00,35.00,27.00,6.00,9.00,5.00,2.00,2.00,12530.00,14.00,18.00,17.00,-9.00,1.00,1.00,88.89,81.48,86.00,1,4,2025-03-22,1280.68,1338.13,0.34,0.66,1252.36,1366.45
12446,431,439,W,6.00,13459.00,19.00,27.00,8.00,1.00,2.00,0.00,5.00,13437.00,36.00,29.00,11.00,-2.00,3.00,0.00,82.76,77.78,86.00,1,5,2025-03-22,1171.86,1126.91,0.50,0.50,1150.50,1148.28
12447,411,400,L,3.00,12455.00,22.00,26.00,11.00,-20.00,2.00,0.00,7.00,12241.00,23.00,26.00,6.00,20.00,7.00,4.00,73.08,88.46,86.00,1,5,2025-03-22,909.92,1141.99,0.23,0.77,919.69,1132.21
12448,130,445,W,4.00,12866.00,18.00,29.00,3.00,5.00,3.00,1.00,3.00,10808.00,11.00,20.00,8.00,-5.00,2.00,0.00,85.00,86.21,86.00,1,5,2025-03-22,1164.52,836.73,0.86,0.14,1158.51,842.74
12449,574,375,L,1.00,12697.00,19.00,28.00,4.00,2.00,1.00,0.00,2.00,13080.00,20.00,26.00,10.00,-2.00,1.00,0.00,92.31,96.43,86.00,1,5,2025-03-22,985.84,1098.00,0.39,0.61,1002.55,1081.29
12451,499,216,W,6.00,11905.00,13.00,17.00,8.00,10.00,4.00,1.00,4.00,12039.00,30.00,29.00,5.00,-11.00,1.00,0.00,86.21,64.71,86.00,1,5,2025-03-22,1223.18,972.64,0.79,0.21,1214.26,981.56
12457,48,379,L,0.00,11795.00,25.00,32.00,6.00,-20.00,0.00,0.00,4.00,12157.00,22.00,31.00,15.00,19.00,2.00,0.00,87.10,100.00,86.00,3,1,2025-03-22,1513.46,1315.71,0.82,0.18,1548.91,1280.26
12459,23,336,W,4.00,12219.00,23.00,28.00,14.00,15.00,2.00,0.00,0.00,12401.00,30.00,29.00,10.00,-15.00,0.00,0.00,100.00,85.71,86.00,6,2,2025-03-22,1396.65,1316.89,0.56,0.44,1377.73,1335.81
12460,569,397,L,2.00,12190.00,18.00,25.00,4.00,-15.00,2.00,1.00,6.00,13172.00,17.00,39.00,6.00,15.00,5.00,3.00,84.62,92.00,86.00,6,3,2025-03-22,1158.28,1356.53,0.27,0.73,1169.77,1345.04
12481,191,31,L,1.00,12566.00,25.00,36.00,5.00,-15.00,1.00,1.00,4.00,12005.00,17.00,38.00,5.00,14.00,3.00,1.00,89.47,97.22,85.00,3,1,2025-03-22,1570.97,1553.80,0.60,0.40,1596.66,1528.11
12482,505,1,W,5.00,13702.00,31.00,29.00,11.00,10.00,4.00,2.00,4.00,13481.00,32.00,48.00,14.00,-10.00,4.00,2.00,91.67,82.76,85.00,6,0,2025-03-22,1519.40,1490.78,0.48,0.52,1496.89,1513.30
12485,129,269,W,4.00,13099.00,11.00,19.00,9.00,5.00,3.00,1.00,3.00,13309.00,34.00,37.00,6.00,-5.00,3.00,0.00,91.89,78.95,86.00,6,3,2025-03-22,1252.60,1273.49,0.40,0.60,1226.66,1299.43
12487,502,577,L,2.00,13332.00,34.00,37.00,11.00,-11.00,2.00,1.00,5.00,12436.00,29.00,29.00,7.00,9.00,4.00,0.00,82.76,94.59,86.00,1,4,2025-03-22,1080.62,1110.03,0.52,0.48,1103.08,1087.57
12492,451,489,L,0.00,12902.00,22.00,18.00,7.00,-39.00,0.00,0.00,8.00,11420.00,16.00,29.00,4.00,38.00,4.00,1.00,72.41,100.00,86.00,6,6,2025-03-22,855.59,1170.06,0.15,0.85,862.03,1163.62
12498,104,501,W,8.00,13070.00,26.00,22.00,4.00,20.00,4.00,1.00,3.00,13083.00,22.00,14.00,12.00,-20.00,1.00,1.00,78.57,,86.00,6,6,2025-03-22,1279.29,907.96,0.89,0.11,1274.53,912.73
12273,111,12,W,5.00,13077.00,19.00,23.00,5.00,4.00,4.00,3.00,4.00,13020.00,20.00,31.00,8.00,-5.00,4.00,2.00,87.10,78.26,86.00,1,0,2025-03-23,1482.09,1319.93,0.69,0.31,1468.55,1333.47
12438,570,331,W,8.00,10987.00,17.00,32.00,3.00,15.00,5.00,0.00,2.00,11344.00,17.00,20.00,9.00,-15.00,1.00,0.00,90.00,75.00,86.00,1,4,2025-03-23,1245.48,1014.79,0.77,0.23,1235.64,1024.64
12440,448,406,W,3.00,12736.00,24.00,46.00,10.00,10.00,1.00,0.00,2.00,12207.00,14.00,17.00,6.00,-10.00,2.00,0.00,88.24,93.48,86.00,1,4,2025-03-23,1062.20,1124.34,0.33,0.67,1033.60,1152.94
12443,577,584,W,2.00,10660.00,27.00,29.00,2.00,10.00,2.00,1.00,0.00,10867.00,19.00,20.00,12.00,-9.00,0.00,0.00,100.00,93.10,86.00,1,4,2025-03-23,1127.87,1032.54,0.58,0.42,1110.03,1050.39
12450,176,398,L,3.00,12479.00,23.00,29.00,10.00,-5.00,2.00,0.00,4.00,12043.00,27.00,24.00,6.00,4.00,2.00,1.00,83.33,89.66,86.00,1,5,2025-03-23,1027.07,1242.76,0.25,0.75,1037.65,1232.18
12452,574,411,L,4.00,12887.00,30.00,30.00,10.00,-21.00,4.00,4.00,8.00,12467.00,16.00,28.00,10.00,20.00,6.00,2.00,71.43,86.67,86.00,1,5,2025-03-23,959.72,936.04,0.61,0.39,985.84,909.92
12453,400,445,W,8.00,12991.00,27.00,51.00,1.00,35.00,8.00,3.00,1.00,11709.00,5.00,16.00,7.00,-35.00,0.00,0.00,93.75,84.31,86.00,1,5,2025-03-23,1148.32,830.40,0.85,0.15,1141.99,836.73
12455,375,130,L,4.00,14003.00,29.00,31.00,12.00,0.00,4.00,0.00,5.00,13887.00,25.00,23.00,15.00,1.00,4.00,1.00,78.26,87.10,86.00,1,5,2025-03-23,1080.57,1181.95,0.41,0.59,1098.00,1164.52
12458,379,48,W,3.00,12795.00,19.00,33.00,14.00,5.00,2.00,1.00,1.00,12179.00,28.00,26.00,3.00,-5.00,1.00,0.00,96.15,90.91,86.00,3,1,2025-03-23,1348.27,1480.90,0.24,0.76,1315.71,1513.46
12483,191,31,L,3.00,11882.00,23.00,33.00,5.00,-11.00,3.00,1.00,4.00,11486.00,18.00,28.00,9.00,10.00,4.00,1.00,85.71,90.91,85.00,3,1,2025-03-23,1548.41,1576.36,0.52,0.48,1570.97,1553.80
12484,329,44,L,3.00,12888.00,34.00,41.00,6.00,-36.00,2.00,0.00,9.00,11964.00,10.00,30.00,11.00,35.00,7.00,5.00,,92.68,86.00,6,2,2025-03-23,1369.02,1446.46,0.44,0.56,1388.10,1427.38
12486,205,581,W,5.00,13160.00,34.00,28.00,6.00,10.00,4.00,0.00,3.00,12272.00,16.00,20.00,8.00,-10.00,3.00,2.00,85.00,82.14,86.00,6,3,2025-03-23,1412.16,1151.24,0.80,0.20,1403.68,1159.71
12491,579,452,L,2.00,12274.00,28.00,23.00,10.00,-11.00,2.00,1.00,3.00,12024.00,22.00,31.00,9.00,11.00,3.00,0.00,90.32,91.30,85.00,3,1,2025-03-23,1504.84,1640.55,0.35,0.65,1520.01,1625.37
12494,453,545,L,1.00,11289.00,10.00,17.00,7.00,-24.00,1.00,0.00,9.00,12588.00,28.00,34.00,5.00,24.00,7.00,3.00,73.53,94.12,86.00,6,6,2025-03-23,803.64,979.08,0.30,0.70,816.40,966.32
12495,245,449,W,5.00,11914.00,14.00,21.00,10.00,25.00,5.00,2.00,0.00,12704.00,20.00,16.00,4.00,-25.00,0.00,0.00,100.00,76.19,86.00,6,6,2025-03-23,980.92,873.84,0.60,0.40,963.87,890.89
12526,17,29,L,2.00,13325.00,24.00,36.00,3.00,-4.00,2.00,1.00,4.00,12408.00,17.00,31.00,8.00,3.00,4.00,3.00,87.10,94.44,85.00,3,0,2025-03-28,1689.04,1672.08,0.60,0.40,1714.71,1646.40
12445,502,568,L,1.00,13068.00,18.00,15.00,13.00,-27.00,0.00,0.00,7.00,11059.00,25.00,37.00,6.00,28.00,6.00,3.00,81.08,93.33,86.00,1,4,2025-03-29,1070.29,1291.01,0.24,0.76,1080.62,1280.68
12456,439,61,W,9.00,12521.00,18.00,24.00,8.00,30.00,7.00,3.00,5.00,12739.00,17.00,25.00,5.00,-31.00,4.00,2.00,,62.50,86.00,1,5,2025-03-29,1138.43,940.60,0.73,0.27,1126.91,952.12
12461,8,446,W,5.00,12381.00,22.00,28.00,6.00,5.00,3.00,0.00,3.00,13538.00,21.00,29.00,7.00,-5.00,3.00,0.00,89.66,82.14,86.00,6,3,2025-03-29,1306.46,1176.64,0.64,0.36,1290.91,1192.19
12480,239,443,W,4.00,13226.00,22.00,31.00,6.00,3.00,1.00,0.00,3.00,13846.00,17.00,22.00,5.00,-3.00,3.00,2.00,86.36,87.10,86.00,3,0,2025-03-29,1551.68,1448.78,0.60,0.40,1534.35,1466.11
12499,411,431,L,2.00,12857.00,16.00,27.00,14.00,-15.00,2.00,0.00,4.00,12764.00,34.00,27.00,4.00,15.00,3.00,0.00,85.19,92.59,86.00,1,5,2025-03-29,927.24,1180.66,0.20,0.80,936.04,1171.86
12502,215,130,W,5.00,13381.00,25.00,24.00,7.00,20.00,4.00,3.00,1.00,11900.00,10.00,12.00,10.00,-20.00,1.00,0.00,91.67,79.17,86.00,1,5,2025-03-29,1096.61,1153.66,0.34,0.66,1068.31,1181.95
12524,245,489,W,5.00,12884.00,19.00,21.00,13.00,20.00,5.00,1.00,2.00,12565.00,24.00,26.00,10.00,-20.00,2.00,0.00,92.31,,86.00,3,6,2025-03-29,1013.09,1137.89,0.25,0.75,980.92,1170.06
12525,545,104,L,2.00,12668.00,21.00,30.00,10.00,-30.00,0.00,0.00,8.00,11416.00,28.00,39.00,6.00,29.00,7.00,5.00,,93.33,86.00,3,6,2025-03-29,972.59,1285.78,0.15,0.85,979.08,1279.29
12528,573,505,L,3.00,12461.00,19.00,30.00,3.00,-17.00,3.00,1.00,6.00,11895.00,14.00,28.00,10.00,14.00,5.00,2.00,78.57,90.00,85.00,3,0,2025-03-29,1615.30,1548.31,0.67,0.33,1644.20,1519.40
12530,579,452,L,6.00,14195.00,19.00,34.00,5.00,0.00,4.00,2.00,7.00,14375.00,15.00,28.00,2.00,0.00,5.00,2.00,75.00,82.35,85.00,3,1,2025-03-29,1491.34,1654.05,0.31,0.69,1504.84,1640.55
12532,31,191,L,1.00,12243.00,9.00,24.00,4.00,-10.00,1.00,0.00,4.00,12063.00,17.00,33.00,3.00,9.00,2.00,0.00,87.88,95.83,85.00,3,1,2025-03-29,1553.14,1571.63,0.54,0.46,1576.36,1548.41
12537,336,23,L,3.00,13196.00,21.00,25.00,14.00,-25.00,3.00,1.00,7.00,12344.00,28.00,25.00,6.00,25.00,7.00,1.00,72.00,88.00,86.00,6,2,2025-03-29,1300.24,1413.30,0.39,0.61,1316.89,1396.65
12542,449,451,L,1.00,12300.00,28.00,18.00,7.00,-5.00,1.00,0.00,2.00,12402.00,17.00,12.00,10.00,5.00,2.00,1.00,83.33,94.44,86.00,2,6,2025-03-29,851.21,878.22,0.53,0.47,873.84,855.59
12543,501,453,W,4.00,12515.00,24.00,29.00,10.00,15.00,1.00,1.00,1.00,13215.00,21.00,34.00,8.00,-15.00,1.00,0.00,97.06,86.21,86.00,2,6,2025-03-29,923.20,788.41,0.65,0.35,907.96,803.64
12544,584,405,L,1.00,12952.00,6.00,16.00,25.00,-16.00,0.00,0.00,4.00,11788.00,42.00,41.00,1.00,15.00,2.00,0.00,90.24,93.75,86.00,7,4,2025-03-29,1019.41,1188.45,0.31,0.69,1032.54,1175.32
12545,406,504,L,1.00,12260.00,24.00,32.00,9.00,-12.00,1.00,1.00,4.00,13021.00,23.00,30.00,12.00,9.00,3.00,0.00,86.67,96.88,86.00,7,4,2025-03-29,1095.97,1037.75,0.66,0.34,1124.34,1009.38
12454,431,215,W,2.00,12344.00,17.00,15.00,10.00,5.00,1.00,0.00,1.00,11989.00,17.00,11.00,4.00,-5.00,1.00,0.00,90.91,86.67,86.00,1,5,2025-03-30,1197.06,1080.21,0.62,0.38,1180.66,1096.61
12500,574,400,L,1.00,12847.00,43.00,37.00,8.00,-25.00,1.00,1.00,5.00,12658.00,16.00,19.00,15.00,24.00,5.00,2.00,73.68,97.30,86.00,1,5,2025-03-30,948.86,1159.17,0.25,0.75,959.72,1148.32
12501,445,61,W,4.00,12243.00,13.00,25.00,13.00,5.00,3.00,2.00,3.00,12320.00,29.00,30.00,2.00,-5.00,2.00,1.00,90.00,84.00,86.00,1,5,2025-03-30,858.50,912.50,0.35,0.65,830.40,940.60
12503,216,398,W,3.00,12796.00,21.00,33.00,2.00,-2.00,2.00,1.00,2.00,12763.00,21.00,26.00,8.00,-3.00,2.00,0.00,92.31,90.91,86.00,1,5,2025-03-30,1008.14,1207.26,0.17,0.83,972.64,1242.76
12505,497,408,L,2.00,12618.00,22.00,32.00,7.00,-25.00,2.00,1.00,6.00,10295.00,19.00,34.00,4.00,25.00,3.00,1.00,82.35,93.75,86.00,3,1,2025-03-30,1433.83,1557.79,0.37,0.63,1449.76,1541.86
12527,29,17,W,5.00,12851.00,14.00,27.00,13.00,15.00,4.00,1.00,3.00,12185.00,32.00,40.00,5.00,-15.00,3.00,2.00,92.50,,85.00,3,0,2025-03-30,1694.63,1666.49,0.48,0.52,1672.08,1689.04
12529,505,573,W,3.00,13257.00,18.00,21.00,7.00,3.00,3.00,1.00,2.00,13313.00,27.00,46.00,11.00,-3.00,2.00,1.00,95.65,85.71,85.00,3,0,2025-03-30,1573.91,1589.70,0.40,0.60,1548.31,1615.30
12531,579,452,W,2.00,12576.00,17.00,30.00,5.00,5.00,2.00,1.00,1.00,12666.00,18.00,37.00,7.00,-5.00,1.00,0.00,97.30,93.33,85.00,3,1,2025-03-30,1522.23,1623.16,0.28,0.72,1491.34,1654.05
12533,31,191,L,0.00,12062.00,23.00,24.00,13.00,-19.00,0.00,0.00,4.00,12499.00,29.00,39.00,12.00,19.00,3.00,1.00,89.74,100.00,85.00,3,1,2025-03-30,1532.78,1591.99,0.47,0.53,1553.14,1571.63
12534,63,111,W,3.00,11925.00,21.00,35.00,8.00,14.00,2.00,0.00,1.00,12203.00,19.00,33.00,4.00,-14.00,1.00,0.00,96.97,91.43,86.00,3,0,2025-03-30,1502.70,1460.53,0.50,0.50,1481.14,1482.09
12536,239,443,L,5.00,12826.00,27.00,32.00,11.00,-11.00,4.00,3.00,7.00,12985.00,25.00,23.00,10.00,10.00,6.00,4.00,,84.38,86.00,3,0,2025-03-30,1524.00,1476.47,0.64,0.36,1551.68,1448.78
12538,205,581,W,6.00,12242.00,14.00,28.00,4.00,15.00,5.00,1.00,3.00,11636.00,17.00,31.00,3.00,-16.00,2.00,0.00,90.32,78.57,86.00,6,3,2025-03-30,1419.99,1143.41,0.82,0.18,1412.16,1151.24
12539,129,269,W,5.00,12359.00,17.00,19.00,11.00,24.00,5.00,3.00,1.00,12504.00,26.00,36.00,8.00,-25.00,1.00,0.00,97.22,73.68,86.00,6,3,2025-03-30,1275.39,1250.70,0.47,0.53,1252.60,1273.49
12540,397,569,W,6.00,13063.00,19.00,41.00,5.00,10.00,4.00,3.00,3.00,13219.00,18.00,39.00,11.00,-10.00,3.00,0.00,92.31,85.37,86.00,6,3,2025-03-30,1366.94,1147.87,0.76,0.24,1356.53,1158.28
12541,8,446,L,2.00,10724.00,25.00,30.00,5.00,-15.00,2.00,1.00,4.00,12732.00,17.00,21.00,10.00,14.00,1.00,0.00,80.95,93.33,86.00,6,3,2025-03-30,1277.28,1205.82,0.68,0.32,1306.46,1176.64
12547,502,577,W,4.00,12664.00,29.00,28.00,9.00,3.00,2.00,1.00,3.00,11942.00,23.00,25.00,8.00,-3.00,3.00,0.00,88.00,85.71,86.00,7,4,2025-03-30,1095.32,1102.84,0.42,0.58,1070.29,1127.87
12549,448,582,L,3.00,12631.00,28.00,29.00,11.00,-5.00,3.00,1.00,4.00,12691.00,18.00,31.00,12.00,5.00,4.00,2.00,87.10,89.66,86.00,7,4,2025-03-30,1038.88,1055.95,0.54,0.46,1062.20,1032.62
12779,568,332,L,1.00,11862.00,29.00,19.00,2.00,-16.00,1.00,1.00,5.00,12226.00,16.00,32.00,10.00,14.00,1.00,4.00,84.38,94.74,86.00,5,4,2025-04-05,1272.41,1356.73,0.43,0.57,1291.01,1338.13
12780,398,439,L,2.00,12071.00,33.00,25.00,8.00,-10.00,0.00,0.00,4.00,12105.00,19.00,23.00,20.00,10.00,3.00,0.00,82.61,92.00,86.00,5,5,2025-04-05,1181.55,1164.13,0.60,0.40,1207.26,1138.43
13127,35,669,L,5.00,11763.00,11.00,31.00,3.00,-10.00,4.00,2.00,6.00,10947.00,14.00,24.00,3.00,8.00,3.00,0.00,75.00,83.87,100.00,1,0,2025-04-10,1562.51,1526.91,0.63,0.37,1589.42,1500.00
13164,49,1,L,4.00,12418.00,14.00,32.00,4.00,-20.00,4.00,2.00,8.00,12809.00,18.00,44.00,7.00,20.00,8.00,2.00,81.82,87.50,99.00,1,0,2025-04-10,1474.88,1512.65,0.51,0.49,1496.75,1490.78
13165,4,505,L,2.00,12658.00,14.00,26.00,10.00,-11.00,2.00,1.00,5.00,12637.00,31.00,56.00,3.00,10.00,4.00,3.00,91.07,92.31,99.00,1,0,2025-04-10,1273.38,1580.60,0.16,0.84,1280.07,1573.91
13167,17,56,W,7.00,12245.00,15.00,38.00,13.00,14.00,6.00,4.00,3.00,12686.00,26.00,29.00,2.00,-14.00,3.00,3.00,89.66,81.58,99.00,1,0,2025-04-10,1677.24,1464.85,0.75,0.25,1666.49,1475.60
13168,218,578,L,2.00,12637.00,7.00,31.00,5.00,-13.00,2.00,2.00,3.00,12582.00,18.00,42.00,1.00,9.00,2.00,0.00,92.86,93.55,99.00,1,0,2025-04-10,1463.72,1590.55,0.37,0.63,1479.46,1574.81
13187,393,579,W,4.00,13154.00,26.00,33.00,9.00,10.00,4.00,2.00,2.00,12268.00,28.00,30.00,8.00,-12.00,2.00,0.00,93.33,87.88,99.00,1,1,2025-04-10,1544.59,1500.79,0.50,0.50,1523.15,1522.23
13199,38,214,L,4.00,12056.00,16.00,23.00,4.00,-10.00,4.00,3.00,6.00,13114.00,19.00,32.00,12.00,10.00,5.00,0.00,,82.61,100.00,1,3,2025-04-10,1051.30,1247.13,0.27,0.73,1062.92,1235.51
13200,8,570,L,2.00,12925.00,19.00,30.00,7.00,-20.00,2.00,1.00,4.00,11878.00,17.00,29.00,4.00,20.00,4.00,1.00,86.21,,100.00,1,3,2025-04-10,1253.82,1268.95,0.55,0.45,1277.28,1245.48
13201,568,336,W,4.00,12745.00,20.00,31.00,9.00,12.00,3.00,0.00,3.00,13272.00,22.00,27.00,7.00,-13.00,2.00,1.00,88.89,87.10,100.00,1,3,2025-04-10,1295.63,1277.02,0.46,0.54,1272.41,1300.24
13204,337,26,W,9.00,12237.00,23.00,27.00,7.00,25.00,7.00,3.00,2.00,13083.00,22.00,18.00,9.00,-25.00,1.00,1.00,88.89,66.67,100.00,1,4,2025-04-10,1233.71,1048.55,0.72,0.28,1221.50,1060.76
13206,675,406,L,2.00,10436.00,19.00,25.00,7.00,-5.00,2.00,0.00,3.00,12812.00,31.00,21.00,4.00,5.00,2.00,0.00,85.71,92.00,100.00,1,4,2025-04-10,1078.25,1117.72,0.51,0.49,1100.00,1095.97
13208,672,398,L,2.00,12806.00,22.00,15.00,14.00,-8.00,2.00,0.00,3.00,13032.00,23.00,27.00,9.00,8.00,3.00,1.00,88.89,86.67,100.00,1,5,2025-04-10,1020.25,1194.39,0.30,0.70,1033.08,1181.55
13209,269,446,W,6.00,12699.00,17.00,26.00,6.00,14.00,5.00,0.00,4.00,13006.00,21.00,20.00,3.00,-14.00,2.00,1.00,80.00,76.92,100.00,1,5,2025-04-10,1269.44,1187.08,0.56,0.44,1250.70,1205.82
13213,215,431,L,3.00,11559.00,22.00,17.00,8.00,5.00,3.00,2.00,4.00,13206.00,20.00,22.00,7.00,-6.00,4.00,1.00,81.82,82.35,100.00,1,5,2025-04-10,1065.68,1211.59,0.34,0.66,1080.21,1197.06
13217,670,532,L,1.00,13027.00,24.00,20.00,4.00,-40.00,0.00,0.00,10.00,11886.00,11.00,31.00,6.00,39.00,6.00,1.00,67.74,95.00,100.00,1,7,2025-04-10,792.67,1082.20,0.17,0.83,800.00,1074.87
13218,664,451,W,4.00,13565.00,23.00,17.00,6.00,-1.00,2.00,0.00,3.00,12088.00,13.00,18.00,5.00,0.00,3.00,1.00,83.33,76.47,100.00,1,7,2025-04-10,851.85,853.58,0.43,0.57,827.22,878.22
13221,545,445,L,3.00,12010.00,25.00,22.00,0.00,0.00,2.00,0.00,4.00,13087.00,13.00,25.00,8.00,0.00,2.00,2.00,84.00,86.36,100.00,1,6,2025-04-10,944.28,886.82,0.66,0.34,972.59,858.50
13222,245,449,L,2.00,10488.00,11.00,11.00,11.00,0.00,1.00,1.00,3.00,13036.00,32.00,28.00,6.00,0.00,3.00,1.00,89.29,81.82,100.00,1,6,2025-04-10,982.24,882.06,0.72,0.28,1013.09,851.21
13226,661,216,L,2.00,12992.00,27.00,21.00,9.00,-25.00,2.00,0.00,6.00,10969.00,17.00,19.00,10.00,25.00,5.00,0.00,,90.48,100.00,1,5,2025-04-10,967.29,1028.36,0.47,0.53,987.51,1008.14
13426,669,111,W,4.00,13388.00,29.00,45.00,2.00,15.00,3.00,0.00,1.00,11591.00,13.00,17.00,9.00,-15.00,1.00,1.00,94.12,91.11,100.00,1,0,2025-04-11,1544.36,1443.09,0.59,0.41,1526.91,1460.53
13457,207,332,W,6.00,12650.00,32.00,42.00,9.00,19.00,6.00,1.00,1.00,12238.00,16.00,21.00,21.00,-19.00,1.00,0.00,95.24,,100.00,1,3,2025-04-11,1143.90,1322.07,0.19,0.81,1109.24,1356.73
13466,696,401,W,10.00,12978.00,31.00,54.00,6.00,43.00,3.00,1.00,1.00,11763.00,14.00,12.00,12.00,-45.00,1.00,1.00,,81.48,100.00,1,6,2025-04-11,900.23,784.16,0.62,0.38,883.79,800.61
13473,23,109,L,2.00,11116.00,13.00,24.00,8.00,-10.00,2.00,0.00,4.00,13712.00,25.00,38.00,3.00,10.00,3.00,1.00,89.47,91.67,100.00,1,1,2025-04-11,1395.19,1486.71,0.42,0.58,1413.30,1468.60
13480,451,670,W,7.00,12933.00,30.00,35.00,6.00,24.00,6.00,1.00,1.00,12695.00,17.00,21.00,17.00,-24.00,1.00,1.00,95.24,80.00,100.00,1,7,2025-04-11,871.35,774.90,0.59,0.41,853.58,792.67
13481,532,138,W,8.00,13018.00,23.00,33.00,10.00,20.00,6.00,1.00,4.00,11929.00,19.00,27.00,12.00,-20.00,4.00,0.00,85.19,75.76,100.00,1,7,2025-04-11,1118.09,1327.59,0.17,0.83,1082.20,1363.48
13483,577,675,W,3.00,12104.00,26.00,25.00,14.00,14.00,3.00,0.00,0.00,13170.00,35.00,45.00,9.00,-16.00,0.00,0.00,100.00,88.00,100.00,1,4,2025-04-11,1122.82,1058.27,0.54,0.46,1102.84,1078.25
13484,504,331,W,2.00,12863.00,16.00,27.00,11.00,4.00,2.00,0.00,1.00,11489.00,18.00,30.00,7.00,-4.00,0.00,0.00,96.67,92.59,100.00,1,4,2025-04-11,1057.83,994.71,0.53,0.47,1037.75,1014.79
13485,406,582,W,4.00,13252.00,28.00,33.00,13.00,10.00,4.00,1.00,1.00,11585.00,25.00,20.00,7.00,-10.00,1.00,0.00,95.00,87.88,100.00,1,4,2025-04-11,1135.44,1038.23,0.59,0.41,1117.72,1055.95
12636,379,408,W,4.00,13087.00,15.00,21.00,18.00,15.00,2.00,1.00,2.00,12603.00,39.00,27.00,5.00,-15.00,2.00,1.00,92.59,80.95,86.00,5,1,2025-04-13,1381.37,1524.70,0.23,0.77,1348.27,1557.79
12639,129,205,L,2.00,13329.00,19.00,20.00,6.00,-10.00,2.00,0.00,4.00,12125.00,10.00,26.00,5.00,8.00,4.00,0.00,84.62,90.00,86.00,3,3,2025-04-13,1262.35,1433.03,0.30,0.70,1275.39,1419.99
12640,397,446,W,5.00,12488.00,26.00,27.00,8.00,-5.00,5.00,3.00,3.00,12835.00,22.00,21.00,6.00,5.00,3.00,1.00,85.71,81.48,86.00,3,3,2025-04-13,1378.21,1175.82,0.74,0.26,1366.94,1187.08
12642,452,191,L,2.00,13460.00,34.00,22.00,8.00,-10.00,2.00,1.00,3.00,12735.00,18.00,39.00,6.00,9.00,2.00,1.00,92.31,90.91,85.00,5,1,2025-04-13,1599.74,1615.41,0.54,0.46,1623.16,1591.99
12646,375,400,W,3.00,12104.00,24.00,32.00,10.00,9.00,2.00,0.00,1.00,11995.00,19.00,14.00,8.00,-9.00,1.00,0.00,92.86,90.62,86.00,6,5,2025-04-13,1106.85,1132.89,0.39,0.61,1080.57,1159.17
12648,431,499,L,1.00,12759.00,34.00,24.00,7.00,-6.00,1.00,0.00,3.00,11907.00,15.00,21.00,15.00,6.00,2.00,0.00,85.71,95.83,86.00,6,5,2025-04-13,1190.81,1243.97,0.48,0.52,1211.59,1223.18
12649,411,439,L,2.00,13081.00,21.00,29.00,13.00,-5.00,2.00,1.00,3.00,12585.00,24.00,19.00,5.00,4.00,3.00,1.00,84.21,93.10,86.00,6,5,2025-04-13,918.49,1172.89,0.20,0.80,927.24,1164.13
12650,216,398,L,1.00,11730.00,20.00,22.00,8.00,-10.00,1.00,0.00,4.00,12318.00,27.00,29.00,8.00,10.00,2.00,1.00,86.21,95.45,86.00,6,5,2025-04-13,1016.42,1206.33,0.28,0.72,1028.36,1194.39
12654,570,405,W,6.00,11720.00,34.00,29.00,7.00,25.00,5.00,1.00,1.00,13086.00,20.00,31.00,11.00,-25.00,1.00,1.00,96.77,79.31,86.00,6,4,2025-04-13,1285.55,1171.85,0.61,0.39,1268.95,1188.45
12658,44,23,L,1.00,12955.00,36.00,28.00,10.00,-10.00,0.00,0.00,3.00,12034.00,17.00,44.00,22.00,10.00,2.00,2.00,93.18,96.43,86.00,3,2,2025-04-13,1421.81,1419.84,0.57,0.43,1446.46,1395.19
12662,505,29,W,7.00,13140.00,15.00,43.00,6.00,15.00,6.00,7.00,4.00,12781.00,22.00,33.00,2.00,-16.00,4.00,2.00,87.88,83.72,85.00,5,0,2025-04-13,1608.91,1666.31,0.34,0.66,1580.60,1694.63
12699,655,660,L,0.00,12973.00,7.00,6.00,14.00,-70.00,0.00,0.00,14.00,12605.00,24.00,37.00,4.00,70.00,8.00,2.00,62.16,100.00,98.00,1,0,2025-04-13,1478.50,1521.50,0.50,0.50,1500.00,1500.00
12700,659,658,L,0.00,12410.00,9.00,8.00,5.00,-20.00,0.00,0.00,5.00,13003.00,12.00,17.00,3.00,19.00,2.00,0.00,,,98.00,1,0,2025-04-13,1478.50,1521.50,0.50,0.50,1500.00,1500.00
12701,657,656,W,4.00,12663.00,17.00,30.00,0.00,19.00,3.00,2.00,0.00,13214.00,4.00,8.00,9.00,-20.00,0.00,0.00,,,98.00,1,0,2025-04-13,1521.50,1478.50,0.50,0.50,1500.00,1500.00
12703,191,452,W,5.00,12057.00,23.00,45.00,14.00,18.00,2.00,1.00,1.00,12193.00,24.00,31.00,8.00,-18.00,1.00,1.00,96.77,,85.00,5,1,2025-04-19,1635.94,1579.21,0.52,0.48,1615.41,1599.74
12704,505,29,W,4.00,13034.00,22.00,33.00,13.00,15.00,4.00,0.00,2.00,12619.00,26.00,36.00,7.00,-14.00,2.00,1.00,94.44,87.88,85.00,5,0,2025-04-19,1633.93,1641.29,0.42,0.58,1608.91,1666.31
12707,239,63,W,5.00,12899.00,16.00,43.00,7.00,5.00,3.00,1.00,3.00,12603.00,15.00,25.00,6.00,-6.00,1.00,0.00,88.00,88.37,86.00,5,0,2025-04-19,1544.18,1482.52,0.53,0.47,1524.00,1502.70
12715,570,568,L,1.00,14742.00,23.00,27.00,10.00,0.00,0.00,0.00,2.00,12599.00,20.00,17.00,9.00,0.00,0.00,0.00,88.24,96.30,86.00,3,4,2025-04-19,1264.67,1316.50,0.49,0.51,1285.55,1295.63
12717,375,439,L,0.00,12667.00,30.00,21.00,15.00,-19.00,0.00,0.00,4.00,12342.00,26.00,31.00,13.00,19.00,3.00,1.00,87.10,100.00,86.00,3,5,2025-04-19,1089.39,1190.35,0.41,0.59,1106.85,1172.89
12718,545,245,W,2.00,12853.00,21.00,21.00,8.00,3.00,2.00,1.00,1.00,12660.00,15.00,31.00,9.00,-3.00,1.00,1.00,96.77,90.48,86.00,5,6,2025-04-19,968.12,958.40,0.45,0.55,944.28,982.24
12722,398,499,L,2.00,12835.00,18.00,28.00,10.00,7.00,1.00,0.00,3.00,12443.00,27.00,23.00,3.00,-7.00,1.00,1.00,86.96,92.86,86.00,3,5,2025-04-19,1187.15,1263.15,0.45,0.55,1206.33,1243.97
12724,501,451,W,6.00,9814.00,17.00,28.00,4.00,25.00,6.00,4.00,1.00,12357.00,10.00,17.00,4.00,-25.00,1.00,1.00,94.12,78.57,86.00,2,6,2025-04-19,941.51,853.04,0.57,0.43,923.20,871.35
12705,29,505,L,1.00,12644.00,21.00,50.00,5.00,-4.00,1.00,0.00,2.00,12944.00,10.00,22.00,5.00,5.00,2.00,0.00,90.91,98.00,85.00,5,0,2025-04-20,1619.34,1655.89,0.51,0.49,1641.29,1633.93
12708,239,63,W,6.00,12868.00,22.00,52.00,2.00,1.00,6.00,2.00,5.00,12215.00,16.00,34.00,5.00,-2.00,3.00,1.00,85.29,88.46,86.00,5,0,2025-04-20,1561.90,1464.79,0.59,0.41,1544.18,1482.52
12709,438,44,L,4.00,11778.00,15.00,27.00,10.00,-21.00,4.00,2.00,9.00,11970.00,33.00,27.00,8.00,18.00,7.00,4.00,66.67,85.19,86.00,4,2,2025-04-20,1497.98,1449.56,0.65,0.35,1525.73,1421.81
12710,402,23,L,2.00,12477.00,32.00,22.00,7.00,5.00,2.00,1.00,3.00,13095.00,22.00,37.00,12.00,-5.00,1.00,0.00,91.89,90.91,86.00,5,2,2025-04-20,1477.38,1446.45,0.62,0.38,1503.99,1419.84
12711,129,205,L,1.00,13308.00,27.00,23.00,8.00,-16.00,0.00,0.00,4.00,12156.00,20.00,19.00,7.00,15.00,4.00,0.00,78.95,95.65,86.00,3,3,2025-04-20,1250.64,1444.74,0.27,0.73,1262.35,1433.03
12714,443,111,W,8.00,13097.00,23.00,53.00,9.00,29.00,6.00,3.00,2.00,13336.00,17.00,26.00,2.00,-29.00,2.00,1.00,92.31,84.91,86.00,4,0,2025-04-20,1495.91,1423.65,0.55,0.45,1476.47,1443.09
12716,570,568,W,3.00,12423.00,11.00,19.00,1.00,5.00,2.00,0.00,2.00,11669.00,15.00,14.00,6.00,-5.00,2.00,0.00,85.71,84.21,86.00,3,4,2025-04-20,1289.36,1291.82,0.43,0.57,1264.67,1316.50
12719,439,375,W,5.00,12496.00,26.00,31.00,7.00,5.00,3.00,3.00,2.00,12633.00,26.00,35.00,7.00,-5.00,1.00,1.00,,83.87,86.00,3,5,2025-04-20,1205.77,1073.96,0.64,0.36,1190.35,1089.39
12721,104,489,L,2.00,12486.00,20.00,19.00,4.00,-20.00,0.00,0.00,4.00,12242.00,17.00,28.00,10.00,9.00,3.00,0.00,85.71,89.47,86.00,4,6,2025-04-20,1255.64,1168.03,0.70,0.30,1285.78,1137.89
12723,398,499,W,4.00,12977.00,17.00,19.00,8.00,10.00,3.00,0.00,0.00,11386.00,16.00,18.00,6.00,-10.00,0.00,0.00,100.00,78.95,86.00,3,5,2025-04-20,1213.28,1237.02,0.39,0.61,1187.15,1263.15
12720,245,545,W,1.00,2.00,18.00,13.00,9.00,3.00,1.00,1.00,0.00,0.00,19.00,25.00,10.00,-3.00,0.00,0.00,100.00,92.31,86.00,5,6,2025-04-26,980.50,946.01,0.49,0.51,958.40,968.12
12745,63,239,L,4.00,13229.00,30.00,34.00,9.00,-20.00,4.00,0.00,6.00,12310.00,20.00,33.00,13.00,20.00,5.00,3.00,81.82,88.24,86.00,5,0,2025-04-26,1449.15,1577.55,0.36,0.64,1464.79,1561.90
12747,397,205,L,3.00,12932.00,31.00,36.00,7.00,-15.00,3.00,1.00,5.00,12223.00,15.00,27.00,7.00,15.00,4.00,0.00,81.48,91.67,86.00,5,3,2025-04-26,1360.78,1462.17,0.41,0.59,1378.21,1444.74
12750,502,332,L,1.00,11588.00,20.00,19.00,13.00,-10.00,0.00,0.00,3.00,11718.00,21.00,19.00,7.00,10.00,2.00,0.00,84.21,94.74,86.00,3,4,2025-04-26,1086.15,1331.24,0.21,0.79,1095.32,1322.07
12751,570,568,L,3.00,12156.00,19.00,30.00,16.00,0.00,1.00,0.00,4.00,12616.00,27.00,24.00,2.00,0.00,4.00,2.00,83.33,90.00,86.00,3,4,2025-04-26,1268.01,1313.17,0.50,0.50,1289.36,1291.82
12754,23,402,L,0.00,13328.00,28.00,31.00,10.00,-11.00,0.00,0.00,2.00,12178.00,21.00,29.00,9.00,10.00,2.00,1.00,,100.00,86.00,5,2,2025-04-26,1426.86,1496.97,0.46,0.54,1446.45,1477.38
12757,499,398,L,1.00,12943.00,17.00,22.00,12.00,-20.00,1.00,0.00,4.00,12883.00,22.00,37.00,5.00,20.00,2.00,0.00,89.19,95.45,86.00,3,5,2025-04-26,1214.05,1236.24,0.53,0.47,1237.02,1213.28
12749,205,397,L,1.00,12962.00,15.00,18.00,9.00,-29.00,1.00,1.00,7.00,10941.00,33.00,30.00,6.00,29.00,6.00,2.00,76.67,94.44,86.00,5,3,2025-04-27,1434.57,1388.38,0.64,0.36,1462.17,1360.78
12752,545,245,L,0.00,12539.00,15.00,16.00,6.00,-15.00,0.00,0.00,3.00,13040.00,24.00,25.00,8.00,15.00,2.00,0.00,,100.00,86.00,5,6,2025-04-27,926.64,999.87,0.45,0.55,946.01,980.50
12753,332,502,W,10.00,12352.00,18.00,34.00,7.00,19.00,8.00,3.00,5.00,12349.00,12.00,20.00,3.00,-20.00,2.00,0.00,75.00,70.59,86.00,3,4,2025-04-27,1339.68,1077.72,0.80,0.20,1331.24,1086.15
12755,446,129,L,2.00,13261.00,13.00,19.00,14.00,-20.00,2.00,0.00,6.00,12161.00,35.00,39.00,6.00,20.00,4.00,1.00,84.62,89.47,86.00,4,3,2025-04-27,1158.88,1267.58,0.39,0.61,1175.82,1250.64
12756,23,402,W,2.00,12014.00,25.00,22.00,14.00,5.00,2.00,0.00,1.00,12464.00,31.00,32.00,17.00,-4.00,1.00,1.00,96.88,90.91,86.00,5,2,2025-04-27,1452.64,1471.19,0.40,0.60,1426.86,1496.97
12772,499,375,W,4.00,13771.00,23.00,26.00,10.00,-5.00,2.00,1.00,3.00,12911.00,23.00,28.00,7.00,5.00,1.00,1.00,89.29,84.62,86.00,4,5,2025-04-27,1227.32,1060.69,0.69,0.31,1214.05,1073.96
12504,499,398,L,2.00,12508.00,15.00,20.00,10.00,-5.00,2.00,1.00,3.00,12757.00,28.00,37.00,7.00,5.00,1.00,0.00,91.89,90.00,86.00,1,5,2025-05-04,1206.37,1257.19,0.49,0.51,1227.32,1236.24
12535,63,111,L,1.00,12365.00,16.00,16.00,9.00,-24.00,0.00,0.00,7.00,12685.00,19.00,46.00,8.00,24.00,4.00,2.00,84.78,93.75,86.00,3,0,2025-05-04,1426.07,1446.73,0.54,0.46,1449.15,1423.65
12573,452,579,L,1.00,12550.00,26.00,19.00,7.00,-10.00,1.00,1.00,3.00,12540.00,19.00,34.00,10.00,9.00,2.00,1.00,91.18,94.74,85.00,3,1,2025-05-04,1552.93,1527.06,0.61,0.39,1579.21,1500.79
12574,31,191,L,4.00,12500.00,23.00,27.00,8.00,0.00,4.00,1.00,6.00,12605.00,26.00,44.00,10.00,0.00,5.00,2.00,86.36,85.19,85.00,3,1,2025-05-04,1517.48,1651.24,0.36,0.64,1532.78,1635.94
12579,239,443,W,2.00,13290.00,28.00,42.00,9.00,5.00,2.00,2.00,1.00,12580.00,16.00,20.00,5.00,-5.00,0.00,0.00,95.00,95.24,86.00,3,0,2025-05-04,1594.09,1479.37,0.62,0.38,1577.55,1495.91
12582,408,379,W,5.00,12335.00,17.00,32.00,9.00,15.00,3.00,0.00,2.00,12122.00,24.00,18.00,4.00,-15.00,2.00,1.00,88.89,84.38,86.00,5,1,2025-05-04,1537.80,1368.26,0.70,0.30,1524.70,1381.37
12585,438,402,L,1.00,13043.00,17.00,29.00,14.00,-15.00,0.00,0.00,4.00,12046.00,26.00,27.00,8.00,15.00,3.00,1.00,85.19,96.55,86.00,3,2,2025-05-04,1474.83,1494.35,0.54,0.46,1497.98,1471.19
12586,129,205,W,3.00,13518.00,15.00,28.00,5.00,-5.00,2.00,2.00,2.00,13875.00,19.00,25.00,10.00,5.00,1.00,0.00,92.00,89.29,86.00,3,3,2025-05-04,1298.68,1403.46,0.28,0.72,1267.58,1434.57
12587,446,8,W,5.00,12120.00,12.00,24.00,12.00,15.00,5.00,3.00,3.00,12604.00,38.00,32.00,7.00,-15.00,3.00,1.00,90.62,79.17,86.00,6,3,2025-05-04,1186.11,1226.58,0.37,0.63,1158.88,1253.82
12590,504,332,L,2.00,12865.00,17.00,17.00,12.00,-3.00,2.00,1.00,3.00,13112.00,29.00,39.00,5.00,3.00,3.00,0.00,92.31,88.24,86.00,6,4,2025-05-04,1050.74,1346.77,0.16,0.84,1057.83,1339.68
12592,568,582,W,4.00,12835.00,20.00,26.00,3.00,20.00,4.00,3.00,0.00,12506.00,11.00,20.00,5.00,-20.00,0.00,0.00,100.00,84.62,86.00,6,4,2025-05-04,1320.49,1030.90,0.83,0.17,1313.17,1038.23
12593,405,570,L,2.00,11442.00,9.00,17.00,4.00,-20.00,2.00,1.00,6.00,13052.00,20.00,30.00,5.00,20.00,5.00,1.00,80.00,88.24,86.00,6,4,2025-05-04,1156.15,1283.71,0.37,0.63,1171.85,1268.01
12595,215,216,L,2.00,12017.00,24.00,19.00,4.00,-5.00,1.00,0.00,3.00,12904.00,29.00,21.00,12.00,5.00,3.00,0.00,85.71,89.47,86.00,7,5,2025-05-04,1041.15,1040.95,0.57,0.43,1065.68,1016.42
12924,12,438,L,1.00,12752.00,15.00,36.00,5.00,-31.00,1.00,1.00,8.00,12817.00,14.00,31.00,5.00,29.00,6.00,3.00,74.19,97.22,97.00,1,1,2025-05-07,1307.43,1487.33,0.29,0.71,1319.93,1474.83
12925,402,662,W,3.00,13075.00,20.00,27.00,8.00,5.00,3.00,1.00,2.00,12859.00,25.00,34.00,3.00,-5.00,2.00,2.00,94.12,88.89,97.00,3,2,2025-05-07,1505.95,1309.89,0.73,0.27,1494.35,1321.50
12926,23,567,W,4.00,11739.00,13.00,20.00,13.00,15.00,4.00,2.00,1.00,13049.00,21.00,29.00,4.00,-16.00,1.00,0.00,96.55,80.00,97.00,3,2,2025-05-07,1468.25,1339.37,0.64,0.36,1452.64,1354.98
12931,452,1,W,14.00,13187.00,9.00,32.00,4.00,33.00,10.00,3.00,6.00,13761.00,21.00,50.00,1.00,-35.00,5.00,4.00,88.00,56.25,97.00,1,0,2025-05-07,1571.95,1493.63,0.56,0.44,1552.93,1512.65
12932,331,215,L,0.00,11859.00,18.00,20.00,9.00,-16.00,0.00,0.00,3.00,12114.00,13.00,19.00,7.00,15.00,1.00,0.00,84.21,100.00,97.00,3,4,2025-05-07,976.07,1059.79,0.43,0.57,994.71,1041.15
12933,375,666,L,5.00,12522.00,26.00,17.00,8.00,-8.00,3.00,1.00,6.00,12650.00,20.00,29.00,8.00,7.00,3.00,1.00,79.31,70.59,97.00,3,4,2025-05-07,1041.61,1119.08,0.44,0.56,1060.69,1100.00
13161,111,63,W,5.00,12654.00,24.00,47.00,9.00,20.00,4.00,1.00,3.00,13351.00,14.00,20.00,5.00,-20.00,3.00,0.00,85.00,89.36,100.00,1,0,2025-05-10,1466.95,1405.85,0.53,0.47,1446.73,1426.07
13162,239,443,W,8.00,12967.00,19.00,39.00,11.00,4.00,7.00,3.00,6.00,13056.00,26.00,34.00,3.00,-5.00,6.00,3.00,82.35,79.49,100.00,1,0,2025-05-10,1608.73,1464.72,0.66,0.34,1594.09,1479.37
13166,447,580,W,7.00,12845.00,21.00,34.00,6.00,17.00,6.00,5.00,4.00,0.00,11.00,32.00,0.00,-17.00,3.00,2.00,87.50,79.41,99.00,1,0,2025-05-10,1419.99,1465.59,0.36,0.64,1392.43,1493.15
13186,399,452,W,5.00,13012.00,12.00,31.00,9.00,15.00,4.00,2.00,3.00,13075.00,18.00,27.00,5.00,-15.00,3.00,1.00,88.89,83.87,99.00,1,1,2025-05-10,1332.83,1536.28,0.17,0.83,1297.17,1571.95
13188,31,46,L,5.00,12724.00,17.00,31.00,3.00,-15.00,5.00,3.00,7.00,11853.00,16.00,32.00,5.00,13.00,7.00,3.00,78.12,83.87,99.00,1,1,2025-05-10,1486.56,1385.05,0.72,0.28,1517.48,1354.13
13189,396,547,L,3.00,11956.00,9.00,20.00,9.00,-1.00,1.00,1.00,4.00,11860.00,18.00,39.00,5.00,-1.00,3.00,1.00,89.74,85.00,99.00,1,1,2025-05-10,1301.09,1389.05,0.43,0.57,1319.44,1370.70
13190,494,92,W,3.00,347.00,1.00,2.00,1.00,15.00,2.00,2.00,0.00,0.00,0.00,0.00,0.00,-16.00,0.00,0.00,,-50.00,99.00,1,1,2025-05-10,1596.54,1453.00,0.66,0.34,1581.86,1467.68
13191,109,438,W,5.00,12566.00,25.00,29.00,12.00,14.00,3.00,0.00,2.00,0.00,0.00,1.00,1.00,-15.00,1.00,1.00,-100.00,82.76,100.00,1,1,2025-05-10,1508.25,1465.79,0.50,0.50,1486.71,1487.33
13192,23,668,W,3.00,13023.00,29.00,36.00,6.00,10.00,2.00,1.00,1.00,12462.00,20.00,19.00,12.00,-10.00,1.00,1.00,94.74,91.67,100.00,1,1,2025-05-10,1485.58,1382.67,0.60,0.40,1468.25,1400.00
13193,408,48,W,7.00,12532.00,23.00,26.00,8.00,30.00,7.00,3.00,1.00,11543.00,28.00,33.00,3.00,-30.00,1.00,1.00,96.97,73.08,100.00,1,1,2025-05-10,1555.81,1462.89,0.58,0.42,1537.80,1480.90
13194,205,450,L,1.00,13104.00,18.00,18.00,9.00,-10.00,1.00,1.00,4.00,12928.00,20.00,28.00,10.00,10.00,3.00,3.00,85.71,94.44,100.00,1,2,2025-05-10,1375.38,1321.69,0.65,0.35,1403.46,1293.61
13196,329,498,W,3.00,11888.00,25.00,29.00,1.00,10.00,3.00,1.00,0.00,12496.00,8.00,20.00,3.00,-10.00,0.00,0.00,100.00,89.66,100.00,1,2,2025-05-10,1392.63,1379.60,0.45,0.55,1369.02,1403.21
13197,397,506,W,5.00,12692.00,29.00,30.00,9.00,19.00,5.00,5.00,1.00,12720.00,17.00,26.00,5.00,-20.00,1.00,0.00,96.15,83.33,100.00,1,2,2025-05-10,1413.36,1420.22,0.42,0.58,1388.38,1445.21
13198,581,129,L,2.00,12435.00,17.00,19.00,18.00,0.00,1.00,1.00,4.00,12992.00,45.00,49.00,8.00,-1.00,4.00,2.00,91.84,89.47,100.00,1,3,2025-05-10,1130.92,1311.17,0.29,0.71,1143.41,1298.68
13202,207,24,W,4.00,13595.00,20.00,32.00,7.00,20.00,3.00,2.00,0.00,10340.00,10.00,16.00,3.00,-20.00,0.00,0.00,100.00,87.50,100.00,1,3,2025-05-10,1170.70,1204.59,0.38,0.62,1143.90,1231.40
13203,502,582,W,8.00,13111.00,15.00,30.00,12.00,3.00,5.00,3.00,7.00,13284.00,36.00,45.00,5.00,-3.00,5.00,0.00,84.44,,100.00,1,4,2025-05-10,1096.34,1012.28,0.57,0.43,1077.72,1030.90
13205,504,577,L,3.00,13084.00,24.00,32.00,8.00,1.00,2.00,0.00,4.00,11494.00,10.00,17.00,7.00,0.00,1.00,0.00,76.47,90.62,100.00,1,4,2025-05-10,1033.64,1139.93,0.40,0.60,1050.74,1122.82
13207,130,499,L,1.00,12583.00,11.00,9.00,14.00,-15.00,0.00,0.00,4.00,12380.00,29.00,34.00,5.00,15.00,4.00,2.00,88.24,88.89,100.00,1,5,2025-05-10,1135.39,1224.64,0.42,0.58,1153.66,1206.37
13212,400,491,L,3.00,13378.00,18.00,27.00,7.00,-10.00,3.00,0.00,4.00,12822.00,16.00,22.00,7.00,8.00,1.00,0.00,81.82,88.89,100.00,1,5,2025-05-10,1109.12,1119.85,0.55,0.45,1132.89,1096.08
13214,176,448,L,2.00,11935.00,20.00,25.00,13.00,-5.00,1.00,0.00,3.00,11896.00,25.00,20.00,7.00,5.00,1.00,0.00,85.00,92.00,100.00,1,5,2025-05-10,1006.30,1059.65,0.48,0.52,1027.07,1038.88
13215,673,138,W,9.00,12363.00,36.00,32.00,3.00,25.00,7.00,4.00,5.00,12799.00,15.00,21.00,7.00,-25.00,3.00,0.00,76.19,71.88,100.00,1,7,2025-05-10,862.29,1286.80,0.05,0.95,821.50,1327.59
13216,674,501,L,2.00,12299.00,2.00,13.00,9.00,-46.00,2.00,0.00,11.00,12984.00,24.00,45.00,2.00,43.00,7.00,1.00,75.56,84.62,100.00,1,7,2025-05-10,766.41,953.60,0.28,0.72,778.50,941.51
13219,663,453,W,5.00,13138.00,28.00,35.00,11.00,20.00,1.00,0.00,1.00,11604.00,9.00,11.00,9.00,-20.00,1.00,0.00,90.91,85.71,100.00,1,7,2025-05-10,800.61,766.30,0.49,0.51,778.50,788.41
13220,676,671,L,3.00,12640.00,13.00,23.00,6.00,-15.00,1.00,0.00,7.00,12877.00,24.00,24.00,1.00,15.00,7.00,3.00,,,100.00,1,7,2025-05-10,763.24,840.59,0.44,0.56,782.33,821.50
13223,104,652,L,1.00,12885.00,23.00,23.00,5.00,0.00,1.00,0.00,2.00,11606.00,13.00,17.00,14.00,0.00,2.00,0.00,88.24,95.65,100.00,1,6,2025-05-10,1216.17,875.67,0.92,0.08,1255.64,836.20
13224,574,401,W,4.00,13047.00,22.00,29.00,4.00,15.00,4.00,2.00,1.00,12152.00,10.00,8.00,13.00,-15.00,1.00,0.00,87.50,86.21,100.00,1,6,2025-05-10,960.87,772.15,0.72,0.28,948.86,784.16
13225,584,375,W,2.00,13260.00,24.00,40.00,10.00,10.00,2.00,1.00,0.00,12973.00,19.00,16.00,14.00,-10.00,0.00,0.00,100.00,95.00,100.00,1,6,2025-05-10,1042.29,1018.74,0.47,0.53,1019.41,1041.61
13800,532,705,L,1.00,12611.00,30.00,28.00,10.00,-10.00,0.00,0.00,3.00,12283.00,26.00,26.00,10.00,9.00,2.00,1.00,88.46,96.43,100.00,1,7,2025-05-12,1081.03,837.06,0.86,0.14,1118.09,800.00
12805,1,92,W,5.00,13085.00,23.00,29.00,5.00,10.00,5.00,1.00,3.00,13182.00,19.00,28.00,3.00,-11.00,3.00,0.00,89.29,82.76,97.00,1,0,2025-05-24,1512.63,1434.00,0.56,0.44,1493.63,1453.00
12811,409,402,L,7.00,12828.00,19.00,25.00,14.00,-4.00,5.00,1.00,8.00,12839.00,26.00,32.00,4.00,5.00,5.00,2.00,75.00,72.00,97.00,1,2,2025-05-24,1353.40,1519.27,0.31,0.69,1366.71,1505.95
12813,565,665,W,6.00,10605.00,21.00,37.00,12.00,14.00,3.00,0.00,2.00,12070.00,18.00,32.00,10.00,-15.00,1.00,0.00,93.75,83.78,97.00,1,3,2025-05-24,1323.09,1164.73,0.68,0.32,1309.32,1178.50
12816,489,332,L,2.00,11641.00,17.00,17.00,4.00,-48.00,0.00,0.00,12.00,12491.00,19.00,45.00,7.00,49.00,9.00,3.00,73.33,,97.00,1,3,2025-05-24,1156.71,1358.09,0.26,0.74,1168.03,1346.77
12818,129,504,W,5.00,12653.00,25.00,39.00,4.00,25.00,4.00,2.00,1.00,12343.00,10.00,9.00,12.00,-25.00,0.00,0.00,88.89,,97.00,1,3,2025-05-24,1318.41,1026.40,0.83,0.17,1311.17,1033.64
12819,176,545,W,7.00,12619.00,18.00,34.00,9.00,19.00,4.00,1.00,4.00,12151.00,14.00,27.00,10.00,-20.00,2.00,0.00,85.19,79.41,97.00,1,4,2025-05-24,1022.96,909.99,0.61,0.39,1006.30,926.64
12823,664,449,L,1.00,12603.00,3.00,7.00,15.00,-40.00,0.00,0.00,9.00,11889.00,33.00,41.00,2.00,40.00,9.00,4.00,78.05,85.71,97.00,1,5,2025-05-24,832.22,901.70,0.46,0.54,851.85,882.06
12826,335,567,L,2.00,12114.00,24.00,24.00,8.00,-10.00,2.00,2.00,5.00,12955.00,24.00,37.00,8.00,10.00,5.00,3.00,86.49,91.67,97.00,1,2,2025-05-24,1325.32,1361.36,0.51,0.49,1347.31,1339.37
12827,15,214,L,7.00,12726.00,24.00,45.00,0.00,-26.00,7.00,4.00,10.00,13216.00,15.00,34.00,3.00,25.00,10.00,3.00,,84.44,97.00,1,0,2025-05-24,1349.92,1276.43,0.68,0.32,1379.22,1247.13
12809,109,438,L,1.00,11873.00,27.00,30.00,4.00,-19.00,1.00,0.00,5.00,12619.00,19.00,20.00,11.00,19.00,2.00,0.00,75.00,96.67,97.00,1,1,2025-05-25,1484.13,1489.91,0.56,0.44,1508.25,1465.79
12810,329,662,L,4.00,12730.00,18.00,35.00,6.00,0.00,3.00,0.00,5.00,13252.00,25.00,25.00,6.00,-1.00,5.00,2.00,80.00,88.57,97.00,1,2,2025-05-25,1366.11,1336.42,0.62,0.38,1392.63,1309.89
12812,23,492,W,7.00,12329.00,21.00,26.00,3.00,5.00,6.00,2.00,6.00,10656.00,10.00,24.00,4.00,-5.00,4.00,1.00,,73.08,97.00,1,2,2025-05-25,1495.60,1268.49,0.77,0.23,1485.58,1278.50
12814,582,502,L,5.00,11904.00,16.00,26.00,3.00,-10.00,4.00,1.00,6.00,12112.00,14.00,35.00,3.00,9.00,4.00,1.00,82.86,80.77,97.00,1,3,2025-05-25,995.88,1112.74,0.38,0.62,1012.28,1096.34
12815,491,570,W,4.00,13083.00,23.00,30.00,7.00,10.00,2.00,1.00,2.00,12961.00,21.00,22.00,10.00,-10.00,2.00,0.00,90.91,86.67,97.00,1,3,2025-05-25,1150.80,1252.76,0.28,0.72,1119.85,1283.71
12817,406,337,W,3.00,12868.00,14.00,26.00,10.00,10.00,2.00,0.00,2.00,10786.00,27.00,16.00,3.00,-10.00,2.00,1.00,87.50,88.46,97.00,1,3,2025-05-25,1162.86,1206.28,0.36,0.64,1135.44,1233.71
12820,666,532,W,5.00,12488.00,27.00,30.00,9.00,19.00,2.00,1.00,0.00,9654.00,22.00,29.00,8.00,-20.00,0.00,0.00,100.00,83.33,97.00,1,4,2025-05-25,1138.23,1061.88,0.55,0.45,1119.08,1081.03
12821,331,568,W,5.00,12238.00,28.00,35.00,12.00,4.00,3.00,0.00,3.00,13167.00,26.00,23.00,7.00,-4.00,2.00,1.00,86.96,85.71,97.00,1,4,2025-05-25,1013.86,1282.70,0.12,0.88,976.07,1320.49
12822,215,375,L,4.00,12091.00,13.00,17.00,11.00,-15.00,2.00,0.00,6.00,12732.00,30.00,25.00,5.00,15.00,4.00,4.00,76.00,76.47,97.00,1,4,2025-05-25,1035.77,1042.77,0.56,0.44,1059.79,1018.74
12824,663,445,L,2.00,13002.00,14.00,16.00,10.00,0.00,1.00,1.00,3.00,13227.00,36.00,20.00,5.00,0.00,3.00,2.00,85.00,87.50,97.00,1,5,2025-05-25,784.34,903.09,0.38,0.62,800.61,886.82
12825,501,661,L,1.00,11454.00,15.00,18.00,12.00,-35.00,1.00,0.00,8.00,12982.00,31.00,30.00,1.00,35.00,3.00,0.00,,94.44,97.00,1,5,2025-05-25,932.95,987.94,0.48,0.52,953.60,967.29
12832,1,214,L,7.00,12918.00,25.00,41.00,3.00,-5.00,6.00,3.00,9.00,13437.00,12.00,30.00,6.00,5.00,8.00,2.00,70.00,82.93,97.00,1,0,2025-05-31,1478.41,1310.65,0.80,0.20,1512.63,1276.43
12833,15,29,L,2.00,12690.00,23.00,33.00,0.00,-21.00,2.00,2.00,4.00,12775.00,14.00,26.00,6.00,19.00,1.00,1.00,84.62,93.94,97.00,1,0,2025-05-31,1342.40,1626.86,0.17,0.83,1349.92,1619.34
12836,109,12,L,5.00,13056.00,12.00,31.00,6.00,-10.00,2.00,1.00,7.00,11957.00,19.00,39.00,1.00,10.00,6.00,3.00,82.05,83.87,97.00,1,1,2025-05-31,1452.55,1339.01,0.73,0.27,1484.13,1307.43
12837,445,664,W,5.00,12402.00,30.00,44.00,2.00,25.00,4.00,1.00,0.00,12901.00,12.00,10.00,15.00,-25.00,0.00,0.00,100.00,88.64,97.00,1,5,2025-05-31,920.27,815.04,0.60,0.40,903.09,832.22
12838,663,449,L,1.00,12056.00,27.00,15.00,8.00,-20.00,0.00,0.00,5.00,12142.00,26.00,25.00,7.00,19.00,3.00,3.00,80.00,93.33,97.00,1,5,2025-05-31,769.84,916.20,0.34,0.66,784.34,901.70
12839,335,402,L,3.00,12461.00,20.00,18.00,6.00,-35.00,3.00,0.00,12.00,11462.00,21.00,44.00,6.00,34.00,10.00,5.00,72.73,83.33,97.00,1,2,2025-05-31,1314.71,1529.88,0.25,0.75,1325.32,1519.27
12842,652,501,W,5.00,12695.00,19.00,25.00,4.00,10.00,5.00,1.00,4.00,12264.00,26.00,26.00,8.00,-10.00,3.00,3.00,84.62,80.00,97.00,1,5,2025-05-31,900.68,907.94,0.42,0.58,875.67,932.95
12843,502,406,L,2.00,11953.00,15.00,21.00,10.00,-21.00,1.00,0.00,7.00,12388.00,30.00,32.00,10.00,17.00,4.00,1.00,78.12,90.48,97.00,1,3,2025-05-31,1094.32,1181.28,0.43,0.57,1112.74,1162.86
12850,666,568,L,3.00,12747.00,32.00,32.00,6.00,-15.00,3.00,0.00,6.00,12724.00,12.00,32.00,10.00,15.00,4.00,0.00,81.25,90.62,97.00,1,4,2025-05-31,1125.19,1295.74,0.30,0.70,1138.23,1282.70
12851,545,446,W,4.00,13207.00,29.00,34.00,5.00,3.00,2.00,0.00,3.00,13244.00,14.00,17.00,9.00,-3.00,2.00,1.00,82.35,88.24,97.00,1,4,2025-05-31,945.70,1150.40,0.17,0.83,909.99,1186.11
12855,331,532,W,3.00,12420.00,22.00,36.00,10.00,-5.00,3.00,0.00,2.00,12278.00,29.00,21.00,10.00,5.00,2.00,1.00,90.48,91.67,97.00,1,4,2025-05-31,1038.32,1037.43,0.43,0.57,1013.86,1061.88
12575,29,17,W,6.00,12246.00,21.00,32.00,4.00,12.00,6.00,1.00,5.00,12826.00,16.00,40.00,4.00,-12.00,4.00,1.00,87.50,81.25,85.00,3,0,2025-06-04,1651.46,1652.64,0.43,0.57,1626.86,1677.24
12576,505,573,W,2.00,10772.00,6.00,21.00,13.00,5.00,1.00,1.00,1.00,12676.00,30.00,45.00,3.00,-5.00,0.00,0.00,97.78,90.48,85.00,3,0,2025-06-04,1673.34,1572.25,0.59,0.41,1655.89,1589.70
12577,579,452,L,0.00,11924.00,18.00,46.00,4.00,-20.00,0.00,0.00,5.00,12192.00,21.00,30.00,7.00,20.00,4.00,2.00,83.33,100.00,85.00,3,1,2025-06-04,1506.13,1557.21,0.49,0.51,1527.06,1536.28
12580,239,443,W,4.00,13096.00,24.00,41.00,11.00,10.00,4.00,2.00,1.00,12514.00,16.00,34.00,9.00,-10.00,0.00,0.00,97.06,90.24,86.00,3,0,2025-06-04,1621.80,1451.66,0.70,0.30,1608.73,1464.72
12581,111,63,L,2.00,13005.00,20.00,21.00,6.00,0.00,0.00,0.00,4.00,12721.00,22.00,35.00,6.00,-1.00,3.00,0.00,88.57,90.48,86.00,3,0,2025-06-04,1441.71,1431.09,0.59,0.41,1466.95,1405.85
12584,44,23,L,2.00,12866.00,25.00,33.00,11.00,-4.00,1.00,1.00,4.00,11811.00,27.00,33.00,10.00,3.00,3.00,2.00,87.88,93.94,86.00,3,2,2025-06-04,1430.89,1514.26,0.43,0.57,1449.56,1495.60
12589,397,446,W,3.00,11367.00,21.00,24.00,6.00,10.00,2.00,1.00,2.00,12861.00,18.00,16.00,3.00,-10.00,1.00,1.00,87.50,87.50,86.00,3,3,2025-06-04,1421.12,1142.64,0.82,0.18,1413.36,1150.40
12591,502,566,W,5.00,12880.00,14.00,24.00,14.00,18.00,4.00,2.00,2.00,11996.00,28.00,35.00,6.00,-19.00,2.00,0.00,94.29,79.17,86.00,6,4,2025-06-04,1128.10,1286.28,0.21,0.79,1094.32,1320.07
12594,130,411,L,1.00,12899.00,28.00,22.00,2.00,-5.00,1.00,1.00,2.00,12736.00,18.00,13.00,15.00,5.00,2.00,1.00,84.62,95.45,86.00,7,5,2025-06-04,1101.98,951.90,0.78,0.22,1135.39,918.49
12596,176,375,L,1.00,13146.00,12.00,15.00,6.00,-15.00,1.00,1.00,4.00,13105.00,26.00,33.00,6.00,14.00,3.00,0.00,87.88,93.33,86.00,7,5,2025-06-04,1002.68,1063.05,0.47,0.53,1022.96,1042.77
12597,574,431,L,2.00,12509.00,21.00,16.00,15.00,-16.00,0.00,0.00,5.00,11667.00,28.00,31.00,5.00,15.00,4.00,3.00,83.87,87.50,86.00,7,5,2025-06-04,951.83,1199.85,0.21,0.79,960.87,1190.81
12599,245,489,W,3.00,12594.00,24.00,11.00,20.00,3.00,1.00,0.00,2.00,13055.00,38.00,33.00,12.00,-4.00,1.00,1.00,93.94,72.73,86.00,3,6,2025-06-04,1030.47,1126.11,0.29,0.71,999.87,1156.71
12600,545,104,W,5.00,13184.00,21.00,22.00,13.00,10.00,5.00,0.00,2.00,12769.00,28.00,32.00,5.00,-10.00,2.00,1.00,93.75,77.27,86.00,3,6,2025-06-04,981.21,1180.66,0.17,0.83,945.70,1216.17
12601,449,451,L,1.00,12730.00,7.00,17.00,4.00,-5.00,1.00,1.00,2.00,12616.00,27.00,52.00,1.00,5.00,1.00,1.00,96.15,94.12,86.00,2,6,2025-06-04,890.83,878.40,0.59,0.41,916.20,853.04
12602,501,453,W,6.00,12294.00,23.00,30.00,4.00,-1.00,6.00,0.00,4.00,13030.00,15.00,29.00,12.00,0.00,2.00,1.00,86.21,80.00,86.00,2,6,2025-06-04,921.13,753.11,0.69,0.31,907.94,766.30
12603,332,504,W,3.00,12653.00,22.00,35.00,3.00,10.00,1.00,1.00,1.00,12317.00,14.00,17.00,9.00,-10.00,1.00,0.00,94.12,91.43,86.00,6,4,2025-06-04,1363.64,1020.85,0.87,0.13,1358.09,1026.40
12605,568,582,W,3.00,13336.00,34.00,35.00,3.00,-2.00,3.00,2.00,2.00,12090.00,10.00,13.00,13.00,2.00,1.00,1.00,84.62,91.43,86.00,6,4,2025-06-04,1302.24,989.39,0.85,0.15,1295.74,995.88
12927,449,661,W,4.00,11493.00,6.00,13.00,15.00,3.00,4.00,1.00,3.00,13093.00,46.00,30.00,1.00,-5.00,1.00,0.00,90.00,,97.00,1,5,2025-06-07,918.19,960.59,0.36,0.64,890.83,987.94
12928,652,661,L,1.00,11944.00,12.00,17.00,15.00,-20.00,1.00,1.00,5.00,13197.00,32.00,40.00,7.00,19.00,2.00,0.00,87.50,94.12,97.00,1,5,2025-06-07,882.85,978.41,0.41,0.59,900.68,960.59
12929,501,664,W,7.00,11521.00,31.00,35.00,8.00,25.00,5.00,2.00,2.00,12535.00,17.00,20.00,7.00,-25.00,1.00,1.00,90.00,80.00,97.00,1,5,2025-06-07,936.26,799.91,0.65,0.35,921.13,815.04
12934,491,406,W,7.00,13016.00,21.00,19.00,9.00,-1.00,6.00,3.00,6.00,13804.00,29.00,34.00,13.00,-1.00,5.00,1.00,82.35,63.16,97.00,6,3,2025-06-07,1174.18,1157.90,0.46,0.54,1150.80,1181.28
12935,502,129,L,1.00,12584.00,7.00,18.00,7.00,-29.00,0.00,0.00,8.00,12630.00,27.00,49.00,5.00,29.00,5.00,4.00,83.67,94.44,97.00,6,3,2025-06-07,1117.33,1329.18,0.25,0.75,1128.10,1318.41
12936,504,565,W,7.00,11536.00,40.00,38.00,17.00,20.00,6.00,0.00,4.00,12679.00,28.00,32.00,11.00,-21.00,3.00,0.00,87.50,81.58,97.00,6,3,2025-06-07,1057.43,1286.51,0.15,0.85,1020.85,1323.09
12937,189,337,W,6.00,12758.00,19.00,33.00,4.00,5.00,6.00,0.00,5.00,11866.00,11.00,23.00,6.00,-5.00,5.00,2.00,78.26,81.82,97.00,6,3,2025-06-07,1183.28,1181.87,0.43,0.57,1158.86,1206.28
12938,375,331,W,7.00,12242.00,25.00,30.00,12.00,6.00,5.00,0.00,5.00,12177.00,36.00,27.00,16.00,-8.00,4.00,1.00,81.48,76.67,97.00,4,4,2025-06-07,1083.02,1018.34,0.54,0.46,1063.05,1038.32
12939,666,215,L,1.00,11459.00,23.00,13.00,10.00,-15.00,1.00,0.00,4.00,11812.00,22.00,25.00,5.00,15.00,2.00,0.00,84.00,92.31,97.00,5,4,2025-06-07,1098.28,1062.68,0.63,0.37,1125.19,1035.77
12940,402,23,L,1.00,12139.00,17.00,25.00,3.00,-5.00,1.00,0.00,3.00,11413.00,15.00,22.00,5.00,5.00,3.00,1.00,86.36,96.00,97.00,5,2,2025-06-07,1507.41,1536.73,0.52,0.48,1529.88,1514.26
12941,567,662,L,1.00,11884.00,16.00,18.00,5.00,-15.00,0.00,0.00,5.00,13021.00,22.00,28.00,5.00,15.00,4.00,1.00,82.14,94.44,97.00,4,2,2025-06-07,1338.32,1359.46,0.54,0.46,1361.36,1336.42
12957,4,49,L,2.00,13050.00,19.00,20.00,8.00,-5.00,2.00,0.00,3.00,12665.00,22.00,32.00,8.00,5.00,3.00,3.00,90.62,90.00,99.00,1,0,2025-06-09,1263.12,1485.15,0.24,0.76,1273.38,1474.88
12959,505,56,W,7.00,13477.00,11.00,29.00,5.00,0.00,6.00,2.00,6.00,13491.00,27.00,50.00,2.00,0.00,5.00,3.00,88.00,75.86,99.00,1,0,2025-06-09,1683.29,1454.90,0.77,0.23,1673.34,1464.85
12960,1,573,L,3.00,12023.00,12.00,23.00,4.00,-6.00,2.00,2.00,7.00,10356.00,16.00,38.00,1.00,5.00,7.00,6.00,81.58,86.96,99.00,1,0,2025-06-09,1462.58,1588.08,0.37,0.63,1478.41,1572.25
12983,188,393,W,7.00,10071.00,19.00,43.00,1.00,-6.00,2.00,0.00,6.00,12562.00,13.00,20.00,6.00,7.00,3.00,2.00,70.00,83.72,99.00,1,1,2025-06-09,1429.96,1514.63,0.30,0.70,1400.00,1544.59
12989,23,335,W,7.00,10148.00,14.00,32.00,6.00,29.00,6.00,3.00,2.00,12158.00,14.00,28.00,3.00,-29.00,1.00,0.00,92.86,78.12,100.00,1,1,2025-06-09,1546.10,1305.34,0.78,0.22,1536.73,1314.71
12990,109,12,L,1.00,12984.00,22.00,25.00,7.00,-21.00,1.00,0.00,5.00,13169.00,22.00,28.00,5.00,20.00,5.00,3.00,82.14,96.00,100.00,1,1,2025-06-09,1424.27,1367.29,0.66,0.34,1452.55,1339.01
12991,408,409,W,10.00,12563.00,24.00,43.00,3.00,50.00,8.00,7.00,0.00,11439.00,10.00,13.00,9.00,-50.00,0.00,0.00,100.00,76.74,100.00,1,1,2025-06-09,1566.03,1343.17,0.76,0.24,1555.81,1353.40
12995,506,402,W,2.00,12089.00,10.00,28.00,8.00,-2.00,2.00,1.00,1.00,11426.00,20.00,22.00,3.00,2.00,1.00,0.00,95.45,92.86,100.00,1,2,2025-06-09,1447.01,1480.63,0.38,0.62,1420.22,1507.41
12999,129,24,W,10.00,12366.00,24.00,23.00,6.00,24.00,9.00,1.00,3.00,11755.00,16.00,27.00,14.00,-24.00,2.00,2.00,88.89,56.52,100.00,1,3,2025-06-09,1343.29,1190.49,0.67,0.33,1329.18,1204.59
13002,26,439,L,2.00,12330.00,19.00,20.00,12.00,-45.00,2.00,2.00,10.00,13428.00,29.00,32.00,6.00,45.00,8.00,3.00,68.75,90.00,100.00,1,4,2025-06-09,1036.17,1218.16,0.29,0.71,1048.55,1205.77
13009,130,661,W,3.00,12140.00,17.00,18.00,8.00,10.00,2.00,0.00,2.00,12595.00,25.00,27.00,8.00,-9.00,1.00,0.00,92.59,83.33,100.00,1,5,2025-06-09,1116.14,964.25,0.67,0.33,1101.98,978.41
13018,375,445,L,1.00,11840.00,13.00,11.00,6.00,-10.00,1.00,0.00,4.00,9684.00,16.00,27.00,1.00,10.00,2.00,0.00,85.19,90.91,100.00,1,6,2025-06-09,1052.12,951.16,0.72,0.28,1083.02,920.27
13019,61,574,W,5.00,11669.00,15.00,19.00,4.00,5.00,4.00,0.00,3.00,9464.00,13.00,21.00,5.00,-6.00,2.00,1.00,85.71,73.68,100.00,1,6,2025-06-09,936.43,927.91,0.44,0.56,912.50,951.83
13501,4,49,L,4.00,13352.00,31.00,26.00,3.00,-20.00,4.00,2.00,7.00,13091.00,14.00,34.00,12.00,20.00,7.00,6.00,79.41,84.62,99.00,1,0,2025-06-12,1253.75,1494.52,0.22,0.78,1263.12,1485.15
13502,442,578,W,5.00,13211.00,24.00,38.00,12.00,3.00,5.00,2.00,4.00,13798.00,25.00,35.00,8.00,-2.00,4.00,3.00,88.57,86.84,99.00,1,0,2025-06-12,1447.81,1559.09,0.27,0.73,1416.35,1590.55
13713,661,491,W,5.00,12918.00,14.00,34.00,6.00,-5.00,4.00,2.00,4.00,12654.00,24.00,17.00,7.00,5.00,4.00,2.00,76.47,85.29,100.00,1,5,2025-06-12,997.37,1141.07,0.23,0.77,964.25,1174.18
13717,411,448,L,5.00,13399.00,23.00,23.00,12.00,2.00,3.00,1.00,6.00,12995.00,28.00,41.00,3.00,-2.00,4.00,0.00,85.37,,100.00,1,5,2025-06-12,936.86,1074.69,0.35,0.65,951.90,1059.65
13719,215,672,L,1.00,11780.00,36.00,27.00,2.00,0.00,1.00,1.00,3.00,11831.00,7.00,17.00,16.00,-1.00,2.00,1.00,82.35,96.30,100.00,1,5,2025-06-12,1038.57,1044.36,0.56,0.44,1062.68,1020.25
13720,431,499,L,2.00,12093.00,11.00,23.00,14.00,-2.00,0.00,0.00,3.00,12809.00,32.00,34.00,4.00,0.00,2.00,0.00,91.18,91.30,100.00,1,5,2025-06-12,1179.88,1244.61,0.46,0.54,1199.85,1224.64
13735,176,269,L,1.00,12367.00,9.00,11.00,10.00,-35.00,1.00,0.00,8.00,12739.00,22.00,27.00,5.00,35.00,8.00,2.00,70.37,90.91,100.00,1,5,2025-06-12,995.07,1277.06,0.18,0.82,1002.68,1269.44
13751,580,505,L,3.00,13612.00,27.00,52.00,4.00,0.00,3.00,0.00,5.00,13043.00,15.00,22.00,16.00,0.00,3.00,0.00,77.27,94.23,99.00,1,0,2025-06-12,1456.03,1692.84,0.22,0.78,1465.59,1683.29
13770,191,547,W,5.00,13857.00,18.00,36.00,4.00,1.00,2.00,1.00,4.00,13147.00,18.00,33.00,10.00,-1.00,2.00,0.00,87.88,86.11,99.00,1,1,2025-06-12,1659.03,1381.26,0.82,0.18,1651.24,1389.05
13794,111,669,L,3.00,13124.00,13.00,19.00,9.00,-15.00,2.00,1.00,5.00,13952.00,23.00,38.00,7.00,15.00,3.00,0.00,86.84,84.21,100.00,1,0,2025-06-12,1426.38,1559.68,0.36,0.64,1441.71,1544.36
13796,48,23,L,1.00,11870.00,12.00,24.00,7.00,-30.00,1.00,0.00,7.00,12722.00,15.00,41.00,3.00,30.00,6.00,3.00,82.93,95.83,100.00,1,1,2025-06-12,1446.44,1562.54,0.38,0.62,1462.89,1546.10
13797,12,409,L,0.00,12352.00,24.00,22.00,6.00,-10.00,0.00,0.00,2.00,13325.00,22.00,31.00,9.00,10.00,2.00,1.00,93.55,100.00,100.00,1,1,2025-06-12,1344.30,1366.16,0.53,0.47,1367.29,1343.17
13798,438,408,L,8.00,12333.00,17.00,38.00,0.00,-11.00,7.00,4.00,11.00,12874.00,15.00,32.00,9.00,10.00,11.00,7.00,65.62,78.95,100.00,1,1,2025-06-12,1473.04,1582.89,0.39,0.61,1489.91,1566.03
13803,676,451,L,2.00,12956.00,17.00,25.00,14.00,-20.00,0.00,0.00,7.00,12894.00,28.00,30.00,5.00,20.00,4.00,2.00,76.67,92.00,100.00,1,7,2025-06-12,748.62,893.03,0.34,0.66,763.24,878.40
13808,201,401,W,9.00,12613.00,27.00,38.00,3.00,45.00,6.00,4.00,0.00,12818.00,8.00,11.00,12.00,-45.00,0.00,0.00,100.00,76.32,100.00,1,6,2025-06-12,925.35,758.87,0.69,0.31,912.07,772.15
13813,400,446,W,6.00,13277.00,17.00,21.00,11.00,15.00,4.00,0.00,2.00,13148.00,24.00,20.00,6.00,-15.00,2.00,0.00,90.00,71.43,100.00,1,5,2025-06-12,1132.69,1119.07,0.45,0.55,1109.12,1142.64
13814,498,22,W,7.00,13240.00,20.00,32.00,12.00,3.00,7.00,3.00,6.00,13333.00,21.00,32.00,11.00,-3.00,6.00,4.00,81.25,78.12,100.00,1,2,2025-06-12,1393.47,1236.82,0.68,0.32,1379.60,1250.69
13816,581,568,L,1.00,12577.00,12.00,17.00,5.00,-10.00,1.00,0.00,3.00,13048.00,30.00,29.00,7.00,9.00,3.00,0.00,89.66,94.12,100.00,1,3,2025-06-12,1119.24,1313.92,0.27,0.73,1130.92,1302.24
13817,570,189,W,4.00,13217.00,30.00,32.00,7.00,-5.00,1.00,1.00,3.00,13975.00,12.00,35.00,6.00,5.00,3.00,0.00,91.43,87.50,100.00,1,3,2025-06-12,1270.01,1166.02,0.60,0.40,1252.76,1183.28
13821,331,406,W,3.00,11871.00,15.00,18.00,4.00,5.00,2.00,1.00,2.00,12038.00,25.00,30.00,3.00,-5.00,0.00,0.00,,83.33,100.00,1,4,2025-06-12,1048.04,1128.20,0.31,0.69,1018.34,1157.90
13822,504,439,L,5.00,14319.00,41.00,33.00,13.00,0.00,2.00,1.00,7.00,14518.00,26.00,45.00,18.00,1.00,3.00,2.00,84.44,84.85,100.00,1,4,2025-06-12,1045.22,1230.36,0.28,0.72,1057.43,1218.16
13823,582,675,L,4.00,12906.00,30.00,27.00,17.00,0.00,3.00,0.00,5.00,13299.00,27.00,42.00,16.00,0.00,4.00,1.00,88.10,85.19,100.00,1,4,2025-06-12,972.09,1075.56,0.40,0.60,989.39,1058.27
12877,15,333,W,13.00,12870.00,23.00,52.00,4.00,54.00,12.00,9.00,3.00,12878.00,9.00,28.00,5.00,-55.00,2.00,1.00,89.29,75.00,97.00,1,0,2025-06-14,1368.95,1399.09,0.38,0.62,1342.40,1425.65
12878,1,29,L,2.00,12676.00,11.00,23.00,1.00,-30.00,2.00,1.00,10.00,13057.00,17.00,39.00,7.00,30.00,8.00,4.00,74.36,91.30,97.00,1,0,2025-06-14,1451.74,1662.30,0.25,0.75,1462.58,1651.46
12884,532,568,W,4.00,12197.00,9.00,20.00,11.00,5.00,4.00,2.00,2.00,12739.00,27.00,31.00,3.00,-6.00,2.00,0.00,93.55,80.00,97.00,1,4,2025-06-14,1073.15,1278.19,0.17,0.83,1037.43,1313.92
12885,375,545,W,5.00,12103.00,26.00,42.00,7.00,14.00,2.00,1.00,1.00,12475.00,12.00,19.00,7.00,-15.00,1.00,0.00,94.74,88.10,97.00,1,4,2025-06-14,1069.30,964.04,0.60,0.40,1052.12,981.21
12887,449,445,L,1.00,11591.00,14.00,19.00,12.00,-21.00,1.00,0.00,6.00,13115.00,19.00,21.00,5.00,19.00,6.00,1.00,71.43,94.74,97.00,1,5,2025-06-14,898.73,970.63,0.45,0.55,918.19,951.16
12888,652,664,L,3.00,13307.00,43.00,27.00,1.00,0.00,3.00,2.00,4.00,11864.00,10.00,17.00,16.00,0.00,1.00,1.00,76.47,88.89,97.00,1,5,2025-06-14,856.32,826.45,0.62,0.38,882.85,799.91
12876,452,214,L,7.00,13202.00,17.00,24.00,2.00,-25.00,7.00,3.00,12.00,13337.00,18.00,50.00,0.00,25.00,12.00,3.00,76.00,70.83,97.00,1,0,2025-06-15,1522.59,1345.27,0.81,0.19,1557.21,1310.65
12880,12,438,L,3.00,13498.00,16.00,31.00,6.00,-10.00,3.00,2.00,5.00,11946.00,23.00,35.00,4.00,10.00,4.00,0.00,85.71,90.32,97.00,1,1,2025-06-15,1330.42,1486.92,0.32,0.68,1344.30,1473.04
12881,329,492,L,3.00,12389.00,28.00,39.00,3.00,-22.00,2.00,0.00,7.00,12545.00,21.00,31.00,10.00,15.00,6.00,3.00,,92.31,97.00,1,2,2025-06-15,1338.72,1295.87,0.64,0.36,1366.11,1268.49
12882,567,402,W,8.00,13503.00,27.00,33.00,7.00,-5.00,8.00,4.00,7.00,12272.00,23.00,34.00,7.00,5.00,3.00,1.00,79.41,75.76,97.00,1,2,2025-06-15,1368.16,1450.78,0.31,0.69,1338.32,1480.63
12883,331,666,L,0.00,12378.00,22.00,19.00,6.00,-40.00,0.00,0.00,7.00,12080.00,23.00,34.00,11.00,35.00,7.00,0.00,73.53,100.00,97.00,1,4,2025-06-15,1029.63,1116.69,0.43,0.57,1048.04,1098.28
12889,663,501,L,0.00,13241.00,20.00,19.00,12.00,-15.00,0.00,0.00,3.00,13354.00,25.00,30.00,8.00,15.00,2.00,1.00,90.00,100.00,97.00,1,5,2025-06-15,757.92,948.18,0.28,0.72,769.84,936.26
12890,502,665,W,5.00,12939.00,24.00,43.00,5.00,20.00,4.00,2.00,1.00,12450.00,15.00,27.00,16.00,-21.00,0.00,0.00,96.30,88.37,97.00,1,3,2025-06-15,1141.74,1140.32,0.43,0.57,1117.33,1164.73
12891,189,570,L,4.00,11799.00,15.00,27.00,7.00,-26.00,4.00,3.00,9.00,12664.00,20.00,40.00,8.00,25.00,7.00,5.00,,85.19,97.00,1,3,2025-06-15,1150.77,1285.27,0.35,0.65,1166.02,1270.01
12892,337,565,L,3.00,12631.00,23.00,33.00,5.00,-11.00,2.00,1.00,5.00,11685.00,21.00,20.00,6.00,10.00,4.00,0.00,75.00,90.91,97.00,1,3,2025-06-15,1166.65,1301.72,0.35,0.65,1181.87,1286.51
12893,332,129,L,3.00,12484.00,13.00,17.00,12.00,-5.00,3.00,1.00,4.00,12376.00,31.00,34.00,6.00,5.00,3.00,0.00,,82.35,97.00,1,3,2025-06-15,1340.88,1366.04,0.53,0.47,1363.64,1343.29
12894,582,406,L,1.00,12850.00,30.00,14.00,10.00,-10.00,0.00,0.00,3.00,12085.00,27.00,22.00,11.00,8.00,2.00,1.00,86.36,92.86,97.00,1,3,2025-06-15,959.65,1140.64,0.29,0.71,972.09,1128.20
12895,491,504,L,2.00,12881.00,23.00,26.00,3.00,-19.00,1.00,1.00,5.00,11334.00,13.00,28.00,9.00,18.00,3.00,1.00,82.14,92.31,97.00,1,3,2025-06-15,1113.79,1072.51,0.63,0.37,1141.07,1045.22
12899,109,12,L,5.00,13071.00,20.00,39.00,1.00,-15.00,5.00,2.00,7.00,12517.00,19.00,34.00,5.00,15.00,7.00,3.00,79.41,87.18,97.00,1,1,2025-06-21,1397.10,1357.59,0.63,0.37,1424.27,1330.42
12900,409,662,L,4.00,12280.00,16.00,26.00,14.00,-2.00,4.00,2.00,5.00,12995.00,33.00,40.00,2.00,2.00,4.00,3.00,87.50,84.62,97.00,6,2,2025-06-21,1344.25,1381.37,0.51,0.49,1366.16,1359.46
12908,215,545,W,5.00,10968.00,15.00,35.00,5.00,15.00,5.00,3.00,1.00,12155.00,15.00,16.00,6.00,-15.00,0.00,0.00,93.75,85.71,97.00,1,4,2025-06-21,1055.52,947.09,0.61,0.39,1038.57,964.04
12911,449,652,W,5.00,12266.00,19.00,25.00,8.00,7.00,5.00,4.00,4.00,12740.00,28.00,20.00,7.00,-8.00,3.00,0.00,80.00,80.00,97.00,1,5,2025-06-21,917.61,837.43,0.56,0.44,898.73,856.32
12896,92,15,L,1.00,13397.00,9.00,18.00,9.00,-20.00,0.00,0.00,5.00,12234.00,30.00,46.00,1.00,20.00,4.00,3.00,89.13,94.44,97.00,1,0,2025-06-22,1408.52,1394.43,0.59,0.41,1434.00,1368.95
12901,329,567,L,3.00,12226.00,21.00,19.00,3.00,0.00,2.00,0.00,4.00,12903.00,13.00,29.00,8.00,0.00,4.00,0.00,86.21,84.21,97.00,6,2,2025-06-22,1319.04,1387.85,0.46,0.54,1338.72,1368.16
12902,402,492,W,8.00,12503.00,17.00,30.00,6.00,20.00,7.00,4.00,3.00,13009.00,25.00,34.00,8.00,-23.00,3.00,1.00,91.18,73.33,97.00,6,2,2025-06-22,1463.28,1283.37,0.71,0.29,1450.78,1295.87
12903,23,335,W,7.00,12009.00,26.00,41.00,3.00,29.00,5.00,2.00,2.00,12709.00,15.00,20.00,13.00,-29.00,2.00,0.00,90.00,82.93,97.00,6,2,2025-06-22,1570.51,1297.37,0.81,0.19,1562.54,1305.34
12904,502,337,L,4.00,12961.00,16.00,23.00,6.00,-26.00,3.00,1.00,8.00,12746.00,24.00,32.00,3.00,24.00,5.00,1.00,75.00,82.61,97.00,1,3,2025-06-22,1121.78,1186.61,0.46,0.54,1141.74,1166.65
12905,665,582,L,4.00,13043.00,24.00,27.00,6.00,-16.00,4.00,3.00,7.00,12811.00,25.00,31.00,13.00,15.00,6.00,2.00,77.42,85.19,97.00,1,3,2025-06-22,1108.55,991.42,0.74,0.26,1140.32,959.65
12906,129,570,W,4.00,12939.00,20.00,24.00,9.00,5.00,4.00,2.00,2.00,13131.00,25.00,20.00,4.00,-6.00,1.00,0.00,90.00,83.33,97.00,1,3,2025-06-22,1382.63,1268.68,0.61,0.39,1366.04,1285.27
12907,332,189,L,2.00,13014.00,30.00,30.00,9.00,-3.00,1.00,0.00,3.00,13016.00,17.00,30.00,9.00,3.00,3.00,1.00,,93.33,97.00,1,3,2025-06-22,1308.66,1182.99,0.75,0.25,1340.88,1150.77
12909,446,176,L,2.00,13988.00,21.00,23.00,11.00,6.00,2.00,0.00,3.00,14262.00,33.00,28.00,9.00,-5.00,1.00,1.00,89.29,91.30,97.00,1,4,2025-06-22,1090.21,1023.93,0.67,0.33,1119.07,995.07
12910,445,661,W,4.00,13016.00,16.00,23.00,7.00,0.00,4.00,2.00,3.00,13318.00,24.00,29.00,6.00,0.00,2.00,0.00,89.66,,97.00,1,5,2025-06-22,993.78,974.21,0.46,0.54,970.63,997.37
12912,664,663,L,1.00,12669.00,12.00,11.00,12.00,-35.00,0.00,0.00,8.00,11572.00,30.00,38.00,3.00,35.00,8.00,4.00,78.95,90.91,97.00,1,5,2025-06-22,800.76,783.60,0.60,0.40,826.45,757.92
12915,532,375,L,3.00,12524.00,18.00,32.00,10.00,-31.00,2.00,0.00,10.00,11601.00,25.00,52.00,9.00,31.00,4.00,2.00,80.77,90.62,97.00,6,4,2025-06-28,1051.41,1091.04,0.51,0.49,1073.15,1069.30
12916,545,331,L,3.00,13051.00,16.00,18.00,9.00,0.00,1.00,0.00,4.00,11359.00,22.00,32.00,9.00,0.00,4.00,1.00,87.50,83.33,97.00,6,4,2025-06-28,930.60,1046.12,0.38,0.62,947.09,1029.63
12917,568,215,L,3.00,13140.00,16.00,21.00,9.00,-25.00,2.00,2.00,7.00,10732.00,19.00,21.00,6.00,25.00,6.00,0.00,66.67,85.71,97.00,6,4,2025-06-28,1244.53,1089.18,0.78,0.22,1278.19,1055.52
12897,214,333,W,17.00,12984.00,18.00,42.00,1.00,45.00,17.00,6.00,7.00,13361.00,9.00,23.00,5.00,-45.00,3.00,0.00,69.57,59.52,97.00,1,0,2025-06-29,1370.08,1374.29,0.42,0.58,1345.27,1399.09
12898,15,1,W,11.00,13114.00,14.00,32.00,2.00,15.00,9.00,9.00,8.00,13530.00,20.00,32.00,4.00,-16.00,6.00,3.00,75.00,65.62,97.00,1,0,2025-06-29,1419.45,1426.73,0.42,0.58,1394.43,1451.74
12913,438,109,W,8.00,12468.00,25.00,50.00,4.00,24.00,7.00,2.00,3.00,13200.00,12.00,39.00,7.00,-25.00,2.00,1.00,92.31,84.00,97.00,1,1,2025-06-29,1502.98,1381.03,0.63,0.37,1486.92,1397.10
12914,504,332,W,3.00,12513.00,23.00,33.00,6.00,5.00,0.00,0.00,2.00,12711.00,15.00,41.00,10.00,-5.00,1.00,1.00,95.12,90.91,97.00,1,3,2025-06-29,1106.72,1274.45,0.20,0.80,1072.51,1308.66
12918,666,176,W,4.00,11491.00,24.00,28.00,8.00,5.00,3.00,0.00,2.00,13073.00,18.00,29.00,13.00,-5.00,2.00,1.00,93.10,85.71,97.00,6,4,2025-06-29,1132.58,1008.04,0.63,0.37,1116.69,1023.93
12920,663,661,L,0.00,11772.00,11.00,14.00,9.00,-40.00,0.00,0.00,8.00,12975.00,25.00,40.00,4.00,39.00,7.00,4.00,80.00,100.00,97.00,1,5,2025-06-29,772.84,984.98,0.25,0.75,783.60,974.21
12921,445,652,W,5.00,12682.00,18.00,22.00,7.00,15.00,4.00,1.00,1.00,12289.00,15.00,19.00,5.00,-15.00,0.00,0.00,94.74,,97.00,1,5,2025-06-29,1006.21,825.00,0.71,0.29,993.78,837.43
12922,406,565,W,5.00,13178.00,19.00,36.00,11.00,24.00,5.00,1.00,4.00,11833.00,22.00,41.00,7.00,-24.00,3.00,2.00,90.24,,97.00,1,3,2025-06-29,1171.45,1270.91,0.28,0.72,1140.64,1301.72
12923,189,491,W,6.00,11528.00,15.00,40.00,11.00,-8.00,5.00,2.00,4.00,12013.00,21.00,19.00,9.00,4.00,3.00,0.00,78.95,85.00,97.00,1,3,2025-06-29,1200.26,1096.51,0.60,0.40,1182.99,1113.79
11994,269,8,W,8.00,10628.00,13.00,28.00,3.00,25.00,7.00,2.00,3.00,12413.00,17.00,20.00,7.00,-25.00,3.00,0.00,85.00,,86.00,1,3,2025-07-02,1295.46,1208.19,0.57,0.43,1277.06,1226.58
12324,191,92,W,5.00,11975.00,27.00,31.00,6.00,-10.00,5.00,0.00,4.00,12368.00,19.00,28.00,10.00,9.00,4.00,0.00,85.71,,85.00,6,1,2025-07-03,1667.25,1400.30,0.81,0.19,1659.03,1408.52
12388,17,56,W,4.00,13048.00,28.00,40.00,8.00,20.00,4.00,3.00,1.00,12798.00,21.00,29.00,11.00,-20.00,1.00,0.00,96.55,90.00,85.00,6,0,2025-07-03,1663.07,1444.47,0.76,0.24,1652.64,1454.90
12856,15,452,W,6.00,13283.00,24.00,48.00,2.00,15.00,6.00,0.00,4.00,12208.00,13.00,27.00,2.00,-15.00,3.00,3.00,,87.50,97.00,1,0,2025-07-06,1447.15,1494.89,0.36,0.64,1419.45,1522.59
12859,92,29,L,1.00,13247.00,17.00,31.00,12.00,-15.00,0.00,0.00,5.00,12734.00,35.00,33.00,3.00,14.00,5.00,3.00,84.85,96.77,97.00,1,0,2025-07-06,1392.51,1670.09,0.18,0.82,1400.30,1662.30
12860,12,438,L,3.00,13130.00,15.00,25.00,5.00,-35.00,3.00,3.00,8.00,11518.00,16.00,36.00,1.00,35.00,5.00,1.00,77.78,88.00,97.00,1,1,2025-07-06,1344.60,1515.98,0.30,0.70,1357.59,1502.98
12867,504,570,L,2.00,12086.00,12.00,30.00,6.00,-10.00,2.00,1.00,3.00,12330.00,25.00,33.00,4.00,10.00,2.00,0.00,90.91,93.33,97.00,1,3,2025-07-06,1094.57,1280.82,0.28,0.72,1106.72,1268.68
12868,215,176,W,5.00,12610.00,33.00,28.00,5.00,15.00,4.00,1.00,2.00,12917.00,18.00,22.00,8.00,-15.00,2.00,2.00,90.91,82.14,97.00,1,4,2025-07-06,1105.75,991.47,0.61,0.39,1089.18,1008.04
12875,23,662,L,2.00,12881.00,20.00,31.00,6.00,-10.00,2.00,1.00,3.00,12377.00,14.00,25.00,7.00,10.00,3.00,3.00,88.00,93.55,97.00,1,2,2025-07-06,1538.34,1413.54,0.75,0.25,1570.51,1381.37
12956,17,29,W,8.00,12389.00,15.00,48.00,6.00,10.00,8.00,4.00,5.00,12683.00,12.00,22.00,4.00,-11.00,5.00,0.00,77.27,83.33,99.00,1,0,2025-07-09,1685.01,1648.16,0.49,0.51,1663.07,1670.09
12958,573,580,W,8.00,11512.00,13.00,34.00,2.00,23.00,7.00,3.00,1.00,11371.00,18.00,30.00,5.00,-25.00,1.00,1.00,96.67,76.47,99.00,1,0,2025-07-09,1601.78,1442.33,0.68,0.32,1588.08,1456.03
12981,46,494,L,3.00,12131.00,11.00,23.00,1.00,-40.00,3.00,1.00,10.00,11234.00,15.00,33.00,2.00,40.00,8.00,6.00,69.70,86.96,99.00,1,1,2025-07-09,1375.23,1606.36,0.23,0.77,1385.05,1596.54
12984,399,579,L,2.00,13815.00,13.00,22.00,7.00,-15.00,2.00,1.00,5.00,11623.00,12.00,27.00,4.00,15.00,5.00,2.00,81.48,90.91,99.00,1,1,2025-07-09,1321.25,1517.71,0.27,0.73,1332.83,1506.13
12985,452,188,W,4.00,12348.00,15.00,36.00,5.00,5.00,4.00,2.00,3.00,12521.00,21.00,47.00,7.00,-5.00,2.00,1.00,93.62,88.89,99.00,1,1,2025-07-09,1512.42,1412.44,0.59,0.41,1494.89,1429.96
12986,379,669,L,2.00,12663.00,15.00,19.00,6.00,-30.00,0.00,0.00,10.00,13073.00,10.00,44.00,8.00,30.00,9.00,3.00,77.27,89.47,100.00,1,0,2025-07-09,1357.54,1570.41,0.25,0.75,1368.26,1559.68
12987,667,35,W,1.00,8038.00,9.00,26.00,5.00,5.00,1.00,1.00,0.00,12518.00,9.00,17.00,3.00,-5.00,0.00,0.00,100.00,96.15,100.00,1,0,2025-07-09,1519.68,1536.82,0.40,0.60,1494.00,1562.51
12992,438,48,W,6.00,12466.00,19.00,30.00,11.00,14.00,4.00,1.00,3.00,12655.00,22.00,26.00,5.00,-16.00,3.00,2.00,88.46,80.00,100.00,1,1,2025-07-09,1533.23,1429.19,0.60,0.40,1515.98,1446.44
12993,397,329,L,3.00,11951.00,16.00,25.00,6.00,-10.00,1.00,0.00,5.00,12269.00,17.00,28.00,3.00,10.00,5.00,2.00,82.14,88.00,100.00,1,2,2025-07-09,1393.48,1346.68,0.64,0.36,1421.12,1319.04
12994,205,22,W,9.00,10132.00,17.00,36.00,5.00,25.00,7.00,2.00,4.00,9681.00,11.00,21.00,3.00,-25.00,3.00,2.00,80.95,75.00,100.00,1,2,2025-07-09,1388.74,1223.47,0.69,0.31,1375.38,1236.82
12996,92,31,W,2.00,11609.00,9.00,15.00,9.00,0.00,2.00,2.00,1.00,12300.00,33.00,30.00,3.00,0.00,0.00,0.00,96.67,86.67,99.00,1,1,2025-07-09,1419.69,1459.38,0.37,0.63,1392.51,1486.56
12997,570,38,W,6.00,11569.00,23.00,28.00,6.00,25.00,5.00,2.00,0.00,11799.00,16.00,14.00,7.00,-25.00,0.00,0.00,100.00,,100.00,1,3,2025-07-09,1289.88,1042.24,0.79,0.21,1280.82,1051.30
12998,581,336,L,2.00,9705.00,12.00,22.00,11.00,0.00,2.00,1.00,3.00,10355.00,31.00,36.00,2.00,0.00,3.00,2.00,91.67,90.91,100.00,1,3,2025-07-09,1106.88,1289.38,0.29,0.71,1119.24,1277.02
13000,214,189,L,8.00,12273.00,8.00,18.00,2.00,-10.00,6.00,3.00,11.00,9276.00,15.00,28.00,5.00,10.00,8.00,2.00,60.71,55.56,100.00,1,3,2025-07-09,1338.83,1231.51,0.73,0.27,1370.08,1200.26
13001,8,207,L,2.00,9266.00,12.00,19.00,8.00,-14.00,2.00,2.00,5.00,10575.00,26.00,44.00,4.00,14.00,5.00,2.00,88.64,89.47,100.00,1,3,2025-07-09,1184.37,1194.51,0.55,0.45,1208.19,1170.70
13003,577,582,W,9.00,12297.00,21.00,24.00,1.00,29.00,8.00,2.00,3.00,12330.00,12.00,24.00,0.00,-29.00,2.00,1.00,87.50,62.50,100.00,1,4,2025-07-09,1152.76,978.59,0.70,0.30,1139.93,991.42
13004,504,675,L,3.00,12704.00,15.00,13.00,5.00,2.00,3.00,0.00,4.00,12151.00,27.00,28.00,6.00,-2.00,2.00,2.00,,76.92,100.00,1,4,2025-07-09,1071.90,1098.24,0.53,0.47,1094.57,1075.56
13005,331,337,W,3.00,13136.00,26.00,28.00,17.00,15.00,3.00,1.00,1.00,12121.00,17.00,13.00,10.00,-15.00,1.00,0.00,92.31,89.29,100.00,1,4,2025-07-09,1075.87,1156.86,0.31,0.69,1046.12,1186.61
13006,406,502,W,5.00,11006.00,18.00,22.00,2.00,15.00,5.00,1.00,1.00,10893.00,11.00,17.00,9.00,-16.00,1.00,0.00,94.12,77.27,100.00,1,4,2025-07-09,1189.90,1103.34,0.57,0.43,1171.45,1121.78
13007,269,672,W,5.00,12250.00,34.00,37.00,5.00,14.00,5.00,3.00,3.00,11535.00,13.00,16.00,11.00,-15.00,3.00,1.00,81.25,,100.00,1,5,2025-07-09,1303.66,1036.16,0.81,0.19,1295.46,1044.36
13008,499,398,L,3.00,12972.00,15.00,15.00,7.00,-5.00,1.00,0.00,4.00,12083.00,23.00,27.00,3.00,5.00,4.00,0.00,85.19,80.00,100.00,1,5,2025-07-09,1223.88,1277.91,0.48,0.52,1244.61,1257.19
13010,215,448,L,2.00,12361.00,13.00,13.00,5.00,-16.00,2.00,0.00,5.00,12459.00,13.00,19.00,0.00,15.00,5.00,2.00,73.68,84.62,100.00,1,5,2025-07-09,1082.33,1098.10,0.54,0.46,1105.75,1074.69
13011,446,216,W,6.00,11781.00,21.00,32.00,4.00,20.00,2.00,1.00,2.00,11791.00,14.00,20.00,5.00,-20.00,1.00,0.00,90.00,81.25,100.00,1,5,2025-07-09,1108.68,1022.48,0.57,0.43,1090.21,1040.95
13012,491,411,L,3.00,11750.00,25.00,22.00,7.00,2.00,2.00,1.00,4.00,11276.00,17.00,30.00,13.00,-2.00,4.00,2.00,86.67,86.36,100.00,1,5,2025-07-09,1065.77,967.60,0.71,0.29,1096.51,936.86
13013,176,400,L,1.00,12031.00,12.00,12.00,5.00,-10.00,1.00,0.00,3.00,12807.00,25.00,25.00,7.00,10.00,2.00,0.00,88.00,91.67,100.00,1,5,2025-07-09,978.26,1145.90,0.31,0.69,991.47,1132.69
13014,431,217,L,3.00,12016.00,14.00,31.00,4.00,-5.00,3.00,0.00,5.00,11633.00,7.00,21.00,5.00,3.00,3.00,1.00,76.19,90.32,100.00,1,5,2025-07-09,1150.41,1074.12,0.69,0.31,1179.88,1044.65
13015,545,401,W,5.00,9245.00,22.00,28.00,3.00,25.00,3.00,2.00,1.00,9724.00,12.00,14.00,7.00,-25.00,1.00,0.00,92.86,82.14,100.00,1,6,2025-07-09,942.26,747.21,0.73,0.27,930.60,758.87
13016,449,59,L,0.00,10214.00,16.00,13.00,10.00,-10.00,0.00,0.00,3.00,12841.00,12.00,28.00,5.00,10.00,2.00,0.00,89.29,100.00,100.00,1,6,2025-07-09,893.69,902.23,0.56,0.44,917.61,878.31
13017,245,104,W,4.00,12571.00,19.00,18.00,18.00,10.00,3.00,0.00,2.00,13188.00,31.00,32.00,7.00,-10.00,1.00,0.00,93.75,77.78,100.00,1,6,2025-07-09,1060.72,1150.40,0.30,0.70,1030.47,1180.66
13020,673,670,W,6.00,12860.00,25.00,25.00,6.00,5.00,5.00,3.00,3.00,12867.00,14.00,12.00,5.00,-5.00,2.00,0.00,75.00,76.00,100.00,1,7,2025-07-09,878.49,758.70,0.62,0.38,862.29,774.90
13021,138,501,L,2.00,10695.00,10.00,12.00,11.00,-40.00,1.00,1.00,11.00,9431.00,13.00,35.00,6.00,39.00,7.00,3.00,68.57,83.33,100.00,1,7,2025-07-09,1249.16,985.82,0.88,0.12,1286.80,948.18
13022,532,664,W,2.00,9962.00,14.00,15.00,10.00,10.00,1.00,0.00,0.00,11410.00,21.00,23.00,1.00,-10.00,0.00,0.00,100.00,86.67,100.00,1,7,2025-07-09,1059.63,792.54,0.81,0.19,1051.41,800.76
13024,674,671,L,7.00,11739.00,9.00,18.00,7.00,-4.00,4.00,1.00,8.00,12664.00,24.00,41.00,1.00,5.00,6.00,3.00,,61.11,100.00,1,7,2025-07-09,749.43,857.56,0.39,0.61,766.41,840.59
13025,453,451,L,2.00,11733.00,18.00,14.00,9.00,-30.00,1.00,0.00,9.00,11888.00,16.00,24.00,9.00,30.00,7.00,1.00,62.50,,100.00,1,7,2025-07-09,739.83,906.31,0.31,0.69,753.11,893.03
13026,584,652,W,4.00,12128.00,18.00,20.00,2.00,10.00,2.00,0.00,1.00,12025.00,17.00,15.00,9.00,-10.00,0.00,0.00,93.33,80.00,100.00,1,6,2025-07-09,1051.86,815.43,0.78,0.22,1042.29,825.00
13771,393,191,W,5.00,11692.00,18.00,42.00,9.00,20.00,5.00,1.00,0.00,12155.00,29.00,40.00,10.00,-20.00,0.00,0.00,100.00,88.10,99.00,1,1,2025-07-12,1545.01,1636.87,0.29,0.71,1514.63,1667.25
13773,399,378,L,2.00,13157.00,13.00,19.00,4.00,-25.00,1.00,1.00,8.00,12797.00,22.00,43.00,6.00,25.00,7.00,6.00,81.40,89.47,99.00,1,1,2025-07-12,1306.31,1445.64,0.35,0.65,1321.25,1430.70
13795,443,379,W,7.00,12220.00,18.00,34.00,4.00,14.00,5.00,1.00,2.00,12422.00,13.00,31.00,6.00,-14.00,1.00,1.00,93.55,79.41,100.00,1,0,2025-07-12,1467.47,1341.73,0.63,0.37,1451.66,1357.54
13799,1,442,W,6.00,12558.00,17.00,36.00,19.00,19.00,4.00,3.00,1.00,13121.00,26.00,25.00,5.00,-20.00,1.00,0.00,96.00,83.33,99.00,1,0,2025-07-12,1449.53,1425.01,0.47,0.53,1426.73,1447.81
13801,673,671,W,3.00,12669.00,20.00,26.00,10.00,5.00,3.00,2.00,2.00,12607.00,31.00,21.00,5.00,-5.00,2.00,1.00,90.48,88.46,100.00,1,7,2025-07-12,898.70,837.36,0.53,0.47,878.49,857.56
13804,664,705,L,3.00,12854.00,17.00,18.00,3.00,-10.00,2.00,1.00,5.00,13337.00,22.00,49.00,15.00,10.00,5.00,2.00,89.80,83.33,100.00,1,7,2025-07-12,773.78,855.82,0.44,0.56,792.54,837.06
13805,453,663,L,4.00,11827.00,14.00,21.00,6.00,-40.00,1.00,0.00,11.00,11760.00,20.00,40.00,5.00,40.00,8.00,1.00,72.50,,100.00,1,7,2025-07-12,720.36,792.30,0.45,0.55,739.83,772.84
13806,445,696,L,3.00,12948.00,8.00,18.00,4.00,-10.00,2.00,2.00,5.00,12859.00,16.00,32.00,0.00,10.00,3.00,2.00,,83.33,100.00,1,6,2025-07-12,978.34,928.10,0.65,0.35,1006.21,900.23
13807,584,59,W,6.00,13156.00,30.00,32.00,8.00,15.00,4.00,1.00,3.00,12708.00,16.00,19.00,17.00,-15.00,3.00,2.00,84.21,81.25,100.00,1,6,2025-07-12,1064.63,889.46,0.70,0.30,1051.86,902.23
13809,245,375,W,7.00,13287.00,19.00,25.00,2.00,30.00,6.00,3.00,1.00,13200.00,15.00,15.00,7.00,-30.00,0.00,0.00,93.33,72.00,100.00,1,6,2025-07-12,1084.10,1067.66,0.46,0.54,1060.72,1091.04
13810,61,545,L,0.00,12147.00,15.00,22.00,8.00,-15.00,0.00,0.00,4.00,12090.00,18.00,39.00,1.00,15.00,4.00,0.00,89.74,100.00,100.00,1,6,2025-07-12,915.29,963.40,0.49,0.51,936.43,942.26
13811,652,449,L,3.00,13463.00,30.00,33.00,26.00,-1.00,2.00,1.00,4.00,12750.00,33.00,17.00,13.00,0.00,3.00,0.00,76.47,90.91,100.00,1,6,2025-07-12,798.69,910.43,0.39,0.61,815.43,893.69
13812,216,398,L,2.00,12395.00,12.00,19.00,13.00,-20.00,2.00,0.00,7.00,12734.00,37.00,33.00,7.00,20.00,7.00,5.00,78.79,89.47,100.00,1,5,2025-07-12,1014.44,1285.95,0.19,0.81,1022.48,1277.91
13815,205,329,L,2.00,13322.00,15.00,16.00,2.00,-16.00,1.00,1.00,4.00,12615.00,13.00,30.00,4.00,13.00,1.00,0.00,86.67,87.50,100.00,1,2,2025-07-12,1364.65,1370.77,0.56,0.44,1388.74,1346.68
13818,8,214,L,7.00,12160.00,27.00,33.00,6.00,-5.00,7.00,3.00,8.00,12820.00,9.00,30.00,9.00,5.00,8.00,4.00,73.33,78.79,100.00,1,3,2025-07-12,1171.85,1351.36,0.29,0.71,1184.37,1338.83
13819,336,38,L,0.00,13072.00,38.00,34.00,5.00,-21.00,0.00,0.00,4.00,12119.00,14.00,28.00,12.00,19.00,1.00,0.00,85.71,100.00,100.00,1,3,2025-07-12,1254.73,1076.89,0.81,0.19,1289.38,1042.24
13824,332,24,L,4.00,12810.00,13.00,14.00,8.00,-16.00,3.00,1.00,8.00,12575.00,27.00,55.00,6.00,15.00,2.00,1.00,,71.43,100.00,1,3,2025-07-12,1247.85,1217.09,0.62,0.38,1274.45,1190.49
13825,397,402,W,3.00,12528.00,17.00,39.00,5.00,3.00,3.00,1.00,2.00,12063.00,18.00,32.00,3.00,-4.00,2.00,2.00,93.75,92.31,100.00,1,2,2025-07-12,1419.24,1437.52,0.40,0.60,1393.48,1463.28
13830,668,109,W,3.00,6554.00,17.00,27.00,5.00,5.00,3.00,2.00,1.00,12688.00,25.00,25.00,1.00,-5.00,1.00,0.00,96.00,88.89,100.00,1,1,2025-07-12,1404.07,1359.64,0.50,0.50,1382.67,1381.03
12951,445,449,L,2.00,12352.00,21.00,28.00,8.00,-5.00,2.00,0.00,4.00,12094.00,15.00,13.00,7.00,4.00,4.00,2.00,69.23,92.86,97.00,4,5,2025-07-13,952.69,936.08,0.60,0.40,978.34,910.43
12952,491,504,W,4.00,12777.00,17.00,34.00,3.00,19.00,4.00,0.00,0.00,12291.00,20.00,18.00,7.00,-20.00,0.00,0.00,100.00,88.24,97.00,4,3,2025-07-13,1087.65,1050.02,0.49,0.51,1065.77,1071.90
12953,661,501,W,4.00,12009.00,18.00,19.00,4.00,20.00,3.00,0.00,0.00,12146.00,11.00,18.00,9.00,-20.00,0.00,0.00,100.00,78.95,97.00,5,5,2025-07-13,1006.53,964.27,0.50,0.50,984.98,985.82
12954,129,189,W,7.00,12743.00,21.00,42.00,6.00,19.00,6.00,2.00,2.00,11998.00,16.00,19.00,10.00,-20.00,0.00,0.00,89.47,,97.00,5,3,2025-07-13,1395.33,1218.81,0.70,0.30,1382.63,1231.51
11843,4,505,L,3.00,12802.00,16.00,26.00,16.00,5.00,3.00,2.00,4.00,13194.00,42.00,36.00,9.00,-5.00,4.00,4.00,88.89,88.46,85.00,1,0,2025-08-02,1250.57,1696.02,0.07,0.93,1253.75,1692.84
11846,578,564,W,7.00,0.00,16.00,36.00,1.00,15.00,6.00,3.00,3.00,127.00,14.00,25.00,2.00,-10.00,2.00,1.00,88.00,80.56,85.00,1,0,2025-08-02,1569.22,1344.31,0.76,0.24,1559.09,1354.43
11848,49,56,W,5.00,11335.00,11.00,26.00,8.00,25.00,5.00,2.00,1.00,12725.00,19.00,23.00,4.00,-25.00,1.00,1.00,95.65,80.77,85.00,1,0,2025-08-02,1512.94,1426.04,0.57,0.43,1494.52,1444.47
11874,393,191,L,3.00,12532.00,22.00,28.00,1.00,-14.00,3.00,2.00,7.00,12600.00,22.00,31.00,6.00,13.00,6.00,3.00,77.42,89.29,85.00,1,1,2025-08-02,1529.06,1652.81,0.37,0.63,1545.01,1636.87
11877,579,31,W,6.00,12994.00,20.00,32.00,10.00,3.00,5.00,1.00,3.00,13210.00,26.00,32.00,10.00,-5.00,2.00,0.00,90.62,81.25,85.00,1,1,2025-08-02,1535.64,1441.45,0.58,0.42,1517.71,1459.38
11900,63,409,W,4.00,12786.00,18.00,25.00,3.00,-1.00,4.00,1.00,3.00,13919.00,26.00,34.00,5.00,0.00,3.00,2.00,91.18,84.00,86.00,1,0,2025-08-02,1447.33,1328.01,0.62,0.38,1431.09,1344.25
11974,438,336,W,6.00,13031.00,21.00,44.00,9.00,23.00,3.00,1.00,1.00,12793.00,26.00,28.00,9.00,-25.00,1.00,1.00,96.43,,86.00,1,2,2025-08-02,1540.44,1247.53,0.83,0.17,1533.23,1254.73
11977,22,214,W,5.00,13598.00,33.00,31.00,2.00,-5.00,4.00,3.00,4.00,11678.00,10.00,27.00,8.00,5.00,3.00,0.00,85.19,83.87,86.00,1,2,2025-08-02,1252.54,1322.28,0.32,0.68,1223.47,1351.36
11993,446,569,W,6.00,11986.00,18.00,35.00,7.00,30.00,5.00,4.00,0.00,12606.00,21.00,17.00,2.00,-31.00,0.00,0.00,100.00,82.86,86.00,1,3,2025-08-02,1132.59,1123.96,0.44,0.56,1108.68,1147.87
11995,581,26,W,6.00,11576.00,11.00,40.00,8.00,20.00,4.00,2.00,1.00,12899.00,19.00,20.00,2.00,-20.00,1.00,1.00,95.00,85.00,86.00,1,3,2025-08-02,1124.07,1018.98,0.60,0.40,1106.88,1036.17
12060,497,109,L,5.00,12190.00,20.00,30.00,8.00,-20.00,5.00,2.00,6.00,12842.00,20.00,44.00,10.00,16.00,5.00,1.00,86.36,83.33,86.00,1,1,2025-08-02,1407.81,1385.66,0.61,0.39,1433.83,1359.64
12156,401,245,L,1.00,12787.00,8.00,16.00,4.00,-20.00,1.00,0.00,5.00,12809.00,16.00,36.00,4.00,19.00,4.00,0.00,86.11,93.75,86.00,1,6,2025-08-02,741.80,1089.50,0.13,0.87,747.21,1084.10
12158,545,489,L,1.00,13192.00,13.00,12.00,15.00,-5.00,0.00,0.00,2.00,13109.00,30.00,40.00,4.00,5.00,2.00,0.00,95.00,91.67,86.00,1,6,2025-08-02,951.29,1138.22,0.28,0.72,963.40,1126.11
12159,104,453,W,11.00,12445.00,30.00,45.00,2.00,50.00,9.00,4.00,0.00,11540.00,4.00,6.00,6.00,-50.00,0.00,0.00,100.00,75.56,86.00,1,6,2025-08-02,1153.74,717.03,0.92,0.08,1150.40,720.36
12170,568,331,W,10.00,11845.00,33.00,37.00,1.00,24.00,8.00,5.00,3.00,12750.00,5.00,16.00,8.00,-22.00,3.00,3.00,81.25,72.97,86.00,1,4,2025-08-02,1256.35,1064.05,0.73,0.27,1244.53,1075.87
12174,570,448,W,7.00,11989.00,19.00,16.00,8.00,15.00,6.00,1.00,3.00,12199.00,20.00,17.00,3.00,-15.00,3.00,1.00,82.35,56.25,86.00,1,4,2025-08-02,1300.58,1087.40,0.75,0.25,1289.88,1098.10
12177,215,61,W,4.00,10949.00,26.00,21.00,4.00,20.00,3.00,1.00,1.00,12198.00,18.00,19.00,9.00,-20.00,1.00,1.00,94.74,80.95,86.00,1,5,2025-08-02,1094.23,903.40,0.72,0.28,1082.33,915.29
12178,400,445,W,4.00,12719.00,20.00,31.00,3.00,9.00,3.00,2.00,2.00,10679.00,15.00,19.00,8.00,-10.00,2.00,1.00,89.47,87.10,86.00,1,5,2025-08-02,1156.54,942.05,0.75,0.25,1145.90,952.69
12019,446,581,W,5.00,12839.00,19.00,30.00,12.00,5.00,4.00,1.00,3.00,12656.00,20.00,31.00,8.00,-5.00,2.00,1.00,90.32,83.33,86.00,1,3,2025-08-03,1153.57,1103.10,0.51,0.49,1132.59,1124.07
12331,29,578,W,4.00,13472.00,20.00,30.00,2.00,5.00,4.00,3.00,1.00,13276.00,22.00,34.00,10.00,-5.00,0.00,0.00,97.06,86.67,85.00,6,0,2025-08-03,1664.85,1552.52,0.61,0.39,1648.16,1569.22
12334,191,92,W,3.00,13583.00,30.00,35.00,7.00,5.00,3.00,0.00,2.00,13302.00,17.00,18.00,14.00,-5.00,2.00,0.00,88.89,91.43,85.00,6,1,2025-08-03,1661.72,1410.78,0.79,0.21,1652.81,1419.69
12337,504,584,W,1.00,12570.00,49.00,37.00,5.00,5.00,1.00,0.00,0.00,12928.00,19.00,19.00,10.00,-5.00,0.00,0.00,100.00,97.30,86.00,1,4,2025-08-03,1072.42,1042.23,0.48,0.52,1050.02,1064.63
12339,331,405,L,1.00,13138.00,13.00,23.00,4.00,-45.00,1.00,0.00,10.00,12993.00,11.00,28.00,3.00,43.00,6.00,0.00,64.29,95.65,86.00,1,4,2025-08-03,1048.12,1172.08,0.37,0.63,1064.05,1156.15
12344,176,400,L,3.00,13497.00,31.00,35.00,12.00,-15.00,2.00,2.00,5.00,12634.00,26.00,32.00,10.00,15.00,3.00,2.00,84.38,91.43,86.00,1,5,2025-08-03,966.91,1167.89,0.26,0.74,978.26,1156.54
12346,61,130,W,3.00,12478.00,25.00,17.00,16.00,5.00,3.00,2.00,2.00,13044.00,31.00,17.00,10.00,-5.00,2.00,0.00,88.24,82.35,86.00,1,5,2025-08-03,936.63,1082.91,0.23,0.77,903.40,1116.14
12347,431,574,W,3.00,12181.00,16.00,18.00,7.00,15.00,3.00,0.00,0.00,11881.00,15.00,23.00,5.00,-15.00,0.00,0.00,100.00,83.33,86.00,1,5,2025-08-03,1159.76,918.56,0.78,0.22,1150.41,927.91
12348,216,375,L,2.00,12972.00,22.00,28.00,11.00,-10.00,2.00,0.00,4.00,12950.00,17.00,21.00,10.00,10.00,3.00,0.00,80.95,92.86,86.00,1,5,2025-08-03,996.21,1085.90,0.42,0.58,1014.44,1067.66
12349,499,411,L,1.00,12417.00,33.00,24.00,7.00,-5.00,1.00,0.00,2.00,12408.00,14.00,19.00,11.00,5.00,2.00,0.00,89.47,95.83,86.00,1,5,2025-08-03,1188.89,1002.60,0.81,0.19,1223.88,967.60
12390,573,442,L,2.00,12187.00,34.00,53.00,8.00,-21.00,2.00,0.00,4.00,12426.00,20.00,23.00,19.00,20.00,4.00,2.00,82.61,96.23,85.00,6,0,2025-08-03,1570.20,1456.59,0.73,0.27,1601.78,1425.01
12392,494,31,L,1.00,12834.00,19.00,30.00,6.00,-15.00,1.00,0.00,4.00,13211.00,18.00,31.00,9.00,15.00,4.00,3.00,87.10,96.67,85.00,6,1,2025-08-03,1575.36,1472.45,0.72,0.28,1606.36,1441.45
12394,109,379,L,0.00,12973.00,28.00,22.00,7.00,-15.00,0.00,0.00,3.00,12425.00,21.00,36.00,11.00,15.00,2.00,0.00,91.67,100.00,86.00,6,1,2025-08-03,1361.45,1365.93,0.56,0.44,1385.66,1341.73
12395,402,498,W,2.00,11973.00,30.00,38.00,6.00,10.00,2.00,0.00,0.00,12357.00,18.00,24.00,5.00,-10.00,0.00,0.00,100.00,94.74,86.00,6,2,2025-08-03,1456.31,1374.68,0.56,0.44,1437.52,1393.47
12857,92,214,L,4.00,13885.00,19.00,24.00,9.00,1.00,2.00,1.00,5.00,13511.00,34.00,46.00,5.00,0.00,2.00,0.00,89.13,83.33,97.00,1,0,2025-08-06,1383.92,1349.14,0.62,0.38,1410.78,1322.28
12858,1,333,W,13.00,12920.00,26.00,37.00,3.00,40.00,11.00,7.00,5.00,12797.00,21.00,32.00,2.00,-40.00,4.00,2.00,84.38,64.86,97.00,1,0,2025-08-06,1466.45,1357.37,0.61,0.39,1449.53,1374.29
12861,438,109,W,7.00,13208.00,24.00,38.00,4.00,16.00,6.00,3.00,4.00,12753.00,12.00,20.00,8.00,-16.00,4.00,0.00,80.00,,97.00,1,1,2025-08-06,1551.75,1350.14,0.74,0.26,1540.44,1361.45
12862,565,502,W,11.00,11542.00,20.00,28.00,3.00,40.00,9.00,2.00,3.00,13069.00,14.00,25.00,13.00,-40.00,3.00,1.00,88.00,,97.00,1,3,2025-08-06,1282.78,1091.47,0.72,0.28,1270.91,1103.34
12863,406,665,W,4.00,12943.00,16.00,27.00,8.00,-5.00,4.00,1.00,3.00,12943.00,21.00,29.00,5.00,5.00,2.00,1.00,89.66,85.19,97.00,1,3,2025-08-06,1206.45,1091.99,0.61,0.39,1189.90,1108.55
12864,337,582,W,5.00,13044.00,15.00,26.00,3.00,15.00,4.00,2.00,2.00,12529.00,17.00,26.00,8.00,-15.00,1.00,0.00,92.31,,97.00,1,3,2025-08-06,1168.21,967.25,0.74,0.26,1156.86,978.59
12865,129,189,W,3.00,13151.00,24.00,31.00,3.00,-2.00,3.00,1.00,2.00,12215.00,8.00,22.00,10.00,2.00,2.00,0.00,90.91,90.32,97.00,1,3,2025-08-06,1406.76,1207.38,0.73,0.27,1395.33,1218.81
12866,332,491,L,4.00,12765.00,21.00,31.00,8.00,-10.00,4.00,4.00,6.00,11816.00,16.00,19.00,10.00,10.00,5.00,4.00,,87.10,97.00,1,3,2025-08-06,1217.09,1118.42,0.72,0.28,1247.85,1087.65
12869,375,446,W,7.00,13324.00,30.00,41.00,3.00,35.00,6.00,0.00,0.00,12098.00,15.00,10.00,9.00,-31.00,0.00,0.00,100.00,82.93,97.00,1,4,2025-08-06,1111.53,1127.93,0.40,0.60,1085.90,1153.57
12871,501,445,W,2.00,12539.00,19.00,12.00,8.00,5.00,2.00,0.00,1.00,13829.00,25.00,33.00,6.00,-5.00,1.00,1.00,96.97,83.33,97.00,1,5,2025-08-06,984.40,921.93,0.53,0.47,964.27,942.05
12872,661,664,W,7.00,12921.00,31.00,41.00,1.00,28.00,3.00,0.00,1.00,12579.00,5.00,5.00,20.00,-30.00,1.00,0.00,80.00,82.93,97.00,1,5,2025-08-06,1015.45,764.86,0.79,0.21,1006.53,773.78
12873,652,663,W,3.00,12186.00,20.00,18.00,13.00,4.00,1.00,0.00,2.00,11972.00,33.00,20.00,4.00,-4.00,2.00,0.00,90.00,83.33,97.00,1,5,2025-08-06,819.80,771.20,0.51,0.49,798.69,792.30
12874,409,335,L,3.00,12696.00,18.00,21.00,8.00,2.00,2.00,0.00,4.00,13839.00,26.00,34.00,5.00,-2.00,4.00,2.00,88.24,85.71,97.00,1,2,2025-08-06,1304.62,1320.77,0.54,0.46,1328.01,1297.37
12946,15,214,W,12.00,13144.00,18.00,40.00,6.00,29.00,11.00,6.00,6.00,13226.00,18.00,38.00,2.00,-30.00,6.00,2.00,84.21,70.00,97.00,3,0,2025-08-07,1462.74,1333.55,0.64,0.36,1447.15,1349.14
13379,329,402,L,1.00,12907.00,24.00,27.00,7.00,-10.00,1.00,0.00,4.00,12171.00,17.00,34.00,13.00,10.00,3.00,3.00,88.24,96.30,100.00,1,2,2025-08-11,1354.46,1472.62,0.38,0.62,1370.77,1456.31
13424,452,46,W,3.00,13199.00,11.00,28.00,6.00,3.00,2.00,0.00,2.00,13773.00,16.00,53.00,5.00,-3.00,1.00,1.00,96.23,89.29,99.00,1,1,2025-08-11,1525.84,1361.80,0.69,0.31,1512.42,1375.23
13491,442,573,L,2.00,12722.00,12.00,22.00,10.00,-25.00,2.00,1.00,6.00,12836.00,27.00,49.00,4.00,24.00,6.00,3.00,87.76,90.91,99.00,1,0,2025-08-11,1441.88,1584.91,0.34,0.66,1456.59,1570.20
13514,579,92,L,0.00,11715.00,21.00,31.00,4.00,-35.00,0.00,0.00,8.00,12156.00,15.00,28.00,9.00,33.00,6.00,3.00,71.43,100.00,99.00,1,1,2025-08-11,1505.30,1414.26,0.71,0.29,1535.64,1383.92
13531,696,584,L,2.00,12167.00,25.00,25.00,8.00,-20.00,1.00,0.00,6.00,12973.00,19.00,30.00,9.00,20.00,6.00,3.00,80.00,92.00,100.00,1,6,2025-08-11,913.42,1056.91,0.34,0.66,928.10,1042.23
13534,445,652,L,4.00,13410.00,37.00,24.00,7.00,1.00,4.00,1.00,5.00,12410.00,16.00,19.00,17.00,0.00,4.00,0.00,,83.33,100.00,1,6,2025-08-11,894.28,847.44,0.64,0.36,921.93,819.80
13538,411,499,L,0.00,12006.00,8.00,11.00,13.00,-48.00,0.00,0.00,10.00,13169.00,40.00,46.00,4.00,55.00,8.00,4.00,,100.00,100.00,1,5,2025-08-11,991.63,1199.85,0.25,0.75,1002.60,1188.89
13540,48,109,W,4.00,9375.00,17.00,23.00,3.00,6.00,4.00,3.00,3.00,10874.00,19.00,33.00,9.00,-6.00,1.00,0.00,90.91,82.61,100.00,1,1,2025-08-11,1445.88,1333.45,0.61,0.39,1429.19,1350.14
13544,504,26,W,4.00,12525.00,18.00,28.00,12.00,15.00,3.00,0.00,1.00,13279.00,33.00,26.00,3.00,-15.00,1.00,1.00,96.15,85.71,100.00,1,4,2025-08-11,1090.64,1000.76,0.58,0.42,1072.42,1018.98
13546,439,582,W,3.00,13223.00,27.00,33.00,6.00,3.00,2.00,1.00,2.00,13509.00,21.00,36.00,9.00,-3.00,2.00,2.00,94.44,90.91,100.00,1,4,2025-08-11,1238.12,959.50,0.82,0.18,1230.36,967.25
13547,664,532,L,3.00,12464.00,24.00,22.00,4.00,0.00,2.00,0.00,4.00,11683.00,9.00,11.00,17.00,0.00,3.00,0.00,63.64,86.36,100.00,1,7,2025-08-11,758.20,1066.29,0.15,0.85,764.86,1059.63
13550,705,138,L,3.00,12569.00,18.00,18.00,5.00,-10.00,1.00,0.00,5.00,12720.00,19.00,31.00,3.00,10.00,4.00,2.00,83.87,83.33,100.00,1,7,2025-08-11,851.77,1253.21,0.09,0.91,855.82,1249.16
13552,216,431,L,0.00,12731.00,30.00,23.00,10.00,-15.00,0.00,0.00,3.00,13125.00,23.00,23.00,13.00,14.00,2.00,0.00,86.96,100.00,100.00,1,5,2025-08-11,984.14,1171.82,0.28,0.72,996.21,1159.76
13556,406,337,L,3.00,13535.00,31.00,26.00,4.00,0.00,3.00,1.00,4.00,13573.00,14.00,19.00,11.00,0.00,2.00,0.00,78.95,88.46,100.00,1,4,2025-08-11,1182.60,1192.07,0.55,0.45,1206.45,1168.21
13560,669,63,W,7.00,12069.00,30.00,34.00,7.00,16.00,7.00,4.00,2.00,12302.00,11.00,14.00,12.00,-16.00,1.00,1.00,85.71,79.41,100.00,1,0,2025-08-11,1584.59,1433.14,0.67,0.33,1570.41,1447.33
13561,214,332,W,7.00,13381.00,17.00,34.00,8.00,25.00,4.00,1.00,1.00,12463.00,20.00,27.00,4.00,-25.00,1.00,0.00,96.30,,100.00,1,3,2025-08-11,1348.10,1202.54,0.66,0.34,1333.55,1217.09
13568,401,61,L,0.00,12830.00,15.00,21.00,17.00,-20.00,0.00,0.00,4.00,13164.00,34.00,31.00,6.00,20.00,2.00,2.00,87.10,100.00,100.00,1,6,2025-08-11,731.23,947.20,0.25,0.75,741.80,936.63
13570,501,663,W,4.00,12145.00,22.00,31.00,10.00,20.00,1.00,0.00,1.00,12589.00,25.00,22.00,13.00,-20.00,1.00,0.00,95.45,87.10,100.00,1,7,2025-08-11,994.14,761.45,0.77,0.23,984.40,771.20
11844,447,442,L,4.00,12272.00,23.00,26.00,8.00,-15.00,3.00,2.00,8.00,13001.00,20.00,36.00,13.00,15.00,7.00,4.00,77.78,84.62,85.00,1,0,2025-09-02,1399.84,1462.03,0.47,0.53,1419.99,1441.88
11845,17,578,W,6.00,13011.00,29.00,36.00,5.00,4.00,6.00,3.00,5.00,12832.00,15.00,32.00,6.00,-5.00,5.00,2.00,84.38,,85.00,1,0,2025-09-02,1698.68,1538.84,0.68,0.32,1685.01,1552.52
11878,452,35,L,2.00,12553.00,19.00,34.00,2.00,0.00,2.00,0.00,3.00,11919.00,7.00,32.00,9.00,0.00,3.00,2.00,90.62,94.12,85.00,1,1,2025-09-02,1505.02,1557.64,0.48,0.52,1525.84,1536.82
11880,191,494,W,4.00,13652.00,29.00,33.00,3.00,3.00,3.00,1.00,3.00,13235.00,21.00,34.00,7.00,-3.00,2.00,2.00,91.18,87.88,85.00,1,1,2025-09-02,1677.99,1559.09,0.62,0.38,1661.72,1575.36
11915,408,379,W,3.00,12519.00,28.00,35.00,7.00,9.00,1.00,0.00,2.00,12997.00,12.00,16.00,9.00,-10.00,1.00,0.00,87.50,91.43,86.00,1,1,2025-09-02,1592.48,1356.35,0.78,0.22,1582.89,1365.93
11973,438,44,L,7.00,12316.00,22.00,44.00,16.00,-8.00,4.00,2.00,8.00,11701.00,35.00,31.00,11.00,8.00,7.00,0.00,74.19,84.09,86.00,1,2,2025-09-02,1523.05,1459.58,0.67,0.33,1551.75,1430.89
11975,23,189,L,5.00,11872.00,31.00,36.00,2.00,-6.00,5.00,1.00,7.00,12321.00,10.00,25.00,12.00,5.00,6.00,2.00,72.00,86.11,86.00,1,2,2025-09-02,1500.91,1244.81,0.87,0.13,1538.34,1207.38
11976,329,207,W,6.00,11675.00,19.00,25.00,3.00,12.00,5.00,2.00,5.00,11423.00,15.00,23.00,2.00,-12.00,3.00,2.00,78.26,76.00,86.00,1,2,2025-09-02,1366.71,1182.26,0.72,0.28,1354.46,1194.51
11996,205,129,W,5.00,10232.00,20.00,29.00,4.00,25.00,3.00,2.00,0.00,11759.00,12.00,24.00,2.00,-25.00,0.00,0.00,100.00,82.76,86.00,1,3,2025-09-02,1388.74,1382.66,0.44,0.56,1364.65,1406.76
12157,652,451,L,0.00,11872.00,13.00,16.00,20.00,-20.00,0.00,0.00,5.00,11210.00,32.00,37.00,4.00,23.00,7.00,3.00,86.49,100.00,86.00,1,6,2025-09-02,829.55,924.20,0.42,0.58,847.44,906.31
12171,502,582,W,6.00,13145.00,25.00,32.00,8.00,0.00,4.00,0.00,5.00,12703.00,18.00,17.00,7.00,0.00,2.00,0.00,70.59,81.25,86.00,1,4,2025-09-02,1105.17,945.79,0.68,0.32,1091.47,959.50
12173,504,405,W,5.00,12973.00,14.00,18.00,11.00,15.00,4.00,1.00,2.00,13370.00,22.00,33.00,4.00,-15.00,2.00,1.00,93.94,72.22,86.00,1,4,2025-09-02,1117.09,1145.63,0.38,0.62,1090.64,1172.08
12175,332,584,W,6.00,12898.00,26.00,58.00,1.00,20.00,6.00,4.00,2.00,11374.00,6.00,14.00,10.00,-20.00,1.00,1.00,85.71,89.66,86.00,1,4,2025-09-02,1215.52,1043.93,0.70,0.30,1202.54,1056.91
12176,411,398,W,6.00,12350.00,18.00,22.00,7.00,-5.00,4.00,0.00,4.00,11665.00,18.00,31.00,7.00,-18.00,3.00,0.00,87.10,72.73,86.00,1,5,2025-09-02,1027.96,1249.62,0.16,0.84,991.63,1285.95
12179,439,375,W,6.00,13039.00,30.00,28.00,14.00,24.00,4.00,1.00,1.00,12950.00,25.00,35.00,10.00,-25.00,0.00,0.00,97.14,78.57,86.00,1,5,2025-09-02,1252.11,1097.54,0.67,0.33,1238.12,1111.53
12180,176,574,W,4.00,12846.00,29.00,33.00,6.00,5.00,3.00,0.00,3.00,12782.00,21.00,33.00,5.00,-5.00,1.00,0.00,90.91,87.88,86.00,1,5,2025-09-02,985.44,900.03,0.57,0.43,966.91,918.56
12181,499,130,L,1.00,12249.00,28.00,27.00,3.00,0.00,0.00,0.00,2.00,12065.00,14.00,27.00,12.00,0.00,0.00,0.00,92.59,96.30,86.00,1,5,2025-09-02,1171.38,1111.38,0.66,0.34,1199.85,1082.91
12182,431,216,W,2.00,12246.00,20.00,23.00,13.00,8.00,2.00,0.00,1.00,12311.00,27.00,15.00,8.00,-9.00,1.00,0.00,93.33,91.30,86.00,1,5,2025-09-02,1182.72,973.24,0.75,0.25,1171.82,984.14
12000,397,8,L,2.00,13078.00,27.00,37.00,4.00,5.00,2.00,2.00,3.00,13263.00,12.00,31.00,11.00,-5.00,0.00,0.00,90.32,94.59,86.00,1,3,2025-09-03,1384.58,1206.51,0.81,0.19,1419.24,1171.85
12168,545,451,W,2.00,13049.00,24.00,40.00,8.00,4.00,1.00,0.00,1.00,12549.00,15.00,11.00,12.00,-4.00,0.00,0.00,90.91,95.00,86.00,1,6,2025-09-03,971.12,904.37,0.54,0.46,951.29,924.20
12274,443,12,W,5.00,13142.00,29.00,32.00,9.00,10.00,4.00,1.00,3.00,12350.00,23.00,32.00,12.00,-10.00,2.00,0.00,90.62,84.38,86.00,1,0,2025-09-03,1481.67,1330.40,0.67,0.33,1467.47,1344.60
12277,63,239,L,1.00,12999.00,19.00,16.00,8.00,-15.00,1.00,1.00,4.00,12846.00,33.00,45.00,7.00,15.00,3.00,2.00,91.11,93.75,86.00,1,0,2025-09-03,1422.29,1632.65,0.25,0.75,1433.14,1621.80
12312,505,1,W,4.00,13809.00,20.00,34.00,14.00,8.00,4.00,0.00,3.00,13805.00,25.00,50.00,8.00,-8.00,3.00,3.00,94.00,88.24,85.00,6,0,2025-09-03,1705.08,1457.39,0.79,0.21,1696.02,1466.45
12332,578,29,L,3.00,14010.00,19.00,37.00,18.00,-3.00,2.00,1.00,4.00,13440.00,27.00,46.00,7.00,3.00,3.00,2.00,91.30,91.89,85.00,6,0,2025-09-03,1524.81,1678.88,0.33,0.67,1538.84,1664.85
12336,393,452,W,3.00,12901.00,15.00,37.00,6.00,3.00,3.00,2.00,2.00,12386.00,16.00,30.00,4.00,-3.00,1.00,0.00,93.33,91.89,85.00,6,1,2025-09-03,1549.08,1485.01,0.53,0.47,1529.06,1505.02
12338,405,332,L,4.00,13538.00,18.00,22.00,14.00,-1.00,3.00,1.00,5.00,12418.00,26.00,30.00,5.00,0.00,5.00,2.00,83.33,81.82,86.00,1,4,2025-09-03,1128.40,1232.75,0.40,0.60,1145.63,1215.52
12340,568,566,L,4.00,12448.00,24.00,24.00,6.00,-8.00,4.00,3.00,5.00,12298.00,20.00,16.00,7.00,8.00,5.00,1.00,68.75,83.33,86.00,1,4,2025-09-03,1236.69,1305.93,0.46,0.54,1256.35,1286.28
12341,577,582,W,3.00,12721.00,24.00,26.00,5.00,5.00,3.00,1.00,2.00,12641.00,16.00,19.00,4.00,-5.00,2.00,0.00,89.47,88.46,86.00,1,4,2025-09-03,1162.78,935.77,0.77,0.23,1152.76,945.79
12343,584,448,L,1.00,11870.00,14.00,18.00,19.00,-11.00,1.00,0.00,3.00,12131.00,39.00,31.00,3.00,10.00,3.00,1.00,90.32,94.44,86.00,1,4,2025-09-03,1025.10,1106.22,0.44,0.56,1043.93,1087.40
12345,445,398,L,0.00,12273.00,3.00,12.00,2.00,-35.00,0.00,0.00,8.00,12243.00,27.00,41.00,6.00,35.00,7.00,3.00,80.49,100.00,86.00,1,5,2025-09-03,889.36,1254.55,0.11,0.89,894.28,1249.62
12350,215,439,L,5.00,12694.00,14.00,18.00,10.00,-11.00,4.00,2.00,6.00,12949.00,27.00,24.00,8.00,15.00,5.00,1.00,75.00,72.22,86.00,1,5,2025-09-03,1081.87,1264.46,0.29,0.71,1094.23,1252.11
12389,17,56,L,0.00,13171.00,18.00,33.00,9.00,-25.00,0.00,0.00,5.00,12792.00,16.00,30.00,3.00,25.00,4.00,0.00,,100.00,85.00,6,0,2025-09-03,1663.09,1461.63,0.83,0.17,1698.68,1426.04
12391,442,573,L,1.00,12416.00,24.00,10.00,9.00,-5.00,1.00,0.00,4.00,12217.00,30.00,35.00,8.00,5.00,3.00,1.00,88.57,90.00,85.00,6,0,2025-09-03,1447.83,1599.11,0.33,0.67,1462.03,1584.91
12393,35,579,L,0.00,12483.00,20.00,19.00,8.00,-5.00,0.00,0.00,3.00,11486.00,16.00,31.00,6.00,5.00,2.00,1.00,90.32,100.00,85.00,6,1,2025-09-03,1532.93,1530.02,0.57,0.43,1557.64,1505.30
12398,44,329,L,4.00,12979.00,31.00,38.00,7.00,-15.00,4.00,2.00,6.00,12179.00,20.00,24.00,12.00,13.00,6.00,1.00,75.00,89.47,86.00,6,2,2025-09-03,1432.47,1393.82,0.63,0.37,1459.58,1366.71
12399,31,494,W,3.00,13513.00,31.00,30.00,12.00,4.00,1.00,0.00,1.00,13184.00,19.00,25.00,9.00,-5.00,1.00,0.00,96.00,90.00,85.00,6,1,2025-09-03,1499.21,1532.34,0.38,0.62,1472.45,1559.09
12955,29,15,L,2.00,13297.00,6.00,28.00,9.00,-25.00,2.00,1.00,8.00,13543.00,29.00,41.00,5.00,25.00,6.00,4.00,80.49,92.86,97.00,5,0,2025-09-07,1645.50,1496.12,0.78,0.22,1678.88,1462.74
13487,447,29,W,5.00,10793.00,14.00,21.00,5.00,10.00,5.00,3.00,4.00,13152.00,14.00,30.00,4.00,-10.00,4.00,1.00,86.67,76.19,99.00,1,0,2025-09-11,1434.43,1610.91,0.20,0.80,1399.84,1645.50
13488,17,580,L,4.00,14563.00,20.00,22.00,7.00,-25.00,4.00,3.00,8.00,12915.00,16.00,23.00,3.00,25.00,7.00,3.00,65.22,81.82,99.00,1,0,2025-09-11,1629.51,1475.91,0.78,0.22,1663.09,1442.33
13489,578,4,L,1.00,13113.00,32.00,42.00,3.00,-11.00,0.00,0.00,4.00,12734.00,8.00,23.00,5.00,10.00,4.00,1.00,82.61,97.62,99.00,1,0,2025-09-11,1489.17,1286.22,0.83,0.17,1524.81,1250.57
13490,218,573,L,1.00,13274.00,15.00,30.00,13.00,-25.00,1.00,0.00,6.00,12838.00,26.00,36.00,7.00,25.00,6.00,4.00,83.33,96.67,99.00,1,0,2025-09-11,1450.20,1612.63,0.31,0.69,1463.72,1599.11
13511,378,547,W,6.00,12101.00,17.00,24.00,2.00,18.00,5.00,2.00,0.00,10008.00,16.00,20.00,2.00,-19.00,0.00,0.00,100.00,75.00,99.00,1,1,2025-09-11,1463.20,1363.70,0.59,0.41,1445.64,1381.26
13513,494,399,W,5.00,11879.00,20.00,35.00,1.00,19.00,5.00,2.00,0.00,12848.00,11.00,25.00,9.00,-20.00,0.00,0.00,100.00,85.71,99.00,1,1,2025-09-11,1541.54,1297.11,0.79,0.21,1532.34,1306.31
13530,104,696,L,3.00,12224.00,13.00,12.00,12.00,0.00,2.00,1.00,4.00,12372.00,23.00,43.00,6.00,-1.00,2.00,0.00,90.70,75.00,100.00,1,6,2025-09-11,1119.36,947.80,0.80,0.20,1153.74,913.42
13533,449,201,L,4.00,11796.00,7.00,14.00,9.00,-5.00,1.00,0.00,5.00,11288.00,22.00,14.00,2.00,5.00,5.00,3.00,64.29,71.43,100.00,1,6,2025-09-11,913.92,947.52,0.52,0.48,936.08,925.35
13535,574,545,L,4.00,12120.00,15.00,21.00,2.00,6.00,4.00,2.00,5.00,10399.00,10.00,19.00,8.00,-6.00,3.00,2.00,73.68,,100.00,1,6,2025-09-11,882.87,988.28,0.40,0.60,900.03,971.12
13536,215,661,L,1.00,13040.00,14.00,12.00,17.00,-35.00,1.00,0.00,8.00,12539.00,33.00,34.00,8.00,35.00,6.00,3.00,76.47,,100.00,1,5,2025-09-11,1056.31,1041.01,0.59,0.41,1081.87,1015.45
13537,448,269,W,2.00,12972.00,27.00,25.00,10.00,5.00,1.00,0.00,1.00,12759.00,24.00,28.00,8.00,-5.00,0.00,0.00,96.43,92.00,100.00,1,5,2025-09-11,1138.77,1271.10,0.24,0.76,1106.22,1303.66
13539,176,446,L,2.00,8173.00,6.00,14.00,1.00,-10.00,2.00,1.00,4.00,13164.00,2.00,22.00,6.00,10.00,3.00,2.00,81.82,85.71,100.00,1,5,2025-09-11,972.29,1141.08,0.31,0.69,985.44,1127.93
13541,23,438,L,3.00,10952.00,7.00,12.00,4.00,-10.00,3.00,0.00,6.00,13405.00,22.00,37.00,6.00,10.00,5.00,3.00,83.78,75.00,100.00,1,1,2025-09-11,1480.78,1543.19,0.47,0.53,1500.91,1523.05
13542,409,668,L,3.00,10933.00,16.00,29.00,1.00,-20.00,3.00,0.00,7.00,11459.00,16.00,34.00,9.00,20.00,6.00,3.00,79.41,89.66,100.00,1,1,2025-09-11,1289.11,1419.58,0.36,0.64,1304.62,1404.07
13543,675,502,L,2.00,9613.00,4.00,12.00,1.00,-9.00,1.00,1.00,4.00,12795.00,18.00,21.00,7.00,9.00,1.00,0.00,80.95,83.33,100.00,1,4,2025-09-11,1077.17,1126.25,0.49,0.51,1098.24,1105.17
13545,577,331,W,6.00,12500.00,27.00,32.00,15.00,9.00,4.00,0.00,4.00,13065.00,27.00,30.00,12.00,-10.00,4.00,0.00,86.67,81.25,100.00,1,4,2025-09-11,1177.43,1033.47,0.66,0.34,1162.78,1048.12
13548,670,673,L,1.00,12705.00,18.00,16.00,16.00,-15.00,1.00,0.00,7.00,13243.00,29.00,31.00,4.00,15.00,5.00,1.00,77.42,93.75,100.00,1,7,2025-09-11,745.42,911.97,0.31,0.69,758.70,898.70
13549,397,450,W,3.00,12920.00,30.00,28.00,13.00,16.00,3.00,3.00,1.00,13151.00,25.00,24.00,9.00,-15.00,1.00,1.00,95.83,89.29,100.00,1,2,2025-09-11,1402.23,1304.04,0.59,0.41,1384.58,1321.69
13551,676,705,L,2.00,11833.00,17.00,17.00,4.00,-5.00,0.00,0.00,3.00,9953.00,20.00,21.00,8.00,5.00,1.00,0.00,85.71,88.24,100.00,1,7,2025-09-11,733.32,867.07,0.36,0.64,748.62,851.77
13553,217,398,L,3.00,12971.00,17.00,19.00,8.00,-15.00,3.00,1.00,4.00,12798.00,20.00,26.00,4.00,14.00,4.00,2.00,84.62,84.21,100.00,1,5,2025-09-11,1062.88,1265.79,0.26,0.74,1074.12,1254.55
13554,400,672,W,4.00,12579.00,20.00,29.00,1.00,5.00,2.00,1.00,3.00,12990.00,12.00,20.00,6.00,-5.00,2.00,1.00,85.00,86.21,100.00,1,5,2025-09-11,1181.60,1022.44,0.68,0.32,1167.89,1036.16
13555,491,130,W,3.00,13115.00,19.00,18.00,6.00,10.00,2.00,1.00,1.00,13094.00,16.00,32.00,12.00,-12.00,1.00,0.00,96.88,83.33,100.00,1,5,2025-09-11,1139.48,1090.32,0.51,0.49,1118.42,1111.38
13557,44,498,L,8.00,13731.00,18.00,28.00,12.00,6.00,5.00,2.00,9.00,11263.00,18.00,34.00,3.00,-5.00,5.00,4.00,73.53,71.43,100.00,1,2,2025-09-11,1407.43,1399.73,0.58,0.42,1432.47,1374.68
13558,570,568,W,5.00,12660.00,17.00,35.00,12.00,4.00,3.00,0.00,3.00,12192.00,29.00,27.00,7.00,-5.00,3.00,2.00,88.89,85.71,100.00,1,3,2025-09-11,1318.18,1219.10,0.59,0.41,1300.58,1236.69
13559,8,24,W,3.00,12778.00,22.00,29.00,10.00,5.00,2.00,1.00,1.00,12147.00,14.00,24.00,4.00,-5.00,1.00,1.00,95.83,89.66,100.00,1,3,2025-09-11,1228.66,1194.93,0.48,0.52,1206.51,1217.09
13569,245,59,W,4.00,11433.00,6.00,17.00,1.00,0.00,4.00,2.00,3.00,13143.00,8.00,29.00,6.00,0.00,3.00,1.00,89.66,76.47,100.00,1,6,2025-09-11,1099.83,879.13,0.76,0.24,1089.50,889.46
12964,49,505,L,3.00,12680.00,23.00,41.00,5.00,-10.00,3.00,2.00,5.00,13342.00,13.00,31.00,10.00,10.00,4.00,3.00,83.87,92.68,99.00,1,0,2025-09-13,1502.25,1715.77,0.25,0.75,1512.94,1705.08
12966,218,17,L,4.00,11831.00,24.00,32.00,9.00,-21.00,2.00,0.00,8.00,11759.00,24.00,38.00,7.00,20.00,8.00,5.00,,87.50,99.00,1,0,2025-09-13,1438.90,1640.81,0.26,0.74,1450.20,1629.51
13031,399,31,W,6.00,12440.00,8.00,23.00,7.00,10.00,5.00,3.00,4.00,12247.00,30.00,33.00,3.00,-11.00,2.00,1.00,87.88,73.91,99.00,1,1,2025-09-13,1329.87,1466.44,0.24,0.76,1297.11,1499.21
13043,12,668,L,3.00,13040.00,17.00,26.00,14.00,-10.00,3.00,0.00,5.00,11991.00,29.00,31.00,9.00,10.00,3.00,1.00,83.87,88.46,100.00,1,1,2025-09-13,1314.30,1435.68,0.37,0.63,1330.40,1419.58
13044,438,23,W,4.00,12201.00,25.00,33.00,3.00,5.00,4.00,2.00,3.00,12262.00,24.00,21.00,7.00,-5.00,3.00,0.00,85.71,87.88,100.00,1,1,2025-09-13,1560.87,1463.10,0.59,0.41,1543.19,1480.78
13045,409,109,L,2.00,12609.00,30.00,22.00,10.00,-16.00,2.00,1.00,4.00,12886.00,26.00,39.00,15.00,15.00,3.00,1.00,89.74,90.91,100.00,1,1,2025-09-13,1270.34,1352.22,0.44,0.56,1289.11,1333.45
13050,129,336,L,1.00,12460.00,29.00,26.00,6.00,-10.00,1.00,0.00,3.00,12157.00,24.00,20.00,11.00,10.00,3.00,1.00,85.00,96.15,100.00,1,3,2025-09-13,1353.20,1276.99,0.69,0.31,1382.66,1247.53
13054,577,406,L,3.00,12927.00,22.00,22.00,9.00,-5.00,3.00,2.00,6.00,11956.00,25.00,32.00,9.00,5.00,5.00,2.00,81.25,86.36,100.00,1,4,2025-09-13,1156.25,1203.78,0.49,0.51,1177.43,1182.60
13055,26,331,L,3.00,12158.00,17.00,22.00,13.00,-9.00,3.00,1.00,6.00,12553.00,27.00,49.00,7.00,9.00,4.00,0.00,87.76,86.36,100.00,1,4,2025-09-13,981.28,1052.95,0.45,0.55,1000.76,1033.47
13057,337,439,L,3.00,12959.00,27.00,30.00,10.00,-15.00,2.00,1.00,6.00,11919.00,29.00,29.00,9.00,14.00,6.00,2.00,79.31,90.00,100.00,1,4,2025-09-13,1174.98,1281.55,0.40,0.60,1192.07,1264.46
13060,130,431,L,1.00,11848.00,26.00,20.00,8.00,-5.00,1.00,0.00,4.00,12625.00,22.00,28.00,13.00,5.00,4.00,0.00,85.71,95.00,100.00,1,5,2025-09-13,1074.41,1198.63,0.37,0.63,1090.32,1182.72
13061,411,398,L,2.00,12605.00,17.00,24.00,8.00,-11.00,2.00,1.00,5.00,12634.00,27.00,30.00,8.00,8.00,4.00,1.00,83.33,91.67,100.00,1,5,2025-09-13,1019.24,1274.51,0.20,0.80,1027.96,1265.79
12961,56,29,L,4.00,14658.00,26.00,36.00,3.00,0.00,3.00,2.00,5.00,14431.00,6.00,18.00,9.00,0.00,4.00,1.00,72.22,88.89,99.00,1,0,2025-09-14,1448.84,1623.70,0.30,0.70,1461.63,1610.91
12962,578,1,L,2.00,11363.00,15.00,30.00,3.00,-15.00,2.00,2.00,4.00,13026.00,17.00,45.00,5.00,15.00,4.00,3.00,91.11,93.33,99.00,1,0,2025-09-14,1465.71,1480.85,0.55,0.45,1489.17,1457.39
12965,447,4,W,7.00,10412.00,22.00,47.00,5.00,15.00,4.00,1.00,5.00,12271.00,9.00,17.00,8.00,-16.00,4.00,2.00,70.59,85.11,99.00,1,0,2025-09-14,1447.28,1273.37,0.70,0.30,1434.43,1286.22
13028,46,547,W,8.00,13220.00,18.00,42.00,10.00,35.00,7.00,5.00,1.00,11062.00,23.00,29.00,4.00,-35.00,1.00,1.00,96.55,80.95,99.00,1,1,2025-09-14,1383.42,1342.08,0.50,0.50,1361.80,1363.70
13029,452,92,W,5.00,13368.00,18.00,25.00,6.00,5.00,4.00,2.00,3.00,13005.00,23.00,28.00,10.00,-5.00,3.00,1.00,89.29,,99.00,1,1,2025-09-14,1502.19,1397.07,0.60,0.40,1485.01,1414.26
13030,494,393,L,2.00,11742.00,19.00,23.00,5.00,-5.00,2.00,2.00,4.00,12780.00,18.00,34.00,8.00,5.00,4.00,1.00,88.24,91.30,99.00,1,1,2025-09-14,1520.51,1570.11,0.49,0.51,1541.54,1549.08
13032,378,579,L,2.00,11200.00,20.00,28.00,5.00,0.00,2.00,1.00,3.00,13349.00,15.00,27.00,3.00,0.00,3.00,0.00,88.89,92.86,99.00,1,1,2025-09-14,1445.78,1547.43,0.41,0.59,1463.20,1530.02
13040,443,35,L,0.00,12492.00,13.00,37.00,2.00,-30.00,0.00,0.00,6.00,11362.00,11.00,27.00,4.00,35.00,6.00,1.00,77.78,100.00,100.00,1,0,2025-09-14,1463.32,1551.28,0.43,0.57,1481.67,1532.93
13042,239,379,W,7.00,13094.00,22.00,39.00,4.00,20.00,6.00,4.00,3.00,12592.00,23.00,30.00,8.00,-20.00,2.00,2.00,90.00,82.05,100.00,1,0,2025-09-14,1639.93,1349.07,0.83,0.17,1632.65,1356.35
13046,397,498,W,4.00,12628.00,19.00,34.00,5.00,20.00,4.00,3.00,1.00,12654.00,14.00,17.00,5.00,-20.00,1.00,1.00,94.12,88.24,100.00,1,2,2025-09-14,1423.58,1378.38,0.50,0.50,1402.23,1399.73
13047,506,22,W,7.00,13029.00,22.00,36.00,6.00,25.00,6.00,3.00,2.00,12639.00,18.00,26.00,11.00,-25.00,2.00,0.00,92.31,80.56,100.00,1,2,2025-09-14,1457.59,1241.96,0.75,0.25,1447.01,1252.54
13048,329,205,W,7.00,11822.00,24.00,23.00,3.00,14.00,5.00,2.00,4.00,12412.00,10.00,26.00,9.00,-15.00,3.00,1.00,84.62,69.57,100.00,1,2,2025-09-14,1415.01,1367.55,0.51,0.49,1393.82,1388.74
13049,570,581,W,6.00,13268.00,24.00,40.00,6.00,3.00,6.00,2.00,5.00,12549.00,17.00,35.00,15.00,-3.00,3.00,3.00,85.71,85.00,100.00,1,3,2025-09-14,1327.84,1093.43,0.78,0.22,1318.18,1103.10
13051,24,214,L,3.00,12078.00,28.00,33.00,4.00,-10.00,2.00,1.00,5.00,13356.00,12.00,21.00,7.00,10.00,2.00,0.00,,90.91,100.00,1,3,2025-09-14,1182.34,1360.69,0.29,0.71,1194.93,1348.10
13052,8,189,L,8.00,11753.00,15.00,32.00,8.00,-5.00,4.00,1.00,9.00,13839.00,25.00,37.00,5.00,5.00,5.00,1.00,75.68,75.00,100.00,1,3,2025-09-14,1208.16,1265.31,0.48,0.52,1228.66,1244.81
13053,207,568,L,4.00,11340.00,17.00,23.00,4.00,-7.00,3.00,2.00,7.00,12485.00,13.00,27.00,2.00,5.00,7.00,3.00,74.07,82.61,100.00,1,3,2025-09-14,1163.04,1238.33,0.45,0.55,1182.26,1219.10
13056,502,504,L,1.00,11686.00,13.00,18.00,3.00,-6.00,1.00,0.00,6.00,10645.00,15.00,31.00,5.00,5.00,3.00,1.00,80.65,94.44,100.00,1,4,2025-09-14,1104.18,1139.16,0.51,0.49,1126.25,1117.09
13058,582,675,L,2.00,11725.00,16.00,18.00,11.00,-5.00,1.00,0.00,3.00,11831.00,20.00,36.00,3.00,5.00,2.00,0.00,91.67,88.89,100.00,1,4,2025-09-14,922.57,1090.37,0.31,0.69,935.77,1077.17
13059,217,661,L,2.00,12095.00,11.00,25.00,1.00,-30.00,2.00,1.00,8.00,12017.00,13.00,25.00,3.00,30.00,6.00,0.00,68.00,,100.00,1,5,2025-09-14,1040.03,1063.86,0.53,0.47,1062.88,1041.01
13062,176,672,L,0.00,11731.00,19.00,15.00,8.00,-15.00,0.00,0.00,4.00,9534.00,20.00,17.00,11.00,14.00,3.00,2.00,76.47,100.00,100.00,1,5,2025-09-14,953.88,1040.86,0.43,0.57,972.29,1022.44
13063,216,448,L,0.00,10925.00,15.00,18.00,11.00,-25.00,0.00,0.00,7.00,12111.00,27.00,40.00,8.00,25.00,3.00,0.00,82.50,100.00,100.00,1,5,2025-09-14,961.28,1150.74,0.28,0.72,973.24,1138.77
13064,215,446,L,2.00,12736.00,25.00,22.00,2.00,-10.00,2.00,0.00,3.00,12083.00,11.00,27.00,5.00,10.00,0.00,0.00,88.89,90.91,100.00,1,5,2025-09-14,1039.96,1157.43,0.38,0.62,1056.31,1141.08
13065,400,269,W,4.00,11724.00,13.00,17.00,6.00,3.00,3.00,2.00,3.00,13078.00,16.00,23.00,5.00,-4.00,2.00,0.00,86.96,76.47,100.00,1,5,2025-09-14,1208.52,1244.18,0.37,0.63,1181.60,1271.10
13066,499,491,L,4.00,14190.00,21.00,33.00,9.00,0.00,3.00,2.00,5.00,13990.00,17.00,18.00,4.00,0.00,3.00,0.00,72.22,,100.00,1,5,2025-09-14,1147.91,1162.95,0.55,0.45,1171.38,1139.48
13067,584,545,W,3.00,12444.00,6.00,21.00,9.00,14.00,3.00,3.00,1.00,10847.00,15.00,18.00,2.00,-15.00,1.00,1.00,94.44,85.71,100.00,1,6,2025-09-14,1044.33,969.05,0.55,0.45,1025.10,988.28
13068,61,652,W,5.00,10692.00,11.00,22.00,2.00,10.00,4.00,3.00,4.00,12242.00,13.00,18.00,1.00,-10.00,2.00,0.00,77.78,77.27,100.00,1,6,2025-09-14,961.68,815.06,0.66,0.34,947.20,829.55
13069,401,245,L,2.00,12222.00,14.00,16.00,7.00,-34.00,2.00,1.00,9.00,12727.00,23.00,36.00,8.00,33.00,7.00,2.00,75.00,87.50,100.00,1,6,2025-09-14,726.63,1104.43,0.11,0.89,731.23,1099.83
13070,104,445,W,5.00,11624.00,11.00,27.00,3.00,0.00,2.00,1.00,4.00,12323.00,18.00,20.00,3.00,0.00,2.00,1.00,80.00,81.48,100.00,1,6,2025-09-14,1128.40,880.32,0.79,0.21,1119.36,889.36
13071,59,574,W,6.00,12192.00,7.00,17.00,4.00,11.00,4.00,0.00,4.00,12764.00,23.00,21.00,3.00,-10.00,3.00,2.00,80.95,64.71,100.00,1,6,2025-09-14,900.86,861.14,0.49,0.51,879.13,882.87
13072,449,375,L,0.00,11758.00,23.00,23.00,10.00,-5.00,0.00,0.00,3.00,8868.00,17.00,14.00,8.00,5.00,3.00,0.00,78.57,100.00,100.00,1,6,2025-09-14,902.83,1108.62,0.26,0.74,913.92,1097.54
13073,673,451,W,5.00,12941.00,21.00,13.00,3.00,5.00,3.00,2.00,4.00,11855.00,11.00,16.00,7.00,-5.00,3.00,1.00,75.00,61.54,100.00,1,7,2025-09-14,933.00,883.34,0.51,0.49,911.97,904.37
13074,676,670,L,4.00,12867.00,16.00,20.00,3.00,-5.00,2.00,0.00,5.00,12670.00,14.00,23.00,2.00,5.00,2.00,0.00,78.26,80.00,100.00,1,7,2025-09-14,712.57,766.17,0.48,0.52,733.32,745.42
13075,663,532,L,1.00,13307.00,13.00,17.00,5.00,-5.00,1.00,0.00,2.00,12899.00,13.00,19.00,5.00,5.00,1.00,0.00,89.47,94.12,100.00,1,7,2025-09-14,755.11,1072.63,0.15,0.85,761.45,1066.29
13076,664,671,L,2.00,9798.00,29.00,19.00,4.00,-5.00,0.00,0.00,3.00,12661.00,14.00,13.00,11.00,5.00,0.00,0.00,76.92,89.47,100.00,1,7,2025-09-14,741.51,854.04,0.39,0.61,758.20,837.36
13077,674,138,L,1.00,12800.00,10.00,12.00,11.00,-34.00,1.00,1.00,8.00,12448.00,18.00,34.00,1.00,34.00,7.00,1.00,,91.67,100.00,1,7,2025-09-14,747.19,1255.45,0.05,0.95,749.43,1253.21
13078,501,453,W,6.00,12260.00,27.00,29.00,5.00,20.00,4.00,2.00,1.00,12100.00,15.00,21.00,14.00,-20.00,1.00,1.00,95.24,79.31,100.00,1,7,2025-09-14,1001.40,709.77,0.83,0.17,994.14,717.03
12967,4,573,L,0.00,12528.00,15.00,8.00,14.00,-35.00,0.00,0.00,8.00,12723.00,38.00,48.00,3.00,35.00,8.00,2.00,83.33,100.00,99.00,1,0,2025-09-20,1268.03,1617.97,0.12,0.88,1273.37,1612.63
12969,49,447,L,3.00,12786.00,20.00,19.00,9.00,-40.00,3.00,0.00,13.00,11462.00,21.00,32.00,5.00,40.00,12.00,1.00,59.38,84.21,99.00,1,0,2025-09-20,1477.38,1472.15,0.58,0.42,1502.25,1447.28
12970,29,580,W,1.00,12107.00,7.00,20.00,1.00,5.00,1.00,1.00,0.00,13273.00,23.00,33.00,2.00,-5.00,0.00,0.00,100.00,95.00,99.00,1,0,2025-09-20,1636.57,1463.04,0.70,0.30,1623.70,1475.91
12971,56,442,W,5.00,12845.00,16.00,24.00,5.00,15.00,4.00,3.00,1.00,12055.00,15.00,27.00,6.00,-15.00,1.00,0.00,96.30,79.17,99.00,1,0,2025-09-20,1470.28,1426.39,0.50,0.50,1448.84,1447.83
12973,218,505,L,4.00,12886.00,35.00,51.00,10.00,-5.00,4.00,2.00,6.00,12888.00,22.00,44.00,18.00,5.00,6.00,3.00,86.36,92.16,99.00,1,0,2025-09-20,1431.64,1723.03,0.17,0.83,1438.90,1715.77
13034,452,494,L,1.00,10971.00,8.00,10.00,3.00,-4.00,0.00,0.00,2.00,12472.00,22.00,34.00,1.00,5.00,2.00,1.00,94.12,90.00,99.00,1,1,2025-09-20,1481.82,1540.87,0.47,0.53,1502.19,1520.51
13035,191,378,L,4.00,12501.00,12.00,24.00,1.00,-1.00,4.00,3.00,5.00,12765.00,13.00,29.00,2.00,0.00,2.00,0.00,82.76,83.33,99.00,1,1,2025-09-20,1643.93,1479.84,0.79,0.21,1677.99,1445.78
13037,396,579,L,1.00,12739.00,14.00,34.00,3.00,-5.00,0.00,0.00,2.00,10893.00,17.00,40.00,6.00,5.00,1.00,0.00,95.00,97.06,99.00,1,1,2025-09-20,1292.70,1555.82,0.19,0.81,1301.09,1547.43
13039,547,188,W,4.00,13517.00,19.00,28.00,11.00,1.00,3.00,1.00,3.00,12703.00,15.00,32.00,7.00,0.00,3.00,2.00,90.62,85.71,99.00,1,1,2025-09-20,1367.88,1386.64,0.40,0.60,1342.08,1412.44
13079,669,443,W,8.00,12064.00,19.00,40.00,7.00,20.00,8.00,2.00,2.00,11327.00,14.00,25.00,5.00,-20.00,2.00,1.00,92.00,80.00,100.00,1,0,2025-09-20,1598.88,1449.03,0.67,0.33,1584.59,1463.32
13081,667,239,W,8.00,12790.00,37.00,53.00,5.00,35.00,8.00,5.00,0.00,13155.00,5.00,21.00,10.00,-35.00,0.00,0.00,100.00,84.91,100.00,1,0,2025-09-20,1548.34,1611.27,0.33,0.67,1519.68,1639.93
13084,48,109,W,4.00,12156.00,20.00,31.00,5.00,14.00,2.00,1.00,0.00,12766.00,25.00,26.00,2.00,-15.00,0.00,0.00,100.00,87.10,100.00,1,1,2025-09-20,1461.72,1336.38,0.63,0.37,1445.88,1352.22
13087,570,129,W,4.00,12964.00,13.00,27.00,4.00,5.00,2.00,0.00,3.00,9912.00,13.00,23.00,2.00,-5.00,2.00,1.00,86.96,85.19,100.00,1,3,2025-09-20,1350.91,1330.13,0.46,0.54,1327.84,1353.20
13091,205,397,L,0.00,12391.00,13.00,31.00,3.00,-20.00,0.00,0.00,5.00,12821.00,17.00,25.00,2.00,20.00,3.00,1.00,80.00,100.00,100.00,1,2,2025-09-20,1349.49,1441.64,0.42,0.58,1367.55,1423.58
13092,402,498,L,1.00,11540.00,15.00,28.00,4.00,-5.00,1.00,1.00,2.00,12896.00,19.00,24.00,5.00,5.00,2.00,1.00,91.67,96.43,100.00,1,2,2025-09-20,1445.43,1405.57,0.63,0.37,1472.62,1378.38
13095,26,406,L,3.00,12747.00,10.00,16.00,8.00,-10.00,3.00,3.00,5.00,13718.00,26.00,39.00,6.00,9.00,4.00,0.00,87.18,81.25,100.00,1,4,2025-09-20,971.93,1213.13,0.22,0.78,981.28,1203.78
13100,216,130,L,3.00,484.00,0.00,0.00,0.00,-10.00,1.00,0.00,6.00,12537.00,18.00,33.00,3.00,9.00,5.00,1.00,81.82,-inf,100.00,1,5,2025-09-20,946.54,1089.14,0.34,0.66,961.28,1074.41
13101,672,499,W,4.00,12450.00,16.00,16.00,9.00,10.00,4.00,2.00,2.00,8237.00,20.00,21.00,3.00,-10.00,2.00,1.00,90.48,75.00,100.00,1,5,2025-09-20,1068.78,1119.99,0.35,0.65,1040.86,1147.91
13102,400,411,W,5.00,12520.00,21.00,25.00,6.00,15.00,3.00,1.00,1.00,13255.00,11.00,30.00,7.00,-15.00,1.00,1.00,96.67,80.00,100.00,1,5,2025-09-20,1219.34,1008.42,0.75,0.25,1208.52,1019.24
13140,674,670,L,4.00,12782.00,10.00,23.00,4.00,7.00,2.00,0.00,5.00,12317.00,20.00,33.00,3.00,-7.00,4.00,1.00,84.85,82.61,100.00,1,7,2025-09-20,726.86,786.50,0.47,0.53,747.19,766.17
12972,17,1,L,4.00,12549.00,20.00,48.00,8.00,-10.00,3.00,1.00,6.00,12676.00,26.00,25.00,9.00,10.00,5.00,2.00,76.00,91.67,99.00,1,0,2025-09-21,1610.06,1511.61,0.72,0.28,1640.81,1480.85
13027,580,442,W,6.00,13222.00,33.00,42.00,9.00,19.00,5.00,1.00,4.00,12469.00,18.00,20.00,14.00,-19.00,3.00,0.00,80.00,85.71,99.00,1,0,2025-09-21,1482.28,1407.15,0.55,0.45,1463.04,1426.39
13033,46,399,W,7.00,12549.00,22.00,27.00,8.00,5.00,6.00,3.00,6.00,13005.00,24.00,34.00,11.00,-5.00,6.00,2.00,82.35,74.07,99.00,1,1,2025-09-21,1401.63,1311.66,0.58,0.42,1383.42,1329.87
13036,191,31,W,4.00,13093.00,19.00,43.00,3.00,2.00,2.00,2.00,3.00,13286.00,16.00,26.00,6.00,-3.00,3.00,2.00,88.46,90.70,99.00,1,1,2025-09-21,1655.31,1455.06,0.74,0.26,1643.93,1466.44
13038,188,396,W,6.00,12752.00,24.00,42.00,3.00,20.00,6.00,4.00,3.00,13125.00,13.00,25.00,11.00,-20.00,3.00,1.00,88.00,85.71,99.00,1,1,2025-09-21,1402.47,1276.88,0.63,0.37,1386.64,1292.70
13080,35,111,W,6.00,9306.00,17.00,34.00,6.00,23.00,3.00,2.00,0.00,12922.00,12.00,22.00,5.00,-25.00,0.00,0.00,100.00,82.35,100.00,1,0,2025-09-21,1565.37,1412.29,0.67,0.33,1551.28,1426.38
13082,409,668,W,5.00,12694.00,14.00,26.00,7.00,2.00,4.00,1.00,4.00,11621.00,25.00,32.00,5.00,-5.00,3.00,0.00,87.50,80.77,100.00,1,1,2025-09-21,1301.37,1404.65,0.28,0.72,1270.34,1435.68
13083,12,335,W,7.00,12620.00,14.00,24.00,11.00,20.00,6.00,4.00,2.00,12486.00,33.00,37.00,7.00,-20.00,1.00,1.00,94.59,70.83,100.00,1,1,2025-09-21,1336.20,1298.87,0.49,0.51,1314.30,1320.77
13086,38,581,L,4.00,12201.00,24.00,29.00,3.00,1.00,3.00,1.00,7.00,12166.00,15.00,37.00,5.00,0.00,3.00,0.00,81.08,86.21,100.00,1,3,2025-09-21,1056.41,1113.91,0.48,0.52,1076.89,1093.43
13088,214,336,L,4.00,13181.00,18.00,14.00,15.00,-15.00,2.00,1.00,7.00,7881.00,30.00,42.00,7.00,15.00,5.00,2.00,83.33,71.43,100.00,1,3,2025-09-21,1334.11,1303.57,0.62,0.38,1360.69,1276.99
13090,189,568,W,6.00,12137.00,10.00,25.00,14.00,9.00,5.00,3.00,3.00,13062.00,43.00,24.00,3.00,-10.00,3.00,3.00,87.50,76.00,100.00,1,3,2025-09-21,1285.15,1218.50,0.54,0.46,1265.31,1238.33
13093,450,44,W,3.00,12659.00,26.00,29.00,6.00,0.00,2.00,1.00,2.00,11422.00,8.00,28.00,14.00,0.00,1.00,0.00,92.86,89.66,100.00,1,2,2025-09-21,1331.75,1379.71,0.36,0.64,1304.04,1407.43
13094,506,329,L,1.00,11710.00,12.00,22.00,7.00,-15.00,1.00,0.00,5.00,10900.00,23.00,37.00,4.00,13.00,2.00,1.00,86.49,,100.00,1,2,2025-09-21,1433.47,1439.13,0.56,0.44,1457.59,1415.01
13097,331,439,W,5.00,12910.00,25.00,27.00,4.00,17.00,4.00,2.00,2.00,12729.00,17.00,23.00,4.00,-15.00,1.00,1.00,91.30,81.48,100.00,1,4,2025-09-21,1086.86,1247.64,0.21,0.79,1052.95,1281.55
13098,582,337,L,1.00,10497.00,23.00,15.00,7.00,-20.00,1.00,0.00,5.00,11866.00,17.00,26.00,10.00,20.00,4.00,0.00,80.77,93.33,100.00,1,4,2025-09-21,914.42,1183.13,0.19,0.81,922.57,1174.98
13099,502,577,W,6.00,11051.00,24.00,25.00,6.00,1.00,6.00,0.00,2.00,11276.00,18.00,24.00,10.00,-1.00,2.00,1.00,91.67,76.00,100.00,1,4,2025-09-21,1128.88,1131.55,0.43,0.57,1104.18,1156.25
13103,398,446,W,4.00,12193.00,15.00,35.00,2.00,10.00,4.00,0.00,2.00,12405.00,11.00,17.00,4.00,-10.00,1.00,1.00,88.24,88.57,100.00,1,5,2025-09-21,1289.03,1142.92,0.66,0.34,1274.51,1157.43
13104,217,215,L,1.00,13464.00,13.00,20.00,3.00,-15.00,1.00,0.00,5.00,12708.00,19.00,28.00,3.00,15.00,4.00,2.00,82.14,95.00,100.00,1,5,2025-09-21,1018.52,1061.46,0.50,0.50,1040.03,1039.96
13105,176,431,L,0.00,11355.00,9.00,15.00,9.00,-25.00,0.00,0.00,5.00,12293.00,17.00,28.00,6.00,25.00,5.00,0.00,82.14,100.00,100.00,1,5,2025-09-21,945.43,1207.08,0.20,0.80,953.88,1198.63
13106,448,491,W,6.00,12874.00,25.00,27.00,3.00,0.00,4.00,1.00,5.00,9571.00,18.00,14.00,2.00,0.00,3.00,3.00,64.29,77.78,100.00,1,5,2025-09-21,1173.00,1140.70,0.48,0.52,1150.74,1162.95
13107,269,661,W,5.00,13317.00,29.00,19.00,3.00,0.00,3.00,1.00,4.00,10782.00,17.00,21.00,9.00,0.00,1.00,0.00,80.95,73.68,100.00,1,5,2025-09-21,1255.43,1052.62,0.74,0.26,1244.18,1063.86
13108,574,445,L,3.00,12467.00,23.00,31.00,14.00,-11.00,2.00,1.00,6.00,12094.00,17.00,24.00,11.00,8.00,5.00,1.00,75.00,90.32,100.00,1,6,2025-09-21,840.83,900.64,0.47,0.53,861.14,880.32
13109,104,61,W,6.00,11308.00,24.00,32.00,5.00,0.00,3.00,0.00,5.00,11872.00,23.00,19.00,8.00,0.00,2.00,1.00,73.68,81.25,100.00,1,6,2025-09-21,1140.30,949.77,0.72,0.28,1128.40,961.68
13110,584,401,W,6.00,11413.00,22.00,38.00,1.00,22.00,2.00,1.00,0.00,12496.00,8.00,16.00,13.00,-25.00,0.00,0.00,100.00,81.58,100.00,1,6,2025-09-21,1050.28,720.68,0.86,0.14,1044.33,726.63
13111,652,245,L,1.00,12174.00,26.00,12.00,10.00,-15.00,1.00,1.00,5.00,10982.00,21.00,21.00,13.00,15.00,2.00,1.00,76.19,91.67,100.00,1,6,2025-09-21,808.23,1111.27,0.16,0.84,815.06,1104.43
13112,545,449,L,2.00,11315.00,28.00,28.00,6.00,-20.00,0.00,0.00,6.00,12205.00,17.00,22.00,14.00,20.00,5.00,1.00,72.73,92.86,100.00,1,6,2025-09-21,943.50,928.38,0.59,0.41,969.05,902.83
13113,375,59,W,5.00,12461.00,10.00,22.00,3.00,14.00,3.00,0.00,2.00,12638.00,19.00,33.00,1.00,-15.00,1.00,0.00,93.94,77.27,100.00,1,6,2025-09-21,1118.61,890.88,0.77,0.23,1108.62,900.86
13114,664,501,L,1.00,13116.00,15.00,16.00,6.00,-20.00,1.00,0.00,5.00,9887.00,9.00,19.00,5.00,18.00,4.00,1.00,73.68,93.75,100.00,1,7,2025-09-21,733.64,1009.27,0.18,0.82,741.51,1001.40
13138,393,92,L,1.00,12323.00,24.00,26.00,3.00,-20.00,1.00,1.00,4.00,12477.00,18.00,49.00,7.00,18.00,3.00,1.00,91.84,96.15,99.00,1,1,2025-09-21,1538.71,1428.48,0.73,0.27,1570.11,1397.07
13139,671,138,W,7.00,11882.00,12.00,26.00,0.00,5.00,2.00,0.00,6.00,13396.00,12.00,28.00,5.00,-5.00,2.00,0.00,78.57,73.08,100.00,1,7,2025-09-21,893.16,1216.33,0.09,0.91,854.04,1255.45
13160,663,676,W,8.00,13185.00,19.00,22.00,6.00,26.00,6.00,1.00,2.00,13949.00,13.00,20.00,7.00,-26.00,2.00,0.00,90.00,,100.00,1,7,2025-09-21,773.99,693.69,0.56,0.44,755.11,712.57
12974,505,578,W,6.00,11775.00,19.00,35.00,14.00,25.00,6.00,5.00,2.00,13312.00,31.00,44.00,6.00,-25.00,2.00,2.00,95.45,82.86,99.00,1,0,2025-09-27,1730.99,1457.74,0.81,0.19,1723.03,1465.71
12975,49,218,W,5.00,28.00,0.00,0.00,0.00,13.00,5.00,3.00,2.00,12055.00,17.00,20.00,4.00,-15.00,1.00,1.00,90.00,-inf,99.00,1,0,2025-09-27,1496.06,1412.96,0.57,0.43,1477.38,1431.64
12976,4,29,L,2.00,13537.00,20.00,43.00,4.00,-15.00,1.00,1.00,6.00,3615.00,29.00,30.00,16.00,16.00,6.00,4.00,80.00,95.35,99.00,1,0,2025-09-27,1263.43,1641.17,0.11,0.89,1268.03,1636.57
12978,442,17,L,3.00,10289.00,27.00,33.00,4.00,-20.00,3.00,1.00,7.00,12565.00,22.00,32.00,10.00,19.00,6.00,4.00,78.12,90.91,99.00,1,0,2025-09-27,1396.95,1620.26,0.24,0.76,1407.15,1610.06
13120,396,494,L,2.00,12408.00,7.00,17.00,4.00,-15.00,2.00,0.00,5.00,11341.00,16.00,51.00,2.00,15.00,3.00,3.00,90.20,88.24,99.00,1,1,2025-09-27,1269.16,1548.59,0.18,0.82,1276.88,1540.87
13122,188,191,W,5.00,8659.00,15.00,34.00,4.00,9.00,4.00,0.00,3.00,10430.00,15.00,25.00,2.00,-12.00,2.00,0.00,,85.29,99.00,1,1,2025-09-27,1437.33,1620.45,0.19,0.81,1402.47,1655.31
13124,46,452,L,3.00,13272.00,20.00,49.00,4.00,0.00,3.00,3.00,7.00,11414.00,13.00,40.00,9.00,0.00,7.00,3.00,82.50,93.88,99.00,1,1,2025-09-27,1385.01,1498.44,0.39,0.61,1401.63,1481.82
13125,393,547,L,4.00,12742.00,23.00,31.00,7.00,-10.00,3.00,2.00,6.00,12220.00,18.00,35.00,12.00,9.00,5.00,4.00,82.86,87.10,99.00,1,1,2025-09-27,1507.42,1399.17,0.73,0.27,1538.71,1367.88
13126,579,31,W,7.00,12350.00,12.00,29.00,4.00,15.00,6.00,2.00,5.00,12747.00,8.00,32.00,1.00,-15.00,5.00,3.00,84.38,75.86,99.00,1,1,2025-09-27,1571.25,1439.63,0.64,0.36,1555.82,1455.06
13130,409,23,L,0.00,12971.00,16.00,19.00,12.00,-10.00,0.00,0.00,4.00,12312.00,23.00,36.00,3.00,10.00,4.00,1.00,88.89,100.00,100.00,1,1,2025-09-27,1289.21,1475.26,0.28,0.72,1301.37,1463.10
13131,408,668,W,2.00,11576.00,23.00,27.00,10.00,5.00,1.00,0.00,0.00,11508.00,26.00,25.00,7.00,-5.00,0.00,0.00,100.00,92.59,100.00,1,1,2025-09-27,1603.37,1393.76,0.75,0.25,1592.48,1404.65
13135,22,402,L,0.00,12763.00,19.00,21.00,4.00,-34.00,0.00,0.00,7.00,9507.00,11.00,34.00,9.00,34.00,5.00,5.00,79.41,100.00,100.00,1,2,2025-09-27,1231.78,1455.60,0.24,0.76,1241.96,1445.43
13136,498,397,L,4.00,12730.00,11.00,31.00,10.00,-30.00,4.00,4.00,9.00,9749.00,15.00,35.00,7.00,30.00,8.00,5.00,74.29,87.10,100.00,1,2,2025-09-27,1386.30,1460.92,0.45,0.55,1405.57,1441.64
13137,506,450,L,2.00,12321.00,19.00,26.00,8.00,-15.00,2.00,1.00,5.00,13736.00,21.00,30.00,9.00,15.00,2.00,2.00,83.33,92.31,100.00,1,2,2025-09-27,1405.85,1359.37,0.64,0.36,1433.47,1331.75
13143,129,38,W,8.00,10024.00,16.00,39.00,5.00,15.00,7.00,4.00,4.00,12643.00,10.00,21.00,12.00,-15.00,2.00,0.00,80.95,79.49,100.00,1,3,2025-09-27,1337.50,1049.04,0.83,0.17,1330.13,1056.41
13145,568,24,W,2.00,13264.00,19.00,23.00,13.00,10.00,2.00,1.00,0.00,12821.00,33.00,21.00,7.00,-10.00,0.00,0.00,100.00,91.30,100.00,1,3,2025-09-27,1237.77,1163.07,0.55,0.45,1218.50,1182.34
13153,499,215,W,5.00,12340.00,20.00,24.00,17.00,15.00,5.00,2.00,2.00,12196.00,26.00,24.00,8.00,-15.00,2.00,0.00,91.67,79.17,100.00,1,5,2025-09-27,1137.90,1043.55,0.58,0.42,1119.99,1061.46
13156,61,401,W,4.00,13155.00,13.00,31.00,8.00,15.00,4.00,1.00,1.00,13258.00,21.00,22.00,6.00,-15.00,1.00,0.00,95.45,87.10,100.00,1,6,2025-09-27,958.85,711.61,0.79,0.21,949.77,720.68
12977,56,580,W,5.00,12079.00,18.00,24.00,4.00,8.00,1.00,1.00,3.00,12679.00,19.00,35.00,5.00,-12.00,1.00,1.00,91.43,79.17,99.00,1,0,2025-09-28,1492.52,1460.04,0.48,0.52,1470.28,1482.28
12979,1,447,L,5.00,12229.00,24.00,37.00,7.00,-5.00,5.00,4.00,6.00,11795.00,21.00,35.00,7.00,4.00,4.00,1.00,82.86,86.49,99.00,1,0,2025-09-28,1487.68,1496.08,0.56,0.44,1511.61,1472.15
13115,674,663,L,3.00,13094.00,20.00,22.00,12.00,-25.00,2.00,0.00,7.00,11419.00,27.00,41.00,16.00,24.00,6.00,2.00,82.93,86.36,100.00,1,7,2025-09-28,708.26,792.59,0.43,0.57,726.86,773.99
13116,671,670,L,2.00,12855.00,25.00,36.00,3.00,-5.00,1.00,0.00,3.00,11372.00,12.00,24.00,8.00,4.00,1.00,0.00,87.50,94.44,100.00,1,7,2025-09-28,865.26,814.40,0.65,0.35,893.16,786.50
13117,676,138,L,3.00,11775.00,17.00,25.00,1.00,-5.00,1.00,0.00,5.00,12163.00,12.00,33.00,3.00,5.00,0.00,0.00,84.85,88.00,100.00,1,7,2025-09-28,691.67,1218.35,0.05,0.95,693.69,1216.33
13118,673,453,W,6.00,13355.00,24.00,44.00,6.00,20.00,4.00,0.00,2.00,12112.00,19.00,15.00,4.00,-21.00,1.00,0.00,86.67,86.36,100.00,1,7,2025-09-28,942.32,700.46,0.78,0.22,933.00,709.77
13119,451,532,L,2.00,14106.00,40.00,23.00,11.00,0.00,2.00,0.00,4.00,13418.00,27.00,25.00,20.00,-1.00,1.00,1.00,84.00,91.30,100.00,1,7,2025-09-28,872.52,1083.45,0.25,0.75,883.34,1072.63
13121,396,378,L,2.00,11385.00,16.00,25.00,6.00,-15.00,1.00,0.00,5.00,11838.00,22.00,32.00,2.00,15.00,5.00,0.00,84.38,92.00,99.00,1,1,2025-09-28,1259.30,1489.69,0.23,0.77,1269.16,1479.84
13123,188,92,L,3.00,11469.00,34.00,33.00,6.00,-5.00,3.00,2.00,4.00,12279.00,13.00,23.00,15.00,5.00,3.00,1.00,82.61,90.91,99.00,1,1,2025-09-28,1415.28,1450.52,0.51,0.49,1437.33,1428.48
13128,443,63,W,11.00,13315.00,22.00,52.00,3.00,35.00,8.00,6.00,3.00,13078.00,13.00,15.00,12.00,-35.00,1.00,0.00,80.00,78.85,100.00,1,0,2025-09-28,1468.88,1402.44,0.54,0.46,1449.03,1422.29
13129,667,111,W,1.00,12676.00,14.00,44.00,5.00,5.00,0.00,0.00,0.00,11867.00,7.00,10.00,5.00,-5.00,0.00,0.00,100.00,97.73,100.00,1,0,2025-09-28,1561.83,1398.81,0.69,0.31,1548.34,1412.29
13132,335,48,W,7.00,12927.00,26.00,49.00,3.00,3.00,7.00,3.00,6.00,12783.00,19.00,26.00,12.00,-3.00,3.00,2.00,76.92,85.71,100.00,1,1,2025-09-28,1329.76,1430.82,0.28,0.72,1298.87,1461.72
13133,12,438,W,3.00,13150.00,7.00,33.00,11.00,0.00,1.00,1.00,2.00,12223.00,22.00,45.00,2.00,0.00,0.00,0.00,95.56,90.91,100.00,1,1,2025-09-28,1369.94,1527.12,0.22,0.78,1336.20,1560.87
13134,205,44,W,4.00,12247.00,20.00,19.00,10.00,5.00,3.00,2.00,2.00,11396.00,15.00,17.00,9.00,-5.00,2.00,0.00,88.24,78.95,100.00,1,2,2025-09-28,1372.86,1356.34,0.46,0.54,1349.49,1379.71
13141,336,8,W,5.00,13110.00,16.00,34.00,9.00,14.00,5.00,2.00,2.00,11346.00,17.00,25.00,4.00,-14.00,0.00,0.00,92.00,85.29,100.00,1,3,2025-09-28,1319.31,1192.42,0.63,0.37,1303.57,1208.16
13142,189,207,W,6.00,13543.00,22.00,32.00,9.00,3.00,3.00,1.00,5.00,12530.00,28.00,29.00,11.00,-3.00,3.00,0.00,82.76,81.25,100.00,1,3,2025-09-28,1299.39,1148.80,0.67,0.33,1285.15,1163.04
13144,214,570,W,4.00,13714.00,14.00,26.00,8.00,6.00,3.00,2.00,3.00,12894.00,15.00,50.00,4.00,-5.00,3.00,3.00,94.00,84.62,100.00,1,3,2025-09-28,1356.65,1328.37,0.48,0.52,1334.11,1350.91
13146,269,491,W,4.00,12740.00,23.00,36.00,11.00,9.00,3.00,2.00,2.00,11706.00,21.00,16.00,5.00,-11.00,2.00,1.00,87.50,88.89,100.00,1,5,2025-09-28,1270.08,1126.05,0.66,0.34,1255.43,1140.70
13147,217,130,W,4.00,16264.00,15.00,24.00,6.00,-3.00,2.00,0.00,3.00,12235.00,14.00,26.00,8.00,0.00,1.00,0.00,88.46,83.33,100.00,1,5,2025-09-28,1044.33,1063.33,0.40,0.60,1018.52,1089.14
13148,448,446,W,9.00,12692.00,26.00,23.00,6.00,10.00,8.00,3.00,4.00,12561.00,15.00,29.00,7.00,-10.00,2.00,0.00,86.21,60.87,100.00,1,5,2025-09-28,1192.64,1123.27,0.54,0.46,1173.00,1142.92
13149,411,216,L,1.00,12889.00,37.00,26.00,7.00,-20.00,1.00,0.00,7.00,11390.00,20.00,26.00,15.00,19.00,7.00,2.00,73.08,96.15,100.00,1,5,2025-09-28,983.13,971.83,0.59,0.41,1008.42,946.54
13150,431,672,L,2.00,12625.00,21.00,16.00,6.00,0.00,1.00,0.00,3.00,11949.00,16.00,32.00,4.00,0.00,2.00,1.00,90.62,,100.00,1,5,2025-09-28,1177.45,1098.41,0.69,0.31,1207.08,1068.78
13151,176,398,L,2.00,12847.00,19.00,15.00,6.00,-26.00,1.00,0.00,6.00,11085.00,20.00,39.00,5.00,25.00,6.00,4.00,84.62,86.67,100.00,1,5,2025-09-28,940.20,1294.25,0.12,0.88,945.43,1289.03
13152,661,400,W,3.00,12630.00,20.00,32.00,8.00,2.00,2.00,1.00,2.00,12654.00,16.00,25.00,5.00,-3.00,2.00,1.00,92.00,90.62,100.00,1,5,2025-09-28,1083.71,1188.25,0.28,0.72,1052.62,1219.34
13154,675,331,L,6.00,12204.00,10.00,21.00,6.00,-10.00,2.00,0.00,7.00,13294.00,18.00,24.00,6.00,8.00,5.00,3.00,70.83,71.43,100.00,1,4,2025-09-28,1068.65,1108.58,0.51,0.49,1090.37,1086.86
13155,245,445,L,3.00,12243.00,21.00,26.00,11.00,0.00,2.00,1.00,4.00,0.00,0.00,0.00,0.00,0.00,1.00,0.00,-inf,88.46,100.00,1,6,2025-09-28,1078.13,933.78,0.77,0.23,1111.27,900.64
13157,574,104,W,10.00,12688.00,16.00,37.00,9.00,35.00,7.00,4.00,3.00,11662.00,16.00,18.00,4.00,-35.00,2.00,0.00,83.33,,100.00,1,6,2025-09-28,877.32,1103.81,0.15,0.85,840.83,1140.30
13158,375,652,L,4.00,10043.00,15.00,18.00,8.00,5.00,4.00,0.00,5.00,13075.00,14.00,39.00,7.00,-5.00,4.00,2.00,87.18,77.78,100.00,1,6,2025-09-28,1081.78,845.06,0.86,0.14,1118.61,808.23
13159,59,584,W,6.00,13884.00,27.00,37.00,11.00,5.00,3.00,1.00,5.00,14024.00,20.00,33.00,13.00,-5.00,2.00,0.00,84.85,83.78,100.00,1,6,2025-09-28,921.60,1019.56,0.29,0.71,890.88,1050.28
11940,569,397,L,1.00,12855.00,21.00,22.00,10.00,-20.00,1.00,0.00,8.00,12119.00,15.00,35.00,4.00,20.00,8.00,3.00,77.14,95.45,86.00,1,3,2025-10-01,1118.55,1466.32,0.13,0.87,1123.96,1460.92
13335,448,217,L,3.00,12810.00,18.00,31.00,10.00,-6.00,3.00,1.00,4.00,11983.00,17.00,30.00,5.00,5.00,3.00,2.00,86.67,90.32,100.00,1,5,2025-10-17,1162.48,1074.49,0.70,0.30,1192.64,1044.33
13336,216,499,L,0.00,12013.00,16.00,21.00,9.00,-5.00,0.00,0.00,2.00,12668.00,29.00,30.00,6.00,5.00,1.00,1.00,,100.00,100.00,1,5,2025-10-17,959.89,1149.84,0.28,0.72,971.83,1137.90
13173,56,49,L,2.00,12475.00,19.00,19.00,6.00,-5.00,1.00,1.00,3.00,12360.00,9.00,27.00,4.00,5.00,3.00,2.00,88.89,89.47,99.00,1,0,2025-10-18,1471.24,1517.34,0.49,0.51,1492.52,1496.06
13174,505,573,L,1.00,13275.00,26.00,25.00,9.00,-5.00,1.00,0.00,4.00,12260.00,25.00,32.00,13.00,5.00,3.00,0.00,,96.00,99.00,1,0,2025-10-18,1702.74,1646.23,0.66,0.34,1730.99,1617.97
13235,191,393,W,3.00,13317.00,27.00,28.00,8.00,15.00,3.00,2.00,0.00,12847.00,23.00,27.00,5.00,-15.00,0.00,0.00,100.00,89.29,99.00,1,1,2025-10-18,1635.19,1492.67,0.66,0.34,1620.45,1507.42
13236,188,399,W,6.00,13048.00,22.00,33.00,1.00,10.00,5.00,2.00,4.00,12712.00,12.00,24.00,7.00,-10.00,3.00,3.00,83.33,81.82,99.00,1,1,2025-10-18,1430.56,1296.39,0.64,0.36,1415.28,1311.66
13308,663,138,W,4.00,12815.00,33.00,26.00,9.00,15.00,4.00,1.00,2.00,12201.00,22.00,28.00,16.00,-15.00,2.00,0.00,92.86,,100.00,1,7,2025-10-18,832.18,1178.77,0.08,0.92,792.59,1218.35
13309,59,445,W,3.00,12685.00,14.00,16.00,13.00,15.00,3.00,2.00,1.00,12047.00,33.00,34.00,3.00,-16.00,1.00,0.00,97.06,81.25,100.00,1,6,2025-10-18,943.86,911.52,0.48,0.52,921.60,933.78
13310,501,451,L,3.00,13764.00,35.00,31.00,6.00,-3.00,3.00,0.00,4.00,13227.00,19.00,24.00,11.00,3.00,4.00,0.00,83.33,90.32,100.00,1,7,2025-10-18,979.72,902.07,0.69,0.31,1009.27,872.52
13311,406,439,L,0.00,12730.00,30.00,24.00,7.00,-5.00,0.00,0.00,1.00,13041.00,13.00,22.00,15.00,5.00,1.00,0.00,95.45,100.00,100.00,1,4,2025-10-18,1193.76,1267.01,0.45,0.55,1213.13,1247.64
13320,245,584,L,0.00,12587.00,17.00,19.00,6.00,-25.00,0.00,0.00,5.00,12505.00,8.00,28.00,5.00,25.00,4.00,3.00,82.14,100.00,100.00,1,6,2025-10-18,1053.04,1044.65,0.58,0.42,1078.13,1019.56
13327,582,26,W,5.00,12760.00,39.00,37.00,6.00,-2.00,3.00,0.00,4.00,12353.00,16.00,26.00,22.00,0.00,3.00,1.00,84.62,86.49,100.00,1,4,2025-10-18,939.45,946.91,0.42,0.58,914.42,971.93
13328,577,675,L,1.00,12722.00,19.00,15.00,16.00,-11.00,1.00,0.00,4.00,12975.00,31.00,41.00,7.00,10.00,4.00,3.00,90.24,93.33,100.00,1,4,2025-10-18,1106.20,1094.00,0.59,0.41,1131.55,1068.65
13334,398,269,W,4.00,12793.00,17.00,27.00,6.00,10.00,4.00,1.00,1.00,12943.00,14.00,32.00,9.00,-10.00,1.00,1.00,96.88,85.19,100.00,1,5,2025-10-18,1314.26,1250.07,0.53,0.47,1294.25,1270.08
13342,48,668,W,4.00,12536.00,17.00,24.00,12.00,4.00,2.00,1.00,2.00,12815.00,28.00,35.00,5.00,-4.00,1.00,0.00,94.29,83.33,100.00,1,1,2025-10-18,1450.03,1374.55,0.55,0.45,1430.82,1393.76
13343,12,409,W,5.00,12430.00,18.00,32.00,10.00,9.00,4.00,1.00,4.00,13237.00,22.00,27.00,6.00,-10.00,4.00,0.00,85.19,84.38,100.00,1,1,2025-10-18,1386.54,1272.62,0.61,0.39,1369.94,1289.21
13344,545,652,L,3.00,13289.00,31.00,26.00,3.00,1.00,2.00,0.00,4.00,13555.00,19.00,19.00,16.00,-1.00,2.00,0.00,78.95,88.46,100.00,1,6,2025-10-18,916.07,872.49,0.64,0.36,943.50,845.06
13176,580,218,W,9.00,12957.00,17.00,34.00,0.00,35.00,8.00,5.00,1.00,11886.00,16.00,27.00,3.00,-35.00,1.00,0.00,96.30,,99.00,1,0,2025-10-19,1478.64,1394.35,0.57,0.43,1460.04,1412.96
13177,29,573,L,2.00,12501.00,3.00,13.00,5.00,-5.00,2.00,1.00,4.00,12847.00,19.00,46.00,5.00,4.00,3.00,1.00,91.30,84.62,99.00,1,0,2025-10-19,1619.99,1667.41,0.49,0.51,1641.17,1646.23
13178,17,578,W,5.00,13358.00,22.00,33.00,5.00,20.00,5.00,2.00,1.00,12807.00,23.00,32.00,6.00,-20.00,1.00,0.00,96.88,84.85,99.00,1,0,2025-10-19,1632.37,1445.62,0.72,0.28,1620.26,1457.74
13233,188,31,W,6.00,12777.00,19.00,28.00,2.00,14.00,5.00,2.00,3.00,12693.00,11.00,26.00,2.00,-15.00,2.00,0.00,88.46,78.57,99.00,1,1,2025-10-19,1452.62,1417.57,0.49,0.51,1430.56,1439.63
13234,191,396,W,9.00,12923.00,12.00,29.00,8.00,40.00,9.00,5.00,0.00,12531.00,10.00,29.00,5.00,-40.00,0.00,0.00,100.00,68.97,99.00,1,1,2025-10-19,1639.62,1254.87,0.90,0.10,1635.19,1259.30
13237,494,547,W,4.00,12573.00,19.00,19.00,7.00,5.00,4.00,2.00,3.00,11657.00,25.00,34.00,9.00,-6.00,3.00,1.00,91.18,78.95,99.00,1,1,2025-10-19,1561.38,1386.39,0.70,0.30,1548.59,1399.17
13238,579,46,W,6.00,12780.00,17.00,36.00,6.00,9.00,5.00,4.00,4.00,13199.00,16.00,37.00,7.00,-10.00,3.00,3.00,89.19,83.33,99.00,1,1,2025-10-19,1582.22,1374.04,0.74,0.26,1571.25,1385.01
13312,676,664,L,4.00,11475.00,10.00,21.00,5.00,-16.00,3.00,0.00,8.00,12127.00,22.00,27.00,5.00,15.00,4.00,0.00,70.37,80.95,100.00,1,7,2025-10-19,672.75,752.56,0.44,0.56,691.67,733.64
13313,673,532,W,5.00,13211.00,29.00,23.00,11.00,20.00,5.00,2.00,2.00,12921.00,20.00,16.00,16.00,-20.00,2.00,1.00,87.50,78.26,100.00,1,7,2025-10-19,972.10,1053.67,0.31,0.69,942.32,1083.45
13314,671,453,W,7.00,12852.00,17.00,32.00,9.00,14.00,3.00,1.00,4.00,11401.00,19.00,32.00,3.00,-14.00,3.00,1.00,87.50,78.12,100.00,1,7,2025-10-19,877.26,688.45,0.72,0.28,865.26,700.46
13315,574,375,W,7.00,12599.00,18.00,34.00,2.00,20.00,6.00,3.00,1.00,12420.00,7.00,12.00,7.00,-20.00,1.00,0.00,91.67,79.41,100.00,1,6,2025-10-19,910.19,1048.91,0.24,0.76,877.32,1081.78
13317,581,189,W,5.00,10360.00,23.00,32.00,7.00,12.00,3.00,1.00,4.00,12471.00,29.00,24.00,9.00,-15.00,2.00,0.00,83.33,84.38,100.00,1,3,2025-10-19,1145.91,1267.39,0.26,0.74,1113.91,1299.39
13319,449,61,W,6.00,11788.00,15.00,17.00,9.00,-3.00,5.00,2.00,5.00,11136.00,18.00,26.00,2.00,3.00,3.00,1.00,80.77,64.71,100.00,1,6,2025-10-19,951.76,935.47,0.46,0.54,928.38,958.85
13321,329,450,W,4.00,12866.00,15.00,21.00,4.00,8.00,4.00,1.00,3.00,13549.00,14.00,22.00,10.00,-7.00,3.00,2.00,86.36,80.95,100.00,1,2,2025-10-19,1455.78,1342.72,0.61,0.39,1439.13,1359.37
13322,397,22,L,1.00,12949.00,27.00,28.00,5.00,-3.00,1.00,0.00,3.00,10925.00,11.00,31.00,8.00,3.00,3.00,2.00,90.32,96.43,100.00,1,2,2025-10-19,1432.17,1265.93,0.79,0.21,1466.32,1231.78
13323,498,44,L,3.00,12847.00,26.00,33.00,8.00,-10.00,3.00,1.00,5.00,12747.00,16.00,22.00,10.00,10.00,3.00,1.00,77.27,90.91,100.00,1,2,2025-10-19,1362.95,1379.69,0.54,0.46,1386.30,1356.34
13324,402,205,L,4.00,12652.00,23.00,22.00,7.00,-5.00,3.00,2.00,5.00,12639.00,15.00,28.00,11.00,5.00,4.00,3.00,82.14,81.82,100.00,1,2,2025-10-19,1429.08,1399.38,0.62,0.38,1455.60,1372.86
13325,400,431,L,2.00,11897.00,16.00,16.00,7.00,-15.00,2.00,0.00,4.00,13005.00,14.00,25.00,4.00,15.00,1.00,0.00,84.00,87.50,100.00,1,5,2025-10-19,1166.08,1199.61,0.52,0.48,1188.25,1177.45
13326,331,502,W,2.00,11476.00,7.00,23.00,2.00,9.00,1.00,0.00,1.00,12907.00,13.00,22.00,3.00,-10.00,0.00,0.00,,91.30,100.00,1,4,2025-10-19,1131.33,1106.12,0.47,0.53,1108.58,1128.88
13329,337,504,L,2.00,12823.00,31.00,24.00,16.00,-15.00,2.00,0.00,5.00,12546.00,35.00,23.00,8.00,15.00,5.00,0.00,78.26,,100.00,1,4,2025-10-19,1158.93,1163.36,0.56,0.44,1183.13,1139.16
13330,176,491,W,4.00,12871.00,22.00,37.00,9.00,10.00,3.00,1.00,1.00,12233.00,21.00,21.00,3.00,-10.00,0.00,0.00,95.24,,100.00,1,5,2025-10-19,972.22,1094.03,0.26,0.74,940.20,1126.05
13331,130,446,L,2.00,11328.00,1.00,14.00,6.00,-10.00,1.00,0.00,4.00,12168.00,17.00,33.00,5.00,10.00,2.00,1.00,87.88,85.71,100.00,1,5,2025-10-19,1045.50,1141.10,0.41,0.59,1063.33,1123.27
13332,129,207,W,6.00,12665.00,15.00,30.00,1.00,20.00,4.00,1.00,2.00,10313.00,3.00,21.00,2.00,-21.00,1.00,1.00,90.48,80.00,100.00,1,3,2025-10-19,1348.35,1137.95,0.75,0.25,1337.50,1148.80
13333,661,672,W,5.00,12460.00,18.00,18.00,10.00,10.00,5.00,2.00,2.00,12194.00,18.00,21.00,8.00,-10.00,1.00,1.00,90.48,,100.00,1,5,2025-10-19,1106.12,1076.00,0.48,0.52,1083.71,1098.41
13337,411,215,W,2.00,12413.00,22.00,21.00,9.00,0.00,2.00,2.00,1.00,12412.00,27.00,29.00,7.00,0.00,1.00,1.00,96.55,90.48,100.00,1,5,2025-10-19,1008.33,1018.35,0.41,0.59,983.13,1043.55
13338,570,336,W,5.00,11613.00,25.00,24.00,4.00,4.00,4.00,2.00,3.00,12970.00,22.00,23.00,13.00,-5.00,1.00,0.00,86.96,79.17,100.00,1,3,2025-10-19,1349.31,1298.37,0.51,0.49,1328.37,1319.31
13339,568,332,L,3.00,11417.00,22.00,32.00,8.00,-15.00,3.00,0.00,4.00,12389.00,27.00,18.00,8.00,13.00,2.00,0.00,77.78,,100.00,1,3,2025-10-19,1215.96,1254.56,0.51,0.49,1237.77,1232.75
13340,38,24,W,2.00,11474.00,14.00,24.00,7.00,10.00,1.00,1.00,0.00,11705.00,23.00,39.00,5.00,-10.00,0.00,0.00,100.00,91.67,100.00,1,3,2025-10-19,1077.36,1134.76,0.34,0.66,1049.04,1163.07
13341,408,23,L,2.00,12362.00,22.00,31.00,5.00,-13.00,2.00,0.00,3.00,12306.00,12.00,20.00,10.00,12.00,0.00,0.00,85.00,93.55,100.00,1,1,2025-10-19,1574.28,1504.35,0.68,0.32,1603.37,1475.26
13363,335,438,L,2.00,11602.00,13.00,17.00,7.00,-39.00,2.00,0.00,10.00,13105.00,12.00,27.00,6.00,40.00,10.00,4.00,62.96,88.24,100.00,1,1,2025-10-19,1319.31,1537.57,0.24,0.76,1329.76,1527.12
13371,667,63,W,8.00,12551.00,23.00,46.00,5.00,20.00,8.00,3.00,3.00,12920.00,12.00,30.00,8.00,-20.00,0.00,0.00,90.00,82.61,100.00,1,0,2025-10-24,1574.10,1390.17,0.71,0.29,1561.83,1402.44
13383,332,336,L,7.00,12902.00,27.00,32.00,12.00,-3.00,5.00,0.00,8.00,13247.00,30.00,33.00,10.00,2.00,8.00,2.00,,78.12,100.00,1,3,2025-10-24,1235.76,1317.18,0.44,0.56,1254.56,1298.37
13181,573,447,L,3.00,12135.00,23.00,49.00,4.00,-15.00,3.00,2.00,7.00,12400.00,14.00,31.00,7.00,14.00,4.00,3.00,77.42,93.88,99.00,1,0,2025-10-25,1636.09,1527.40,0.73,0.27,1667.41,1496.08
13242,46,393,L,6.00,12495.00,25.00,45.00,2.00,0.00,1.00,0.00,7.00,13445.00,14.00,31.00,6.00,0.00,2.00,2.00,77.42,86.67,99.00,1,1,2025-10-25,1359.61,1507.10,0.34,0.66,1374.04,1492.67
13372,443,111,L,1.00,12720.00,18.00,26.00,1.00,-20.00,1.00,0.00,6.00,13512.00,10.00,29.00,9.00,20.00,6.00,4.00,79.31,96.15,100.00,1,0,2025-10-25,1443.10,1424.58,0.60,0.40,1468.88,1398.81
13373,239,35,L,4.00,11087.00,21.00,21.00,2.00,-5.00,3.00,1.00,5.00,12123.00,10.00,32.00,3.00,4.00,3.00,3.00,84.38,80.95,100.00,1,0,2025-10-25,1586.95,1589.69,0.57,0.43,1611.27,1565.37
13377,438,409,L,6.00,13030.00,10.00,35.00,5.00,-3.00,4.00,2.00,7.00,13103.00,14.00,25.00,1.00,2.00,6.00,2.00,72.00,82.86,100.00,1,1,2025-10-25,1502.26,1307.93,0.82,0.18,1537.57,1272.62
13382,582,504,W,5.00,10407.00,22.00,21.00,6.00,3.00,4.00,0.00,4.00,12422.00,23.00,39.00,8.00,-5.00,1.00,0.00,89.74,76.19,100.00,1,4,2025-10-25,973.16,1129.65,0.22,0.78,939.45,1163.36
13386,207,38,L,3.00,12979.00,29.00,27.00,5.00,0.00,2.00,0.00,4.00,12516.00,12.00,17.00,11.00,-1.00,2.00,1.00,76.47,88.89,100.00,1,3,2025-10-25,1112.73,1102.57,0.59,0.41,1137.95,1077.36
13387,129,568,W,3.00,12331.00,22.00,26.00,8.00,10.00,2.00,2.00,1.00,12802.00,13.00,24.00,8.00,-11.00,1.00,1.00,95.83,88.46,100.00,1,3,2025-10-25,1362.04,1202.28,0.68,0.32,1348.35,1215.96
13388,138,451,L,2.00,11286.00,22.00,26.00,7.00,-25.00,2.00,1.00,7.00,12631.00,19.00,37.00,12.00,24.00,7.00,2.00,81.08,92.31,100.00,1,7,2025-10-25,1143.03,937.80,0.83,0.17,1178.77,902.07
13389,201,59,W,4.00,13025.00,29.00,28.00,8.00,0.00,4.00,2.00,3.00,12806.00,22.00,26.00,19.00,-1.00,2.00,1.00,88.46,85.71,100.00,1,6,2025-10-25,968.79,922.58,0.51,0.49,947.52,943.86
13390,671,501,L,5.00,12939.00,20.00,25.00,7.00,-8.00,2.00,0.00,6.00,13095.00,19.00,29.00,8.00,5.00,5.00,1.00,,80.00,100.00,1,7,2025-10-25,861.93,995.05,0.36,0.64,877.26,979.72
13391,532,674,W,2.00,12867.00,26.00,24.00,13.00,3.00,1.00,0.00,1.00,13708.00,26.00,29.00,7.00,-3.00,0.00,0.00,96.55,91.67,100.00,1,7,2025-10-25,1058.85,703.08,0.88,0.12,1053.67,708.26
13395,375,545,L,2.00,12960.00,19.00,19.00,4.00,-20.00,0.00,0.00,6.00,11814.00,20.00,34.00,6.00,18.00,3.00,0.00,82.35,89.47,100.00,1,6,2025-10-25,1019.57,945.41,0.68,0.32,1048.91,916.07
13397,439,577,L,4.00,12513.00,32.00,46.00,7.00,-21.00,4.00,2.00,7.00,13279.00,14.00,30.00,8.00,18.00,6.00,1.00,76.67,91.30,100.00,1,4,2025-10-25,1236.22,1137.00,0.72,0.28,1267.01,1106.20
13398,26,675,L,2.00,12297.00,15.00,18.00,13.00,5.00,2.00,1.00,3.00,12786.00,22.00,34.00,5.00,-5.00,3.00,2.00,91.18,88.89,100.00,1,4,2025-10-25,934.00,1106.91,0.30,0.70,946.91,1094.00
13399,216,269,L,2.00,11333.00,10.00,13.00,12.00,-14.00,1.00,1.00,6.00,12468.00,21.00,27.00,3.00,14.00,6.00,3.00,77.78,84.62,100.00,1,5,2025-10-25,953.08,1256.88,0.16,0.84,959.89,1250.07
13428,398,661,W,4.00,12919.00,17.00,25.00,7.00,15.00,2.00,2.00,1.00,13171.00,20.00,23.00,7.00,-15.00,1.00,0.00,95.65,84.00,100.00,1,5,2025-10-25,1324.23,1096.15,0.77,0.23,1314.26,1106.12
13429,400,217,L,0.00,12293.00,24.00,16.00,10.00,-5.00,0.00,0.00,1.00,12443.00,21.00,17.00,13.00,5.00,1.00,0.00,94.12,100.00,100.00,1,5,2025-10-25,1139.04,1101.53,0.63,0.37,1166.08,1074.49
13180,49,573,L,1.00,12100.00,13.00,16.00,9.00,-35.00,1.00,1.00,11.00,11747.00,22.00,31.00,6.00,36.00,10.00,4.00,64.52,93.75,99.00,1,0,2025-10-26,1502.92,1650.52,0.34,0.66,1517.34,1636.09
13182,17,4,W,7.00,12889.00,21.00,39.00,6.00,6.00,7.00,3.00,6.00,12199.00,14.00,26.00,6.00,-5.00,5.00,1.00,76.92,82.05,99.00,1,0,2025-10-26,1636.97,1258.84,0.89,0.11,1632.37,1263.43
13183,580,505,L,1.00,12976.00,30.00,31.00,4.00,-20.00,0.00,0.00,5.00,11999.00,16.00,25.00,15.00,18.00,5.00,2.00,80.00,96.77,99.00,1,0,2025-10-26,1469.36,1712.02,0.22,0.78,1478.64,1702.74
13184,218,29,L,1.00,12086.00,9.00,14.00,6.00,-10.00,0.00,0.00,3.00,13161.00,22.00,39.00,9.00,10.00,3.00,1.00,92.31,92.86,99.00,1,0,2025-10-26,1385.14,1629.20,0.21,0.79,1394.35,1619.99
13185,578,56,W,9.00,12936.00,18.00,40.00,2.00,39.00,8.00,4.00,1.00,12525.00,15.00,28.00,4.00,-40.00,1.00,0.00,96.43,77.50,99.00,1,0,2025-10-26,1468.71,1448.16,0.46,0.54,1445.62,1471.24
13239,396,399,W,5.00,13073.00,21.00,29.00,10.00,-5.00,3.00,0.00,4.00,14110.00,19.00,25.00,8.00,5.00,3.00,1.00,84.00,82.76,99.00,1,1,2025-10-26,1278.93,1272.33,0.44,0.56,1254.87,1296.39
13240,378,452,W,7.00,13224.00,13.00,30.00,2.00,29.00,7.00,2.00,1.00,13678.00,14.00,27.00,6.00,-29.00,1.00,0.00,96.30,76.67,99.00,1,1,2025-10-26,1511.74,1476.40,0.49,0.51,1489.69,1498.44
13241,547,579,L,1.00,12535.00,16.00,25.00,5.00,-11.00,1.00,0.00,3.00,12508.00,21.00,28.00,9.00,11.00,3.00,0.00,89.29,96.00,99.00,1,1,2025-10-26,1375.87,1592.74,0.24,0.76,1386.39,1582.22
13243,92,494,L,0.00,12284.00,12.00,23.00,12.00,-15.00,0.00,0.00,4.00,11135.00,23.00,51.00,2.00,15.00,3.00,0.00,92.16,100.00,99.00,1,1,2025-10-26,1435.66,1576.24,0.35,0.65,1450.52,1561.38
13376,12,48,W,5.00,12380.00,22.00,29.00,9.00,14.00,5.00,3.00,1.00,11671.00,22.00,37.00,10.00,-15.00,1.00,0.00,97.30,82.76,100.00,1,1,2025-10-26,1411.92,1424.65,0.41,0.59,1386.54,1450.03
13378,22,450,L,3.00,14043.00,22.00,19.00,15.00,0.00,1.00,0.00,4.00,14364.00,32.00,40.00,10.00,0.00,1.00,1.00,90.00,84.21,100.00,1,2,2025-10-26,1249.11,1359.55,0.39,0.61,1265.93,1342.72
13380,498,205,L,1.00,13172.00,21.00,23.00,14.00,-10.00,1.00,0.00,3.00,12590.00,23.00,24.00,8.00,10.00,3.00,1.00,87.50,95.65,100.00,1,2,2025-10-26,1343.70,1418.64,0.45,0.55,1362.95,1399.38
13384,332,189,W,5.00,12264.00,13.00,13.00,11.00,10.00,2.00,0.00,3.00,12986.00,24.00,25.00,2.00,-10.00,3.00,1.00,,61.54,100.00,1,3,2025-10-26,1259.21,1243.94,0.45,0.55,1235.76,1267.39
13392,673,676,W,11.00,12063.00,14.00,27.00,8.00,36.00,7.00,2.00,3.00,12248.00,18.00,17.00,8.00,-35.00,3.00,0.00,82.35,59.26,100.00,1,7,2025-10-26,978.62,666.24,0.85,0.15,972.10,672.75
13393,670,453,W,4.00,11849.00,22.00,31.00,5.00,2.00,3.00,1.00,2.00,11510.00,16.00,15.00,3.00,-2.00,1.00,0.00,86.67,87.10,100.00,1,7,2025-10-26,828.43,674.42,0.67,0.33,814.40,688.45
13394,664,663,L,1.00,12703.00,20.00,15.00,4.00,-15.00,1.00,0.00,3.00,11775.00,14.00,16.00,12.00,15.00,1.00,1.00,81.25,93.33,100.00,1,7,2025-10-26,735.90,848.84,0.39,0.61,752.56,832.18
13396,696,449,L,3.00,12213.00,22.00,28.00,6.00,-10.00,2.00,0.00,4.00,12803.00,14.00,23.00,13.00,8.00,1.00,1.00,82.61,89.29,100.00,1,6,2025-10-26,926.54,973.01,0.49,0.51,947.80,951.76
13401,499,446,W,5.00,11791.00,29.00,26.00,5.00,20.00,2.00,2.00,0.00,12511.00,18.00,16.00,17.00,-20.00,0.00,0.00,100.00,80.77,100.00,1,5,2025-10-26,1170.80,1120.14,0.51,0.49,1149.84,1141.10
13402,130,176,L,1.00,13323.00,13.00,23.00,10.00,-5.00,1.00,0.00,3.00,11784.00,23.00,23.00,9.00,4.00,1.00,0.00,86.96,95.65,100.00,1,5,2025-10-26,1019.54,998.19,0.60,0.40,1045.50,972.22
13403,491,215,W,3.00,12803.00,11.00,15.00,3.00,5.00,2.00,0.00,1.00,11316.00,10.00,27.00,4.00,-5.00,1.00,0.00,96.30,80.00,100.00,1,5,2025-10-26,1110.92,1001.46,0.61,0.39,1094.03,1018.35
13430,448,431,L,2.00,13291.00,33.00,32.00,5.00,-10.00,1.00,0.00,3.00,11994.00,18.00,21.00,12.00,10.00,3.00,1.00,85.71,93.75,100.00,1,5,2025-10-26,1143.27,1218.82,0.45,0.55,1162.48,1199.61
11120,447,29,L,4.00,12781.00,20.00,24.00,2.00,-20.00,4.00,1.00,11.00,13375.00,13.00,33.00,4.00,19.00,9.00,5.00,66.67,83.33,85.00,1,0,2025-11-01,1512.03,1644.58,0.36,0.64,1527.40,1629.20
11298,564,505,L,1.00,13117.00,20.00,43.00,4.00,-25.00,1.00,1.00,6.00,12737.00,17.00,27.00,4.00,25.00,6.00,4.00,77.78,97.67,85.00,1,0,2025-11-01,1339.69,1716.64,0.11,0.89,1344.31,1712.02
11576,409,12,L,2.00,12701.00,19.00,25.00,10.00,-10.00,2.00,1.00,3.00,12814.00,22.00,24.00,3.00,10.00,2.00,1.00,87.50,92.00,86.00,1,0,2025-11-01,1292.68,1427.17,0.35,0.65,1307.93,1411.92
11820,46,573,L,1.00,13443.00,17.00,14.00,4.00,-50.00,1.00,1.00,11.00,12811.00,32.00,52.00,2.00,50.00,9.00,4.00,78.85,92.86,85.00,1,0,2025-11-01,1352.83,1657.31,0.16,0.84,1359.61,1650.52
11822,580,1,L,3.00,12661.00,16.00,20.00,5.00,-19.00,2.00,0.00,6.00,12396.00,25.00,33.00,7.00,20.00,5.00,5.00,81.82,85.00,85.00,1,0,2025-11-01,1448.99,1508.04,0.47,0.53,1469.36,1487.68
11891,63,443,L,1.00,13330.00,20.00,26.00,20.00,-20.00,1.00,0.00,5.00,13187.00,40.00,47.00,4.00,20.00,4.00,1.00,89.36,96.15,86.00,1,0,2025-11-01,1371.92,1461.35,0.42,0.58,1390.17,1443.10
11916,48,335,L,4.00,11772.00,22.00,40.00,3.00,-10.00,3.00,2.00,5.00,12208.00,20.00,15.00,13.00,10.00,5.00,4.00,66.67,90.00,86.00,1,1,2025-11-01,1396.82,1347.14,0.65,0.35,1424.65,1319.31
11921,207,498,L,1.00,11442.00,9.00,22.00,12.00,-25.00,1.00,0.00,8.00,12091.00,21.00,36.00,2.00,25.00,7.00,4.00,77.78,95.45,86.00,1,2,2025-11-01,1103.74,1352.69,0.21,0.79,1112.73,1343.70
11923,336,22,L,2.00,12513.00,28.00,27.00,3.00,-15.00,1.00,0.00,5.00,12595.00,21.00,18.00,7.00,25.00,4.00,1.00,72.22,92.59,86.00,1,2,2025-11-01,1291.52,1274.77,0.60,0.40,1317.18,1249.11
11926,215,574,W,9.00,12327.00,14.00,33.00,10.00,34.00,7.00,2.00,3.00,12711.00,20.00,19.00,5.00,-34.00,3.00,2.00,84.21,72.73,86.00,1,5,2025-11-01,1017.44,894.21,0.63,0.37,1001.46,910.19
11927,216,61,W,3.00,11574.00,26.00,22.00,10.00,6.00,2.00,0.00,2.00,11213.00,22.00,12.00,7.00,-6.00,2.00,0.00,83.33,86.36,86.00,1,5,2025-11-01,973.49,915.06,0.53,0.47,953.08,935.47
11928,445,499,L,2.00,11832.00,13.00,16.00,8.00,-15.00,1.00,1.00,6.00,12356.00,19.00,29.00,6.00,15.00,5.00,1.00,79.31,87.50,86.00,1,5,2025-11-01,903.63,1178.69,0.18,0.82,911.52,1170.80
11931,245,453,W,3.00,12660.00,19.00,20.00,3.00,15.00,2.00,0.00,0.00,13154.00,17.00,17.00,6.00,-15.00,0.00,0.00,100.00,85.00,86.00,1,6,2025-11-01,1057.40,670.05,0.90,0.10,1053.04,674.42
11935,451,449,L,2.00,12134.00,21.00,20.00,10.00,-20.00,1.00,0.00,5.00,11894.00,23.00,18.00,7.00,19.00,4.00,0.00,72.22,90.00,86.00,1,6,2025-11-01,918.47,992.34,0.45,0.55,937.80,973.01
11936,26,581,L,0.00,12766.00,29.00,26.00,5.00,-30.00,0.00,0.00,6.00,11651.00,28.00,24.00,17.00,29.00,4.00,2.00,75.00,100.00,86.00,1,3,2025-11-01,924.20,1155.71,0.23,0.77,934.00,1145.91
11941,405,584,W,10.00,12890.00,38.00,38.00,9.00,50.00,8.00,1.00,1.00,12827.00,15.00,19.00,17.00,-50.00,1.00,0.00,94.74,73.68,86.00,1,4,2025-11-01,1144.81,1028.23,0.62,0.38,1128.40,1044.65
11946,566,448,W,4.00,12596.00,13.00,24.00,8.00,7.00,3.00,2.00,3.00,12092.00,26.00,36.00,7.00,-8.00,1.00,0.00,91.67,83.33,86.00,1,4,2025-11-01,1318.04,1131.16,0.72,0.28,1305.93,1143.27
12687,658,660,L,2.00,12249.00,8.00,7.00,4.00,-55.00,1.00,0.00,15.00,11888.00,6.00,23.00,4.00,53.00,7.00,2.00,,71.43,98.00,1,0,2025-11-04,1500.00,1543.00,0.50,0.50,1521.50,1521.50
12688,656,655,W,6.00,12991.00,24.00,43.00,6.00,15.00,5.00,1.00,1.00,12461.00,5.00,10.00,11.00,-15.00,0.00,0.00,90.00,,98.00,1,0,2025-11-04,1500.00,1457.00,0.50,0.50,1478.50,1478.50
12689,657,659,W,12.00,12787.00,31.00,44.00,1.00,54.00,9.00,0.00,0.00,12446.00,2.00,1.00,16.00,-55.00,0.00,0.00,,,98.00,1,0,2025-11-04,1540.35,1459.65,0.56,0.44,1521.50,1478.50
12690,656,658,W,6.00,13067.00,17.00,21.00,5.00,9.00,2.00,0.00,3.00,12800.00,15.00,20.00,4.00,-10.00,2.00,0.00,,,98.00,1,0,2025-11-04,1521.50,1478.50,0.50,0.50,1500.00,1500.00
12691,655,657,L,1.00,12003.00,2.00,1.00,14.00,-100.00,0.00,0.00,21.00,12914.00,38.00,60.00,1.00,100.00,15.00,2.00,65.00,,98.00,1,0,2025-11-04,1440.56,1556.79,0.38,0.62,1457.00,1540.35
12746,379,408,W,5.00,11911.00,29.00,28.00,7.00,17.00,4.00,2.00,2.00,12127.00,33.00,28.00,10.00,-17.00,2.00,0.00,92.86,82.14,86.00,5,1,2025-11-05,1382.83,1540.52,0.21,0.79,1349.07,1574.28
12791,398,439,L,3.00,12634.00,26.00,23.00,11.00,-6.00,1.00,1.00,4.00,13043.00,23.00,24.00,4.00,5.00,2.00,2.00,83.33,86.96,86.00,5,5,2025-11-05,1297.39,1263.05,0.62,0.38,1324.23,1236.22
13171,17,505,W,7.00,13108.00,23.00,36.00,5.00,15.00,7.00,4.00,4.00,12180.00,12.00,25.00,8.00,-16.00,3.00,3.00,84.00,80.56,99.00,1,0,2025-11-10,1663.31,1690.29,0.39,0.61,1636.97,1716.64
13246,239,669,W,2.00,12516.00,8.00,14.00,12.00,10.00,1.00,0.00,0.00,12401.00,40.00,32.00,2.00,-10.00,0.00,0.00,100.00,85.71,100.00,1,0,2025-11-10,1609.19,1576.64,0.48,0.52,1586.95,1598.88
13267,532,453,L,3.00,12485.00,18.00,30.00,8.00,0.00,1.00,0.00,4.00,11459.00,23.00,23.00,5.00,0.00,1.00,1.00,82.61,90.00,100.00,1,7,2025-11-10,1019.99,708.91,0.90,0.10,1058.85,670.05
13270,670,501,L,4.00,13017.00,15.00,21.00,8.00,-35.00,2.00,2.00,9.00,12512.00,21.00,27.00,7.00,35.00,9.00,2.00,66.67,80.95,100.00,1,7,2025-11-10,816.52,1006.97,0.28,0.72,828.43,995.05
13271,406,504,W,7.00,13112.00,30.00,22.00,8.00,10.00,4.00,1.00,3.00,12492.00,20.00,22.00,10.00,-11.00,2.00,1.00,86.36,,100.00,1,4,2025-11-10,1211.33,1112.08,0.59,0.41,1193.76,1129.65
13273,59,652,L,3.00,13180.00,22.00,25.00,6.00,-20.00,3.00,1.00,6.00,11770.00,9.00,18.00,10.00,19.00,6.00,0.00,66.67,88.00,100.00,1,6,2025-11-10,898.00,897.07,0.57,0.43,922.58,872.49
13277,332,129,L,2.00,11276.00,10.00,16.00,4.00,-6.00,2.00,1.00,5.00,13251.00,22.00,30.00,4.00,5.00,3.00,1.00,83.33,87.50,100.00,1,3,2025-11-10,1243.89,1377.35,0.36,0.64,1259.21,1362.04
13278,38,8,L,2.00,12439.00,18.00,34.00,5.00,-13.00,2.00,1.00,3.00,11988.00,19.00,32.00,4.00,11.00,3.00,2.00,90.62,94.12,100.00,1,3,2025-11-10,1086.51,1208.48,0.37,0.63,1102.57,1192.42
13283,205,506,L,2.00,11563.00,27.00,35.00,6.00,-10.00,2.00,1.00,4.00,13057.00,19.00,22.00,13.00,10.00,4.00,2.00,81.82,94.29,100.00,1,2,2025-11-10,1396.35,1428.14,0.52,0.48,1418.64,1405.85
13285,245,545,W,4.00,12050.00,18.00,19.00,9.00,11.00,4.00,2.00,2.00,13261.00,27.00,33.00,10.00,-10.00,0.00,0.00,93.94,78.95,100.00,1,6,2025-11-10,1072.20,930.61,0.66,0.34,1057.40,945.41
13286,445,401,W,5.00,11408.00,26.00,31.00,5.00,4.00,4.00,2.00,4.00,13307.00,6.00,16.00,13.00,-4.00,2.00,0.00,,83.87,100.00,1,6,2025-11-10,914.33,700.91,0.75,0.25,903.63,711.61
13288,499,400,W,3.00,12554.00,25.00,29.00,7.00,10.00,3.00,1.00,1.00,10095.00,15.00,19.00,2.00,-10.00,1.00,0.00,94.74,89.66,100.00,1,5,2025-11-10,1197.75,1119.99,0.56,0.44,1178.69,1139.04
13292,215,216,L,3.00,11793.00,27.00,31.00,5.00,-10.00,3.00,1.00,4.00,11681.00,10.00,24.00,11.00,9.00,1.00,0.00,83.33,90.32,100.00,1,5,2025-11-10,993.23,997.70,0.56,0.44,1017.44,973.49
13296,577,26,W,4.00,12908.00,36.00,36.00,9.00,0.00,2.00,0.00,3.00,13108.00,22.00,22.00,11.00,0.00,2.00,1.00,86.36,88.89,100.00,1,4,2025-11-10,1146.76,914.44,0.77,0.23,1137.00,924.20
13591,48,23,L,1.00,13594.00,24.00,28.00,8.00,-20.00,1.00,1.00,5.00,12450.00,20.00,32.00,6.00,19.00,4.00,2.00,84.38,96.43,100.00,1,1,2025-11-14,1381.77,1519.40,0.35,0.65,1396.82,1504.35
13653,61,245,L,2.00,12373.00,13.00,23.00,7.00,-30.00,1.00,0.00,8.00,12389.00,28.00,32.00,4.00,30.00,8.00,4.00,75.00,91.30,100.00,1,6,2025-11-14,902.67,1084.59,0.29,0.71,915.06,1072.20
13041,669,667,L,2.00,13414.00,18.00,24.00,5.00,-10.00,1.00,0.00,4.00,11517.00,18.00,31.00,11.00,9.00,4.00,3.00,87.10,91.67,100.00,1,0,2025-11-15,1554.98,1595.76,0.50,0.50,1576.64,1574.10
13496,4,442,L,2.00,12867.00,19.00,25.00,14.00,-10.00,2.00,0.00,5.00,13119.00,29.00,33.00,6.00,10.00,5.00,5.00,84.85,92.00,99.00,1,0,2025-11-15,1245.46,1410.33,0.31,0.69,1258.84,1396.95
13497,1,56,L,5.00,12494.00,22.00,35.00,11.00,-10.00,5.00,1.00,7.00,13096.00,17.00,45.00,6.00,10.00,7.00,4.00,84.44,85.71,99.00,1,0,2025-11-15,1482.87,1473.33,0.59,0.41,1508.04,1448.16
13518,579,452,L,0.00,13360.00,9.00,27.00,8.00,-20.00,0.00,0.00,4.00,13057.00,14.00,39.00,2.00,20.00,4.00,3.00,89.74,100.00,99.00,1,1,2025-11-15,1564.30,1504.84,0.66,0.34,1592.74,1476.40
13519,378,393,W,5.00,12039.00,19.00,34.00,1.00,9.00,4.00,3.00,2.00,11784.00,17.00,34.00,11.00,-9.00,2.00,0.00,94.12,85.29,99.00,1,1,2025-11-15,1532.95,1485.89,0.51,0.49,1511.74,1507.10
13581,239,63,W,6.00,13235.00,18.00,32.00,9.00,5.00,5.00,3.00,5.00,13399.00,26.00,30.00,6.00,-5.00,5.00,2.00,83.33,81.25,100.00,1,0,2025-11-15,1617.93,1363.18,0.80,0.20,1609.19,1371.92
13582,443,35,W,6.00,12584.00,22.00,47.00,5.00,19.00,5.00,2.00,3.00,10041.00,20.00,30.00,5.00,-21.00,3.00,1.00,90.00,87.23,100.00,1,0,2025-11-15,1490.45,1560.59,0.32,0.68,1461.35,1589.69
13583,111,379,W,4.00,10183.00,17.00,27.00,3.00,5.00,4.00,1.00,3.00,12560.00,21.00,36.00,10.00,-5.00,2.00,1.00,91.67,85.19,100.00,1,0,2025-11-15,1443.51,1363.90,0.56,0.44,1424.58,1382.83
13593,438,408,L,5.00,11710.00,24.00,34.00,10.00,-4.00,2.00,1.00,6.00,12522.00,16.00,29.00,14.00,4.00,6.00,1.00,79.31,85.29,100.00,1,1,2025-11-15,1483.12,1559.66,0.45,0.55,1502.26,1540.52
13602,402,44,W,4.00,12747.00,20.00,33.00,5.00,14.00,4.00,4.00,1.00,11467.00,15.00,28.00,4.00,-15.00,1.00,1.00,96.43,87.88,100.00,1,2,2025-11-15,1447.54,1361.23,0.57,0.43,1429.08,1379.69
13603,205,450,W,8.00,13063.00,22.00,33.00,6.00,18.00,5.00,3.00,3.00,12922.00,12.00,31.00,6.00,-20.00,3.00,1.00,90.32,75.76,100.00,1,2,2025-11-15,1415.58,1340.32,0.55,0.45,1396.35,1359.55
13612,26,439,L,2.00,12062.00,15.00,29.00,9.00,-25.00,2.00,2.00,7.00,12711.00,25.00,40.00,4.00,25.00,5.00,1.00,82.50,93.10,100.00,1,4,2025-11-15,909.34,1268.14,0.12,0.88,914.44,1263.05
13613,582,577,L,1.00,12296.00,24.00,31.00,13.00,-10.00,1.00,0.00,2.00,8926.00,15.00,33.00,8.00,10.00,1.00,1.00,93.94,96.77,100.00,1,4,2025-11-15,961.59,1158.33,0.27,0.73,973.16,1146.76
13615,406,502,W,4.00,11585.00,21.00,36.00,9.00,19.00,3.00,1.00,0.00,13392.00,20.00,22.00,8.00,-20.00,0.00,0.00,100.00,88.89,100.00,1,4,2025-11-15,1226.51,1090.94,0.65,0.35,1211.33,1106.12
13646,448,661,W,7.00,12816.00,15.00,23.00,6.00,10.00,3.00,1.00,5.00,11654.00,22.00,30.00,9.00,-11.00,4.00,1.00,83.33,69.57,100.00,1,5,2025-11-15,1150.50,1076.81,0.55,0.45,1131.16,1096.15
13649,176,499,W,2.00,13239.00,29.00,23.00,14.00,10.00,0.00,0.00,0.00,11366.00,20.00,31.00,8.00,-11.00,0.00,0.00,100.00,91.30,100.00,1,5,2025-11-15,1030.84,1165.10,0.24,0.76,998.19,1197.75
13650,216,217,L,1.00,11704.00,10.00,19.00,16.00,-25.00,1.00,0.00,8.00,13164.00,25.00,36.00,3.00,23.00,7.00,2.00,77.78,,100.00,1,5,2025-11-15,982.44,1116.79,0.35,0.65,997.70,1101.53
13652,431,446,W,5.00,12941.00,12.00,22.00,6.00,15.00,5.00,2.00,2.00,12948.00,7.00,17.00,3.00,-17.00,1.00,0.00,88.24,77.27,100.00,1,5,2025-11-15,1234.38,1104.59,0.64,0.36,1218.82,1120.14
13654,449,445,W,2.00,12683.00,20.00,29.00,14.00,3.00,1.00,0.00,1.00,13045.00,26.00,33.00,6.00,-3.00,1.00,0.00,96.97,93.10,100.00,1,6,2025-11-15,1009.09,897.58,0.61,0.39,992.34,914.33
13655,545,201,L,3.00,12589.00,21.00,23.00,5.00,-15.00,2.00,0.00,5.00,12510.00,15.00,30.00,12.00,14.00,5.00,1.00,,86.96,100.00,1,6,2025-11-15,911.46,987.94,0.45,0.55,930.61,968.79
13660,671,705,W,4.00,12892.00,16.00,25.00,10.00,9.00,3.00,0.00,3.00,11569.00,21.00,23.00,5.00,-9.00,2.00,1.00,86.96,84.00,100.00,1,7,2025-11-15,883.75,845.25,0.49,0.51,861.93,867.07
13662,674,453,W,3.00,13253.00,13.00,21.00,3.00,10.00,3.00,0.00,1.00,12805.00,22.00,37.00,3.00,-10.00,1.00,0.00,97.30,85.71,100.00,1,7,2025-11-15,724.94,687.05,0.49,0.51,703.08,708.91
13493,580,49,W,8.00,13035.00,25.00,46.00,7.00,10.00,8.00,4.00,4.00,12099.00,14.00,17.00,8.00,-10.00,4.00,2.00,76.47,82.61,99.00,1,0,2025-11-16,1473.80,1478.11,0.42,0.58,1448.99,1502.92
13498,505,442,L,4.00,12468.00,22.00,32.00,4.00,-25.00,3.00,1.00,8.00,12811.00,13.00,37.00,10.00,25.00,6.00,1.00,,87.50,99.00,1,0,2025-11-16,1654.45,1446.18,0.83,0.17,1690.29,1410.33
13520,92,46,W,6.00,11850.00,8.00,28.00,3.00,14.00,6.00,1.00,3.00,12329.00,15.00,27.00,3.00,-17.00,3.00,2.00,88.89,78.57,99.00,1,1,2025-11-16,1452.13,1336.36,0.62,0.38,1435.66,1352.83
13522,494,396,W,4.00,12816.00,19.00,39.00,4.00,15.00,3.00,2.00,0.00,13185.00,12.00,17.00,2.00,-15.00,0.00,0.00,100.00,89.74,99.00,1,1,2025-11-16,1582.82,1272.35,0.85,0.15,1576.24,1278.93
13573,547,399,W,4.00,12241.00,28.00,42.00,4.00,10.00,3.00,2.00,3.00,11977.00,12.00,20.00,7.00,-10.00,2.00,1.00,85.00,90.48,99.00,1,1,2025-11-16,1391.14,1257.05,0.64,0.36,1375.87,1272.33
13594,12,668,L,4.00,13451.00,18.00,20.00,2.00,-1.00,3.00,0.00,5.00,13087.00,20.00,34.00,5.00,1.00,3.00,0.00,85.29,80.00,100.00,1,1,2025-11-16,1402.44,1399.28,0.58,0.42,1427.17,1374.55
13604,506,498,L,1.00,12007.00,10.00,32.00,10.00,-45.00,1.00,0.00,10.00,12282.00,30.00,39.00,4.00,45.00,8.00,6.00,74.36,96.88,100.00,1,2,2025-11-16,1402.04,1378.79,0.61,0.39,1428.14,1352.69
13614,675,504,W,2.00,12807.00,21.00,32.00,13.00,10.00,1.00,0.00,1.00,11901.00,28.00,15.00,13.00,-10.00,1.00,1.00,93.33,93.75,100.00,1,4,2025-11-16,1128.73,1090.26,0.49,0.51,1106.91,1112.08
13616,331,337,L,2.00,12671.00,17.00,21.00,12.00,-3.00,1.00,0.00,3.00,12948.00,17.00,40.00,6.00,3.00,3.00,2.00,92.50,90.48,100.00,1,4,2025-11-16,1111.54,1178.72,0.46,0.54,1131.33,1158.93
13617,8,332,L,3.00,13003.00,27.00,22.00,14.00,-10.00,2.00,0.00,4.00,12708.00,29.00,27.00,5.00,10.00,4.00,3.00,85.19,86.36,100.00,1,3,2025-11-16,1189.16,1263.21,0.45,0.55,1208.48,1243.89
13624,129,189,L,3.00,12406.00,23.00,31.00,4.00,-15.00,3.00,0.00,7.00,12656.00,13.00,29.00,13.00,15.00,7.00,2.00,75.86,90.32,100.00,1,3,2025-11-16,1347.98,1273.31,0.68,0.32,1377.35,1243.94
13647,215,130,W,4.00,12041.00,17.00,23.00,12.00,8.00,4.00,2.00,2.00,11547.00,19.00,15.00,8.00,-9.00,2.00,0.00,86.67,82.61,100.00,1,5,2025-11-16,1016.36,996.41,0.46,0.54,993.23,1019.54
13648,400,398,L,0.00,12445.00,13.00,18.00,6.00,-15.00,0.00,0.00,3.00,12116.00,19.00,29.00,2.00,15.00,3.00,1.00,89.66,100.00,100.00,1,5,2025-11-16,1108.60,1308.78,0.26,0.74,1119.99,1297.39
13651,491,672,L,3.00,12403.00,17.00,23.00,5.00,-5.00,3.00,1.00,5.00,12260.00,12.00,28.00,6.00,5.00,4.00,2.00,82.14,86.96,100.00,1,5,2025-11-16,1087.27,1099.66,0.55,0.45,1110.92,1076.00
13657,59,574,L,4.00,11361.00,3.00,11.00,1.00,-19.00,4.00,2.00,8.00,13150.00,17.00,25.00,5.00,19.00,6.00,4.00,68.00,63.64,100.00,1,6,2025-11-16,876.27,915.94,0.51,0.49,898.00,894.21
13658,696,652,W,2.00,12702.00,26.00,24.00,7.00,3.00,2.00,1.00,1.00,13025.00,21.00,23.00,11.00,-3.00,1.00,1.00,95.65,91.67,100.00,1,6,2025-11-16,946.22,877.39,0.54,0.46,926.54,897.07
13659,104,201,W,4.00,13500.00,16.00,27.00,5.00,-5.00,4.00,1.00,3.00,12035.00,7.00,15.00,3.00,5.00,3.00,1.00,80.00,85.19,100.00,1,6,2025-11-16,1118.40,973.35,0.66,0.34,1103.81,987.94
13661,670,663,L,2.00,11868.00,18.00,19.00,18.00,-5.00,1.00,0.00,4.00,12796.00,34.00,39.00,8.00,5.00,3.00,1.00,89.74,89.47,100.00,1,7,2025-11-16,797.01,868.34,0.45,0.55,816.52,848.84
13663,451,138,W,7.00,11384.00,12.00,22.00,1.00,35.00,6.00,0.00,0.00,12940.00,18.00,18.00,7.00,-35.00,0.00,0.00,100.00,68.18,100.00,1,7,2025-11-16,952.21,1109.30,0.22,0.78,918.47,1143.03
13664,532,705,W,3.00,12489.00,24.00,25.00,5.00,6.00,2.00,1.00,2.00,8993.00,3.00,7.00,2.00,-6.00,0.00,0.00,71.43,88.00,100.00,1,7,2025-11-16,1031.51,833.74,0.73,0.27,1019.99,845.25
13508,573,17,W,9.00,11745.00,20.00,39.00,6.00,21.00,8.00,4.00,4.00,12485.00,12.00,23.00,5.00,-21.00,4.00,2.00,82.61,76.92,99.00,1,0,2025-11-22,1679.18,1641.44,0.49,0.51,1657.31,1663.31
13524,378,188,W,5.00,12151.00,17.00,35.00,5.00,5.00,4.00,0.00,3.00,11837.00,18.00,31.00,6.00,-5.00,3.00,0.00,90.32,85.71,99.00,1,1,2025-11-22,1549.56,1436.00,0.61,0.39,1532.95,1452.62
13525,399,92,W,2.00,12504.00,23.00,22.00,7.00,5.00,2.00,1.00,1.00,12604.00,20.00,30.00,8.00,-5.00,1.00,0.00,96.67,90.91,99.00,1,1,2025-11-22,1289.50,1419.68,0.25,0.75,1257.05,1452.13
13526,494,191,L,2.00,12124.00,19.00,42.00,2.00,-10.00,2.00,2.00,4.00,12591.00,12.00,26.00,6.00,10.00,4.00,3.00,84.62,95.24,99.00,1,1,2025-11-22,1564.80,1657.64,0.42,0.58,1582.82,1639.62
13585,111,239,L,3.00,13963.00,23.00,32.00,8.00,-5.00,2.00,1.00,5.00,12879.00,15.00,35.00,10.00,5.00,1.00,0.00,85.71,90.62,100.00,1,0,2025-11-22,1431.98,1629.46,0.27,0.73,1443.51,1617.93
13596,109,438,W,5.00,12956.00,19.00,22.00,10.00,2.00,5.00,3.00,4.00,13162.00,29.00,35.00,7.00,-3.00,2.00,2.00,88.57,77.27,100.00,1,1,2025-11-22,1366.46,1453.04,0.30,0.70,1336.38,1483.12
13599,23,409,L,1.00,12472.00,18.00,19.00,11.00,-5.00,1.00,0.00,3.00,12785.00,21.00,32.00,7.00,5.00,3.00,0.00,90.62,94.74,100.00,1,1,2025-11-22,1485.57,1326.51,0.79,0.21,1519.40,1292.68
13605,506,402,L,6.00,14152.00,17.00,31.00,16.00,0.00,3.00,1.00,7.00,13843.00,28.00,49.00,12.00,0.00,4.00,3.00,85.71,80.65,100.00,1,2,2025-11-22,1383.34,1466.24,0.43,0.57,1402.04,1447.54
13606,205,22,W,5.00,13255.00,26.00,49.00,7.00,4.00,3.00,1.00,4.00,12575.00,12.00,26.00,4.00,-4.00,3.00,1.00,84.62,89.80,100.00,1,2,2025-11-22,1428.81,1261.53,0.69,0.31,1415.58,1274.77
13619,38,568,L,4.00,12959.00,15.00,19.00,9.00,-14.00,2.00,1.00,5.00,12032.00,27.00,29.00,6.00,14.00,5.00,2.00,82.76,78.95,100.00,1,3,2025-11-22,1071.92,1216.87,0.34,0.66,1086.51,1202.28
13620,332,570,L,2.00,13078.00,15.00,29.00,6.00,-15.00,1.00,1.00,4.00,12399.00,20.00,44.00,9.00,15.00,3.00,1.00,90.91,93.10,100.00,1,3,2025-11-22,1246.93,1365.59,0.38,0.62,1263.21,1349.31
13621,207,24,L,1.00,12666.00,21.00,23.00,6.00,-50.00,0.00,0.00,9.00,12349.00,12.00,27.00,3.00,35.00,8.00,5.00,66.67,95.65,100.00,1,3,2025-11-22,1084.15,1154.34,0.46,0.54,1103.74,1134.76
13622,189,336,W,5.00,12417.00,16.00,23.00,10.00,5.00,5.00,4.00,4.00,12973.00,22.00,38.00,2.00,-5.00,4.00,2.00,89.47,78.26,100.00,1,3,2025-11-22,1295.93,1268.89,0.47,0.53,1273.31,1291.52
13623,8,581,W,7.00,11960.00,29.00,39.00,5.00,10.00,6.00,2.00,4.00,12342.00,14.00,23.00,11.00,-10.00,3.00,1.00,82.61,82.05,100.00,1,3,2025-11-22,1208.60,1136.27,0.55,0.45,1189.16,1155.71
13681,499,398,W,2.00,12228.00,17.00,20.00,9.00,3.00,2.00,0.00,1.00,12064.00,32.00,33.00,10.00,-4.00,1.00,1.00,96.97,90.00,100.00,1,5,2025-11-22,1195.01,1278.86,0.30,0.70,1165.10,1308.78
13682,672,269,W,2.00,13549.00,20.00,25.00,19.00,0.00,1.00,0.00,1.00,13889.00,43.00,26.00,3.00,0.00,1.00,1.00,96.15,92.00,100.00,1,5,2025-11-22,1130.27,1226.27,0.29,0.71,1099.66,1256.88
13685,216,446,L,1.00,13273.00,25.00,13.00,8.00,-15.00,0.00,0.00,3.00,12807.00,28.00,28.00,11.00,14.00,3.00,0.00,89.29,92.31,100.00,1,5,2025-11-22,968.20,1118.83,0.33,0.67,982.44,1104.59
13686,661,130,W,4.00,11648.00,26.00,21.00,7.00,15.00,4.00,1.00,0.00,12773.00,14.00,14.00,12.00,-15.00,0.00,0.00,100.00,80.95,100.00,1,5,2025-11-22,1093.42,979.80,0.61,0.39,1076.81,996.41
13687,491,411,W,8.00,12906.00,24.00,31.00,6.00,30.00,6.00,3.00,0.00,13011.00,13.00,16.00,9.00,-30.00,0.00,0.00,100.00,74.19,100.00,1,5,2025-11-22,1103.97,991.63,0.61,0.39,1087.27,1008.33
13688,176,400,L,0.00,12752.00,15.00,18.00,6.00,-25.00,0.00,0.00,5.00,12983.00,17.00,32.00,9.00,25.00,3.00,0.00,84.38,100.00,100.00,1,5,2025-11-22,1014.07,1125.37,0.39,0.61,1030.84,1108.60
13690,451,674,W,5.00,12601.00,19.00,19.00,5.00,5.00,3.00,0.00,4.00,12429.00,8.00,23.00,5.00,-5.00,4.00,3.00,82.61,73.68,100.00,1,7,2025-11-22,961.36,715.79,0.79,0.21,952.21,724.94
13692,453,664,W,3.00,13368.00,16.00,29.00,8.00,5.00,1.00,0.00,2.00,12871.00,14.00,22.00,2.00,-5.00,1.00,0.00,90.91,89.66,100.00,1,7,2025-11-22,711.55,711.40,0.43,0.57,687.05,735.90
13694,201,696,W,5.00,13141.00,26.00,36.00,6.00,15.00,4.00,3.00,2.00,13505.00,19.00,25.00,14.00,-15.00,1.00,1.00,92.00,86.11,100.00,1,6,2025-11-22,993.18,926.40,0.54,0.46,973.35,946.22
13695,331,26,W,6.00,12774.00,25.00,35.00,8.00,18.00,4.00,1.00,2.00,10864.00,17.00,28.00,6.00,-21.00,2.00,0.00,92.86,82.86,100.00,1,4,2025-11-22,1121.77,899.11,0.76,0.24,1111.54,909.34
13696,439,337,W,6.00,11712.00,26.00,34.00,1.00,14.00,5.00,2.00,3.00,12470.00,18.00,23.00,6.00,-15.00,3.00,0.00,86.96,82.35,100.00,1,4,2025-11-22,1284.23,1162.64,0.63,0.37,1268.14,1178.72
13697,502,504,L,4.00,12849.00,32.00,44.00,4.00,5.00,3.00,2.00,5.00,12980.00,19.00,21.00,5.00,-6.00,5.00,1.00,76.19,90.91,100.00,1,4,2025-11-22,1069.40,1111.80,0.50,0.50,1090.94,1090.26
13698,574,245,W,5.00,12846.00,34.00,39.00,8.00,20.00,4.00,4.00,1.00,12569.00,16.00,19.00,21.00,-20.00,1.00,0.00,94.74,87.18,100.00,1,6,2025-11-22,947.13,1053.41,0.27,0.73,915.94,1084.59
13700,652,449,L,3.00,12890.00,21.00,27.00,5.00,-10.00,3.00,1.00,4.00,12078.00,8.00,16.00,4.00,10.00,4.00,2.00,75.00,88.89,100.00,1,6,2025-11-22,863.67,1022.81,0.32,0.68,877.39,1009.09
13499,29,56,L,2.00,12642.00,12.00,27.00,7.00,-11.00,2.00,1.00,4.00,11730.00,14.00,38.00,5.00,10.00,4.00,3.00,89.47,92.59,99.00,1,0,2025-11-23,1613.26,1504.64,0.73,0.27,1644.58,1473.33
13504,580,578,W,7.00,12158.00,9.00,41.00,4.00,30.00,7.00,1.00,1.00,13067.00,21.00,33.00,2.00,-30.00,1.00,0.00,96.97,82.93,99.00,1,0,2025-11-23,1494.99,1447.52,0.51,0.49,1473.80,1468.71
13509,442,573,L,4.00,12941.00,17.00,21.00,15.00,-25.00,3.00,1.00,10.00,12710.00,31.00,46.00,9.00,23.00,10.00,4.00,78.26,80.95,99.00,1,0,2025-11-23,1437.26,1688.09,0.21,0.79,1446.18,1679.18
13527,46,188,L,3.00,13162.00,18.00,17.00,9.00,-20.00,3.00,2.00,8.00,12783.00,23.00,48.00,2.00,20.00,7.00,4.00,83.33,82.35,99.00,1,1,2025-11-23,1320.86,1451.50,0.36,0.64,1336.36,1436.00
13528,452,191,W,3.00,13455.00,22.00,38.00,6.00,15.00,3.00,3.00,0.00,12391.00,14.00,22.00,6.00,-15.00,0.00,0.00,100.00,92.11,99.00,1,1,2025-11-23,1535.23,1627.25,0.29,0.71,1504.84,1657.64
13529,579,393,W,5.00,12481.00,18.00,26.00,9.00,4.00,5.00,2.00,3.00,13002.00,18.00,17.00,7.00,-5.00,3.00,0.00,82.35,80.77,99.00,1,1,2025-11-23,1581.02,1469.16,0.61,0.39,1564.30,1485.89
13584,443,667,W,8.00,13307.00,21.00,33.00,11.00,5.00,7.00,1.00,5.00,12685.00,29.00,23.00,10.00,-5.00,5.00,3.00,78.26,75.76,100.00,1,0,2025-11-23,1518.28,1567.93,0.35,0.65,1490.45,1595.76
13597,48,408,W,6.00,12717.00,25.00,26.00,10.00,13.00,6.00,3.00,2.00,12655.00,18.00,28.00,11.00,-16.00,1.00,0.00,92.86,76.92,100.00,1,1,2025-11-23,1413.41,1528.02,0.26,0.74,1381.77,1559.66
13607,397,329,W,6.00,12939.00,16.00,28.00,4.00,0.00,5.00,4.00,5.00,12769.00,18.00,45.00,3.00,0.00,5.00,1.00,,78.57,100.00,1,2,2025-11-23,1455.13,1432.82,0.47,0.53,1432.17,1455.78
13618,129,214,W,5.00,12699.00,29.00,44.00,5.00,-2.00,4.00,1.00,4.00,12587.00,23.00,18.00,7.00,0.00,4.00,0.00,77.78,88.64,100.00,1,3,2025-11-23,1370.02,1334.61,0.49,0.51,1347.98,1356.65
13665,35,379,W,5.00,12855.00,23.00,36.00,8.00,9.00,5.00,2.00,2.00,12751.00,16.00,27.00,9.00,-10.00,2.00,0.00,92.59,86.11,100.00,1,0,2025-11-23,1571.07,1353.42,0.76,0.24,1560.59,1363.90
13683,431,217,W,4.00,10938.00,15.00,18.00,18.00,15.00,3.00,2.00,2.00,12765.00,33.00,25.00,7.00,-15.00,2.00,1.00,92.00,77.78,100.00,1,5,2025-11-23,1248.87,1102.30,0.66,0.34,1234.38,1116.79
13684,215,448,W,5.00,11523.00,17.00,24.00,6.00,10.00,3.00,2.00,3.00,12195.00,18.00,24.00,7.00,-11.00,3.00,0.00,87.50,79.17,100.00,1,5,2025-11-23,1045.77,1121.09,0.32,0.68,1016.36,1150.50
13691,670,671,L,3.00,13079.00,10.00,13.00,9.00,-15.00,3.00,2.00,7.00,12847.00,16.00,25.00,7.00,14.00,3.00,2.00,72.00,76.92,100.00,1,7,2025-11-23,780.77,899.99,0.38,0.62,797.01,883.75
13693,501,705,W,5.00,12898.00,18.00,28.00,11.00,10.00,3.00,1.00,3.00,13127.00,24.00,29.00,2.00,-10.00,2.00,0.00,89.66,82.14,100.00,1,7,2025-11-23,1018.55,822.15,0.73,0.27,1006.97,833.74
13704,401,104,L,0.00,13340.00,13.00,8.00,16.00,-30.00,0.00,0.00,7.00,12585.00,36.00,46.00,3.00,29.00,5.00,2.00,84.78,100.00,100.00,1,6,2025-11-23,697.35,1121.96,0.08,0.92,700.91,1118.40
13715,705,453,W,4.00,13448.00,25.00,29.00,7.00,10.00,3.00,3.00,1.00,13072.00,23.00,27.00,9.00,-10.00,0.00,0.00,96.30,86.21,100.00,1,7,2025-11-28,837.03,696.67,0.65,0.35,822.15,711.55
13500,17,218,W,8.00,13311.00,11.00,29.00,7.00,15.00,4.00,3.00,5.00,12987.00,14.00,34.00,5.00,-17.00,3.00,0.00,85.29,72.41,99.00,1,0,2025-11-29,1649.44,1377.13,0.81,0.19,1641.44,1385.14
13505,442,1,L,4.00,13709.00,23.00,27.00,10.00,0.00,3.00,2.00,5.00,13579.00,31.00,49.00,10.00,1.00,2.00,1.00,89.80,85.19,99.00,1,0,2025-11-29,1418.57,1501.57,0.43,0.57,1437.26,1482.87
13507,29,505,W,6.00,13189.00,7.00,27.00,10.00,20.00,6.00,4.00,2.00,13248.00,24.00,37.00,4.00,-21.00,2.00,1.00,94.59,77.78,99.00,1,0,2025-11-29,1637.30,1630.41,0.44,0.56,1613.26,1654.45
13575,393,92,L,1.00,11222.00,10.00,20.00,2.00,-11.00,1.00,0.00,3.00,12873.00,12.00,34.00,4.00,9.00,2.00,0.00,91.18,95.00,99.00,1,1,2025-11-29,1444.62,1444.23,0.57,0.43,1469.16,1419.68
13576,399,494,W,6.00,12897.00,14.00,27.00,7.00,15.00,4.00,1.00,3.00,12034.00,18.00,33.00,3.00,-15.00,2.00,0.00,90.91,77.78,99.00,1,1,2025-11-29,1325.18,1529.12,0.17,0.83,1289.50,1564.80
13578,378,191,W,6.00,12427.00,17.00,31.00,5.00,0.00,5.00,2.00,5.00,12362.00,16.00,25.00,5.00,0.00,4.00,2.00,80.00,80.65,99.00,1,1,2025-11-29,1575.79,1601.02,0.39,0.61,1549.56,1627.25
13587,669,379,W,5.00,12647.00,31.00,39.00,3.00,20.00,4.00,0.00,1.00,10935.00,11.00,24.00,11.00,-20.00,1.00,1.00,95.83,87.18,100.00,1,0,2025-11-29,1565.24,1343.16,0.76,0.24,1554.98,1353.42
13588,667,111,L,2.00,13575.00,33.00,30.00,5.00,6.00,2.00,2.00,3.00,13047.00,9.00,33.00,16.00,-6.00,3.00,0.00,90.91,93.33,100.00,1,0,2025-11-29,1538.43,1461.49,0.69,0.31,1567.93,1431.98
13589,239,35,W,5.00,12958.00,23.00,36.00,8.00,10.00,5.00,2.00,2.00,12906.00,24.00,27.00,7.00,-10.00,2.00,2.00,92.59,86.11,100.00,1,0,2025-11-29,1647.38,1553.15,0.58,0.42,1629.46,1571.07
13590,443,63,W,9.00,228.00,22.00,35.00,5.00,24.00,8.00,6.00,2.00,12143.00,6.00,10.00,1.00,-25.00,1.00,0.00,80.00,74.29,100.00,1,0,2025-11-29,1530.77,1350.68,0.71,0.29,1518.28,1363.18
13598,109,408,L,1.00,11961.00,15.00,18.00,11.00,-15.00,1.00,1.00,5.00,12549.00,27.00,36.00,9.00,14.00,3.00,1.00,86.11,94.44,100.00,1,1,2025-11-29,1354.29,1540.19,0.28,0.72,1366.46,1528.02
13608,402,44,W,4.00,10835.00,30.00,39.00,10.00,10.00,4.00,2.00,1.00,12227.00,18.00,19.00,9.00,-10.00,1.00,0.00,94.74,89.74,100.00,1,2,2025-11-29,1481.44,1346.04,0.65,0.35,1466.24,1361.23
13611,329,450,W,4.00,11847.00,10.00,31.00,10.00,15.00,3.00,2.00,0.00,13298.00,21.00,31.00,2.00,-15.00,0.00,0.00,100.00,87.10,100.00,1,2,2025-11-29,1448.73,1324.41,0.63,0.37,1432.82,1340.32
13626,214,207,L,0.00,12122.00,13.00,17.00,2.00,-30.00,0.00,0.00,9.00,10617.00,13.00,30.00,3.00,29.00,8.00,2.00,73.33,100.00,100.00,1,3,2025-11-29,1299.84,1118.93,0.81,0.19,1334.61,1084.15
13627,336,129,W,3.00,12421.00,8.00,15.00,9.00,5.00,1.00,1.00,2.00,12531.00,19.00,21.00,1.00,-6.00,2.00,1.00,90.48,80.00,100.00,1,3,2025-11-29,1296.48,1342.43,0.36,0.64,1268.89,1370.02
13629,332,38,L,2.00,9378.00,15.00,20.00,8.00,-13.00,2.00,0.00,6.00,9784.00,14.00,19.00,2.00,13.00,4.00,2.00,,,100.00,1,3,2025-11-29,1215.43,1103.42,0.73,0.27,1246.93,1071.92
13705,578,49,W,8.00,13307.00,22.00,45.00,3.00,10.00,8.00,7.00,6.00,12720.00,20.00,39.00,11.00,-11.00,6.00,4.00,84.62,82.22,99.00,1,0,2025-11-29,1470.91,1454.72,0.46,0.54,1447.52,1478.11
13708,501,663,W,3.00,13126.00,18.00,29.00,7.00,0.00,2.00,0.00,2.00,13035.00,18.00,29.00,6.00,0.00,2.00,1.00,93.10,,100.00,1,7,2025-11-29,1031.30,855.60,0.70,0.30,1018.55,868.34
13709,138,676,W,8.00,13107.00,28.00,32.00,13.00,0.00,3.00,0.00,7.00,14103.00,27.00,30.00,13.00,1.00,4.00,2.00,76.67,75.00,100.00,1,7,2025-11-29,1112.41,663.13,0.93,0.07,1109.30,666.24
13711,331,582,W,2.00,12839.00,17.00,30.00,7.00,11.00,2.00,0.00,0.00,13208.00,18.00,23.00,1.00,-10.00,0.00,0.00,100.00,93.33,100.00,1,4,2025-11-29,1134.00,949.35,0.72,0.28,1121.77,961.59
13716,491,398,L,2.00,12841.00,15.00,22.00,8.00,-10.00,1.00,1.00,4.00,12408.00,17.00,22.00,2.00,10.00,3.00,1.00,81.82,90.91,100.00,1,5,2025-11-29,1092.46,1290.37,0.27,0.73,1103.97,1278.86
13577,452,547,W,4.00,11144.00,6.00,35.00,5.00,-10.00,3.00,1.00,3.00,13140.00,16.00,41.00,6.00,10.00,3.00,1.00,92.68,88.57,99.00,1,1,2025-11-30,1548.30,1378.08,0.70,0.30,1535.23,1391.14
13579,396,191,L,1.00,13342.00,14.00,16.00,8.00,-20.00,0.00,0.00,5.00,11931.00,25.00,38.00,7.00,20.00,4.00,1.00,86.84,93.75,99.00,1,1,2025-11-30,1266.72,1606.65,0.13,0.87,1272.35,1601.02
13600,23,12,W,7.00,12521.00,16.00,39.00,3.00,30.00,7.00,4.00,2.00,13307.00,20.00,26.00,8.00,-25.00,2.00,0.00,92.31,82.05,100.00,1,1,2025-11-30,1502.02,1385.99,0.62,0.38,1485.57,1402.44
13601,668,438,L,2.00,12818.00,22.00,33.00,10.00,-3.00,2.00,1.00,3.00,13534.00,13.00,16.00,5.00,3.00,2.00,1.00,81.25,93.94,100.00,1,1,2025-11-30,1381.08,1471.24,0.42,0.58,1399.28,1453.04
13609,506,22,W,6.00,12199.00,22.00,28.00,12.00,0.00,4.00,2.00,4.00,13020.00,16.00,35.00,14.00,-1.00,2.00,0.00,88.57,78.57,100.00,1,2,2025-11-30,1397.60,1247.28,0.67,0.33,1383.34,1261.53
13610,205,397,W,4.00,11935.00,20.00,28.00,6.00,5.00,4.00,3.00,1.00,12592.00,10.00,22.00,3.00,-5.00,1.00,0.00,95.45,85.71,100.00,1,2,2025-11-30,1451.94,1432.01,0.46,0.54,1428.81,1455.13
13625,581,570,L,0.00,12675.00,7.00,23.00,5.00,-40.00,0.00,0.00,8.00,6459.00,13.00,24.00,0.00,33.00,6.00,3.00,66.67,100.00,100.00,1,3,2025-11-30,1127.21,1374.65,0.21,0.79,1136.27,1365.59
13628,8,568,L,4.00,6279.00,19.00,31.00,7.00,-21.00,3.00,1.00,8.00,13319.00,17.00,30.00,8.00,20.00,6.00,3.00,73.33,87.10,100.00,1,3,2025-11-30,1187.61,1237.86,0.49,0.51,1208.60,1216.87
13630,189,24,W,5.00,12625.00,12.00,18.00,5.00,15.00,4.00,3.00,3.00,14479.00,12.00,33.00,7.00,-15.00,3.00,2.00,90.91,72.22,100.00,1,3,2025-11-30,1309.13,1141.15,0.69,0.31,1295.93,1154.34
13707,406,504,W,1.00,12424.00,21.00,34.00,12.00,5.00,1.00,0.00,0.00,12012.00,24.00,12.00,7.00,-5.00,0.00,0.00,100.00,97.06,100.00,1,4,2025-11-30,1241.16,1097.15,0.66,0.34,1226.51,1111.80
13710,675,439,L,2.00,12011.00,23.00,22.00,11.00,0.00,2.00,0.00,5.00,12506.00,22.00,30.00,11.00,0.00,5.00,3.00,83.33,90.91,100.00,1,4,2025-11-30,1116.26,1296.70,0.29,0.71,1128.73,1284.23
13712,337,502,L,2.00,8972.00,18.00,19.00,4.00,-15.00,2.00,0.00,4.00,12612.00,15.00,19.00,4.00,15.00,4.00,1.00,78.95,89.47,100.00,1,4,2025-11-30,1135.50,1096.53,0.63,0.37,1162.64,1069.40
13714,446,217,L,4.00,12965.00,15.00,20.00,3.00,0.00,3.00,0.00,6.00,9946.00,14.00,23.00,2.00,0.00,4.00,0.00,73.91,,100.00,1,5,2025-11-30,1096.30,1124.82,0.52,0.48,1118.83,1102.30
13718,400,216,W,3.00,12401.00,13.00,32.00,2.00,15.00,3.00,1.00,0.00,12779.00,6.00,15.00,6.00,-15.00,0.00,0.00,100.00,90.62,100.00,1,5,2025-11-30,1137.75,955.81,0.71,0.29,1125.37,968.20
13736,671,451,L,2.00,12465.00,6.00,18.00,8.00,-35.00,2.00,0.00,10.00,12837.00,22.00,31.00,4.00,34.00,8.00,1.00,,88.89,100.00,1,7,2025-11-30,882.25,979.10,0.41,0.59,899.99,961.36
13737,674,670,L,3.00,13587.00,13.00,29.00,10.00,-3.00,2.00,0.00,4.00,14335.00,24.00,33.00,6.00,3.00,2.00,0.00,87.88,89.66,100.00,1,7,2025-11-30,698.27,798.29,0.41,0.59,715.79,780.77
13738,545,584,W,2.00,12628.00,16.00,20.00,9.00,5.00,2.00,1.00,1.00,11790.00,25.00,27.00,7.00,-5.00,1.00,0.00,96.30,90.00,100.00,1,6,2025-11-30,939.93,999.77,0.34,0.66,911.46,1028.23
13739,449,574,W,4.00,13616.00,21.00,31.00,14.00,8.00,1.00,0.00,3.00,12700.00,34.00,38.00,6.00,-9.00,3.00,2.00,92.11,87.10,100.00,1,6,2025-11-30,1039.70,930.24,0.61,0.39,1022.81,947.13
13741,61,445,L,3.00,13213.00,21.00,20.00,6.00,-6.00,3.00,2.00,5.00,13062.00,19.00,29.00,4.00,5.00,4.00,1.00,82.76,85.00,100.00,1,6,2025-11-30,880.85,919.39,0.51,0.49,902.67,897.58
13742,104,201,W,5.00,12552.00,8.00,16.00,7.00,15.00,4.00,0.00,1.00,12067.00,19.00,16.00,2.00,-15.00,1.00,0.00,93.75,68.75,100.00,1,6,2025-11-30,1135.84,979.30,0.68,0.32,1121.96,993.18
13743,375,401,W,2.00,11831.00,15.00,12.00,9.00,5.00,1.00,0.00,1.00,12997.00,17.00,13.00,4.00,-5.00,1.00,1.00,92.31,83.33,100.00,1,6,2025-11-30,1025.39,691.53,0.86,0.14,1019.57,697.35
11422,452,92,L,1.00,12781.00,26.00,12.00,4.00,-5.00,1.00,0.00,3.00,13157.00,18.00,41.00,9.00,5.00,2.00,0.00,92.68,91.67,85.00,1,1,2025-12-01,1520.54,1471.98,0.65,0.35,1548.30,1444.23
11819,4,442,L,3.00,13204.00,29.00,20.00,8.00,-6.00,1.00,1.00,6.00,13639.00,32.00,41.00,10.00,3.00,5.00,2.00,85.37,85.00,85.00,1,0,2025-12-01,1233.86,1430.16,0.27,0.73,1245.46,1418.57
11823,49,17,L,4.00,12643.00,7.00,22.00,2.00,-10.00,3.00,1.00,5.00,12444.00,21.00,36.00,2.00,10.00,5.00,3.00,86.11,81.82,85.00,1,0,2025-12-01,1444.15,1660.01,0.25,0.75,1454.72,1649.44
11859,31,396,W,3.00,13183.00,20.00,31.00,5.00,10.00,3.00,1.00,1.00,12864.00,15.00,17.00,6.00,-10.00,1.00,0.00,94.12,90.32,85.00,1,1,2025-12-01,1430.28,1254.01,0.70,0.30,1417.57,1266.72
11860,494,579,L,2.00,11973.00,18.00,19.00,6.00,-5.00,2.00,0.00,3.00,12828.00,12.00,39.00,4.00,5.00,3.00,1.00,92.31,89.47,85.00,1,1,2025-12-01,1510.81,1599.34,0.43,0.57,1529.12,1581.02
11890,239,111,W,4.00,14086.00,21.00,45.00,4.00,-5.00,3.00,3.00,3.00,13330.00,19.00,28.00,5.00,5.00,3.00,0.00,89.29,91.11,86.00,1,0,2025-12-01,1658.36,1450.51,0.74,0.26,1647.38,1461.49
11919,23,402,W,2.00,12373.00,11.00,17.00,13.00,8.00,0.00,0.00,1.00,12129.00,21.00,30.00,4.00,-10.00,1.00,0.00,96.67,88.24,86.00,1,2,2025-12-01,1522.25,1461.21,0.53,0.47,1502.02,1481.44
11920,44,329,L,3.00,12289.00,8.00,27.00,4.00,-5.00,3.00,0.00,5.00,4160.00,11.00,17.00,2.00,4.00,3.00,1.00,70.59,88.89,86.00,1,2,2025-12-01,1330.71,1464.05,0.36,0.64,1346.04,1448.73
11922,189,214,L,5.00,12725.00,20.00,38.00,2.00,1.00,4.00,1.00,6.00,12948.00,11.00,30.00,8.00,-1.00,5.00,4.00,80.00,86.84,86.00,1,2,2025-12-01,1287.05,1321.91,0.51,0.49,1309.13,1299.84
11924,130,411,W,4.00,12746.00,16.00,19.00,9.00,5.00,3.00,1.00,2.00,12921.00,17.00,31.00,7.00,-5.00,1.00,0.00,93.55,78.95,86.00,1,5,2025-12-01,1002.03,969.40,0.48,0.52,979.80,991.63
11925,176,375,L,1.00,12973.00,26.00,20.00,7.00,-10.00,1.00,0.00,3.00,12760.00,24.00,35.00,9.00,10.00,2.00,2.00,91.43,95.00,86.00,1,5,2025-12-01,993.27,1046.19,0.48,0.52,1014.07,1025.39
11929,400,431,W,4.00,7735.00,9.00,15.00,9.00,15.00,4.00,0.00,1.00,12678.00,26.00,20.00,6.00,-15.00,0.00,0.00,95.00,73.33,86.00,1,5,2025-12-01,1165.91,1220.72,0.35,0.65,1137.75,1248.87
11930,398,439,W,3.00,13489.00,33.00,29.00,9.00,0.00,2.00,0.00,2.00,13167.00,23.00,19.00,8.00,0.00,1.00,0.00,89.47,,86.00,1,5,2025-12-01,1312.26,1274.81,0.49,0.51,1290.37,1296.70
11932,652,501,L,0.00,11760.00,7.00,9.00,14.00,-25.00,0.00,0.00,5.00,12679.00,33.00,38.00,4.00,23.00,3.00,1.00,86.84,100.00,86.00,1,6,2025-12-01,851.81,1043.16,0.28,0.72,863.67,1031.30
11933,545,104,W,7.00,11335.00,20.00,32.00,2.00,9.00,6.00,2.00,5.00,11123.00,15.00,28.00,7.00,-10.00,5.00,1.00,,78.12,86.00,1,6,2025-12-01,972.41,1103.36,0.24,0.76,939.93,1135.84
11934,489,401,W,8.00,12533.00,46.00,55.00,2.00,30.00,8.00,5.00,1.00,12245.00,4.00,6.00,16.00,-34.00,0.00,0.00,83.33,85.45,86.00,1,6,2025-12-01,1141.27,688.48,0.93,0.07,1138.22,691.53
11937,129,269,L,3.00,13018.00,14.00,28.00,7.00,-3.00,2.00,0.00,4.00,12920.00,23.00,40.00,5.00,2.00,2.00,1.00,90.00,89.29,86.00,1,3,2025-12-01,1314.00,1254.70,0.66,0.34,1342.43,1226.27
11939,446,38,W,7.00,13232.00,12.00,37.00,3.00,0.00,4.00,0.00,3.00,12808.00,15.00,25.00,3.00,0.00,3.00,0.00,,81.08,86.00,1,3,2025-12-01,1118.24,1081.48,0.49,0.51,1096.30,1103.42
11943,331,582,L,3.00,13054.00,27.00,35.00,11.00,-9.00,2.00,0.00,4.00,12838.00,21.00,30.00,8.00,8.00,4.00,1.00,86.67,91.43,86.00,1,4,2025-12-01,1102.04,981.31,0.74,0.26,1134.00,949.35
11944,332,577,W,6.00,12789.00,13.00,27.00,8.00,9.00,6.00,4.00,2.00,11818.00,22.00,21.00,7.00,-10.00,1.00,0.00,90.48,77.78,86.00,1,4,2025-12-01,1233.43,1140.33,0.58,0.42,1215.43,1158.33
11945,568,504,L,2.00,13811.00,26.00,41.00,5.00,0.00,1.00,1.00,3.00,13551.00,11.00,24.00,16.00,0.00,1.00,0.00,87.50,95.12,86.00,1,4,2025-12-01,1208.09,1126.91,0.69,0.31,1237.86,1097.15
11947,406,502,W,5.00,3304.00,22.00,35.00,8.00,5.00,4.00,1.00,2.00,0.00,18.00,26.00,6.00,-6.00,0.00,0.00,92.31,85.71,86.00,1,4,2025-12-01,1254.20,1083.50,0.70,0.30,1241.16,1096.53
12583,497,48,W,7.00,12903.00,18.00,32.00,4.00,25.00,7.00,3.00,3.00,12717.00,14.00,44.00,2.00,-24.00,3.00,2.00,93.18,78.12,86.00,4,1,2025-12-04,1429.65,1391.56,0.49,0.51,1407.81,1413.41
12604,502,566,W,5.00,12228.00,8.00,11.00,12.00,3.00,1.00,0.00,4.00,13091.00,23.00,36.00,3.00,-5.00,3.00,1.00,88.89,54.55,86.00,6,4,2025-12-04,1117.65,1283.89,0.21,0.79,1083.50,1318.04
12606,405,570,W,6.00,12801.00,17.00,27.00,7.00,20.00,5.00,0.00,1.00,12115.00,29.00,22.00,4.00,-31.00,0.00,0.00,95.45,77.78,86.00,6,4,2025-12-04,1178.77,1340.69,0.21,0.79,1144.81,1374.65
12634,63,111,W,4.00,12596.00,26.00,40.00,5.00,14.00,4.00,1.00,2.00,12249.00,18.00,30.00,10.00,-16.00,2.00,1.00,93.33,90.00,86.00,3,0,2025-12-04,1378.20,1423.00,0.36,0.64,1350.68,1450.51
12637,402,438,W,3.00,12372.00,30.00,28.00,8.00,5.00,3.00,3.00,2.00,12251.00,16.00,27.00,7.00,-6.00,1.00,0.00,92.59,89.29,86.00,3,2,2025-12-04,1483.33,1449.12,0.49,0.51,1461.21,1471.24
12638,23,44,L,3.00,11738.00,25.00,31.00,13.00,0.00,3.00,2.00,4.00,12029.00,26.00,21.00,6.00,0.00,3.00,1.00,80.95,90.32,86.00,3,2,2025-12-04,1489.97,1362.99,0.75,0.25,1522.25,1330.71
12641,452,191,L,2.00,12249.00,20.00,24.00,6.00,-11.00,1.00,0.00,4.00,12750.00,33.00,40.00,6.00,11.00,2.00,0.00,90.00,91.67,85.00,5,1,2025-12-04,1504.26,1622.93,0.38,0.62,1520.54,1606.65
12643,439,411,W,4.00,12738.00,29.00,32.00,11.00,10.00,3.00,1.00,2.00,12457.00,37.00,30.00,6.00,-10.00,0.00,0.00,93.33,87.50,86.00,6,5,2025-12-04,1281.13,963.08,0.85,0.15,1274.81,969.40
12644,216,398,L,1.00,12191.00,13.00,11.00,1.00,-30.00,0.00,0.00,9.00,11729.00,18.00,42.00,4.00,29.00,8.00,3.00,78.57,,86.00,6,5,2025-12-04,950.91,1317.16,0.11,0.89,955.81,1312.26
12645,375,400,W,3.00,12694.00,30.00,36.00,14.00,10.00,3.00,0.00,1.00,12208.00,25.00,21.00,9.00,-10.00,0.00,0.00,95.24,91.67,86.00,6,5,2025-12-04,1074.81,1137.28,0.33,0.67,1046.19,1165.91
12647,499,431,W,3.00,13278.00,17.00,14.00,13.00,-5.00,1.00,0.00,2.00,13932.00,22.00,26.00,8.00,5.00,1.00,0.00,92.31,78.57,86.00,6,5,2025-12-04,1218.10,1197.63,0.46,0.54,1195.01,1220.72
12651,104,545,L,1.00,11481.00,23.00,19.00,5.00,-5.00,1.00,1.00,2.00,11665.00,22.00,17.00,14.00,5.00,0.00,0.00,88.24,94.74,86.00,3,6,2025-12-04,1074.12,1001.65,0.68,0.32,1103.36,972.41
12652,451,501,L,2.00,12296.00,15.00,18.00,5.00,-10.00,1.00,0.00,3.00,11918.00,15.00,24.00,5.00,10.00,3.00,0.00,87.50,88.89,86.00,2,6,2025-12-04,961.52,1060.74,0.41,0.59,979.10,1043.16
12693,659,656,L,1.00,12682.00,10.00,16.00,16.00,-5.00,0.00,0.00,2.00,12775.00,43.00,32.00,4.00,5.00,1.00,0.00,93.75,93.75,98.00,1,0,2025-12-04,1441.94,1539.21,0.41,0.59,1459.65,1521.50
12694,658,657,L,0.00,12661.00,3.00,6.00,11.00,-65.00,0.00,0.00,14.00,12934.00,28.00,33.00,1.00,65.00,5.00,2.00,,,98.00,1,0,2025-12-04,1461.76,1573.53,0.39,0.61,1478.50,1556.79
12695,655,659,L,5.00,12907.00,26.00,23.00,6.00,0.00,1.00,0.00,6.00,13106.00,19.00,26.00,6.00,0.00,1.00,0.00,76.92,,98.00,1,0,2025-12-04,1419.15,1463.35,0.50,0.50,1440.56,1441.94
12696,660,656,W,6.00,12698.00,28.00,23.00,2.00,30.00,4.00,0.00,0.00,13280.00,4.00,7.00,14.00,-30.00,0.00,0.00,100.00,,98.00,1,0,2025-12-04,1564.27,1517.95,0.51,0.49,1543.00,1539.21
12697,658,655,W,10.00,13234.00,26.00,32.00,5.00,25.00,4.00,0.00,4.00,12581.00,13.00,16.00,9.00,-25.00,0.00,0.00,,68.75,98.00,1,0,2025-12-04,1480.64,1400.27,0.56,0.44,1461.76,1419.15
12698,660,657,W,4.00,13271.00,6.00,13.00,11.00,5.00,3.00,0.00,3.00,13227.00,22.00,24.00,0.00,-6.00,1.00,1.00,87.50,69.23,98.00,1,0,2025-12-04,1586.34,1551.45,0.49,0.51,1564.27,1573.53
12947,189,504,W,3.00,12330.00,16.00,21.00,7.00,9.00,2.00,1.00,2.00,12552.00,28.00,28.00,8.00,-11.00,1.00,0.00,92.86,85.71,97.00,3,3,2025-12-07,1299.29,1114.67,0.72,0.28,1287.05,1126.91
12948,129,491,W,6.00,13141.00,16.00,41.00,4.00,25.00,4.00,3.00,1.00,12420.00,14.00,11.00,7.00,-25.00,0.00,0.00,90.91,,97.00,3,3,2025-12-07,1323.39,1083.07,0.78,0.22,1314.00,1092.46
12949,661,445,W,4.00,12593.00,17.00,30.00,6.00,20.00,3.00,2.00,3.00,12317.00,9.00,12.00,6.00,-20.00,3.00,2.00,75.00,86.67,97.00,3,5,2025-12-07,1104.97,907.84,0.73,0.27,1093.42,919.39
12950,501,449,W,4.00,12410.00,14.00,21.00,3.00,0.00,2.00,0.00,3.00,12596.00,8.00,21.00,6.00,0.00,2.00,0.00,85.71,80.95,97.00,3,5,2025-12-07,1080.94,1019.50,0.53,0.47,1060.74,1039.70
13169,29,578,W,6.00,13192.00,16.00,29.00,4.00,13.00,4.00,1.00,5.00,13955.00,25.00,52.00,7.00,-13.00,5.00,5.00,90.38,79.31,99.00,1,0,2025-12-10,1649.22,1458.98,0.72,0.28,1637.30,1470.91
13170,218,1,W,8.00,13729.00,23.00,34.00,7.00,0.00,8.00,2.00,7.00,13307.00,23.00,40.00,7.00,0.00,7.00,4.00,82.50,76.47,99.00,1,0,2025-12-10,1406.02,1472.68,0.33,0.67,1377.13,1501.57
13172,4,580,L,2.00,12254.00,14.00,14.00,7.00,-25.00,2.00,2.00,9.00,12451.00,27.00,34.00,5.00,25.00,9.00,6.00,73.53,85.71,99.00,1,0,2025-12-10,1226.04,1502.81,0.18,0.82,1233.86,1494.99
13229,31,396,W,4.00,12860.00,23.00,47.00,6.00,-6.00,4.00,2.00,3.00,12571.00,17.00,29.00,9.00,5.00,1.00,1.00,89.66,91.49,99.00,1,1,2025-12-10,1441.72,1242.57,0.73,0.27,1430.28,1254.01
13231,46,378,L,2.00,12616.00,9.00,19.00,7.00,-35.00,2.00,1.00,9.00,11918.00,19.00,39.00,6.00,34.00,8.00,7.00,76.92,89.47,99.00,1,1,2025-12-10,1312.80,1583.85,0.19,0.81,1320.86,1575.79
13232,92,547,W,4.00,12469.00,13.00,20.00,21.00,10.00,3.00,2.00,1.00,12412.00,45.00,39.00,6.00,-10.00,1.00,0.00,97.44,80.00,99.00,1,1,2025-12-10,1487.81,1362.26,0.63,0.37,1471.98,1378.08
13245,111,35,L,2.00,12478.00,17.00,30.00,2.00,-6.00,2.00,0.00,4.00,12512.00,14.00,23.00,5.00,7.00,4.00,3.00,82.61,93.33,100.00,1,0,2025-12-10,1409.19,1566.96,0.32,0.68,1423.00,1553.15
13247,443,379,L,4.00,12314.00,22.00,32.00,4.00,5.00,3.00,1.00,5.00,12026.00,17.00,33.00,11.00,-5.00,5.00,2.00,84.85,87.50,100.00,1,0,2025-12-10,1498.67,1375.26,0.75,0.25,1530.77,1343.16
13268,676,674,W,4.00,12628.00,20.00,27.00,8.00,9.00,4.00,2.00,2.00,13062.00,18.00,18.00,8.00,-10.00,1.00,0.00,88.89,85.19,100.00,1,7,2025-12-10,686.79,674.60,0.45,0.55,663.13,698.27
13269,673,664,W,6.00,12574.00,20.00,23.00,6.00,20.00,4.00,2.00,1.00,13110.00,21.00,18.00,5.00,-20.00,0.00,0.00,94.44,73.91,100.00,1,7,2025-12-10,986.22,703.80,0.82,0.18,978.62,711.40
13272,451,663,W,5.00,13035.00,18.00,22.00,7.00,0.00,3.00,1.00,4.00,12788.00,25.00,25.00,8.00,0.00,3.00,1.00,84.00,,100.00,1,7,2025-12-10,976.66,840.46,0.65,0.35,961.52,855.60
13274,61,584,L,3.00,12564.00,7.00,13.00,3.00,6.00,2.00,1.00,4.00,12863.00,22.00,33.00,2.00,-5.00,3.00,1.00,87.88,76.92,100.00,1,6,2025-12-10,866.44,1014.18,0.34,0.66,880.85,999.77
13275,450,498,L,1.00,13206.00,18.00,31.00,4.00,-5.00,1.00,0.00,2.00,12345.00,11.00,19.00,5.00,5.00,2.00,1.00,89.47,96.77,100.00,1,2,2025-12-10,1306.25,1396.95,0.42,0.58,1324.41,1378.79
13276,402,397,L,5.00,13040.00,20.00,29.00,5.00,-5.00,5.00,1.00,6.00,12643.00,15.00,32.00,5.00,4.00,5.00,1.00,81.25,82.76,100.00,1,2,2025-12-10,1458.68,1456.66,0.57,0.43,1483.33,1432.01
13279,581,214,L,4.00,12638.00,14.00,29.00,11.00,-16.00,4.00,2.00,6.00,12312.00,23.00,30.00,12.00,16.00,6.00,0.00,80.00,86.21,100.00,1,3,2025-12-10,1116.64,1332.49,0.25,0.75,1127.21,1321.91
13280,189,24,L,1.00,12561.00,18.00,23.00,9.00,-19.00,0.00,0.00,8.00,11162.00,17.00,21.00,5.00,17.00,7.00,4.00,61.90,95.65,100.00,1,3,2025-12-10,1268.63,1171.81,0.71,0.29,1299.29,1141.15
13281,207,336,L,4.00,13602.00,32.00,42.00,6.00,5.00,4.00,3.00,5.00,13952.00,16.00,29.00,14.00,-5.00,4.00,0.00,82.76,90.48,100.00,1,3,2025-12-10,1107.55,1307.86,0.26,0.74,1118.93,1296.48
13282,329,44,L,1.00,8549.00,22.00,24.00,7.00,-10.00,1.00,0.00,3.00,11785.00,14.00,14.00,5.00,10.00,3.00,0.00,78.57,95.83,100.00,1,2,2025-12-10,1436.47,1390.58,0.64,0.36,1464.05,1362.99
13284,574,375,W,4.00,12206.00,28.00,45.00,3.00,15.00,4.00,3.00,1.00,12701.00,7.00,18.00,15.00,-15.00,1.00,0.00,94.44,91.11,100.00,1,6,2025-12-10,960.20,1044.85,0.30,0.70,930.24,1074.81
13287,449,104,L,3.00,12611.00,31.00,28.00,8.00,-16.00,2.00,0.00,7.00,12758.00,20.00,35.00,17.00,15.00,5.00,2.00,80.00,89.29,100.00,1,6,2025-12-10,1001.35,1092.26,0.42,0.58,1019.50,1074.12
13289,448,398,L,2.00,11860.00,19.00,19.00,16.00,-15.00,0.00,0.00,5.00,12258.00,32.00,24.00,9.00,15.00,5.00,0.00,79.17,89.47,100.00,1,5,2025-12-10,1110.58,1327.67,0.24,0.76,1121.09,1317.16
13290,672,411,W,10.00,12748.00,23.00,40.00,10.00,40.00,9.00,4.00,4.00,11932.00,19.00,16.00,8.00,-40.00,3.00,1.00,,,100.00,1,5,2025-12-10,1142.16,951.19,0.72,0.28,1130.27,963.08
13293,446,491,L,0.00,12823.00,19.00,26.00,16.00,-20.00,0.00,0.00,4.00,12250.00,30.00,26.00,9.00,20.00,3.00,0.00,84.62,100.00,100.00,1,5,2025-12-10,1094.57,1106.74,0.55,0.45,1118.24,1083.07
13294,431,661,W,3.00,12627.00,9.00,18.00,10.00,5.00,3.00,3.00,1.00,11461.00,27.00,32.00,4.00,-5.00,1.00,0.00,96.88,83.33,100.00,1,5,2025-12-10,1213.53,1089.07,0.63,0.37,1197.63,1104.97
13295,269,217,L,1.00,12911.00,10.00,24.00,5.00,-3.00,0.00,0.00,3.00,12002.00,13.00,19.00,3.00,3.00,3.00,1.00,84.21,95.83,100.00,1,5,2025-12-10,1225.51,1154.01,0.68,0.32,1254.70,1124.82
13297,582,331,L,4.00,12347.00,17.00,26.00,7.00,5.00,4.00,1.00,5.00,12585.00,28.00,35.00,6.00,-6.00,3.00,1.00,85.71,84.62,100.00,1,4,2025-12-10,967.00,1116.36,0.33,0.67,981.31,1102.04
13298,502,337,L,4.00,12632.00,25.00,22.00,5.00,6.00,3.00,2.00,5.00,12597.00,19.00,31.00,7.00,-5.00,4.00,2.00,83.87,81.82,100.00,1,4,2025-12-10,1097.25,1155.90,0.47,0.53,1117.65,1135.50
13299,675,439,W,2.00,12590.00,15.00,28.00,5.00,5.00,2.00,0.00,0.00,12709.00,16.00,20.00,6.00,-5.00,0.00,0.00,100.00,92.86,100.00,1,4,2025-12-10,1147.26,1250.13,0.28,0.72,1116.26,1281.13
13864,499,217,W,5.00,12294.00,16.00,26.00,12.00,14.00,4.00,0.00,0.00,12549.00,24.00,26.00,2.00,-15.00,0.00,0.00,100.00,,100.00,1,5,2025-12-12,1235.68,1136.43,0.59,0.41,1218.10,1154.01
13872,61,59,W,6.00,12881.00,25.00,26.00,12.00,5.00,6.00,1.00,5.00,12928.00,24.00,37.00,5.00,-5.00,4.00,2.00,86.49,76.92,100.00,1,6,2025-12-12,888.55,854.16,0.49,0.51,866.44,876.27
13580,188,579,W,11.00,12652.00,16.00,30.00,1.00,17.00,10.00,5.00,6.00,12801.00,6.00,29.00,1.00,-18.00,6.00,5.00,79.31,63.33,99.00,1,1,2025-12-13,1481.63,1569.20,0.30,0.70,1451.50,1599.34
13706,56,442,W,10.00,12812.00,18.00,48.00,12.00,45.00,10.00,7.00,0.00,12445.00,19.00,22.00,5.00,-45.00,0.00,0.00,100.00,79.17,99.00,1,0,2025-12-13,1521.60,1413.20,0.61,0.39,1504.64,1430.16
13756,505,447,W,9.00,12828.00,9.00,47.00,9.00,25.00,7.00,4.00,3.00,10745.00,22.00,33.00,9.00,-25.00,3.00,2.00,90.91,80.85,99.00,1,0,2025-12-13,1644.86,1497.58,0.66,0.34,1630.41,1512.03
13837,35,379,W,10.00,12936.00,11.00,38.00,3.00,40.00,9.00,6.00,1.00,13222.00,7.00,17.00,3.00,-40.00,1.00,1.00,94.12,73.68,100.00,1,0,2025-12-13,1577.67,1364.55,0.75,0.25,1566.96,1375.26
13838,63,669,L,2.00,12670.00,7.00,20.00,11.00,-35.00,2.00,0.00,9.00,11867.00,24.00,43.00,2.00,35.00,9.00,2.00,79.07,90.00,100.00,1,0,2025-12-13,1367.27,1576.17,0.25,0.75,1378.20,1565.24
13844,408,12,L,2.00,11566.00,20.00,35.00,4.00,6.00,1.00,0.00,3.00,12417.00,12.00,32.00,5.00,-7.00,2.00,1.00,90.62,94.29,100.00,1,1,2025-12-13,1509.73,1416.45,0.71,0.29,1540.19,1385.99
13845,438,48,W,7.00,13025.00,15.00,38.00,7.00,20.00,7.00,5.00,2.00,13184.00,17.00,22.00,3.00,-20.00,2.00,2.00,90.91,81.58,100.00,1,1,2025-12-13,1467.09,1373.59,0.58,0.42,1449.12,1391.56
13846,22,402,L,1.00,12682.00,12.00,14.00,8.00,-14.00,0.00,0.00,6.00,12283.00,22.00,34.00,7.00,14.00,5.00,2.00,82.35,92.86,100.00,1,2,2025-12-13,1237.45,1468.50,0.23,0.77,1247.28,1458.68
13852,24,38,W,4.00,12717.00,16.00,29.00,0.00,15.00,2.00,2.00,2.00,12595.00,14.00,21.00,7.00,-15.00,2.00,1.00,90.48,86.21,100.00,1,3,2025-12-13,1187.84,1065.44,0.63,0.37,1171.81,1081.48
13853,568,336,L,2.00,12483.00,21.00,25.00,8.00,-10.00,1.00,1.00,4.00,12952.00,18.00,21.00,9.00,10.00,3.00,0.00,80.95,92.00,100.00,1,3,2025-12-13,1192.60,1323.35,0.36,0.64,1208.09,1307.86
13855,207,570,L,3.00,11502.00,13.00,19.00,11.00,-5.00,3.00,1.00,4.00,11752.00,18.00,22.00,3.00,5.00,4.00,2.00,81.82,84.21,100.00,1,3,2025-12-13,1098.64,1349.60,0.21,0.79,1107.55,1340.69
13857,502,577,W,3.00,13990.00,19.00,34.00,2.00,5.00,1.00,0.00,2.00,14538.00,13.00,33.00,5.00,-5.00,1.00,1.00,93.94,91.18,100.00,1,4,2025-12-13,1121.40,1116.18,0.44,0.56,1097.25,1140.33
13858,337,582,L,3.00,12726.00,28.00,24.00,2.00,-8.00,1.00,0.00,4.00,13092.00,16.00,26.00,9.00,10.00,2.00,1.00,84.62,87.50,100.00,1,4,2025-12-13,1123.74,999.16,0.75,0.25,1155.90,967.00
13861,216,672,L,2.00,12315.00,11.00,27.00,9.00,-15.00,0.00,0.00,6.00,11199.00,25.00,33.00,3.00,15.00,5.00,1.00,81.82,92.59,100.00,1,5,2025-12-13,940.18,1152.89,0.25,0.75,950.91,1142.16
13863,269,215,L,2.00,12727.00,17.00,17.00,7.00,-4.00,2.00,1.00,4.00,12103.00,22.00,19.00,7.00,4.00,3.00,0.00,78.95,88.24,100.00,1,5,2025-12-13,1193.79,1077.49,0.74,0.26,1225.51,1045.77
13865,491,448,L,2.00,12765.00,36.00,18.00,9.00,-9.00,2.00,0.00,4.00,12628.00,21.00,23.00,15.00,10.00,3.00,3.00,82.61,88.89,100.00,1,5,2025-12-13,1085.48,1131.84,0.49,0.51,1106.74,1110.58
13866,532,501,W,2.00,12527.00,36.00,18.00,18.00,-1.00,1.00,1.00,1.00,12903.00,27.00,24.00,17.00,1.00,1.00,0.00,95.83,88.89,100.00,1,7,2025-12-13,1056.05,1056.40,0.43,0.57,1031.51,1080.94
13869,705,663,W,4.00,13374.00,14.00,20.00,11.00,3.00,3.00,2.00,3.00,12763.00,29.00,37.00,5.00,-4.00,2.00,0.00,91.89,80.00,100.00,1,7,2025-12-13,858.74,818.75,0.50,0.50,837.03,840.46
13871,201,375,W,19.00,12919.00,33.00,28.00,7.00,90.00,15.00,5.00,1.00,14745.00,17.00,20.00,13.00,-95.00,1.00,1.00,95.00,32.14,100.00,1,6,2025-12-13,1004.81,1019.34,0.41,0.59,979.30,1044.85
13874,104,696,W,6.00,12959.00,20.00,30.00,2.00,4.00,4.00,1.00,5.00,12473.00,17.00,29.00,6.00,-5.00,3.00,2.00,82.76,,100.00,1,6,2025-12-13,1104.21,914.45,0.72,0.28,1092.26,926.40
13876,400,411,W,5.00,11622.00,29.00,30.00,3.00,20.00,4.00,0.00,1.00,12754.00,7.00,18.00,14.00,-20.00,0.00,0.00,94.44,83.33,100.00,1,5,2025-12-13,1148.25,940.22,0.74,0.26,1137.28,951.19
13881,138,670,L,2.00,11737.00,24.00,25.00,9.00,-20.00,1.00,0.00,7.00,12495.00,18.00,31.00,16.00,19.00,6.00,1.00,77.42,92.00,100.00,1,7,2025-12-13,1075.47,835.24,0.86,0.14,1112.41,798.29
13753,1,578,W,7.00,12810.00,16.00,35.00,6.00,-1.00,7.00,4.00,6.00,12909.00,15.00,26.00,8.00,0.00,5.00,5.00,,80.00,99.00,1,0,2025-12-14,1493.33,1438.33,0.52,0.48,1472.68,1458.98
13754,580,447,W,11.00,11446.00,10.00,27.00,4.00,35.00,10.00,4.00,4.00,13266.00,13.00,28.00,5.00,-35.00,3.00,2.00,85.71,59.26,99.00,1,0,2025-12-14,1523.99,1476.41,0.51,0.49,1502.81,1497.58
13758,442,29,L,2.00,11327.00,9.00,17.00,21.00,-30.00,2.00,2.00,11.00,13598.00,19.00,49.00,4.00,30.00,11.00,8.00,77.55,88.24,99.00,1,0,2025-12-14,1404.41,1658.02,0.20,0.80,1413.20,1649.22
13776,378,92,L,3.00,12703.00,11.00,22.00,2.00,-6.00,3.00,2.00,5.00,12661.00,13.00,24.00,7.00,5.00,5.00,1.00,79.17,86.36,99.00,1,1,2025-12-14,1556.55,1515.10,0.63,0.37,1583.85,1487.81
13777,547,452,L,3.00,11899.00,8.00,35.00,12.00,-11.00,2.00,1.00,5.00,13395.00,18.00,32.00,9.00,9.00,5.00,2.00,84.38,91.43,99.00,1,1,2025-12-14,1349.08,1517.43,0.31,0.69,1362.26,1504.26
13778,494,46,L,0.00,13152.00,21.00,36.00,10.00,-30.00,0.00,0.00,7.00,12183.00,15.00,36.00,12.00,30.00,6.00,3.00,80.56,,99.00,1,1,2025-12-14,1478.23,1345.38,0.76,0.24,1510.81,1312.80
13787,399,188,L,3.00,12479.00,12.00,17.00,4.00,-35.00,3.00,1.00,10.00,12484.00,23.00,37.00,1.00,35.00,9.00,2.00,72.97,82.35,99.00,1,1,2025-12-14,1312.76,1494.06,0.29,0.71,1325.18,1481.63
13848,506,329,L,2.00,12841.00,8.00,23.00,14.00,-10.00,2.00,0.00,4.00,12347.00,39.00,41.00,3.00,10.00,4.00,1.00,90.24,91.30,100.00,1,2,2025-12-14,1378.49,1455.57,0.44,0.56,1397.60,1436.47
13850,214,581,L,3.00,12751.00,15.00,16.00,1.00,-8.00,3.00,2.00,4.00,11342.00,10.00,22.00,8.00,13.00,2.00,1.00,81.82,81.25,100.00,1,3,2025-12-14,1299.12,1150.00,0.78,0.22,1332.49,1116.64
13851,129,8,L,1.00,12281.00,37.00,32.00,1.00,-20.00,1.00,0.00,4.00,13573.00,15.00,27.00,11.00,19.00,4.00,0.00,85.19,96.88,100.00,1,3,2025-12-14,1293.89,1217.11,0.69,0.31,1323.39,1187.61
13860,130,398,L,1.00,12278.00,10.00,17.00,6.00,-15.00,1.00,0.00,5.00,12351.00,22.00,31.00,2.00,15.00,4.00,3.00,83.87,94.12,100.00,1,5,2025-12-14,996.31,1333.39,0.13,0.87,1002.03,1327.67
13862,446,661,W,4.00,14445.00,18.00,34.00,5.00,-5.00,2.00,1.00,3.00,13772.00,27.00,34.00,3.00,5.00,1.00,0.00,91.18,88.24,100.00,1,5,2025-12-14,1115.73,1067.91,0.51,0.49,1094.57,1089.07
13867,239,667,L,1.00,12800.00,20.00,31.00,6.00,-19.00,0.00,0.00,4.00,12253.00,16.00,28.00,4.00,19.00,2.00,1.00,85.71,96.77,100.00,1,0,2025-12-14,1629.72,1567.07,0.67,0.33,1658.36,1538.43
13868,676,671,W,5.00,12971.00,18.00,18.00,5.00,4.00,5.00,1.00,4.00,12951.00,21.00,32.00,12.00,-5.00,3.00,2.00,87.50,72.22,100.00,1,7,2025-12-14,719.25,849.78,0.25,0.75,686.79,882.25
13870,451,673,W,5.00,11888.00,19.00,21.00,8.00,20.00,3.00,1.00,0.00,13422.00,24.00,31.00,1.00,-20.00,0.00,0.00,100.00,76.19,100.00,1,7,2025-12-14,998.75,964.13,0.49,0.51,976.66,986.22
13877,445,652,L,0.00,12008.00,23.00,14.00,2.00,-35.00,0.00,0.00,7.00,11506.00,31.00,33.00,6.00,34.00,4.00,1.00,78.79,100.00,100.00,1,6,2025-12-14,882.90,876.74,0.58,0.42,907.84,851.81
13762,4,218,L,1.00,12770.00,21.00,34.00,6.00,-36.00,0.00,0.00,8.00,13164.00,16.00,33.00,13.00,35.00,7.00,3.00,75.76,97.06,99.00,1,0,2025-12-20,1214.78,1417.28,0.26,0.74,1226.04,1406.02
13836,188,393,L,0.00,13145.00,18.00,33.00,4.00,-3.00,0.00,0.00,1.00,13089.00,22.00,19.00,4.00,3.00,0.00,0.00,94.74,100.00,99.00,1,1,2025-12-20,1469.52,1469.16,0.57,0.43,1494.06,1444.62
13843,12,109,L,4.00,13218.00,18.00,32.00,4.00,-5.00,3.00,0.00,6.00,12732.00,18.00,35.00,6.00,5.00,3.00,1.00,82.86,87.50,100.00,1,1,2025-12-20,1391.14,1379.60,0.59,0.41,1416.45,1354.29
13887,668,48,L,4.00,12750.00,17.00,24.00,6.00,10.00,3.00,0.00,6.00,12794.00,14.00,26.00,4.00,-10.00,5.00,3.00,76.92,83.33,100.00,1,1,2025-12-20,1359.12,1395.56,0.51,0.49,1381.08,1373.59
13890,498,22,W,4.00,12583.00,11.00,21.00,8.00,14.00,3.00,2.00,1.00,13565.00,18.00,19.00,1.00,-15.00,1.00,0.00,94.74,80.95,100.00,1,2,2025-12-20,1409.22,1225.18,0.71,0.29,1396.95,1237.45
13891,506,450,L,1.00,13178.00,19.00,17.00,9.00,-5.00,0.00,0.00,2.00,12817.00,23.00,43.00,7.00,5.00,2.00,0.00,95.35,94.12,100.00,1,2,2025-12-20,1352.59,1332.15,0.60,0.40,1378.49,1306.25
13893,129,214,W,3.00,13270.00,37.00,50.00,9.00,10.00,1.00,0.00,1.00,13583.00,17.00,24.00,15.00,-10.00,1.00,1.00,95.83,94.00,100.00,1,3,2025-12-20,1315.71,1277.29,0.49,0.51,1293.89,1299.12
13894,130,216,W,4.00,13242.00,25.00,31.00,5.00,15.00,2.00,0.00,1.00,11158.00,19.00,26.00,14.00,-15.00,0.00,0.00,96.15,87.10,100.00,1,5,2025-12-20,1014.37,922.13,0.58,0.42,996.31,940.18
13895,581,24,W,2.00,12017.00,14.00,21.00,8.00,5.00,2.00,2.00,0.00,12299.00,25.00,26.00,4.00,-5.00,0.00,0.00,100.00,90.48,100.00,1,3,2025-12-20,1173.84,1164.01,0.45,0.55,1150.00,1187.84
13899,207,332,W,3.00,12464.00,25.00,32.00,4.00,-3.00,2.00,0.00,2.00,12479.00,14.00,26.00,6.00,2.00,2.00,2.00,92.31,90.62,100.00,1,3,2025-12-20,1128.09,1203.98,0.32,0.68,1098.64,1233.43
13901,582,406,L,1.00,13873.00,14.00,17.00,13.00,2.00,1.00,0.00,2.00,14046.00,29.00,36.00,1.00,-2.00,1.00,0.00,94.44,94.12,100.00,1,4,2025-12-20,991.10,1262.25,0.19,0.81,999.16,1254.20
13904,502,26,W,3.00,13319.00,36.00,40.00,5.00,10.00,2.00,1.00,1.00,11770.00,17.00,23.00,16.00,-10.00,1.00,0.00,95.65,92.50,100.00,1,4,2025-12-20,1130.76,889.75,0.78,0.22,1121.40,899.11
13906,577,337,W,4.00,12947.00,21.00,15.00,11.00,0.00,3.00,0.00,3.00,12270.00,17.00,24.00,6.00,0.00,3.00,2.00,87.50,73.33,100.00,1,4,2025-12-20,1138.15,1101.77,0.49,0.51,1116.18,1123.74
13909,431,491,L,1.00,12748.00,15.00,24.00,10.00,-10.00,1.00,0.00,3.00,12570.00,32.00,28.00,5.00,10.00,2.00,0.00,89.29,95.83,100.00,1,5,2025-12-20,1184.44,1114.56,0.68,0.32,1213.53,1085.48
13911,445,201,W,4.00,12797.00,14.00,23.00,10.00,10.00,4.00,2.00,1.00,12546.00,23.00,33.00,8.00,-11.00,1.00,1.00,96.97,82.61,100.00,1,6,2025-12-20,911.65,976.06,0.33,0.67,882.90,1004.81
13915,401,652,L,2.00,13258.00,9.00,15.00,12.00,-5.00,2.00,0.00,3.00,11900.00,23.00,30.00,5.00,5.00,2.00,1.00,90.00,86.67,100.00,1,6,2025-12-20,677.61,887.61,0.25,0.75,688.48,876.74
13931,705,451,L,2.00,1661.00,33.00,20.00,3.00,-10.00,2.00,0.00,5.00,4288.00,4.00,21.00,6.00,10.00,4.00,2.00,76.19,90.00,100.00,1,7,2025-12-20,845.46,1012.03,0.31,0.69,858.74,998.75
13759,1,580,W,7.00,13086.00,16.00,46.00,7.00,21.00,7.00,4.00,2.00,12397.00,19.00,17.00,5.00,-21.00,2.00,1.00,88.24,84.78,99.00,1,0,2025-12-21,1516.73,1500.60,0.46,0.54,1493.33,1523.99
13760,49,29,W,4.00,12043.00,11.00,27.00,32.00,0.00,3.00,1.00,2.00,13410.00,20.00,30.00,7.00,0.00,2.00,1.00,93.33,85.19,99.00,1,0,2025-12-21,1477.43,1624.73,0.23,0.77,1444.15,1658.02
13763,56,578,L,2.00,13101.00,19.00,29.00,2.00,-5.00,2.00,2.00,4.00,12069.00,9.00,30.00,7.00,4.00,4.00,3.00,86.67,93.10,99.00,1,0,2025-12-21,1495.05,1464.89,0.62,0.38,1521.60,1438.33
13788,452,188,W,5.00,13815.00,21.00,24.00,3.00,9.00,3.00,1.00,3.00,10470.00,18.00,30.00,18.00,-10.00,3.00,1.00,90.00,79.17,99.00,1,1,2025-12-21,1535.99,1450.96,0.57,0.43,1517.43,1469.52
13789,396,547,L,0.00,12763.00,9.00,13.00,8.00,-25.00,0.00,0.00,5.00,13117.00,23.00,50.00,4.00,25.00,3.00,1.00,90.00,100.00,99.00,1,1,2025-12-21,1227.46,1364.19,0.35,0.65,1242.57,1349.08
13840,443,111,L,1.00,12724.00,18.00,35.00,4.00,-15.00,1.00,0.00,5.00,12545.00,17.00,32.00,3.00,13.00,4.00,1.00,84.38,97.14,100.00,1,0,2025-12-21,1471.75,1436.11,0.63,0.37,1498.67,1409.19
13888,409,438,L,0.00,13057.00,21.00,20.00,2.00,-45.00,0.00,0.00,10.00,13075.00,13.00,35.00,8.00,45.00,8.00,4.00,71.43,100.00,100.00,1,1,2025-12-21,1313.26,1480.34,0.31,0.69,1326.51,1467.09
13892,44,329,L,3.00,13031.00,18.00,21.00,7.00,-16.00,2.00,0.00,6.00,12749.00,21.00,39.00,5.00,13.00,4.00,1.00,84.62,85.71,100.00,1,2,2025-12-21,1373.05,1473.10,0.41,0.59,1390.58,1455.57
13896,189,38,W,8.00,12629.00,20.00,38.00,7.00,29.00,8.00,4.00,2.00,12258.00,13.00,26.00,10.00,-30.00,2.00,0.00,,,100.00,1,3,2025-12-21,1278.82,1055.26,0.76,0.24,1268.63,1065.44
13898,378,494,L,3.00,13834.00,25.00,33.00,6.00,-5.00,3.00,1.00,4.00,12773.00,14.00,28.00,11.00,5.00,3.00,3.00,85.71,90.91,99.00,1,1,2025-12-21,1530.29,1504.49,0.61,0.39,1556.55,1478.23
13900,570,568,W,5.00,50.00,0.00,0.00,0.00,20.00,4.00,1.00,1.00,12237.00,16.00,28.00,9.00,-20.00,1.00,1.00,96.43,-inf,100.00,1,3,2025-12-21,1362.00,1180.21,0.71,0.29,1349.60,1192.60
13902,448,672,L,3.00,11841.00,26.00,25.00,5.00,5.00,1.00,0.00,5.00,12749.00,18.00,23.00,9.00,-5.00,5.00,2.00,78.26,88.00,100.00,1,5,2025-12-21,1111.64,1173.09,0.47,0.53,1131.84,1152.89
13903,269,661,L,2.00,12953.00,14.00,29.00,4.00,-14.00,2.00,1.00,6.00,12508.00,6.00,30.00,4.00,14.00,5.00,1.00,80.00,93.10,100.00,1,5,2025-12-21,1164.82,1096.88,0.67,0.33,1193.79,1067.91
13905,504,331,W,4.00,13026.00,17.00,19.00,18.00,20.00,4.00,0.00,0.00,13345.00,32.00,40.00,1.00,-20.00,0.00,0.00,100.00,78.95,100.00,1,4,2025-12-21,1136.28,1094.75,0.50,0.50,1114.67,1116.36
13907,217,215,W,6.00,12304.00,20.00,26.00,3.00,10.00,3.00,0.00,1.00,11776.00,17.00,17.00,14.00,-10.00,1.00,1.00,,76.92,100.00,1,5,2025-12-21,1154.32,1059.61,0.58,0.42,1136.43,1077.49
13908,176,411,W,5.00,7793.00,22.00,30.00,5.00,15.00,3.00,1.00,2.00,10114.00,21.00,23.00,10.00,-15.00,2.00,1.00,91.30,83.33,100.00,1,5,2025-12-21,1011.51,921.98,0.58,0.42,993.27,940.22
13912,696,245,L,2.00,13043.00,22.00,28.00,5.00,-15.00,1.00,0.00,5.00,11864.00,13.00,25.00,4.00,15.00,5.00,3.00,,92.86,100.00,1,6,2025-12-21,901.11,1066.74,0.31,0.69,914.45,1053.41
13913,59,104,L,3.00,12950.00,32.00,27.00,6.00,-5.00,2.00,0.00,5.00,12856.00,7.00,33.00,13.00,5.00,4.00,3.00,84.85,88.89,100.00,1,6,2025-12-21,845.92,1112.45,0.19,0.81,854.16,1104.21
13916,584,449,W,3.00,12780.00,23.00,23.00,4.00,15.00,3.00,0.00,0.00,12389.00,10.00,21.00,8.00,-15.00,0.00,0.00,100.00,86.96,100.00,1,6,2025-12-21,1034.89,980.65,0.52,0.48,1014.18,1001.35
13929,336,8,L,5.00,12274.00,12.00,31.00,10.00,-14.00,5.00,3.00,7.00,12629.00,23.00,29.00,7.00,14.00,5.00,2.00,75.86,83.87,100.00,1,3,2025-12-21,1295.47,1244.99,0.65,0.35,1323.35,1217.11
13930,676,453,W,8.00,12162.00,22.00,32.00,10.00,14.00,4.00,0.00,4.00,12344.00,21.00,23.00,8.00,-14.00,3.00,1.00,82.61,75.00,100.00,1,7,2025-12-21,739.36,676.57,0.53,0.47,719.25,696.67
13932,138,671,W,4.00,12504.00,23.00,34.00,6.00,0.00,2.00,1.00,3.00,12875.00,21.00,21.00,3.00,0.00,1.00,0.00,,88.24,100.00,1,7,2025-12-21,1084.68,840.57,0.79,0.21,1075.47,849.78
13933,674,664,L,4.00,12829.00,21.00,20.00,15.00,5.00,3.00,0.00,5.00,13742.00,28.00,30.00,4.00,-5.00,1.00,0.00,83.33,80.00,100.00,1,7,2025-12-21,654.90,723.49,0.46,0.54,674.60,703.80
13934,375,61,L,3.00,12473.00,14.00,28.00,8.00,-5.00,2.00,0.00,4.00,12653.00,19.00,25.00,5.00,5.00,4.00,1.00,84.00,89.29,100.00,1,6,2025-12-21,990.11,917.78,0.68,0.32,1019.34,888.55
13942,129,568,L,3.00,12276.00,16.00,20.00,2.00,-16.00,3.00,1.00,6.00,12927.00,17.00,25.00,9.00,15.00,6.00,0.00,76.00,85.00,100.00,1,3,2025-12-27,1286.23,1209.69,0.69,0.31,1315.71,1180.21
13943,269,130,L,4.00,13889.00,15.00,27.00,12.00,-8.00,3.00,2.00,5.00,12598.00,29.00,35.00,4.00,8.00,4.00,1.00,85.71,85.19,100.00,1,5,2025-12-27,1134.55,1044.64,0.70,0.30,1164.82,1014.37
13945,676,532,L,3.00,12989.00,20.00,23.00,12.00,-10.00,3.00,1.00,7.00,11891.00,19.00,29.00,4.00,10.00,5.00,2.00,,86.96,100.00,1,7,2025-12-27,733.38,1062.03,0.14,0.86,739.36,1056.05
13948,214,8,L,3.00,12746.00,20.00,31.00,10.00,-5.00,2.00,1.00,4.00,12565.00,23.00,42.00,8.00,5.00,3.00,1.00,90.48,90.32,100.00,1,3,2025-12-27,1253.80,1268.48,0.55,0.45,1277.29,1244.99
13949,207,38,W,5.00,12217.00,25.00,40.00,8.00,15.00,5.00,3.00,2.00,13077.00,18.00,25.00,12.00,-15.00,1.00,0.00,92.00,87.50,100.00,1,3,2025-12-27,1145.14,1038.20,0.60,0.40,1128.09,1055.26
13952,577,439,L,1.00,13128.00,24.00,32.00,7.00,-5.00,1.00,0.00,2.00,11761.00,22.00,29.00,12.00,4.00,2.00,1.00,93.10,96.88,100.00,1,4,2025-12-27,1123.35,1264.93,0.34,0.66,1138.15,1250.13
13957,215,176,L,3.00,12379.00,30.00,32.00,5.00,-8.00,2.00,1.00,4.00,13035.00,21.00,19.00,10.00,8.00,4.00,2.00,78.95,90.62,100.00,1,5,2025-12-27,1035.15,1035.97,0.57,0.43,1059.61,1011.51
13958,245,201,L,1.00,12466.00,21.00,21.00,9.00,-5.00,0.00,0.00,2.00,11834.00,21.00,30.00,8.00,4.00,1.00,0.00,93.33,95.24,100.00,1,6,2025-12-27,1039.75,1003.05,0.63,0.37,1066.74,976.06
13959,705,663,L,5.00,12951.00,21.00,25.00,4.00,-5.00,3.00,1.00,6.00,12631.00,22.00,34.00,6.00,5.00,1.00,0.00,82.35,80.00,100.00,1,7,2025-12-27,822.31,841.90,0.54,0.46,845.46,818.75
13769,396,46,L,2.00,13160.00,16.00,21.00,6.00,-15.00,2.00,1.00,6.00,12714.00,16.00,39.00,4.00,15.00,6.00,2.00,84.62,90.48,99.00,1,1,2025-12-28,1212.99,1359.85,0.34,0.66,1227.46,1345.38
13941,667,379,L,1.00,12523.00,22.00,35.00,3.00,-20.00,1.00,0.00,7.00,12980.00,13.00,24.00,4.00,20.00,6.00,2.00,70.83,97.14,100.00,1,0,2025-12-28,1534.28,1397.33,0.76,0.24,1567.07,1364.55
13944,189,581,W,3.00,12760.00,29.00,41.00,4.00,10.00,2.00,1.00,2.00,12685.00,14.00,25.00,13.00,-10.00,1.00,0.00,92.00,92.68,100.00,1,3,2025-12-28,1294.01,1158.64,0.65,0.35,1278.82,1173.84
13947,411,661,L,0.00,12815.00,16.00,18.00,8.00,-25.00,0.00,0.00,5.00,12771.00,38.00,43.00,5.00,25.00,4.00,3.00,88.37,100.00,100.00,1,5,2025-12-28,910.47,1108.39,0.27,0.73,921.98,1096.88
13950,570,332,W,9.00,12978.00,27.00,44.00,4.00,39.00,8.00,4.00,1.00,12198.00,11.00,15.00,7.00,-39.00,0.00,0.00,93.33,,100.00,1,3,2025-12-28,1374.34,1191.64,0.71,0.29,1362.00,1203.98
13951,499,672,L,1.00,12876.00,15.00,16.00,12.00,-20.00,1.00,0.00,4.00,12649.00,19.00,27.00,7.00,20.00,1.00,0.00,85.19,93.75,100.00,1,5,2025-12-28,1210.35,1198.42,0.59,0.41,1235.68,1173.09
13953,406,337,W,5.00,12841.00,25.00,23.00,7.00,10.00,5.00,2.00,3.00,12660.00,16.00,20.00,8.00,-10.00,3.00,2.00,85.00,78.26,100.00,1,4,2025-12-28,1274.47,1089.55,0.72,0.28,1262.25,1101.77
13954,331,675,L,1.00,12741.00,31.00,27.00,3.00,-5.00,1.00,0.00,3.00,12539.00,13.00,20.00,12.00,5.00,2.00,0.00,85.00,96.30,100.00,1,4,2025-12-28,1076.48,1165.53,0.43,0.57,1094.75,1147.26
13955,431,448,W,5.00,12540.00,21.00,29.00,12.00,9.00,2.00,1.00,4.00,13077.00,27.00,43.00,11.00,-10.00,4.00,1.00,90.70,82.76,100.00,1,5,2025-12-28,1201.50,1094.58,0.60,0.40,1184.44,1111.64
13956,491,217,W,2.00,12391.00,25.00,24.00,8.00,1.00,2.00,0.00,1.00,12472.00,24.00,30.00,2.00,-1.00,1.00,1.00,96.67,91.67,100.00,1,5,2025-12-28,1138.51,1130.37,0.44,0.56,1114.56,1154.32
13960,584,445,W,3.00,12612.00,24.00,30.00,4.00,4.00,3.00,1.00,1.00,12910.00,20.00,22.00,3.00,-5.00,1.00,0.00,95.45,90.00,100.00,1,6,2025-12-28,1049.07,897.47,0.67,0.33,1034.89,911.65
13962,449,696,W,7.00,12955.00,32.00,27.00,7.00,24.00,6.00,2.00,3.00,12928.00,17.00,20.00,6.00,-25.00,3.00,0.00,85.00,74.07,100.00,1,6,2025-12-28,997.31,884.45,0.61,0.39,980.65,901.11
13963,401,574,L,5.00,13641.00,6.00,14.00,17.00,-35.00,3.00,1.00,12.00,12824.00,43.00,57.00,2.00,35.00,11.00,7.00,78.95,64.29,100.00,1,6,2025-12-28,670.54,967.27,0.16,0.84,677.61,960.20
13964,664,138,L,8.00,12980.00,24.00,24.00,8.00,-10.00,8.00,3.00,9.00,12571.00,16.00,33.00,10.00,10.00,7.00,1.00,72.73,66.67,100.00,1,7,2025-12-28,718.71,1089.46,0.11,0.89,723.49,1084.68
13985,1,56,L,2.00,12526.00,20.00,31.00,8.00,-30.00,2.00,2.00,9.00,12736.00,18.00,31.00,6.00,29.00,9.00,5.00,70.97,93.55,99.00,1,0,2026-01-02,1493.89,1517.89,0.53,0.47,1516.73,1495.05
13988,17,580,W,4.00,12499.00,12.00,24.00,16.00,10.00,3.00,1.00,3.00,12545.00,26.00,38.00,6.00,-11.00,3.00,2.00,92.11,83.33,99.00,1,0,2026-01-02,1672.29,1488.32,0.71,0.29,1660.01,1500.60
13989,29,578,L,4.00,13223.00,30.00,37.00,12.00,-4.00,4.00,1.00,7.00,13229.00,26.00,43.00,7.00,5.00,7.00,3.00,83.72,89.19,99.00,1,0,2026-01-02,1593.98,1495.64,0.72,0.28,1624.73,1464.89
14088,443,379,L,2.00,13517.00,23.00,28.00,5.00,-15.00,2.00,0.00,4.00,13351.00,17.00,29.00,6.00,15.00,3.00,1.00,86.21,92.86,100.00,1,0,2026-01-02,1445.72,1423.37,0.61,0.39,1471.75,1397.33
14184,378,46,L,3.00,13202.00,22.00,22.00,5.00,-20.00,3.00,1.00,6.00,12441.00,14.00,26.00,10.00,20.00,5.00,2.00,76.92,86.36,99.00,1,1,2026-01-02,1499.01,1391.13,0.73,0.27,1530.29,1359.85
14186,399,393,L,2.00,12963.00,5.00,22.00,7.00,-15.00,1.00,0.00,5.00,12425.00,23.00,42.00,1.00,13.00,5.00,2.00,88.10,90.91,99.00,1,1,2026-01-02,1300.33,1481.59,0.29,0.71,1312.76,1469.16
14200,547,579,W,7.00,11741.00,18.00,27.00,3.00,26.00,2.00,0.00,2.00,11741.00,12.00,28.00,2.00,-29.00,2.00,1.00,92.86,74.07,99.00,1,1,2026-01-02,1397.09,1536.31,0.24,0.76,1364.19,1569.20
14202,23,668,L,1.00,12760.00,16.00,23.00,4.00,-3.00,1.00,1.00,2.00,0.00,0.00,1.00,0.00,3.00,2.00,1.00,-100.00,95.65,100.00,1,1,2026-01-02,1460.73,1388.35,0.68,0.32,1489.97,1359.12
14203,48,438,W,6.00,11594.00,25.00,32.00,5.00,29.00,6.00,4.00,2.00,12454.00,10.00,28.00,4.00,-30.00,2.00,1.00,92.86,81.25,100.00,1,1,2026-01-02,1422.20,1453.69,0.38,0.62,1395.56,1480.34
14204,408,12,W,5.00,14128.00,26.00,32.00,13.00,10.00,5.00,1.00,4.00,13118.00,36.00,27.00,7.00,-11.00,3.00,2.00,85.19,84.38,100.00,1,1,2026-01-02,1524.16,1376.71,0.66,0.34,1509.73,1391.14
14221,38,581,W,5.00,12549.00,9.00,28.00,2.00,11.00,4.00,2.00,3.00,8997.00,22.00,24.00,9.00,-11.00,3.00,2.00,87.50,82.14,100.00,1,3,2026-01-02,1066.87,1129.97,0.33,0.67,1038.20,1158.64
14226,577,504,L,4.00,12991.00,17.00,27.00,4.00,0.00,4.00,2.00,5.00,12750.00,24.00,35.00,4.00,0.00,5.00,2.00,85.71,85.19,100.00,1,4,2026-01-02,1102.65,1156.98,0.48,0.52,1123.35,1136.28
14227,331,439,L,4.00,13092.00,20.00,31.00,10.00,-11.00,4.00,1.00,6.00,12417.00,15.00,32.00,12.00,9.00,5.00,4.00,81.25,87.10,100.00,1,4,2026-01-02,1065.62,1275.79,0.25,0.75,1076.48,1264.93
14228,582,502,L,1.00,12156.00,12.00,26.00,6.00,-20.00,1.00,1.00,6.00,12522.00,18.00,31.00,2.00,18.00,4.00,2.00,80.65,96.15,100.00,1,4,2026-01-02,977.81,1144.06,0.31,0.69,991.10,1130.76
14245,696,201,L,2.00,12884.00,11.00,16.00,11.00,-5.00,1.00,0.00,3.00,13089.00,33.00,32.00,3.00,5.00,3.00,1.00,90.62,87.50,100.00,1,6,2026-01-02,870.02,1017.48,0.34,0.66,884.45,1003.05
14252,672,217,W,6.00,12629.00,7.00,22.00,12.00,30.00,5.00,3.00,1.00,12766.00,21.00,35.00,3.00,-30.00,1.00,0.00,97.14,,100.00,1,5,2026-01-02,1215.76,1113.02,0.60,0.40,1198.42,1130.37
14253,400,215,W,2.00,12717.00,14.00,34.00,8.00,10.00,1.00,0.00,0.00,13689.00,22.00,23.00,3.00,-10.00,0.00,0.00,100.00,94.12,100.00,1,5,2026-01-02,1162.99,1020.41,0.66,0.34,1148.25,1035.15
14254,61,59,W,1.00,12492.00,11.00,21.00,7.00,4.00,1.00,0.00,0.00,13835.00,26.00,30.00,6.00,-4.00,0.00,0.00,100.00,95.24,100.00,1,6,2026-01-02,934.89,828.81,0.60,0.40,917.78,845.92
14257,676,674,L,1.00,12667.00,11.00,8.00,3.00,-25.00,0.00,0.00,6.00,12922.00,14.00,29.00,5.00,25.00,4.00,1.00,79.31,87.50,100.00,1,7,2026-01-02,707.10,681.18,0.61,0.39,733.38,654.90
14258,705,501,W,3.00,12508.00,7.00,19.00,4.00,10.00,3.00,0.00,1.00,11103.00,20.00,16.00,3.00,-10.00,1.00,0.00,93.75,84.21,100.00,1,7,2026-01-02,856.44,1022.27,0.21,0.79,822.31,1056.40
14259,670,451,L,2.00,12966.00,11.00,19.00,5.00,-35.00,1.00,0.00,9.00,13067.00,17.00,30.00,5.00,35.00,7.00,2.00,70.00,89.47,100.00,1,7,2026-01-02,823.82,1023.45,0.27,0.73,835.24,1012.03
14086,35,111,W,3.00,13197.00,24.00,30.00,7.00,5.00,3.00,3.00,1.00,13007.00,27.00,19.00,9.00,-6.00,0.00,0.00,94.74,90.00,100.00,1,0,2026-01-03,1590.86,1422.92,0.69,0.31,1577.67,1436.11
14099,239,669,L,5.00,13242.00,19.00,17.00,21.00,-10.00,5.00,2.00,6.00,12603.00,40.00,35.00,7.00,10.00,4.00,1.00,82.86,,100.00,1,0,2026-01-03,1604.93,1600.96,0.58,0.42,1629.72,1576.17
14397,675,337,L,1.00,13260.00,8.00,20.00,2.00,-5.00,1.00,1.00,3.00,12553.00,21.00,29.00,5.00,5.00,3.00,1.00,89.66,95.00,100.00,1,4,2026-01-03,1139.40,1115.68,0.61,0.39,1165.53,1089.55
14398,577,406,L,2.00,12485.00,14.00,22.00,7.00,-24.00,2.00,1.00,8.00,12642.00,24.00,44.00,6.00,24.00,5.00,1.00,81.82,,100.00,1,4,2026-01-03,1090.99,1286.12,0.27,0.73,1102.65,1274.47
14434,29,49,L,2.00,13264.00,20.00,28.00,3.00,-5.00,2.00,0.00,4.00,12899.00,10.00,36.00,10.00,4.00,4.00,0.00,88.89,92.86,99.00,7,0,2026-01-03,1565.53,1505.88,0.66,0.34,1593.98,1477.43
14436,578,56,W,7.00,13337.00,33.00,40.00,9.00,15.00,6.00,6.00,2.00,12469.00,16.00,23.00,12.00,-15.00,2.00,2.00,91.30,82.50,99.00,7,0,2026-01-03,1518.51,1495.01,0.47,0.53,1495.64,1517.89
14438,378,92,W,3.00,13035.00,35.00,36.00,7.00,10.00,3.00,2.00,2.00,13367.00,19.00,29.00,17.00,-10.00,2.00,1.00,93.10,91.67,99.00,1,1,2026-01-03,1521.51,1492.61,0.48,0.52,1499.01,1515.10
14440,46,579,L,4.00,12805.00,28.00,33.00,4.00,-10.00,4.00,1.00,7.00,13078.00,18.00,35.00,18.00,10.00,6.00,4.00,80.00,87.88,99.00,1,1,2026-01-03,1378.12,1549.31,0.30,0.70,1391.13,1536.31
14446,23,438,L,2.00,13530.00,21.00,30.00,7.00,-2.00,2.00,2.00,3.00,13062.00,16.00,22.00,10.00,3.00,3.00,1.00,86.36,93.33,100.00,1,1,2026-01-03,1438.80,1475.63,0.51,0.49,1460.73,1453.69
14447,189,8,W,5.00,13431.00,16.00,23.00,3.00,2.00,3.00,3.00,4.00,13791.00,20.00,29.00,8.00,-2.00,1.00,0.00,86.21,78.26,100.00,1,3,2026-01-03,1313.93,1248.56,0.54,0.46,1294.01,1268.48
14449,38,332,W,3.00,12173.00,29.00,38.00,3.00,15.00,3.00,1.00,0.00,13243.00,18.00,17.00,8.00,-15.00,0.00,0.00,100.00,92.11,100.00,1,3,2026-01-03,1095.77,1162.73,0.33,0.67,1066.87,1191.64
14454,201,574,W,3.00,12776.00,19.00,28.00,8.00,8.00,1.00,1.00,2.00,13432.00,28.00,22.00,7.00,-7.00,2.00,0.00,90.91,89.29,100.00,1,6,2026-01-03,1035.89,948.85,0.57,0.43,1017.48,967.27
14455,696,59,L,1.00,12858.00,19.00,33.00,2.00,-15.00,1.00,0.00,4.00,13027.00,10.00,20.00,4.00,15.00,3.00,2.00,80.00,96.97,100.00,1,6,2026-01-03,845.98,852.84,0.56,0.44,870.02,828.81
14460,673,138,L,0.00,13731.00,27.00,34.00,4.00,-5.00,0.00,0.00,2.00,11242.00,14.00,13.00,8.00,5.00,2.00,0.00,84.62,100.00,100.00,1,7,2026-01-03,950.06,1103.52,0.33,0.67,964.13,1089.46
14461,532,671,L,1.00,11500.00,20.00,18.00,13.00,-10.00,1.00,0.00,4.00,12564.00,31.00,31.00,11.00,10.00,4.00,2.00,,94.44,100.00,1,7,2026-01-03,1028.42,874.18,0.78,0.22,1062.03,840.57
14463,400,217,W,4.00,12947.00,16.00,17.00,13.00,10.00,3.00,1.00,2.00,13314.00,32.00,22.00,7.00,-10.00,2.00,2.00,90.91,,100.00,1,5,2026-01-03,1181.42,1094.60,0.57,0.43,1162.99,1113.02
14466,661,398,W,3.00,12722.00,23.00,30.00,8.00,5.00,2.00,1.00,2.00,12987.00,22.00,21.00,11.00,-5.00,2.00,0.00,90.48,90.00,100.00,1,5,2026-01-03,1142.14,1299.63,0.21,0.79,1108.39,1333.39
13973,1,29,W,4.00,13390.00,21.00,31.00,8.00,5.00,4.00,3.00,3.00,13731.00,14.00,29.00,5.00,-4.00,3.00,1.00,89.66,87.10,99.00,1,0,2026-01-17,1519.76,1539.66,0.40,0.60,1493.89,1565.53
13974,17,49,W,3.00,12816.00,19.00,23.00,5.00,0.00,3.00,2.00,2.00,12557.00,15.00,19.00,5.00,0.00,1.00,0.00,89.47,86.96,99.00,1,0,2026-01-17,1684.21,1493.96,0.72,0.28,1672.29,1505.88
13975,442,218,L,4.00,13524.00,21.00,17.00,8.00,-29.00,4.00,1.00,10.00,13439.00,15.00,31.00,13.00,30.00,10.00,2.00,67.74,76.47,99.00,1,0,2026-01-17,1383.71,1437.99,0.48,0.52,1404.41,1417.28
13977,578,447,L,2.00,13145.00,19.00,36.00,10.00,-35.00,2.00,1.00,8.00,12777.00,27.00,39.00,4.00,35.00,7.00,1.00,79.49,94.44,99.00,1,0,2026-01-17,1494.42,1500.50,0.56,0.44,1518.51,1476.41
14016,396,378,L,1.00,12779.00,10.00,12.00,3.00,-10.00,1.00,1.00,3.00,12808.00,26.00,43.00,5.00,9.00,2.00,0.00,93.02,91.67,99.00,1,1,2026-01-17,1206.76,1527.73,0.14,0.86,1212.99,1521.51
14057,547,188,W,5.00,13120.00,16.00,38.00,8.00,10.00,4.00,2.00,2.00,13074.00,13.00,27.00,9.00,-10.00,1.00,1.00,92.59,86.84,99.00,1,1,2026-01-17,1421.89,1426.16,0.42,0.58,1397.09,1450.96
14060,494,452,W,3.00,12883.00,10.00,37.00,5.00,4.00,1.00,1.00,2.00,13211.00,12.00,15.00,0.00,-5.00,2.00,2.00,86.67,91.89,99.00,1,1,2026-01-17,1527.94,1512.54,0.45,0.55,1504.49,1535.99
14071,35,669,W,4.00,12322.00,15.00,16.00,12.00,10.00,4.00,2.00,2.00,12489.00,32.00,30.00,8.00,-10.00,1.00,1.00,93.33,,100.00,1,0,2026-01-17,1612.99,1578.83,0.49,0.51,1590.86,1600.96
14090,667,111,W,4.00,12041.00,14.00,29.00,2.00,10.00,3.00,2.00,2.00,12461.00,13.00,27.00,3.00,-10.00,2.00,0.00,92.59,86.21,100.00,1,0,2026-01-17,1549.12,1408.08,0.65,0.35,1534.28,1422.92
14109,214,336,W,5.00,14093.00,20.00,34.00,10.00,-1.00,3.00,0.00,4.00,14111.00,21.00,49.00,12.00,0.00,2.00,0.00,91.84,85.29,100.00,1,3,2026-01-17,1277.87,1271.41,0.44,0.56,1253.80,1295.47
14110,24,568,L,4.00,12856.00,16.00,17.00,6.00,-20.00,1.00,0.00,8.00,13096.00,20.00,27.00,6.00,20.00,5.00,2.00,70.37,76.47,100.00,1,3,2026-01-17,1145.32,1228.38,0.43,0.57,1164.01,1209.69
14114,582,26,L,7.00,14065.00,20.00,41.00,9.00,2.00,5.00,2.00,8.00,13891.00,23.00,40.00,7.00,0.00,7.00,4.00,80.00,82.93,100.00,1,4,2026-01-17,950.97,916.59,0.62,0.38,977.81,889.75
14116,406,675,L,2.00,12967.00,24.00,15.00,12.00,-10.00,1.00,0.00,3.00,12983.00,18.00,20.00,10.00,10.00,3.00,2.00,85.00,86.67,100.00,1,4,2026-01-17,1256.05,1169.48,0.70,0.30,1286.12,1139.40
14118,398,130,W,8.00,13132.00,20.00,37.00,8.00,35.00,6.00,0.00,1.00,12891.00,21.00,23.00,6.00,-34.00,1.00,0.00,95.65,78.38,100.00,1,5,2026-01-17,1307.68,1036.58,0.81,0.19,1299.63,1044.64
14120,269,499,L,3.00,13227.00,25.00,29.00,9.00,-5.00,1.00,1.00,4.00,12876.00,27.00,26.00,12.00,5.00,4.00,0.00,84.62,89.66,100.00,1,5,2026-01-17,1117.67,1227.23,0.39,0.61,1134.55,1210.35
14123,411,176,L,1.00,13242.00,23.00,27.00,9.00,-15.00,1.00,0.00,3.00,13254.00,24.00,25.00,9.00,15.00,3.00,0.00,88.00,96.30,100.00,1,5,2026-01-17,896.42,1050.03,0.33,0.67,910.47,1035.97
14124,670,138,W,5.00,13113.00,26.00,29.00,9.00,0.00,4.00,2.00,4.00,12532.00,21.00,25.00,10.00,-1.00,3.00,0.00,84.00,82.76,100.00,1,7,2026-01-17,859.66,1067.69,0.17,0.83,823.82,1103.52
14125,501,664,W,2.00,12833.00,30.00,32.00,8.00,5.00,2.00,1.00,1.00,10674.00,17.00,12.00,13.00,-6.00,0.00,0.00,91.67,93.75,100.00,1,7,2026-01-17,1028.65,712.33,0.85,0.15,1022.27,718.71
14126,671,451,L,3.00,12604.00,12.00,21.00,10.00,-10.00,2.00,0.00,5.00,12697.00,26.00,24.00,7.00,9.00,4.00,1.00,,,100.00,1,7,2026-01-17,861.38,1036.24,0.30,0.70,874.18,1023.45
14128,705,674,L,1.00,13129.00,29.00,22.00,9.00,0.00,0.00,0.00,3.00,13512.00,24.00,27.00,8.00,0.00,1.00,0.00,88.89,95.45,100.00,1,7,2026-01-17,824.93,712.69,0.73,0.27,856.44,681.18
14129,652,201,L,3.00,12483.00,34.00,28.00,14.00,-5.00,3.00,0.00,5.00,12111.00,34.00,23.00,13.00,5.00,4.00,1.00,78.26,89.29,100.00,1,6,2026-01-17,874.77,1048.74,0.30,0.70,887.61,1035.89
14132,445,696,L,4.00,12531.00,20.00,22.00,3.00,-5.00,4.00,3.00,5.00,13040.00,17.00,30.00,12.00,5.00,4.00,2.00,83.33,,100.00,1,6,2026-01-17,872.81,870.64,0.57,0.43,897.47,845.98
14136,191,92,W,5.00,12469.00,30.00,44.00,9.00,14.00,5.00,2.00,2.00,12530.00,25.00,33.00,17.00,-16.00,2.00,1.00,93.94,88.64,99.00,1,1,2026-01-17,1636.72,1478.81,0.68,0.32,1622.93,1492.61
13978,218,447,L,4.00,12832.00,16.00,33.00,11.00,1.00,2.00,0.00,5.00,13716.00,20.00,31.00,7.00,-4.00,5.00,3.00,83.87,87.88,99.00,1,0,2026-01-18,1420.31,1518.17,0.41,0.59,1437.99,1500.50
13984,580,4,W,15.00,12104.00,25.00,46.00,3.00,55.00,14.00,13.00,2.00,13423.00,15.00,30.00,9.00,-55.00,2.00,2.00,93.33,67.39,99.00,1,0,2026-01-18,1495.70,1207.40,0.83,0.17,1488.32,1214.78
14058,188,396,W,4.00,12282.00,15.00,36.00,1.00,12.00,3.00,1.00,1.00,42170.00,8.00,19.00,6.00,-15.00,1.00,1.00,94.74,88.89,99.00,1,1,2026-01-18,1435.64,1197.28,0.78,0.22,1426.16,1206.76
14059,378,393,W,4.00,12170.00,22.00,37.00,6.00,5.00,3.00,2.00,2.00,12138.00,19.00,21.00,5.00,-5.00,2.00,1.00,90.48,89.19,99.00,1,1,2026-01-18,1546.39,1462.92,0.57,0.43,1527.73,1481.59
14061,46,92,L,4.00,12265.00,22.00,24.00,2.00,-12.00,4.00,2.00,6.00,12489.00,17.00,36.00,8.00,10.00,6.00,1.00,83.33,83.33,99.00,1,1,2026-01-18,1362.69,1494.25,0.36,0.64,1378.12,1478.81
14068,452,191,L,1.00,13216.00,16.00,23.00,6.00,-15.00,1.00,1.00,4.00,13236.00,22.00,32.00,4.00,15.00,3.00,3.00,87.50,95.65,99.00,1,1,2026-01-18,1498.42,1650.85,0.33,0.67,1512.54,1636.72
14072,239,443,L,2.00,12857.00,15.00,21.00,13.00,-15.00,2.00,0.00,5.00,12848.00,22.00,37.00,1.00,15.00,4.00,3.00,86.49,90.48,100.00,1,0,2026-01-18,1574.22,1476.43,0.71,0.29,1604.93,1445.72
14082,438,12,W,5.00,13071.00,20.00,35.00,6.00,4.00,5.00,1.00,4.00,12865.00,21.00,35.00,5.00,-5.00,4.00,2.00,88.57,85.71,100.00,1,1,2026-01-18,1491.17,1361.17,0.64,0.36,1475.63,1376.71
14083,668,408,L,2.00,12396.00,19.00,27.00,6.00,-16.00,2.00,2.00,4.00,12122.00,16.00,34.00,6.00,14.00,4.00,1.00,88.24,92.59,100.00,1,1,2026-01-18,1374.85,1537.66,0.31,0.69,1388.35,1524.16
14084,48,409,W,4.00,12004.00,22.00,36.00,8.00,5.00,4.00,3.00,3.00,12101.00,15.00,36.00,11.00,-5.00,3.00,3.00,91.67,88.89,100.00,1,1,2026-01-18,1437.17,1298.29,0.65,0.35,1422.20,1313.26
14107,189,129,W,3.00,12811.00,14.00,23.00,12.00,10.00,3.00,0.00,2.00,12467.00,19.00,34.00,4.00,-10.00,2.00,0.00,94.12,86.96,100.00,1,3,2026-01-18,1333.72,1266.44,0.54,0.46,1313.93,1286.23
14108,676,673,L,1.00,12415.00,22.00,22.00,11.00,-25.00,1.00,0.00,7.00,13066.00,25.00,30.00,8.00,25.00,5.00,1.00,76.67,95.45,100.00,1,7,2026-01-18,698.59,958.58,0.20,0.80,707.10,950.06
14112,570,8,L,2.00,12606.00,30.00,33.00,6.00,-10.00,2.00,0.00,3.00,12842.00,15.00,28.00,18.00,10.00,3.00,0.00,89.29,93.94,100.00,1,3,2026-01-18,1345.38,1277.52,0.67,0.33,1374.34,1248.56
14113,581,207,L,2.00,11099.00,12.00,26.00,8.00,-9.00,1.00,0.00,7.00,12174.00,22.00,28.00,2.00,9.00,6.00,3.00,75.00,92.31,100.00,1,3,2026-01-18,1109.41,1165.71,0.48,0.52,1129.97,1145.14
14117,216,672,L,5.00,12650.00,13.00,25.00,11.00,-20.00,3.00,1.00,9.00,11981.00,24.00,37.00,6.00,20.00,8.00,3.00,75.68,80.00,100.00,1,5,2026-01-18,915.43,1222.46,0.16,0.84,922.13,1215.76
14119,661,446,W,8.00,13343.00,40.00,43.00,7.00,30.00,6.00,2.00,1.00,12447.00,15.00,14.00,18.00,-30.00,1.00,0.00,92.86,81.40,100.00,1,5,2026-01-18,1162.01,1095.87,0.54,0.46,1142.14,1115.73
14121,217,491,L,1.00,11939.00,13.00,24.00,5.00,-6.00,0.00,0.00,2.00,11785.00,19.00,25.00,6.00,5.00,2.00,1.00,,95.83,100.00,1,5,2026-01-18,1075.80,1157.31,0.44,0.56,1094.60,1138.51
14122,215,400,L,1.00,11095.00,14.00,27.00,4.00,-10.00,0.00,0.00,3.00,13095.00,19.00,23.00,2.00,10.00,1.00,1.00,86.96,96.30,100.00,1,5,2026-01-18,1008.22,1193.61,0.28,0.72,1020.41,1181.42
14127,663,532,W,2.00,12786.00,31.00,43.00,8.00,5.00,1.00,0.00,1.00,12490.00,17.00,18.00,9.00,-5.00,1.00,0.00,94.44,95.35,100.00,1,7,2026-01-18,873.95,996.37,0.25,0.75,841.90,1028.42
14131,449,401,W,3.00,12620.00,24.00,28.00,6.00,8.00,1.00,0.00,1.00,12216.00,21.00,19.00,13.00,-9.00,1.00,1.00,94.74,89.29,100.00,1,6,2026-01-18,1003.00,664.85,0.87,0.13,997.31,670.54
14134,205,506,W,7.00,13209.00,15.00,33.00,0.00,24.00,6.00,2.00,2.00,11522.00,11.00,22.00,2.00,-25.00,2.00,2.00,90.91,78.79,100.00,1,2,2026-01-18,1467.45,1337.07,0.64,0.36,1451.94,1352.59
14135,397,44,W,6.00,12655.00,27.00,38.00,12.00,10.00,5.00,1.00,4.00,12695.00,23.00,32.00,7.00,-10.00,3.00,1.00,87.50,84.21,100.00,1,2,2026-01-18,1473.08,1356.63,0.62,0.38,1456.66,1373.05
14137,450,402,W,3.00,12632.00,23.00,33.00,5.00,14.00,2.00,2.00,1.00,11932.00,22.00,23.00,9.00,-15.00,1.00,1.00,95.65,90.91,100.00,1,2,2026-01-18,1361.68,1438.97,0.31,0.69,1332.15,1468.50
13979,1,505,L,5.00,13230.00,29.00,39.00,6.00,-9.00,4.00,3.00,6.00,12494.00,16.00,34.00,13.00,10.00,6.00,3.00,82.35,87.18,99.00,1,0,2026-01-24,1505.68,1658.93,0.33,0.67,1519.76,1644.86
13980,447,4,W,16.00,11936.00,16.00,52.00,0.00,56.00,15.00,6.00,4.00,13163.00,7.00,29.00,5.00,-60.00,4.00,0.00,86.21,69.23,99.00,1,0,2026-01-24,1524.33,1201.24,0.86,0.14,1518.17,1207.40
14062,399,579,L,2.00,13590.00,13.00,34.00,6.00,-10.00,1.00,0.00,4.00,13288.00,23.00,34.00,9.00,10.00,3.00,1.00,88.24,94.12,99.00,1,1,2026-01-24,1292.05,1557.59,0.19,0.81,1300.33,1549.31
14075,669,443,W,10.00,11843.00,16.00,30.00,4.00,35.00,7.00,2.00,2.00,10920.00,16.00,27.00,1.00,-35.00,1.00,1.00,92.59,66.67,100.00,1,0,2026-01-24,1594.18,1461.09,0.64,0.36,1578.83,1476.43
14105,408,409,W,7.00,12534.00,20.00,35.00,7.00,20.00,6.00,2.00,3.00,12560.00,20.00,24.00,4.00,-20.00,3.00,1.00,87.50,80.00,100.00,1,1,2026-01-24,1546.32,1289.64,0.80,0.20,1537.66,1298.29
14144,402,450,L,2.00,13053.00,29.00,25.00,9.00,0.00,2.00,1.00,3.00,12336.00,14.00,28.00,11.00,-1.00,1.00,0.00,89.29,92.00,100.00,1,2,2026-01-24,1412.77,1387.89,0.61,0.39,1438.97,1361.68
14146,205,44,W,7.00,12441.00,17.00,28.00,8.00,15.00,6.00,5.00,3.00,13156.00,15.00,24.00,4.00,-15.00,3.00,1.00,87.50,75.00,100.00,1,2,2026-01-24,1482.32,1341.76,0.65,0.35,1467.45,1356.63
14147,129,24,W,4.00,11378.00,18.00,27.00,3.00,9.00,3.00,1.00,3.00,12021.00,7.00,16.00,8.00,-11.00,2.00,2.00,81.25,85.19,100.00,1,3,2026-01-24,1280.73,1131.03,0.67,0.33,1266.44,1145.32
14148,411,130,L,4.00,13040.00,16.00,21.00,13.00,0.00,3.00,0.00,5.00,11279.00,23.00,31.00,5.00,0.00,2.00,1.00,83.87,80.95,100.00,1,5,2026-01-24,883.15,1049.85,0.31,0.69,896.42,1036.58
14151,104,545,L,3.00,12794.00,18.00,14.00,12.00,-15.00,3.00,1.00,7.00,12836.00,18.00,33.00,4.00,15.00,5.00,1.00,78.79,78.57,100.00,1,6,2026-01-24,1084.32,1029.78,0.65,0.35,1112.45,1001.65
14152,449,445,W,4.00,12573.00,32.00,29.00,11.00,5.00,2.00,1.00,3.00,12957.00,34.00,28.00,17.00,-5.00,3.00,1.00,89.29,86.21,100.00,1,6,2026-01-24,1016.80,859.01,0.68,0.32,1003.00,872.81
14156,401,59,L,1.00,13179.00,7.00,13.00,11.00,-40.00,1.00,0.00,9.00,13019.00,23.00,35.00,2.00,40.00,3.00,0.00,74.29,92.31,100.00,1,6,2026-01-24,653.97,863.73,0.25,0.75,664.85,852.84
14158,670,705,L,2.00,12798.00,25.00,21.00,8.00,-11.00,2.00,0.00,4.00,12525.00,21.00,28.00,12.00,10.00,2.00,0.00,85.71,90.48,100.00,1,7,2026-01-24,836.02,848.58,0.55,0.45,859.66,824.93
14161,453,138,L,2.00,12394.00,25.00,18.00,2.00,-35.00,1.00,0.00,9.00,12210.00,14.00,30.00,10.00,35.00,8.00,2.00,70.00,88.89,100.00,1,7,2026-01-24,672.47,1071.78,0.10,0.90,676.57,1067.69
14162,431,269,W,6.00,12841.00,17.00,24.00,4.00,25.00,5.00,2.00,1.00,13658.00,21.00,27.00,7.00,-25.00,1.00,0.00,96.30,75.00,100.00,1,5,2026-01-24,1217.91,1101.26,0.62,0.38,1201.50,1117.67
14166,504,439,L,2.00,12888.00,13.00,28.00,11.00,-10.00,1.00,1.00,3.00,12084.00,21.00,38.00,6.00,9.00,2.00,0.00,92.11,92.86,100.00,1,4,2026-01-24,1142.56,1290.21,0.34,0.66,1156.98,1275.79
14167,26,406,L,0.00,12543.00,17.00,13.00,12.00,-14.00,0.00,0.00,5.00,12105.00,25.00,31.00,2.00,15.00,3.00,2.00,83.87,,100.00,1,4,2026-01-24,911.25,1261.39,0.12,0.88,916.59,1256.05
14168,675,502,W,7.00,12430.00,16.00,27.00,6.00,14.00,5.00,3.00,5.00,12120.00,23.00,18.00,3.00,-17.00,0.00,0.00,72.22,74.07,100.00,1,4,2026-01-24,1189.41,1124.13,0.54,0.46,1169.48,1144.06
14169,568,332,W,11.00,12231.00,27.00,37.00,3.00,40.00,11.00,5.00,1.00,12500.00,9.00,16.00,5.00,-40.00,1.00,1.00,93.75,70.27,100.00,1,3,2026-01-24,1245.87,1145.25,0.59,0.41,1228.38,1162.73
14171,38,570,L,1.00,12497.00,12.00,20.00,3.00,-24.00,0.00,0.00,6.00,11557.00,17.00,32.00,6.00,22.00,2.00,1.00,,95.00,100.00,1,3,2026-01-24,1087.51,1353.64,0.19,0.81,1095.77,1345.38
14172,581,336,L,6.00,12125.00,27.00,34.00,7.00,-12.00,4.00,2.00,8.00,12962.00,16.00,25.00,9.00,10.00,7.00,3.00,68.00,82.35,100.00,1,3,2026-01-24,1097.27,1283.55,0.28,0.72,1109.41,1271.41
14173,532,501,W,4.00,12940.00,25.00,28.00,9.00,7.00,2.00,2.00,3.00,12141.00,21.00,22.00,13.00,-7.00,0.00,0.00,86.36,85.71,100.00,1,7,2026-01-24,1019.86,1005.16,0.45,0.55,996.37,1028.65
14180,393,396,W,3.00,12844.00,18.00,31.00,3.00,14.00,3.00,2.00,0.00,10222.00,11.00,22.00,5.00,-15.00,0.00,0.00,100.00,90.32,99.00,1,1,2026-01-24,1470.58,1189.62,0.82,0.18,1462.92,1197.28
13755,447,442,W,2.00,11977.00,32.00,31.00,8.00,5.00,1.00,0.00,1.00,12434.00,19.00,28.00,9.00,-5.00,1.00,0.00,96.43,93.55,99.00,1,0,2026-01-25,1537.57,1370.46,0.69,0.31,1524.33,1383.71
13981,17,49,L,3.00,12989.00,16.00,23.00,8.00,-10.00,3.00,1.00,6.00,12494.00,24.00,27.00,7.00,9.00,2.00,2.00,77.78,86.96,99.00,1,0,2026-01-25,1651.99,1526.18,0.75,0.25,1684.21,1493.96
14067,399,396,W,2.00,12658.00,13.00,40.00,3.00,10.00,2.00,1.00,0.00,12667.00,17.00,24.00,6.00,-10.00,0.00,0.00,100.00,95.00,99.00,1,1,2026-01-25,1307.39,1174.28,0.64,0.36,1292.05,1189.62
14104,23,12,W,5.00,11873.00,11.00,31.00,0.00,6.00,4.00,2.00,4.00,12038.00,11.00,15.00,4.00,-9.00,4.00,3.00,73.33,83.87,100.00,1,1,2026-01-25,1455.57,1344.40,0.61,0.39,1438.80,1361.17
14106,668,438,W,6.00,12225.00,18.00,31.00,17.00,19.00,6.00,2.00,2.00,12719.00,30.00,27.00,10.00,-20.00,2.00,1.00,92.59,80.65,100.00,1,1,2026-01-25,1403.29,1462.73,0.34,0.66,1374.85,1491.17
14142,547,46,W,6.00,13301.00,17.00,30.00,2.00,15.00,4.00,4.00,3.00,13245.00,15.00,30.00,7.00,-15.00,2.00,0.00,90.00,80.00,99.00,1,1,2026-01-25,1439.76,1344.82,0.58,0.42,1421.89,1362.69
14143,22,397,L,1.00,11856.00,18.00,15.00,3.00,-20.00,0.00,0.00,7.00,12823.00,25.00,40.00,9.00,20.00,5.00,0.00,82.50,93.33,100.00,1,2,2026-01-25,1216.86,1481.41,0.19,0.81,1225.18,1473.08
14145,498,329,W,2.00,12438.00,19.00,21.00,4.00,0.00,2.00,1.00,1.00,12621.00,26.00,31.00,9.00,0.00,1.00,1.00,96.77,90.48,100.00,1,2,2026-01-25,1434.63,1447.69,0.41,0.59,1409.22,1473.10
14149,398,215,W,3.00,12380.00,26.00,30.00,10.00,10.00,2.00,1.00,1.00,12143.00,15.00,24.00,9.00,-11.00,0.00,0.00,95.83,90.00,100.00,1,5,2026-01-25,1314.19,1001.71,0.85,0.15,1307.68,1008.22
14150,673,674,W,5.00,13254.00,24.00,26.00,8.00,5.00,5.00,1.00,3.00,13148.00,22.00,24.00,10.00,-5.00,2.00,0.00,87.50,80.77,100.00,1,7,2026-01-25,966.98,704.29,0.80,0.20,958.58,712.69
14153,574,652,W,4.00,12900.00,19.00,28.00,11.00,12.00,3.00,1.00,2.00,12400.00,21.00,20.00,7.00,-10.00,2.00,0.00,90.00,85.71,100.00,1,6,2026-01-25,965.84,857.79,0.61,0.39,948.85,874.77
14154,201,61,W,6.00,13026.00,24.00,34.00,5.00,9.00,6.00,2.00,4.00,10533.00,12.00,27.00,3.00,-10.00,1.00,0.00,85.19,82.35,100.00,1,6,2026-01-25,1063.44,920.20,0.66,0.34,1048.74,934.89
14155,375,584,L,1.00,11362.00,15.00,15.00,9.00,-3.00,1.00,0.00,2.00,13629.00,21.00,25.00,8.00,3.00,0.00,0.00,92.00,93.33,100.00,1,6,2026-01-25,972.22,1066.95,0.42,0.58,990.11,1049.07
14157,696,245,W,3.00,12434.00,9.00,17.00,4.00,0.00,3.00,0.00,1.00,8313.00,19.00,18.00,2.00,-1.00,1.00,1.00,94.44,82.35,100.00,1,6,2026-01-25,901.85,1008.54,0.27,0.73,870.64,1039.75
14159,451,676,W,11.00,12406.00,6.00,24.00,1.00,55.00,9.00,3.00,0.00,0.00,12.00,13.00,2.00,-55.00,0.00,0.00,100.00,54.17,100.00,1,7,2026-01-25,1041.62,693.20,0.87,0.13,1036.24,698.59
14160,663,664,W,11.00,12413.00,28.00,37.00,2.00,30.00,7.00,3.00,4.00,11598.00,14.00,17.00,3.00,-30.00,3.00,2.00,76.47,70.27,100.00,1,7,2026-01-25,886.11,700.17,0.72,0.28,873.95,712.33
14163,491,216,W,9.00,12615.00,28.00,28.00,1.00,45.00,9.00,6.00,0.00,12685.00,17.00,20.00,14.00,-45.00,0.00,0.00,100.00,67.86,100.00,1,5,2026-01-25,1165.87,906.87,0.80,0.20,1157.31,915.43
14164,661,176,W,2.00,12561.00,22.00,16.00,1.00,8.00,2.00,0.00,1.00,11974.00,7.00,13.00,4.00,-8.00,1.00,0.00,92.31,87.50,100.00,1,5,2026-01-25,1176.81,1035.23,0.66,0.34,1162.01,1050.03
14165,331,577,L,5.00,13197.00,17.00,33.00,5.00,7.00,5.00,1.00,6.00,12544.00,16.00,31.00,6.00,-7.00,4.00,3.00,80.65,84.85,100.00,1,4,2026-01-25,1045.68,1110.92,0.46,0.54,1065.62,1090.99
14170,207,8,L,4.00,12489.00,30.00,38.00,10.00,0.00,3.00,1.00,5.00,12184.00,17.00,27.00,17.00,0.00,5.00,2.00,81.48,89.47,100.00,1,3,2026-01-25,1150.90,1292.33,0.34,0.66,1165.71,1277.52
13990,218,505,L,4.00,12909.00,29.00,18.00,10.00,-40.00,4.00,1.00,11.00,13181.00,31.00,47.00,13.00,40.00,8.00,2.00,76.60,77.78,99.00,1,0,2026-01-28,1411.62,1667.62,0.20,0.80,1420.31,1658.93
13766,4,505,L,1.00,12729.00,11.00,21.00,9.00,-35.00,1.00,1.00,10.00,12955.00,23.00,35.00,4.00,35.00,9.00,6.00,71.43,95.24,99.00,1,0,2026-01-31,1198.50,1670.37,0.06,0.94,1201.24,1667.62
13987,49,447,L,2.00,12641.00,4.00,22.00,8.00,-25.00,2.00,0.00,8.00,11141.00,19.00,38.00,1.00,25.00,7.00,3.00,78.95,90.91,99.00,1,0,2026-01-31,1505.39,1558.37,0.48,0.52,1526.18,1537.57
14078,667,35,W,5.00,11410.00,16.00,28.00,10.00,14.00,3.00,3.00,3.00,12012.00,27.00,24.00,5.00,-16.00,3.00,0.00,87.50,82.14,100.00,1,0,2026-01-31,1574.53,1587.58,0.41,0.59,1549.12,1612.99
14080,239,111,L,0.00,12965.00,15.00,26.00,7.00,-5.00,0.00,0.00,1.00,12423.00,24.00,29.00,10.00,5.00,1.00,1.00,96.55,100.00,100.00,1,0,2026-01-31,1543.15,1439.14,0.72,0.28,1574.22,1408.08
14183,452,579,W,4.00,13296.00,25.00,30.00,4.00,10.00,4.00,2.00,2.00,13273.00,6.00,36.00,4.00,-10.00,2.00,2.00,94.44,86.67,99.00,1,1,2026-01-31,1523.54,1532.47,0.42,0.58,1498.42,1557.59
14205,409,109,L,5.00,11673.00,14.00,27.00,8.00,5.00,4.00,2.00,6.00,12980.00,20.00,33.00,7.00,-5.00,6.00,3.00,81.82,81.48,100.00,1,1,2026-01-31,1273.58,1395.65,0.37,0.63,1289.64,1379.60
14210,450,44,L,3.00,13284.00,12.00,24.00,12.00,-6.00,3.00,1.00,6.00,13077.00,18.00,29.00,2.00,6.00,3.00,3.00,79.31,87.50,100.00,1,2,2026-01-31,1363.55,1366.10,0.57,0.43,1387.89,1341.76
14211,498,506,W,9.00,13122.00,18.00,34.00,10.00,28.00,8.00,5.00,3.00,13143.00,21.00,23.00,6.00,-30.00,2.00,0.00,86.96,73.53,100.00,1,2,2026-01-31,1450.25,1321.46,0.64,0.36,1434.63,1337.07
14220,214,332,W,4.00,12889.00,14.00,23.00,6.00,10.00,3.00,1.00,1.00,12921.00,24.00,25.00,3.00,-10.00,1.00,0.00,96.00,82.61,100.00,1,3,2026-01-31,1291.54,1131.58,0.68,0.32,1277.87,1145.25
14222,8,568,L,1.00,11792.00,9.00,17.00,5.00,-5.00,1.00,1.00,3.00,12182.00,23.00,27.00,2.00,5.00,3.00,2.00,88.89,94.12,100.00,1,3,2026-01-31,1267.97,1270.23,0.57,0.43,1292.33,1245.87
14223,129,570,L,1.00,12284.00,19.00,20.00,5.00,-6.00,1.00,0.00,2.00,11970.00,25.00,27.00,4.00,5.00,2.00,0.00,92.59,95.00,100.00,1,3,2026-01-31,1263.68,1370.69,0.40,0.60,1280.73,1353.64
14224,207,336,W,5.00,12565.00,24.00,33.00,8.00,15.00,5.00,1.00,3.00,13254.00,18.00,24.00,8.00,-15.00,2.00,1.00,87.50,84.85,100.00,1,3,2026-01-31,1180.23,1254.22,0.32,0.68,1150.90,1283.55
14225,337,26,W,3.00,13104.00,31.00,36.00,9.00,8.00,3.00,2.00,2.00,13341.00,20.00,14.00,15.00,-9.00,2.00,1.00,85.71,91.67,100.00,1,4,2026-01-31,1125.81,901.12,0.76,0.24,1115.68,911.25
14244,104,584,W,4.00,9529.00,24.00,29.00,2.00,20.00,2.00,1.00,0.00,11600.00,20.00,14.00,15.00,-20.00,0.00,0.00,100.00,86.21,100.00,1,6,2026-01-31,1104.75,1046.53,0.52,0.48,1084.32,1066.95
14246,401,545,L,1.00,13015.00,10.00,19.00,6.00,-30.00,1.00,1.00,7.00,13177.00,18.00,28.00,3.00,28.00,6.00,4.00,75.00,94.74,100.00,1,6,2026-01-31,649.54,1034.22,0.10,0.90,653.97,1029.78
14247,269,499,L,4.00,15962.00,26.00,42.00,26.00,-30.00,4.00,0.00,10.00,12757.00,45.00,10.00,16.00,24.00,5.00,1.00,0.00,90.48,100.00,1,5,2026-01-31,1087.23,1241.26,0.33,0.67,1101.26,1227.23
14248,446,411,W,4.00,12951.00,17.00,28.00,5.00,5.00,4.00,0.00,3.00,12467.00,21.00,21.00,8.00,-5.00,3.00,1.00,85.71,85.71,100.00,1,5,2026-01-31,1105.63,873.38,0.77,0.23,1095.87,883.15
14249,431,398,W,2.00,12541.00,14.00,25.00,12.00,5.00,1.00,1.00,0.00,12746.00,24.00,30.00,4.00,-5.00,0.00,0.00,100.00,92.00,100.00,1,5,2026-01-31,1245.22,1286.88,0.36,0.64,1217.91,1314.19
14250,130,448,L,3.00,13241.00,24.00,22.00,10.00,-15.00,2.00,2.00,4.00,12983.00,22.00,32.00,11.00,15.00,4.00,1.00,87.50,86.36,100.00,1,5,2026-01-31,1031.11,1113.33,0.44,0.56,1049.85,1094.58
14251,176,216,W,8.00,10711.00,18.00,27.00,1.00,20.00,6.00,2.00,3.00,11580.00,11.00,13.00,6.00,-20.00,2.00,0.00,76.92,70.37,100.00,1,5,2026-01-31,1049.13,892.97,0.68,0.32,1035.23,906.87
14255,671,673,W,4.00,13270.00,16.00,24.00,15.00,0.00,2.00,0.00,2.00,12482.00,36.00,35.00,8.00,0.00,2.00,1.00,94.29,83.33,100.00,1,7,2026-01-31,889.22,939.14,0.35,0.65,861.38,966.98
14256,532,453,W,3.00,11705.00,19.00,30.00,12.00,6.00,3.00,2.00,2.00,12739.00,16.00,18.00,9.00,-6.00,1.00,1.00,88.89,90.00,100.00,1,7,2026-01-31,1024.99,667.35,0.88,0.12,1019.86,672.47
14094,667,239,W,6.00,11532.00,16.00,25.00,19.00,22.00,6.00,5.00,1.00,13146.00,29.00,28.00,4.00,-24.00,1.00,0.00,96.43,,100.00,1,0,2026-02-13,1594.09,1523.59,0.55,0.45,1574.53,1543.15
14261,23,48,L,4.00,13309.00,17.00,36.00,5.00,-14.00,4.00,2.00,6.00,12597.00,17.00,25.00,6.00,14.00,6.00,5.00,76.00,88.89,100.00,1,1,2026-02-13,1432.93,1459.81,0.53,0.47,1455.57,1437.17
14002,49,218,L,2.00,12820.00,23.00,34.00,5.00,-5.00,2.00,0.00,3.00,12223.00,14.00,32.00,8.00,5.00,3.00,3.00,90.62,94.12,99.00,1,0,2026-02-14,1478.22,1438.79,0.63,0.37,1505.39,1411.62
14003,17,505,L,2.00,12726.00,26.00,50.00,16.00,-9.00,2.00,1.00,5.00,12675.00,25.00,33.00,13.00,9.00,5.00,2.00,84.85,96.00,99.00,1,0,2026-02-14,1631.63,1690.73,0.47,0.53,1651.99,1670.37
14197,92,188,L,4.00,13190.00,16.00,21.00,9.00,5.00,4.00,2.00,5.00,13462.00,33.00,32.00,7.00,-5.00,5.00,3.00,84.38,80.95,99.00,1,1,2026-02-14,1469.16,1460.73,0.58,0.42,1494.25,1435.64
14198,393,46,W,8.00,12282.00,24.00,32.00,4.00,15.00,6.00,5.00,4.00,12210.00,15.00,26.00,7.00,-18.00,3.00,1.00,84.62,75.00,99.00,1,1,2026-02-14,1484.62,1330.77,0.67,0.33,1470.58,1344.82
14216,397,450,W,6.00,12273.00,26.00,38.00,10.00,29.00,5.00,2.00,1.00,13266.00,13.00,32.00,12.00,-30.00,1.00,0.00,96.88,84.21,100.00,1,2,2026-02-14,1495.88,1349.08,0.66,0.34,1481.41,1363.55
14262,408,109,W,8.00,12955.00,18.00,40.00,4.00,30.00,4.00,2.00,0.00,12970.00,18.00,26.00,6.00,-30.00,0.00,0.00,100.00,80.00,100.00,1,1,2026-02-14,1559.04,1382.93,0.70,0.30,1546.32,1395.65
14263,668,12,W,3.00,12193.00,21.00,43.00,7.00,10.00,2.00,0.00,1.00,13181.00,11.00,24.00,9.00,-10.00,1.00,1.00,95.83,93.02,100.00,1,1,2026-02-14,1421.18,1326.51,0.58,0.42,1403.29,1344.40
14305,664,453,L,2.00,13426.00,13.00,27.00,6.00,-3.00,1.00,0.00,3.00,12961.00,22.00,28.00,4.00,3.00,3.00,3.00,89.29,92.59,100.00,1,7,2026-02-14,676.65,690.87,0.55,0.45,700.17,667.35
14307,705,663,L,1.00,12608.00,12.00,11.00,10.00,-15.00,1.00,0.00,4.00,11878.00,16.00,38.00,6.00,15.00,2.00,0.00,89.47,90.91,100.00,1,7,2026-02-14,829.39,905.29,0.45,0.55,848.58,886.11
14308,673,501,W,2.00,12851.00,17.00,28.00,11.00,5.00,1.00,0.00,1.00,13030.00,21.00,18.00,4.00,-5.00,1.00,0.00,94.44,92.86,100.00,1,7,2026-02-14,964.68,979.62,0.41,0.59,939.14,1005.16
14310,584,61,W,4.00,12402.00,22.00,20.00,4.00,15.00,4.00,2.00,1.00,12400.00,8.00,20.00,10.00,-16.00,1.00,0.00,95.00,80.00,100.00,1,6,2026-02-14,1060.54,906.19,0.67,0.33,1046.53,920.20
14311,104,375,W,9.00,13056.00,24.00,33.00,6.00,5.00,6.00,3.00,8.00,15024.00,21.00,22.00,9.00,-5.00,5.00,1.00,63.64,72.73,100.00,1,6,2026-02-14,1118.42,958.55,0.68,0.32,1104.75,972.22
14312,245,445,W,8.00,12494.00,15.00,30.00,8.00,26.00,6.00,3.00,2.00,12261.00,21.00,26.00,8.00,-26.00,2.00,0.00,92.31,73.33,100.00,1,6,2026-02-14,1021.32,846.23,0.70,0.30,1008.54,859.01
14313,449,201,L,2.00,12082.00,16.00,19.00,12.00,-15.00,2.00,0.00,7.00,12130.00,28.00,46.00,7.00,15.00,6.00,1.00,84.78,89.47,100.00,1,6,2026-02-14,998.17,1082.07,0.43,0.57,1016.80,1063.44
14315,504,26,W,5.00,12025.00,11.00,23.00,7.00,15.00,5.00,4.00,0.00,12333.00,12.00,11.00,6.00,-15.00,0.00,0.00,100.00,78.26,100.00,1,4,2026-02-14,1151.13,892.54,0.80,0.20,1142.56,901.12
14336,130,446,L,1.00,12290.00,14.00,15.00,4.00,-25.00,1.00,1.00,5.00,12521.00,20.00,24.00,8.00,24.00,2.00,0.00,79.17,93.33,100.00,1,5,2026-02-14,1014.15,1122.59,0.39,0.61,1031.11,1105.63
14339,568,581,W,8.00,12307.00,19.00,36.00,6.00,35.00,8.00,7.00,0.00,12698.00,18.00,15.00,4.00,-35.00,0.00,0.00,100.00,77.78,100.00,1,3,2026-02-14,1281.83,1085.67,0.73,0.27,1270.23,1097.27
14340,336,332,W,5.00,12868.00,23.00,33.00,5.00,15.00,5.00,1.00,0.00,13170.00,16.00,23.00,8.00,-15.00,0.00,0.00,100.00,84.85,100.00,1,3,2026-02-14,1268.43,1117.37,0.67,0.33,1254.22,1131.58
14342,216,499,L,1.00,11852.00,17.00,20.00,6.00,-3.00,0.00,0.00,2.00,11658.00,19.00,19.00,6.00,3.00,0.00,0.00,,95.00,100.00,1,5,2026-02-14,887.87,1246.36,0.12,0.88,892.97,1241.26
14343,176,491,L,2.00,6576.00,5.00,6.00,4.00,-10.00,2.00,0.00,4.00,13373.00,23.00,31.00,10.00,10.00,4.00,2.00,87.10,66.67,100.00,1,5,2026-02-14,1034.59,1180.40,0.34,0.66,1049.13,1165.87
14346,661,672,L,1.00,12133.00,33.00,26.00,7.00,-5.00,1.00,0.00,3.00,12372.00,23.00,22.00,16.00,5.00,3.00,1.00,86.36,96.15,100.00,1,5,2026-02-14,1158.12,1241.15,0.43,0.57,1176.81,1222.46
14347,411,215,W,4.00,12974.00,19.00,10.00,16.00,0.00,4.00,1.00,3.00,12310.00,36.00,37.00,10.00,0.00,2.00,0.00,91.89,60.00,100.00,1,5,2026-02-14,902.48,972.61,0.32,0.68,873.38,1001.71
13768,17,447,L,7.00,12884.00,23.00,42.00,6.00,-16.00,7.00,2.00,11.00,12740.00,19.00,41.00,6.00,15.00,5.00,3.00,73.17,83.33,99.00,1,0,2026-02-15,1605.66,1584.34,0.60,0.40,1631.63,1558.37
13986,4,218,W,8.00,13297.00,20.00,36.00,2.00,10.00,7.00,1.00,5.00,12898.00,16.00,34.00,3.00,-10.00,5.00,1.00,85.29,77.78,99.00,1,0,2026-02-15,1232.88,1404.41,0.20,0.80,1198.50,1438.79
14001,29,442,W,7.00,13425.00,18.00,39.00,7.00,25.00,7.00,4.00,1.00,11399.00,4.00,27.00,13.00,-25.00,1.00,0.00,96.30,82.05,99.00,1,0,2026-02-15,1551.45,1358.68,0.73,0.27,1539.66,1370.46
14004,1,56,W,3.00,13352.00,18.00,26.00,15.00,3.00,2.00,1.00,2.00,14252.00,22.00,35.00,6.00,-3.00,2.00,1.00,94.29,88.46,99.00,1,0,2026-02-15,1526.52,1474.17,0.52,0.48,1505.68,1495.01
14023,111,239,L,2.00,13408.00,31.00,29.00,12.00,-4.00,2.00,2.00,3.00,13508.00,22.00,34.00,16.00,3.00,3.00,0.00,91.18,93.10,100.00,1,0,2026-02-15,1422.77,1539.97,0.38,0.62,1439.14,1523.59
14095,379,35,W,5.00,12518.00,26.00,37.00,9.00,15.00,3.00,1.00,2.00,12899.00,23.00,25.00,5.00,-15.00,1.00,1.00,92.00,86.49,100.00,1,0,2026-02-15,1454.33,1556.61,0.28,0.72,1423.37,1587.58
14195,494,188,L,4.00,12870.00,19.00,33.00,12.00,-11.00,4.00,2.00,6.00,13208.00,30.00,32.00,7.00,9.00,5.00,2.00,81.25,87.88,99.00,1,1,2026-02-15,1502.33,1486.34,0.60,0.40,1527.94,1460.73
14199,547,378,L,0.00,12662.00,15.00,8.00,7.00,-10.00,0.00,0.00,2.00,12484.00,21.00,49.00,7.00,9.00,2.00,1.00,95.92,100.00,99.00,1,1,2026-02-15,1424.66,1561.49,0.35,0.65,1439.76,1546.39
14218,205,402,L,4.00,13191.00,25.00,31.00,6.00,-25.00,2.00,1.00,8.00,12408.00,17.00,27.00,6.00,25.00,7.00,2.00,70.37,87.10,100.00,1,2,2026-02-15,1456.57,1438.51,0.60,0.40,1482.32,1412.77
14264,438,409,L,2.00,11746.00,16.00,32.00,6.00,-4.00,2.00,2.00,3.00,12240.00,13.00,17.00,8.00,4.00,3.00,2.00,82.35,93.75,100.00,1,1,2026-02-15,1430.55,1305.75,0.75,0.25,1462.73,1273.58
14265,109,23,L,1.00,12208.00,9.00,19.00,14.00,-11.00,1.00,0.00,3.00,12754.00,27.00,33.00,4.00,10.00,3.00,1.00,90.91,94.74,100.00,1,1,2026-02-15,1364.51,1451.36,0.43,0.57,1382.93,1432.93
14306,670,676,W,6.00,12858.00,13.00,28.00,9.00,11.00,5.00,4.00,4.00,12879.00,13.00,14.00,9.00,-10.00,2.00,0.00,71.43,,100.00,1,7,2026-02-15,849.15,680.07,0.69,0.31,836.02,693.20
14309,138,674,W,2.00,13816.00,37.00,29.00,7.00,3.00,2.00,1.00,1.00,13709.00,21.00,24.00,19.00,-3.00,1.00,1.00,95.83,93.10,100.00,1,7,2026-02-15,1076.41,699.66,0.89,0.11,1071.78,704.29
14314,545,59,W,5.00,13277.00,13.00,30.00,9.00,5.00,4.00,1.00,3.00,12292.00,20.00,36.00,4.00,-5.00,3.00,1.00,91.67,83.33,100.00,1,6,2026-02-15,1045.94,852.00,0.73,0.27,1034.22,863.73
14335,129,8,W,5.00,11165.00,14.00,37.00,16.00,20.00,4.00,2.00,1.00,13052.00,19.00,20.00,8.00,-21.00,1.00,0.00,95.00,,100.00,1,3,2026-02-15,1285.44,1246.20,0.49,0.51,1263.68,1267.97
14337,214,189,L,4.00,13892.00,13.00,26.00,5.00,-5.00,3.00,1.00,5.00,12805.00,24.00,31.00,4.00,5.00,4.00,2.00,83.87,84.62,100.00,1,3,2026-02-15,1272.63,1352.62,0.44,0.56,1291.54,1333.72
14338,24,570,L,3.00,12046.00,15.00,25.00,5.00,-6.00,3.00,2.00,6.00,12008.00,20.00,27.00,5.00,5.00,6.00,4.00,77.78,88.00,100.00,1,3,2026-02-15,1122.38,1379.34,0.20,0.80,1131.03,1370.69
14341,448,217,L,2.00,12537.00,19.00,20.00,9.00,0.00,1.00,0.00,4.00,12521.00,25.00,24.00,7.00,-1.00,4.00,0.00,83.33,90.00,100.00,1,5,2026-02-15,1089.52,1099.61,0.55,0.45,1113.33,1075.80
14344,431,400,L,1.00,12903.00,22.00,23.00,6.00,-10.00,1.00,1.00,3.00,13342.00,12.00,22.00,12.00,10.00,1.00,0.00,86.36,95.65,100.00,1,5,2026-02-15,1220.55,1218.28,0.57,0.43,1245.22,1193.61
14345,269,398,L,4.00,12877.00,10.00,19.00,5.00,-45.00,2.00,1.00,12.00,12672.00,17.00,32.00,3.00,45.00,10.00,5.00,62.50,78.95,100.00,1,5,2026-02-15,1076.88,1297.23,0.24,0.76,1087.23,1286.88
14362,92,396,W,7.00,12652.00,14.00,24.00,3.00,0.00,3.00,0.00,5.00,12988.00,19.00,27.00,1.00,-1.00,3.00,1.00,81.48,70.83,99.00,1,1,2026-02-15,1475.82,1167.63,0.85,0.15,1469.16,1174.28
13982,578,573,W,5.00,12887.00,16.00,19.00,15.00,10.00,5.00,3.00,3.00,12924.00,37.00,38.00,7.00,-10.00,3.00,1.00,92.11,73.68,99.00,1,0,2026-02-21,1526.80,1655.71,0.25,0.75,1494.42,1688.09
14000,505,49,W,4.00,13117.00,17.00,30.00,3.00,15.00,4.00,2.00,1.00,13190.00,28.00,36.00,6.00,-16.00,1.00,0.00,97.22,86.67,99.00,1,0,2026-02-21,1700.51,1468.45,0.77,0.23,1690.73,1478.22
14097,669,239,W,8.00,13241.00,35.00,62.00,2.00,40.00,6.00,1.00,0.00,13439.00,11.00,7.00,17.00,-35.00,0.00,0.00,,87.10,100.00,1,0,2026-02-21,1612.35,1521.79,0.58,0.42,1594.18,1539.97
14194,191,579,L,6.00,12696.00,21.00,33.00,3.00,-11.00,6.00,4.00,8.00,12789.00,17.00,34.00,7.00,11.00,6.00,3.00,76.47,81.82,99.00,1,1,2026-02-21,1622.30,1561.02,0.66,0.34,1650.85,1532.47
14215,44,397,L,8.00,11390.00,17.00,42.00,4.00,-15.00,6.00,4.00,10.00,12032.00,18.00,29.00,4.00,10.00,7.00,2.00,,80.95,100.00,1,2,2026-02-21,1352.28,1509.70,0.32,0.68,1366.10,1495.88
14367,494,547,L,1.00,11283.00,14.00,24.00,1.00,-10.00,0.00,0.00,4.00,12691.00,14.00,25.00,4.00,10.00,4.00,1.00,84.00,95.83,99.00,1,1,2026-02-21,1476.10,1450.89,0.61,0.39,1502.33,1424.66
14381,48,109,W,8.00,12118.00,19.00,32.00,7.00,23.00,8.00,6.00,5.00,13664.00,16.00,42.00,9.00,-25.00,4.00,2.00,,75.00,100.00,1,1,2026-02-21,1475.56,1348.76,0.63,0.37,1459.81,1364.51
14384,672,130,L,3.00,12663.00,36.00,24.00,9.00,-5.00,1.00,1.00,4.00,12381.00,15.00,19.00,14.00,5.00,3.00,0.00,78.95,87.50,100.00,1,5,2026-02-21,1207.31,1047.99,0.79,0.21,1241.15,1014.15
14385,207,214,W,6.00,12434.00,22.00,36.00,5.00,21.00,6.00,5.00,2.00,13102.00,12.00,23.00,10.00,-20.00,1.00,1.00,91.30,83.33,100.00,1,3,2026-02-21,1207.31,1245.55,0.37,0.63,1180.23,1272.63
14388,336,24,L,3.00,12372.00,14.00,28.00,8.00,0.00,3.00,2.00,4.00,12939.00,22.00,30.00,2.00,0.00,3.00,1.00,86.67,89.29,100.00,1,3,2026-02-21,1238.39,1152.42,0.70,0.30,1268.43,1122.38
14389,8,38,W,5.00,12588.00,21.00,38.00,7.00,10.00,2.00,0.00,2.00,12145.00,25.00,35.00,11.00,-10.00,1.00,1.00,94.29,86.84,100.00,1,3,2026-02-21,1258.52,1075.20,0.71,0.29,1246.20,1087.51
14390,26,577,W,6.00,12391.00,19.00,31.00,3.00,7.00,4.00,0.00,5.00,11807.00,11.00,22.00,6.00,-9.00,4.00,0.00,77.27,80.65,100.00,1,4,2026-02-21,926.02,1077.45,0.22,0.78,892.54,1110.92
14394,491,431,W,6.00,11543.00,24.00,30.00,6.00,19.00,2.00,2.00,1.00,12115.00,18.00,16.00,8.00,-19.00,1.00,0.00,93.75,80.00,100.00,1,5,2026-02-21,1204.37,1196.58,0.44,0.56,1180.40,1220.55
14399,411,448,L,0.00,13124.00,8.00,15.00,3.00,-30.00,0.00,0.00,8.00,12219.00,23.00,35.00,5.00,30.00,6.00,1.00,77.14,100.00,100.00,1,5,2026-02-21,891.55,1100.44,0.25,0.75,902.48,1089.52
14400,176,215,L,2.00,13062.00,25.00,21.00,11.00,-1.00,1.00,0.00,4.00,12449.00,26.00,25.00,10.00,0.00,4.00,3.00,84.00,90.48,100.00,1,5,2026-02-21,1009.29,997.91,0.59,0.41,1034.59,972.61
14403,398,446,W,5.00,12755.00,45.00,40.00,6.00,10.00,5.00,2.00,3.00,12977.00,13.00,15.00,12.00,-10.00,2.00,1.00,80.00,87.50,100.00,1,5,2026-02-21,1308.75,1111.07,0.73,0.27,1297.23,1122.59
14404,269,216,W,4.00,12804.00,19.00,28.00,2.00,10.00,2.00,0.00,1.00,11836.00,16.00,19.00,4.00,-10.00,0.00,0.00,94.74,,100.00,1,5,2026-02-21,1087.72,877.03,0.75,0.25,1076.88,887.87
14407,401,584,L,0.00,13250.00,8.00,23.00,16.00,-20.00,0.00,0.00,4.00,12902.00,30.00,41.00,3.00,20.00,3.00,3.00,90.24,100.00,100.00,1,6,2026-02-21,645.85,1064.23,0.09,0.91,649.54,1060.54
14410,449,104,L,1.00,12034.00,18.00,30.00,12.00,-25.00,1.00,1.00,6.00,12199.00,28.00,30.00,9.00,25.00,4.00,2.00,80.00,96.67,100.00,1,6,2026-02-21,983.82,1132.76,0.33,0.67,998.17,1118.42
14412,673,663,W,4.00,12649.00,26.00,31.00,15.00,10.00,2.00,1.00,1.00,12155.00,34.00,28.00,12.00,-11.00,0.00,0.00,96.43,87.10,100.00,1,7,2026-02-21,982.54,887.43,0.58,0.42,964.68,905.29
14433,396,452,L,1.00,12874.00,14.00,21.00,5.00,-25.00,1.00,1.00,9.00,12953.00,15.00,43.00,4.00,24.00,8.00,4.00,,95.24,99.00,1,1,2026-02-21,1162.72,1528.45,0.11,0.89,1167.63,1523.54
13976,56,4,L,2.00,12804.00,22.00,36.00,4.00,-5.00,2.00,1.00,3.00,13118.00,15.00,24.00,15.00,5.00,2.00,1.00,87.50,94.44,99.00,1,0,2026-02-22,1439.75,1267.29,0.80,0.20,1474.17,1232.88
13998,29,573,L,2.00,13057.00,23.00,21.00,14.00,-6.00,2.00,1.00,5.00,12566.00,29.00,36.00,8.00,5.00,4.00,3.00,86.11,90.48,99.00,1,0,2026-02-22,1536.21,1670.95,0.35,0.65,1551.45,1655.71
14074,667,669,W,4.00,11320.00,11.00,19.00,10.00,-1.00,2.00,1.00,3.00,12731.00,21.00,26.00,3.00,0.00,1.00,1.00,88.46,78.95,100.00,1,0,2026-02-22,1616.72,1589.72,0.47,0.53,1594.09,1612.35
14196,46,191,W,9.00,12888.00,23.00,40.00,10.00,5.00,8.00,4.00,7.00,12572.00,26.00,28.00,5.00,-5.00,7.00,4.00,75.00,77.50,99.00,1,1,2026-02-22,1367.01,1586.06,0.16,0.84,1330.77,1622.30
14363,396,579,L,3.00,13204.00,22.00,26.00,2.00,-10.00,3.00,2.00,6.00,12400.00,20.00,31.00,9.00,10.00,5.00,4.00,80.65,88.46,99.00,1,1,2026-02-22,1158.77,1564.97,0.09,0.91,1162.72,1561.02
14364,452,378,W,2.00,13192.00,20.00,33.00,11.00,10.00,2.00,1.00,0.00,13232.00,25.00,31.00,6.00,-10.00,0.00,0.00,100.00,93.94,99.00,1,1,2026-02-22,1551.99,1537.96,0.45,0.55,1528.45,1561.49
14379,12,23,L,1.00,12675.00,23.00,26.00,11.00,-5.00,1.00,0.00,2.00,12324.00,22.00,28.00,6.00,5.00,1.00,0.00,92.86,96.15,100.00,1,1,2026-02-22,1312.42,1465.45,0.33,0.67,1326.51,1451.36
14380,438,408,L,3.00,13683.00,34.00,25.00,8.00,-1.00,1.00,1.00,5.00,13424.00,23.00,30.00,17.00,0.00,3.00,1.00,83.33,88.00,100.00,1,1,2026-02-22,1416.66,1572.93,0.32,0.68,1430.55,1559.04
14382,668,409,L,0.00,12138.00,27.00,26.00,7.00,-5.00,0.00,0.00,3.00,12311.00,16.00,25.00,9.00,5.00,3.00,0.00,88.00,100.00,100.00,1,1,2026-02-22,1392.79,1334.14,0.66,0.34,1421.18,1305.75
14386,568,189,L,3.00,12946.00,24.00,35.00,5.00,11.00,2.00,3.00,4.00,13205.00,20.00,24.00,12.00,-10.00,4.00,2.00,83.33,91.43,100.00,1,3,2026-02-22,1264.65,1369.80,0.40,0.60,1281.83,1352.62
14391,331,502,L,2.00,12985.00,27.00,26.00,10.00,4.00,2.00,0.00,3.00,13089.00,21.00,26.00,8.00,-5.00,2.00,0.00,88.46,92.31,100.00,1,4,2026-02-22,1028.96,1140.85,0.39,0.61,1045.68,1124.13
14392,337,675,L,3.00,12881.00,12.00,18.00,2.00,-35.00,2.00,1.00,10.00,13029.00,16.00,35.00,10.00,35.00,8.00,4.00,71.43,83.33,100.00,1,4,2026-02-22,1108.20,1207.02,0.41,0.59,1125.81,1189.41
14393,582,504,L,0.00,13192.00,17.00,19.00,10.00,-15.00,0.00,0.00,4.00,12644.00,28.00,38.00,7.00,15.00,4.00,3.00,89.47,100.00,100.00,1,4,2026-02-22,940.65,1161.46,0.24,0.76,950.97,1151.13
14401,499,661,L,1.00,11950.00,18.00,26.00,5.00,0.00,1.00,0.00,2.00,12813.00,22.00,17.00,5.00,0.00,2.00,0.00,88.24,96.15,100.00,1,5,2026-02-22,1219.52,1184.97,0.62,0.38,1246.36,1158.12
14408,696,652,W,5.00,12984.00,17.00,24.00,18.00,10.00,4.00,1.00,3.00,12743.00,29.00,33.00,11.00,-11.00,2.00,0.00,90.91,79.17,100.00,1,6,2026-02-22,920.64,839.00,0.56,0.44,901.85,857.79
14409,375,545,L,2.00,13066.00,15.00,20.00,10.00,-21.00,0.00,0.00,6.00,12148.00,15.00,22.00,3.00,19.00,2.00,1.00,72.73,90.00,100.00,1,6,2026-02-22,942.34,1062.14,0.38,0.62,958.55,1045.94
14413,453,705,L,2.00,13342.00,29.00,24.00,10.00,-6.00,2.00,0.00,4.00,12544.00,13.00,21.00,12.00,6.00,3.00,2.00,80.95,91.67,100.00,1,7,2026-02-22,677.52,842.74,0.31,0.69,690.87,829.39
14414,670,664,L,3.00,12872.00,21.00,17.00,10.00,-6.00,1.00,0.00,5.00,13272.00,25.00,22.00,4.00,5.00,4.00,2.00,77.27,82.35,100.00,1,7,2026-02-22,817.77,708.02,0.73,0.27,849.15,676.65
14073,669,667,W,2.00,12959.00,29.00,32.00,11.00,5.00,1.00,1.00,1.00,13382.00,22.00,27.00,11.00,-5.00,1.00,1.00,96.30,93.75,100.00,1,0,2026-02-28,1612.89,1593.55,0.46,0.54,1589.72,1616.72
14100,35,443,W,3.00,12055.00,15.00,30.00,11.00,-1.00,3.00,1.00,2.00,12871.00,28.00,28.00,3.00,0.00,2.00,2.00,92.86,90.00,100.00,1,0,2026-02-28,1572.34,1445.36,0.63,0.37,1556.61,1461.09
14101,111,379,W,5.00,12857.00,22.00,34.00,7.00,19.00,5.00,4.00,1.00,13041.00,21.00,16.00,12.00,-20.00,1.00,0.00,93.75,85.29,100.00,1,0,2026-02-28,1446.22,1430.89,0.45,0.55,1422.77,1454.33
14395,582,439,L,2.00,11980.00,14.00,28.00,9.00,-5.00,1.00,0.00,4.00,12657.00,26.00,28.00,10.00,5.00,4.00,2.00,85.71,92.86,100.00,1,4,2026-02-28,935.58,1295.29,0.12,0.88,940.65,1290.21
14396,502,26,L,3.00,12915.00,21.00,27.00,2.00,0.00,1.00,0.00,4.00,12627.00,17.00,22.00,5.00,0.00,4.00,1.00,81.82,88.89,100.00,1,4,2026-02-28,1107.53,959.34,0.77,0.23,1140.85,926.02
14435,578,56,L,3.00,12962.00,37.00,39.00,4.00,-5.00,3.00,2.00,4.00,13122.00,14.00,32.00,17.00,5.00,4.00,4.00,87.50,92.31,99.00,7,0,2026-02-28,1500.02,1466.53,0.62,0.38,1526.80,1439.75
14443,109,668,W,9.00,12407.00,14.00,29.00,5.00,39.00,4.00,1.00,2.00,12032.00,19.00,23.00,5.00,-40.00,2.00,1.00,91.30,68.97,100.00,1,1,2026-02-28,1372.97,1368.58,0.44,0.56,1348.76,1392.79
14444,12,409,L,7.00,12767.00,23.00,35.00,5.00,-5.00,3.00,1.00,8.00,12904.00,12.00,37.00,15.00,5.00,7.00,2.00,78.38,80.00,100.00,1,1,2026-02-28,1292.26,1354.30,0.47,0.53,1312.42,1334.14
14445,408,48,L,3.00,12655.00,23.00,24.00,5.00,-11.00,3.00,0.00,6.00,12587.00,20.00,27.00,4.00,11.00,6.00,5.00,77.78,87.50,100.00,1,1,2026-02-28,1545.56,1502.93,0.64,0.36,1572.93,1475.56
14448,24,332,W,6.00,12801.00,25.00,52.00,6.00,28.00,5.00,3.00,0.00,13008.00,18.00,17.00,3.00,-28.00,0.00,0.00,100.00,88.46,100.00,1,3,2026-02-28,1171.76,1098.03,0.55,0.45,1152.42,1117.37
14450,581,207,L,2.00,12379.00,22.00,21.00,13.00,-10.00,2.00,0.00,5.00,12403.00,24.00,40.00,6.00,10.00,5.00,3.00,87.50,90.48,100.00,1,3,2026-02-28,1071.40,1221.58,0.33,0.67,1085.67,1207.31
14451,568,214,W,7.00,12346.00,17.00,35.00,12.00,14.00,7.00,4.00,1.00,13307.00,25.00,28.00,7.00,-15.00,1.00,0.00,96.43,80.00,100.00,1,3,2026-02-28,1284.97,1225.23,0.53,0.47,1264.65,1245.55
14453,245,104,L,2.00,12848.00,23.00,23.00,15.00,0.00,2.00,1.00,3.00,12711.00,30.00,31.00,7.00,0.00,2.00,1.00,90.32,91.30,100.00,1,6,2026-02-28,1006.49,1147.59,0.34,0.66,1021.32,1132.76
14456,61,545,L,2.00,13124.00,19.00,36.00,7.00,5.00,2.00,1.00,3.00,12815.00,19.00,26.00,10.00,-5.00,2.00,0.00,88.46,94.44,100.00,1,6,2026-02-28,893.74,1074.59,0.29,0.71,906.19,1062.14
14457,674,451,L,2.00,13239.00,24.00,26.00,8.00,-10.00,1.00,0.00,3.00,11784.00,19.00,19.00,9.00,10.00,2.00,1.00,84.21,92.31,100.00,1,7,2026-02-28,694.39,1046.89,0.12,0.88,699.66,1041.62
14458,453,501,L,1.00,12450.00,13.00,21.00,12.00,-25.00,1.00,1.00,6.00,13073.00,26.00,21.00,5.00,25.00,4.00,2.00,71.43,95.24,100.00,1,7,2026-02-28,671.09,986.05,0.15,0.85,677.52,979.62
14459,705,664,L,2.00,14130.00,29.00,21.00,6.00,-5.00,1.00,1.00,3.00,14007.00,17.00,23.00,9.00,5.00,1.00,1.00,86.96,90.48,100.00,1,7,2026-02-28,813.30,737.47,0.68,0.32,842.74,708.02
14462,672,130,W,5.00,12423.00,20.00,22.00,6.00,5.00,4.00,3.00,1.00,12397.00,22.00,21.00,5.00,-5.00,0.00,0.00,95.24,77.27,100.00,1,5,2026-02-28,1219.59,1035.71,0.71,0.29,1207.31,1047.99
14467,29,49,L,1.00,13071.00,15.00,20.00,5.00,-20.00,1.00,1.00,4.00,12837.00,25.00,37.00,5.00,20.00,3.00,3.00,89.19,95.00,99.00,7,0,2026-02-28,1510.57,1494.09,0.60,0.40,1536.21,1468.45
14468,547,393,L,2.00,12679.00,22.00,30.00,3.00,-6.00,1.00,0.00,3.00,12175.00,15.00,36.00,5.00,5.00,3.00,1.00,91.67,93.33,99.00,1,1,2026-02-28,1431.47,1504.04,0.45,0.55,1450.89,1484.62
14469,215,491,L,2.00,13530.00,20.00,25.00,1.00,-3.00,0.00,0.00,3.00,13354.00,26.00,26.00,6.00,3.00,2.00,1.00,88.46,92.00,100.00,1,5,2026-02-28,987.86,1214.42,0.23,0.77,997.91,1204.37
14471,401,375,L,1.00,12711.00,17.00,18.00,10.00,-20.00,0.00,0.00,5.00,13127.00,27.00,21.00,7.00,20.00,5.00,0.00,76.19,94.44,100.00,1,6,2026-02-28,639.24,948.95,0.15,0.85,645.85,942.34
14472,378,494,W,3.00,12725.00,24.00,37.00,8.00,10.00,3.00,1.00,1.00,12267.00,18.00,17.00,10.00,-10.00,1.00,0.00,94.12,91.89,99.00,1,1,2026-03-03,1555.67,1458.39,0.59,0.41,1537.96,1476.10
14201,239,35,L,0.00,13264.00,15.00,25.00,9.00,-15.00,0.00,0.00,3.00,11894.00,22.00,38.00,8.00,15.00,3.00,2.00,92.11,100.00,100.00,1,0,2026-03-13,1503.40,1590.74,0.43,0.57,1521.79,1572.34
14089,669,35,W,8.00,12779.00,23.00,43.00,4.00,25.00,7.00,2.00,1.00,12968.00,16.00,20.00,11.00,-25.00,1.00,0.00,,81.40,100.00,1,0,2026-03-14,1633.02,1570.61,0.53,0.47,1612.89,1590.74
14498,574,545,L,2.00,11699.00,18.00,20.00,6.00,-10.00,2.00,0.00,4.00,11684.00,18.00,25.00,5.00,10.00,3.00,0.00,84.00,90.00,100.00,1,6,2026-03-14,950.86,1089.57,0.35,0.65,965.84,1074.59
14521,505,1,L,5.00,13102.00,33.00,34.00,8.00,-5.00,3.00,2.00,6.00,13573.00,28.00,36.00,10.00,5.00,3.00,1.00,83.33,85.29,99.00,6,0,2026-03-14,1669.06,1557.97,0.73,0.27,1700.51,1526.52
14522,17,580,L,4.00,11895.00,23.00,30.00,6.00,-10.00,3.00,2.00,7.00,12508.00,19.00,36.00,5.00,9.00,7.00,4.00,80.56,86.67,99.00,6,0,2026-03-14,1577.57,1523.79,0.65,0.35,1605.66,1495.70
14527,438,109,W,11.00,12286.00,16.00,40.00,4.00,39.00,10.00,3.00,3.00,12543.00,16.00,20.00,1.00,-40.00,2.00,0.00,85.00,72.50,100.00,1,1,2026-03-14,1435.47,1354.16,0.56,0.44,1416.66,1372.97
14529,409,23,L,3.00,13098.00,21.00,23.00,2.00,-10.00,3.00,1.00,5.00,13264.00,24.00,35.00,7.00,10.00,3.00,2.00,85.71,86.96,100.00,1,1,2026-03-14,1339.45,1480.30,0.35,0.65,1354.30,1465.45
14530,668,408,L,2.00,12889.00,24.00,28.00,5.00,-41.00,2.00,1.00,9.00,12879.00,19.00,23.00,11.00,40.00,7.00,3.00,60.87,92.86,100.00,1,1,2026-03-14,1357.17,1556.96,0.27,0.73,1368.58,1545.56
14533,8,581,W,5.00,12567.00,25.00,24.00,8.00,-2.00,5.00,1.00,3.00,12277.00,22.00,29.00,9.00,-1.00,3.00,1.00,89.66,79.17,100.00,1,3,2026-03-14,1269.44,1060.48,0.75,0.25,1258.52,1071.40
14536,214,38,L,4.00,13297.00,25.00,36.00,5.00,-5.00,3.00,0.00,6.00,12663.00,13.00,36.00,9.00,5.00,5.00,0.00,83.33,88.89,100.00,1,3,2026-03-14,1194.98,1105.45,0.70,0.30,1225.23,1075.20
14537,332,129,L,2.00,12745.00,11.00,14.00,6.00,-30.00,2.00,0.00,9.00,12421.00,20.00,44.00,2.00,30.00,9.00,5.00,79.55,85.71,100.00,1,3,2026-03-14,1087.12,1296.35,0.25,0.75,1098.03,1285.44
14538,207,568,W,2.00,12835.00,15.00,19.00,2.00,5.00,1.00,1.00,1.00,12638.00,16.00,18.00,9.00,-5.00,1.00,1.00,94.44,89.47,100.00,1,3,2026-03-14,1246.96,1259.59,0.41,0.59,1221.58,1284.97
14540,191,92,W,3.00,12316.00,22.00,29.00,4.00,10.00,2.00,0.00,1.00,12153.00,22.00,32.00,5.00,-10.00,1.00,0.00,96.88,89.66,99.00,1,1,2026-03-14,1600.96,1460.92,0.65,0.35,1586.06,1475.82
14541,452,396,W,4.00,13112.00,13.00,17.00,6.00,4.00,4.00,3.00,3.00,13223.00,25.00,46.00,4.00,-5.00,3.00,2.00,93.48,76.47,99.00,1,1,2026-03-14,1556.04,1154.72,0.91,0.09,1551.99,1158.77
14566,44,397,L,3.00,12566.00,22.00,21.00,4.00,-35.00,3.00,2.00,10.00,12340.00,18.00,36.00,4.00,33.00,10.00,5.00,,85.71,100.00,6,2,2026-03-14,1339.90,1522.08,0.29,0.71,1352.28,1509.70
14567,329,506,W,10.00,12664.00,27.00,36.00,6.00,35.00,10.00,5.00,3.00,12365.00,14.00,17.00,12.00,-35.00,3.00,2.00,82.35,72.22,100.00,6,2,2026-03-14,1461.70,1307.44,0.67,0.33,1447.69,1321.46
14569,205,402,L,2.00,11998.00,17.00,21.00,5.00,0.00,1.00,0.00,5.00,11355.00,15.00,34.00,5.00,0.00,5.00,3.00,85.29,90.48,100.00,6,2,2026-03-14,1433.95,1461.13,0.53,0.47,1456.57,1438.51
14570,406,502,W,4.00,12439.00,19.00,24.00,5.00,15.00,3.00,1.00,1.00,13007.00,14.00,22.00,4.00,-16.00,1.00,0.00,95.45,83.33,100.00,6,4,2026-03-14,1273.94,1094.97,0.71,0.29,1261.39,1107.53
14571,337,439,W,5.00,11896.00,19.00,27.00,4.00,15.00,5.00,2.00,2.00,12599.00,20.00,12.00,6.00,-10.00,2.00,1.00,83.33,81.48,100.00,6,4,2026-03-14,1140.28,1263.21,0.25,0.75,1108.20,1295.29
14572,675,577,W,4.00,12807.00,23.00,29.00,5.00,5.00,4.00,2.00,3.00,13336.00,24.00,26.00,5.00,-5.00,3.00,1.00,88.46,86.21,100.00,6,4,2026-03-14,1220.85,1063.61,0.68,0.32,1207.02,1077.45
14574,104,652,W,4.00,11709.00,11.00,15.00,7.00,9.00,2.00,2.00,2.00,12644.00,24.00,31.00,6.00,-10.00,1.00,0.00,93.55,73.33,100.00,1,6,2026-03-14,1153.82,832.78,0.86,0.14,1147.59,839.00
14575,664,705,L,1.00,12169.00,9.00,24.00,6.00,-10.00,1.00,0.00,4.00,0.00,26.00,22.00,6.00,10.00,4.00,2.00,81.82,95.83,100.00,7,7,2026-03-14,720.59,830.18,0.39,0.61,737.47,813.30
14093,443,669,L,1.00,13068.00,17.00,24.00,8.00,-30.00,1.00,0.00,8.00,12485.00,22.00,33.00,2.00,30.00,7.00,3.00,75.76,95.83,100.00,1,0,2026-03-15,1434.46,1643.92,0.25,0.75,1445.36,1633.02
14465,667,379,W,8.00,13149.00,17.00,40.00,7.00,20.00,6.00,5.00,3.00,12644.00,12.00,14.00,7.00,-20.00,2.00,1.00,78.57,80.00,100.00,1,0,2026-03-15,1605.66,1418.78,0.72,0.28,1593.55,1430.89
14523,1,505,L,0.00,13453.00,25.00,36.00,21.00,-3.00,0.00,0.00,1.00,13163.00,33.00,44.00,12.00,3.00,1.00,0.00,97.73,100.00,99.00,6,0,2026-03-15,1543.12,1683.91,0.35,0.65,1557.97,1669.06
14524,17,580,L,2.00,12835.00,25.00,30.00,5.00,-21.00,2.00,1.00,5.00,12879.00,12.00,23.00,13.00,20.00,5.00,4.00,78.26,93.33,99.00,6,0,2026-03-15,1552.77,1548.59,0.58,0.42,1577.57,1523.79
14528,12,48,L,1.00,12863.00,19.00,20.00,5.00,-30.00,1.00,1.00,7.00,12559.00,18.00,27.00,8.00,27.00,6.00,4.00,74.07,95.00,100.00,1,1,2026-03-15,1282.40,1512.78,0.23,0.77,1292.26,1502.93
14539,579,191,L,3.00,12879.00,17.00,24.00,12.00,5.00,3.00,0.00,4.00,12183.00,17.00,31.00,7.00,-5.00,4.00,4.00,87.10,87.50,99.00,1,1,2026-03-15,1545.69,1620.24,0.45,0.55,1564.97,1600.96
14542,46,396,W,8.00,12873.00,25.00,26.00,13.00,34.00,6.00,4.00,1.00,13343.00,24.00,39.00,5.00,-35.00,1.00,1.00,97.44,,99.00,1,1,2026-03-15,1376.80,1144.94,0.77,0.23,1367.01,1154.72
14543,452,92,L,1.00,13372.00,26.00,26.00,3.00,-15.00,1.00,1.00,4.00,13035.00,12.00,33.00,15.00,15.00,4.00,1.00,87.88,96.15,99.00,1,1,2026-03-15,1528.80,1488.16,0.63,0.37,1556.04,1460.92
14544,393,399,W,5.00,13223.00,20.00,31.00,8.00,3.00,2.00,1.00,4.00,13025.00,16.00,31.00,8.00,-3.00,4.00,1.00,87.10,83.87,99.00,1,1,2026-03-15,1514.53,1296.91,0.76,0.24,1504.04,1307.39
14568,450,498,W,3.00,13309.00,19.00,32.00,9.00,10.00,2.00,2.00,1.00,12616.00,19.00,25.00,10.00,-9.00,0.00,0.00,96.00,90.62,100.00,6,2,2026-03-15,1376.67,1422.66,0.36,0.64,1349.08,1450.25
14573,331,504,W,3.00,12083.00,16.00,29.00,4.00,10.00,3.00,1.00,1.00,12395.00,16.00,18.00,7.00,-10.00,0.00,0.00,94.44,89.66,100.00,6,4,2026-03-15,1058.28,1132.13,0.32,0.68,1028.96,1161.46
14576,670,138,W,5.00,12561.00,18.00,22.00,15.00,10.00,4.00,1.00,2.00,13061.00,23.00,20.00,3.00,-10.00,2.00,0.00,90.00,77.27,100.00,7,7,2026-03-15,852.85,1041.32,0.18,0.82,817.77,1076.41
14602,46,188,W,6.00,13072.00,21.00,28.00,8.00,9.00,6.00,2.00,4.00,13110.00,25.00,36.00,7.00,-11.00,4.00,3.00,88.89,78.57,99.00,6,1,2026-03-20,1404.86,1458.27,0.35,0.65,1376.80,1486.34
14517,49,447,W,5.00,13064.00,20.00,36.00,6.00,15.00,3.00,1.00,2.00,13034.00,18.00,29.00,3.00,-16.00,2.00,0.00,93.10,86.11,99.00,6,0,2026-03-21,1521.05,1557.37,0.37,0.63,1494.09,1584.34
14520,573,578,W,2.00,12445.00,28.00,46.00,10.00,0.00,2.00,1.00,1.00,13144.00,22.00,27.00,6.00,0.00,1.00,1.00,96.30,95.65,99.00,6,0,2026-03-21,1682.65,1488.32,0.73,0.27,1670.95,1500.02
14532,23,668,L,1.00,12455.00,14.00,24.00,17.00,-5.00,1.00,0.00,2.00,11834.00,27.00,22.00,4.00,5.00,2.00,1.00,90.91,95.83,100.00,1,1,2026-03-21,1451.48,1385.99,0.67,0.33,1480.30,1357.17
14534,570,24,W,4.00,12657.00,22.00,26.00,3.00,-2.00,3.00,0.00,3.00,9680.00,11.00,24.00,3.00,1.00,3.00,0.00,87.50,84.62,100.00,1,3,2026-03-21,1389.33,1161.77,0.77,0.23,1379.34,1171.76
14596,505,1,L,0.00,13485.00,33.00,30.00,9.00,-10.00,0.00,0.00,2.00,12825.00,32.00,35.00,8.00,10.00,2.00,2.00,94.29,100.00,99.00,6,0,2026-03-21,1654.14,1572.88,0.69,0.31,1683.91,1543.12
14603,188,46,L,2.00,12670.00,24.00,41.00,2.00,-5.00,2.00,0.00,4.00,10610.00,18.00,29.00,4.00,5.00,3.00,2.00,86.21,95.12,99.00,6,1,2026-03-21,1433.50,1429.64,0.58,0.42,1458.27,1404.86
14604,393,92,L,1.00,12524.00,28.00,33.00,7.00,-10.00,1.00,0.00,2.00,13226.00,19.00,31.00,7.00,10.00,2.00,1.00,93.55,96.97,99.00,6,1,2026-03-21,1491.40,1511.29,0.54,0.46,1514.53,1488.16
14606,379,669,L,2.00,10337.00,16.00,18.00,4.00,0.00,1.00,0.00,3.00,12892.00,19.00,37.00,3.00,0.00,2.00,0.00,91.89,88.89,100.00,6,0,2026-03-21,1409.54,1653.15,0.21,0.79,1418.78,1643.92
14608,239,111,W,4.00,13713.00,28.00,24.00,5.00,5.00,4.00,3.00,3.00,12930.00,17.00,31.00,7.00,-5.00,2.00,1.00,90.32,83.33,100.00,6,0,2026-03-21,1521.39,1428.22,0.58,0.42,1503.40,1446.22
14610,406,502,W,6.00,12465.00,22.00,25.00,9.00,20.00,5.00,1.00,3.00,12772.00,25.00,20.00,14.00,-21.00,1.00,0.00,85.00,76.00,100.00,6,4,2026-03-21,1285.25,1083.66,0.74,0.26,1273.94,1094.97
14612,577,675,W,5.00,13096.00,23.00,17.00,11.00,10.00,4.00,0.00,4.00,13063.00,19.00,37.00,9.00,-9.00,4.00,0.00,89.19,70.59,100.00,6,4,2026-03-21,1094.23,1190.23,0.29,0.71,1063.61,1220.85
14614,398,448,W,7.00,13064.00,21.00,34.00,12.00,25.00,5.00,2.00,4.00,12753.00,27.00,30.00,8.00,-25.00,3.00,1.00,86.67,79.41,100.00,6,5,2026-03-21,1318.71,1090.48,0.77,0.23,1308.75,1100.44
14615,661,672,W,4.00,12471.00,22.00,34.00,6.00,18.00,2.00,1.00,1.00,9078.00,12.00,16.00,0.00,-20.00,1.00,0.00,93.75,88.24,100.00,6,5,2026-03-21,1208.60,1195.95,0.45,0.55,1184.97,1219.59
14617,431,400,L,1.00,12918.00,24.00,29.00,10.00,-20.00,1.00,1.00,5.00,12719.00,26.00,22.00,12.00,20.00,4.00,1.00,77.27,96.55,100.00,6,5,2026-03-21,1176.42,1238.44,0.47,0.53,1196.58,1218.28
14618,245,652,W,6.00,12418.00,28.00,27.00,2.00,15.00,5.00,2.00,3.00,13332.00,16.00,23.00,11.00,-16.00,3.00,2.00,86.96,77.78,100.00,7,6,2026-03-21,1018.05,821.21,0.73,0.27,1006.49,832.78
14621,670,451,L,2.00,12804.00,12.00,21.00,9.00,-30.00,2.00,0.00,8.00,10868.00,13.00,25.00,3.00,29.00,3.00,1.00,68.00,,100.00,6,7,2026-03-21,842.25,1057.50,0.25,0.75,852.85,1046.89
14622,705,673,W,4.00,12720.00,18.00,21.00,2.00,20.00,4.00,2.00,0.00,11553.00,15.00,26.00,1.00,-20.00,0.00,0.00,100.00,80.95,100.00,6,7,2026-03-21,860.55,952.17,0.29,0.71,830.18,982.54
14623,501,671,W,8.00,11448.00,17.00,29.00,2.00,20.00,3.00,0.00,3.00,13053.00,27.00,19.00,8.00,-20.00,1.00,1.00,84.21,,100.00,6,7,2026-03-21,1001.71,873.56,0.64,0.36,986.05,889.22
14625,61,445,L,3.00,11556.00,19.00,22.00,10.00,-1.00,3.00,0.00,4.00,12706.00,27.00,36.00,9.00,0.00,1.00,1.00,,86.36,100.00,7,6,2026-03-21,869.32,870.65,0.57,0.43,893.74,846.23
14525,578,573,L,0.00,12642.00,10.00,19.00,7.00,-40.00,0.00,0.00,10.00,12395.00,20.00,48.00,4.00,40.00,6.00,2.00,79.17,100.00,99.00,6,0,2026-03-22,1477.73,1693.24,0.25,0.75,1488.32,1682.65
14535,336,189,W,4.00,13199.00,19.00,31.00,9.00,10.00,2.00,1.00,2.00,12606.00,18.00,22.00,2.00,-10.00,2.00,0.00,90.91,,100.00,1,3,2026-03-22,1267.65,1340.54,0.32,0.68,1238.39,1369.80
14595,447,49,W,6.00,12558.00,9.00,28.00,1.00,18.00,5.00,2.00,3.00,12571.00,17.00,38.00,4.00,-16.00,3.00,1.00,92.11,78.57,99.00,6,0,2026-03-22,1576.63,1501.79,0.55,0.45,1557.37,1521.05
14597,1,505,L,1.00,12201.00,31.00,40.00,8.00,-10.00,0.00,0.00,6.00,11668.00,21.00,37.00,10.00,10.00,5.00,3.00,83.78,97.50,99.00,6,0,2026-03-22,1556.32,1670.71,0.39,0.61,1572.88,1654.14
14599,580,17,L,1.00,12638.00,29.00,27.00,11.00,-5.00,1.00,1.00,2.00,12308.00,20.00,19.00,7.00,5.00,2.00,1.00,89.47,96.30,99.00,6,0,2026-03-22,1527.35,1574.01,0.49,0.51,1548.59,1552.77
14600,378,579,W,6.00,13558.00,34.00,55.00,6.00,15.00,5.00,3.00,3.00,10553.00,14.00,16.00,11.00,-15.00,3.00,0.00,81.25,89.09,99.00,6,1,2026-03-22,1576.55,1524.80,0.51,0.49,1555.67,1545.69
14601,452,191,L,2.00,12853.00,22.00,21.00,6.00,-5.00,2.00,1.00,4.00,12971.00,21.00,43.00,7.00,5.00,4.00,2.00,90.70,90.48,99.00,6,1,2026-03-22,1512.83,1636.21,0.37,0.63,1528.80,1620.24
14605,393,92,W,3.00,12552.00,14.00,35.00,4.00,10.00,2.00,1.00,2.00,13078.00,12.00,28.00,5.00,-10.00,2.00,2.00,92.86,91.43,99.00,6,1,2026-03-22,1514.13,1488.56,0.47,0.53,1491.40,1511.29
14607,35,443,W,6.00,13290.00,26.00,26.00,12.00,8.00,6.00,2.00,5.00,13171.00,27.00,50.00,6.00,-9.00,4.00,1.00,90.00,76.92,100.00,6,0,2026-03-22,1584.09,1420.98,0.69,0.31,1570.61,1434.46
14609,402,205,L,4.00,11555.00,27.00,29.00,5.00,-10.00,2.00,1.00,6.00,12249.00,14.00,27.00,16.00,8.00,5.00,0.00,77.78,86.21,100.00,6,2,2026-03-22,1437.95,1457.13,0.54,0.46,1461.13,1433.95
14611,439,337,L,0.00,12050.00,17.00,27.00,8.00,-20.00,0.00,0.00,6.00,12382.00,24.00,39.00,8.00,19.00,6.00,2.00,,100.00,100.00,6,4,2026-03-22,1234.41,1169.08,0.67,0.33,1263.21,1140.28
14613,504,331,L,5.00,11763.00,14.00,27.00,8.00,-11.00,4.00,0.00,6.00,12187.00,24.00,32.00,4.00,10.00,4.00,2.00,81.25,81.48,100.00,6,4,2026-03-22,1106.13,1084.28,0.60,0.40,1132.13,1058.28
14616,491,499,L,2.00,13565.00,27.00,23.00,5.00,0.00,2.00,0.00,3.00,13153.00,10.00,16.00,7.00,0.00,0.00,0.00,81.25,91.30,100.00,6,5,2026-03-22,1193.23,1240.70,0.49,0.51,1214.42,1219.52
14619,574,696,L,3.00,12240.00,30.00,34.00,6.00,5.00,2.00,1.00,4.00,13012.00,20.00,19.00,17.00,-5.00,3.00,2.00,78.95,91.18,100.00,7,6,2026-03-22,927.49,944.01,0.54,0.46,950.86,920.64
14620,449,59,W,4.00,12569.00,16.00,18.00,2.00,10.00,1.00,1.00,2.00,12492.00,12.00,20.00,3.00,-10.00,2.00,1.00,90.00,77.78,100.00,7,6,2026-03-22,997.54,838.29,0.68,0.32,983.82,852.00
14640,579,378,L,3.00,10992.00,9.00,12.00,1.00,-5.00,3.00,1.00,7.00,13351.00,9.00,30.00,1.00,5.00,7.00,2.00,76.67,75.00,99.00,6,1,2026-03-28,1506.48,1594.87,0.43,0.57,1524.80,1576.55
14641,452,191,W,5.00,12621.00,27.00,41.00,13.00,-1.00,5.00,3.00,3.00,12284.00,20.00,26.00,6.00,1.00,2.00,2.00,88.46,87.80,99.00,6,1,2026-03-28,1541.66,1607.38,0.33,0.67,1512.83,1636.21
14644,669,379,W,3.00,12320.00,29.00,38.00,5.00,3.00,3.00,3.00,2.00,12242.00,12.00,17.00,5.00,-3.00,2.00,1.00,88.24,92.11,100.00,6,0,2026-03-28,1661.64,1401.05,0.80,0.20,1653.15,1409.54
14645,35,443,L,1.00,11388.00,14.00,20.00,7.00,-15.00,1.00,0.00,6.00,13144.00,24.00,42.00,7.00,15.00,6.00,2.00,85.71,95.00,100.00,6,0,2026-03-28,1553.18,1451.89,0.72,0.28,1584.09,1420.98
14646,239,111,L,0.00,13095.00,29.00,26.00,8.00,-20.00,0.00,0.00,4.00,12352.00,16.00,25.00,11.00,20.00,2.00,0.00,84.00,100.00,100.00,6,0,2026-03-28,1494.26,1455.36,0.63,0.37,1521.39,1428.22
14647,408,12,W,12.00,12484.00,15.00,30.00,12.00,55.00,10.00,5.00,2.00,12732.00,17.00,26.00,4.00,-55.00,2.00,0.00,92.31,,100.00,6,1,2026-03-28,1564.31,1275.06,0.83,0.17,1556.96,1282.40
14648,216,217,L,1.00,12826.00,8.00,16.00,3.00,-15.00,1.00,0.00,5.00,12500.00,17.00,21.00,3.00,15.00,5.00,3.00,,,100.00,2,5,2026-03-28,867.69,1108.96,0.22,0.78,877.03,1099.61
14650,130,176,W,4.00,13338.00,25.00,22.00,6.00,0.00,2.00,1.00,3.00,12794.00,18.00,16.00,7.00,0.00,1.00,1.00,81.25,81.82,100.00,2,5,2026-03-28,1055.58,989.43,0.54,0.46,1035.71,1009.29
14654,447,49,L,3.00,12650.00,21.00,26.00,7.00,-5.00,3.00,1.00,4.00,12686.00,15.00,29.00,6.00,5.00,4.00,4.00,86.21,88.46,99.00,6,0,2026-03-28,1550.57,1527.85,0.61,0.39,1576.63,1501.79
14655,578,573,L,0.00,11883.00,12.00,21.00,10.00,-25.00,0.00,0.00,8.00,12663.00,24.00,38.00,3.00,25.00,8.00,1.00,78.95,100.00,99.00,6,0,2026-03-28,1468.08,1702.88,0.22,0.78,1477.73,1693.24
14656,393,92,W,4.00,12469.00,11.00,30.00,10.00,15.00,4.00,3.00,0.00,12549.00,22.00,26.00,2.00,-15.00,0.00,0.00,100.00,,99.00,6,1,2026-03-28,1534.05,1468.64,0.54,0.46,1514.13,1488.56
14661,214,189,L,2.00,12513.00,18.00,25.00,9.00,-13.00,1.00,0.00,8.00,12832.00,22.00,42.00,6.00,13.00,7.00,1.00,80.95,92.00,100.00,6,3,2026-03-28,1182.00,1353.52,0.30,0.70,1194.98,1340.54
14663,568,336,L,1.00,12310.00,23.00,23.00,10.00,0.00,1.00,0.00,3.00,12300.00,23.00,32.00,13.00,0.00,3.00,0.00,90.62,95.65,100.00,6,3,2026-03-28,1238.59,1288.65,0.49,0.51,1259.59,1267.65
14667,577,675,L,3.00,12397.00,29.00,17.00,7.00,-25.00,1.00,1.00,6.00,12848.00,11.00,35.00,12.00,25.00,6.00,5.00,82.86,82.35,100.00,6,4,2026-03-28,1078.52,1205.94,0.37,0.63,1094.23,1190.23
14668,398,448,L,4.00,12866.00,35.00,31.00,6.00,-4.00,4.00,3.00,5.00,11809.00,14.00,22.00,12.00,4.00,2.00,0.00,77.27,87.10,100.00,6,5,2026-03-28,1284.82,1124.37,0.79,0.21,1318.71,1090.48
14670,499,491,W,4.00,12476.00,37.00,46.00,19.00,5.00,3.00,0.00,2.00,13100.00,31.00,27.00,16.00,-5.00,2.00,0.00,92.59,91.30,100.00,6,5,2026-03-28,1259.28,1174.65,0.57,0.43,1240.70,1193.23
14675,670,451,L,3.00,12690.00,10.00,21.00,0.00,-25.00,3.00,1.00,6.00,12406.00,9.00,18.00,3.00,25.00,5.00,2.00,66.67,,100.00,6,7,2026-03-28,832.59,1067.15,0.22,0.78,842.25,1057.50
14676,501,671,W,2.00,12248.00,24.00,34.00,7.00,10.00,2.00,1.00,1.00,12836.00,18.00,20.00,8.00,-10.00,0.00,0.00,95.00,94.12,100.00,6,7,2026-03-28,1015.62,859.65,0.68,0.32,1001.71,873.56
14679,329,205,L,1.00,12434.00,23.00,27.00,3.00,-10.00,1.00,0.00,4.00,12134.00,13.00,26.00,6.00,10.00,4.00,0.00,84.62,,100.00,3,2,2026-03-28,1439.92,1478.91,0.51,0.49,1461.70,1457.13
14681,505,1,W,3.00,13341.00,10.00,37.00,10.00,0.00,3.00,2.00,2.00,12882.00,30.00,32.00,7.00,0.00,2.00,1.00,93.75,91.89,99.00,6,0,2026-03-28,1685.37,1541.66,0.66,0.34,1670.71,1556.32
14642,378,579,W,7.00,9571.00,18.00,30.00,2.00,-3.00,6.00,4.00,6.00,12406.00,11.00,43.00,6.00,5.00,5.00,2.00,86.05,76.67,99.00,6,1,2026-03-29,1611.02,1490.34,0.62,0.38,1594.87,1506.48
14643,452,191,W,5.00,13049.00,19.00,37.00,11.00,15.00,5.00,2.00,2.00,11659.00,17.00,35.00,12.00,-17.00,1.00,0.00,94.29,86.49,99.00,6,1,2026-03-29,1567.18,1581.86,0.41,0.59,1541.66,1607.38
14649,446,411,W,7.00,13076.00,31.00,28.00,4.00,20.00,6.00,0.00,3.00,12263.00,9.00,18.00,11.00,-20.00,1.00,0.00,,75.00,100.00,2,5,2026-03-29,1120.55,882.08,0.78,0.22,1111.07,891.55
14657,48,409,W,7.00,12903.00,21.00,33.00,4.00,25.00,7.00,3.00,2.00,8798.00,14.00,21.00,4.00,-26.00,2.00,1.00,90.48,78.79,100.00,6,1,2026-03-29,1524.37,1327.87,0.73,0.27,1512.78,1339.45
14658,109,438,L,2.00,12790.00,38.00,38.00,4.00,-20.00,1.00,1.00,6.00,12738.00,17.00,26.00,11.00,18.00,6.00,0.00,76.92,94.74,100.00,6,1,2026-03-29,1337.60,1452.03,0.39,0.61,1354.16,1435.47
14659,668,23,L,1.00,12599.00,19.00,24.00,6.00,-10.00,1.00,1.00,2.00,13322.00,25.00,27.00,6.00,10.00,2.00,2.00,92.59,95.83,100.00,6,1,2026-03-29,1368.50,1468.98,0.41,0.59,1385.99,1451.48
14660,570,38,W,9.00,14131.00,24.00,34.00,3.00,45.00,8.00,2.00,0.00,12513.00,19.00,13.00,8.00,-45.00,0.00,0.00,100.00,,100.00,6,3,2026-03-29,1396.35,1098.43,0.84,0.16,1389.33,1105.45
14662,129,8,W,8.00,12682.00,36.00,45.00,4.00,10.00,8.00,5.00,3.00,11996.00,15.00,16.00,10.00,-10.00,3.00,1.00,81.25,82.22,100.00,6,3,2026-03-29,1316.19,1249.60,0.54,0.46,1296.35,1269.44
14664,92,393,L,3.00,13530.00,27.00,33.00,5.00,10.00,1.00,0.00,4.00,13162.00,18.00,30.00,10.00,-10.00,1.00,1.00,86.67,90.91,99.00,6,1,2026-03-29,1451.14,1551.55,0.41,0.59,1468.64,1534.05
14665,580,17,W,5.00,9631.00,19.00,19.00,13.00,0.00,2.00,1.00,3.00,13027.00,24.00,33.00,9.00,0.00,3.00,2.00,90.91,73.68,99.00,6,0,2026-03-29,1551.72,1549.64,0.43,0.57,1527.35,1574.01
14666,49,447,L,2.00,11439.00,18.00,32.00,3.00,-16.00,2.00,0.00,5.00,11616.00,20.00,25.00,3.00,15.00,3.00,1.00,80.00,93.75,99.00,6,0,2026-03-29,1507.75,1570.67,0.47,0.53,1527.85,1550.57
14669,672,661,W,4.00,13331.00,25.00,20.00,14.00,4.00,2.00,2.00,3.00,10309.00,31.00,30.00,4.00,-4.00,2.00,1.00,90.00,80.00,100.00,6,5,2026-03-29,1218.24,1186.32,0.48,0.52,1195.95,1208.60
14671,400,431,W,3.00,12863.00,16.00,17.00,5.00,5.00,1.00,0.00,2.00,12445.00,17.00,24.00,6.00,-5.00,0.00,0.00,91.67,82.35,100.00,6,5,2026-03-29,1256.14,1158.72,0.59,0.41,1238.44,1176.42
14672,201,696,W,10.00,12919.00,29.00,36.00,5.00,35.00,7.00,3.00,2.00,12886.00,16.00,21.00,14.00,-35.00,2.00,2.00,90.48,72.22,100.00,6,6,2026-03-29,1095.45,930.63,0.69,0.31,1082.07,944.01
14673,245,104,L,1.00,12307.00,23.00,21.00,8.00,-21.00,0.00,0.00,6.00,10774.00,18.00,30.00,5.00,20.00,6.00,2.00,80.00,95.24,100.00,6,6,2026-03-29,1004.55,1167.32,0.31,0.69,1018.05,1153.82
14674,584,445,W,3.00,13313.00,21.00,30.00,7.00,3.00,1.00,0.00,2.00,13542.00,13.00,22.00,6.00,-3.00,2.00,1.00,90.91,90.00,100.00,6,6,2026-03-29,1074.85,860.03,0.75,0.25,1064.23,870.65
14677,532,663,L,0.00,12458.00,13.00,18.00,23.00,-25.00,0.00,0.00,6.00,12319.00,48.00,43.00,6.00,25.00,5.00,2.00,,100.00,100.00,6,7,2026-03-29,995.40,917.03,0.69,0.31,1024.99,887.43
14678,705,673,W,2.00,12329.00,15.00,18.00,11.00,10.00,2.00,1.00,1.00,13046.00,25.00,32.00,5.00,-10.00,0.00,0.00,96.88,88.89,100.00,6,7,2026-04-04,887.59,925.13,0.37,0.63,860.55,952.17
14680,450,397,W,5.00,12109.00,12.00,31.00,4.00,4.00,4.00,1.00,4.00,11583.00,18.00,29.00,2.00,-5.00,1.00,0.00,86.21,83.87,100.00,3,2,2026-04-04,1406.67,1492.07,0.30,0.70,1376.67,1522.08
14682,545,449,W,6.00,12009.00,17.00,21.00,4.00,20.00,6.00,0.00,3.00,8046.00,19.00,17.00,3.00,-20.00,2.00,0.00,82.35,71.43,100.00,6,6,2026-04-04,1105.51,981.60,0.63,0.37,1089.57,997.54
14693,188,46,W,7.00,10992.00,18.00,27.00,5.00,19.00,7.00,0.00,2.00,12306.00,22.00,29.00,6.00,-19.00,1.00,1.00,93.10,74.07,99.00,6,1,2026-04-04,1454.76,1408.38,0.51,0.49,1433.50,1429.64
14694,580,447,W,2.00,11979.00,19.00,29.00,15.00,0.00,1.00,1.00,1.00,12686.00,35.00,29.00,9.00,0.00,0.00,0.00,96.55,93.10,99.00,3,0,2026-04-04,1574.39,1548.00,0.47,0.53,1551.72,1570.67
14696,505,573,L,2.00,12679.00,10.00,11.00,3.00,-10.00,1.00,1.00,3.00,11581.00,14.00,35.00,3.00,9.00,3.00,3.00,91.43,81.82,99.00,3,0,2026-04-04,1664.95,1723.30,0.47,0.53,1685.37,1702.88
14698,191,452,L,3.00,13008.00,31.00,32.00,11.00,-20.00,3.00,2.00,6.00,11593.00,18.00,23.00,6.00,20.00,5.00,3.00,73.91,90.62,99.00,6,1,2026-04-04,1559.45,1589.59,0.52,0.48,1581.86,1567.18
14703,111,239,W,4.00,12958.00,16.00,42.00,11.00,4.00,3.00,3.00,3.00,12738.00,27.00,23.00,8.00,-5.00,3.00,3.00,86.96,90.48,100.00,6,0,2026-04-04,1479.25,1470.36,0.44,0.56,1455.36,1494.26
14705,35,443,W,5.00,12840.00,24.00,30.00,10.00,5.00,4.00,4.00,3.00,12883.00,18.00,42.00,6.00,-5.00,2.00,0.00,92.86,83.33,100.00,6,0,2026-04-04,1568.58,1436.49,0.64,0.36,1553.18,1451.89
14712,675,331,L,1.00,12873.00,29.00,29.00,14.00,-16.00,0.00,0.00,4.00,12646.00,25.00,20.00,10.00,16.00,3.00,1.00,80.00,96.55,100.00,3,4,2026-04-04,1177.20,1113.02,0.67,0.33,1205.94,1084.28
14718,48,409,W,1.00,12501.00,19.00,28.00,6.00,4.00,1.00,1.00,0.00,12053.00,10.00,14.00,7.00,-5.00,0.00,0.00,100.00,96.43,100.00,6,1,2026-04-04,1534.86,1317.38,0.76,0.24,1524.37,1327.87
14719,109,438,L,3.00,12501.00,24.00,25.00,5.00,-10.00,1.00,0.00,6.00,10371.00,17.00,30.00,8.00,10.00,6.00,4.00,80.00,88.00,100.00,6,1,2026-04-04,1322.94,1466.69,0.34,0.66,1337.60,1452.03
14720,23,668,W,4.00,12291.00,18.00,35.00,18.00,4.00,4.00,1.00,2.00,13010.00,34.00,29.00,9.00,-5.00,2.00,1.00,93.10,88.57,100.00,6,1,2026-04-04,1484.43,1353.05,0.64,0.36,1468.98,1368.50
14722,130,176,W,5.00,12992.00,23.00,28.00,12.00,10.00,3.00,0.00,2.00,13322.00,25.00,29.00,8.00,-10.00,2.00,0.00,93.10,82.14,100.00,2,5,2026-04-04,1073.03,971.97,0.59,0.41,1055.58,989.43
14723,216,217,L,1.00,12432.00,14.00,12.00,9.00,-35.00,0.00,0.00,8.00,12927.00,24.00,31.00,3.00,35.00,6.00,2.00,74.19,,100.00,2,5,2026-04-04,859.11,1117.54,0.20,0.80,867.69,1108.96
14796,580,447,W,4.00,13737.00,19.00,43.00,9.00,-10.00,4.00,2.00,3.00,14969.00,19.00,34.00,3.00,10.00,3.00,1.00,91.18,90.70,99.00,3,0,2026-04-18,1594.26,1528.13,0.54,0.46,1574.39,1548.00
14797,505,573,L,1.00,12645.00,17.00,21.00,4.00,0.00,1.00,0.00,2.00,12602.00,21.00,29.00,9.00,0.00,2.00,2.00,93.10,95.24,99.00,3,0,2026-04-18,1647.03,1741.22,0.42,0.58,1664.95,1723.30
14798,378,393,L,3.00,12548.00,16.00,27.00,3.00,-20.00,3.00,3.00,6.00,12387.00,15.00,32.00,6.00,19.00,6.00,2.00,81.25,88.89,99.00,3,1,2026-04-18,1585.87,1576.69,0.58,0.42,1611.02,1551.55
14799,452,188,W,5.00,12365.00,15.00,26.00,3.00,20.00,3.00,1.00,1.00,12387.00,8.00,28.00,4.00,-21.00,1.00,0.00,96.43,80.77,99.00,3,1,2026-04-18,1603.14,1441.20,0.68,0.32,1589.59,1454.76
14802,111,667,L,2.00,10713.00,16.00,36.00,4.00,-8.00,2.00,1.00,3.00,12446.00,13.00,23.00,14.00,8.00,3.00,2.00,86.96,94.44,100.00,3,0,2026-04-18,1465.25,1619.67,0.33,0.67,1479.25,1605.66
14803,35,669,W,3.00,13040.00,14.00,20.00,7.00,5.00,3.00,2.00,2.00,13016.00,16.00,39.00,10.00,-4.00,2.00,1.00,94.87,,100.00,3,0,2026-04-18,1595.71,1634.52,0.37,0.63,1568.58,1661.64
14810,189,129,L,1.00,11187.00,21.00,16.00,4.00,-11.00,0.00,0.00,4.00,12847.00,20.00,39.00,2.00,10.00,4.00,2.00,89.74,93.75,100.00,3,3,2026-04-18,1329.72,1339.99,0.55,0.45,1353.52,1316.19
14811,570,568,W,3.00,10480.00,28.00,23.00,4.00,7.00,2.00,0.00,2.00,13076.00,19.00,19.00,16.00,-8.00,1.00,0.00,89.47,86.96,100.00,3,3,2026-04-18,1408.71,1226.23,0.71,0.29,1396.35,1238.59
14812,406,337,L,1.00,12301.00,19.00,30.00,4.00,-10.00,1.00,1.00,3.00,9393.00,19.00,21.00,6.00,10.00,2.00,1.00,85.71,96.67,100.00,3,4,2026-04-18,1256.82,1197.51,0.66,0.34,1285.25,1169.08
14815,398,400,W,2.00,12504.00,23.00,18.00,4.00,10.00,2.00,0.00,0.00,12848.00,17.00,19.00,13.00,-10.00,0.00,0.00,100.00,88.89,100.00,3,5,2026-04-18,1304.55,1236.41,0.54,0.46,1284.82,1256.14
14816,672,499,L,0.00,9655.00,15.00,22.00,8.00,-10.00,0.00,0.00,2.00,12858.00,31.00,26.00,5.00,10.00,2.00,2.00,92.31,100.00,100.00,3,5,2026-04-18,1199.26,1278.25,0.44,0.56,1218.24,1259.28
14817,545,584,W,3.00,13266.00,22.00,24.00,7.00,5.00,3.00,2.00,2.00,10417.00,20.00,18.00,8.00,-5.00,2.00,0.00,88.89,87.50,100.00,3,6,2026-04-18,1125.12,1055.24,0.54,0.46,1105.51,1074.85
14818,201,245,L,2.00,12997.00,26.00,34.00,8.00,0.00,2.00,1.00,3.00,13712.00,23.00,21.00,12.00,-1.00,1.00,0.00,85.71,94.12,100.00,3,6,2026-04-18,1068.45,1031.55,0.63,0.37,1095.45,1004.55
14819,451,705,W,3.00,12794.00,16.00,19.00,4.00,5.00,2.00,0.00,2.00,12387.00,21.00,21.00,6.00,-5.00,0.00,0.00,,84.21,100.00,3,7,2026-04-18,1078.44,876.31,0.74,0.26,1067.15,887.59
14820,663,501,L,1.00,12841.00,26.00,24.00,9.00,-10.00,1.00,0.00,3.00,8716.00,17.00,22.00,5.00,10.00,0.00,0.00,86.36,95.83,100.00,3,7,2026-04-18,901.47,1031.18,0.36,0.64,917.03,1015.62
14800,378,393,W,3.00,13253.00,19.00,32.00,8.00,9.00,2.00,2.00,2.00,13799.00,16.00,26.00,7.00,-9.00,2.00,1.00,92.31,90.62,99.00,3,1,2026-04-19,1606.80,1555.76,0.51,0.49,1585.87,1576.69
14801,188,452,W,3.00,12980.00,20.00,33.00,4.00,15.00,2.00,2.00,0.00,13103.00,8.00,17.00,5.00,-15.00,0.00,0.00,100.00,90.91,99.00,3,1,2026-04-19,1472.06,1572.29,0.28,0.72,1441.20,1603.14
14804,669,35,W,3.00,12384.00,19.00,20.00,7.00,9.00,2.00,0.00,0.00,12690.00,26.00,27.00,13.00,-10.00,0.00,0.00,100.00,85.00,100.00,3,0,2026-04-19,1653.63,1576.60,0.56,0.44,1634.52,1595.71
14807,48,438,W,9.00,11068.00,16.00,42.00,12.00,40.00,8.00,4.00,1.00,13046.00,32.00,27.00,5.00,-40.00,1.00,1.00,96.30,78.57,100.00,3,1,2026-04-19,1552.19,1449.36,0.60,0.40,1534.86,1466.69
14808,23,408,L,0.00,12758.00,19.00,23.00,6.00,-15.00,0.00,0.00,3.00,12496.00,11.00,38.00,10.00,14.00,2.00,0.00,92.11,100.00,100.00,3,1,2026-04-19,1467.78,1580.95,0.39,0.61,1484.43,1564.31
14809,329,450,W,1.00,12736.00,15.00,35.00,5.00,4.00,0.00,0.00,0.00,11278.00,14.00,19.00,7.00,-5.00,0.00,0.00,100.00,97.14,100.00,5,2,2026-04-19,1459.37,1387.22,0.55,0.45,1439.92,1406.67
14814,331,337,W,3.00,11214.00,11.00,18.00,5.00,8.00,2.00,1.00,2.00,12596.00,19.00,24.00,3.00,-8.00,2.00,1.00,91.67,83.33,100.00,5,4,2026-04-19,1139.65,1170.89,0.38,0.62,1113.02,1197.51
14825,245,201,L,2.00,13033.00,24.00,20.00,6.00,0.00,2.00,0.00,3.00,12974.00,20.00,28.00,14.00,0.00,2.00,1.00,89.29,90.00,100.00,3,6,2026-04-19,1012.33,1087.67,0.45,0.55,1031.55,1068.45
14826,584,545,W,4.00,12892.00,13.00,24.00,9.00,5.00,3.00,2.00,2.00,12814.00,22.00,26.00,7.00,-6.00,2.00,1.00,92.31,83.33,100.00,3,6,2026-04-19,1081.01,1099.35,0.40,0.60,1055.24,1125.12
14828,663,501,L,3.00,11634.00,21.00,24.00,4.00,5.00,3.00,0.00,4.00,9814.00,18.00,27.00,4.00,-5.00,3.00,0.00,85.19,87.50,100.00,3,7,2026-04-19,887.64,1045.00,0.32,0.68,901.47,1031.18
14830,215,217,W,3.00,12243.00,13.00,22.00,9.00,5.00,3.00,2.00,2.00,13119.00,21.00,26.00,8.00,-5.00,2.00,0.00,92.31,86.36,100.00,2,5,2026-04-19,1017.04,1088.37,0.32,0.68,987.86,1117.54
14831,446,130,L,3.00,12705.00,21.00,21.00,6.00,-30.00,2.00,0.00,6.00,12225.00,26.00,26.00,2.00,30.00,4.00,2.00,76.92,85.71,100.00,2,5,2026-04-19,1096.12,1097.45,0.57,0.43,1120.55,1073.03
14478,393,494,W,6.00,13464.00,14.00,37.00,9.00,15.00,6.00,5.00,2.00,12810.00,24.00,35.00,6.00,-15.00,2.00,2.00,94.29,83.78,99.00,1,1,2026-05-03,1571.39,1442.76,0.64,0.36,1555.76,1458.39
14683,449,545,L,3.00,12645.00,17.00,22.00,8.00,-4.00,2.00,0.00,4.00,12593.00,27.00,34.00,4.00,3.00,3.00,0.00,88.24,86.36,100.00,6,6,2026-05-04,967.12,1113.83,0.34,0.66,981.60,1099.35
14695,580,447,W,5.00,11926.00,10.00,25.00,5.00,10.00,5.00,1.00,4.00,12866.00,17.00,36.00,2.00,-10.00,4.00,1.00,88.89,80.00,99.00,3,0,2026-05-04,1611.72,1510.67,0.59,0.41,1594.26,1528.13
14697,573,505,W,6.00,12388.00,33.00,40.00,5.00,5.00,6.00,3.00,3.00,12539.00,25.00,19.00,8.00,-6.00,3.00,2.00,84.21,,99.00,3,0,2026-05-04,1757.03,1631.22,0.63,0.37,1741.22,1647.03
14700,46,188,L,4.00,12509.00,12.00,31.00,6.00,-21.00,4.00,2.00,6.00,12038.00,23.00,34.00,1.00,19.00,5.00,2.00,82.35,87.10,99.00,6,1,2026-05-04,1390.77,1489.66,0.41,0.59,1408.38,1472.06
14706,201,696,L,2.00,12747.00,30.00,31.00,11.00,-5.00,2.00,2.00,4.00,12728.00,22.00,22.00,3.00,5.00,3.00,2.00,81.82,93.55,100.00,6,6,2026-05-04,1057.07,961.23,0.71,0.29,1087.67,930.63
14707,445,584,L,1.00,12217.00,11.00,19.00,2.00,-30.00,1.00,1.00,7.00,12362.00,16.00,37.00,3.00,30.00,5.00,4.00,81.08,94.74,100.00,6,6,2026-05-04,850.62,1090.42,0.22,0.78,860.03,1081.01
14708,245,104,W,7.00,12229.00,15.00,30.00,3.00,28.00,5.00,2.00,0.00,12276.00,22.00,25.00,2.00,-29.00,0.00,0.00,100.00,76.67,100.00,6,6,2026-05-04,1042.83,1136.82,0.29,0.71,1012.33,1167.32
14709,398,448,W,6.00,12273.00,41.00,33.00,4.00,20.00,5.00,1.00,1.00,12292.00,12.00,18.00,19.00,-20.00,0.00,0.00,94.44,81.82,100.00,6,5,2026-05-04,1315.80,1113.12,0.74,0.26,1304.55,1124.37
14710,661,672,L,3.00,13928.00,40.00,33.00,9.00,-8.00,2.00,2.00,4.00,13202.00,11.00,20.00,22.00,8.00,3.00,0.00,80.00,90.91,100.00,6,5,2026-05-04,1165.62,1219.96,0.48,0.52,1186.32,1199.26
14711,337,406,W,2.00,13110.00,26.00,25.00,10.00,5.00,2.00,1.00,1.00,11977.00,15.00,18.00,6.00,-5.00,1.00,1.00,94.44,92.00,100.00,3,4,2026-05-04,1197.60,1230.11,0.38,0.62,1170.89,1256.82
14713,570,38,W,5.00,12878.00,27.00,53.00,7.00,9.00,2.00,1.00,4.00,12332.00,13.00,27.00,14.00,-9.00,2.00,0.00,85.19,90.57,100.00,6,3,2026-05-04,1414.88,1092.26,0.86,0.14,1408.71,1098.43
14714,189,214,W,8.00,13929.00,14.00,36.00,8.00,9.00,6.00,1.00,4.00,11981.00,17.00,33.00,7.00,-5.00,2.00,1.00,87.88,77.78,100.00,6,3,2026-05-04,1342.59,1169.12,0.70,0.30,1329.72,1182.00
14715,129,8,W,6.00,12954.00,29.00,28.00,7.00,4.00,5.00,1.00,2.00,11739.00,12.00,22.00,11.00,-5.00,1.00,0.00,90.91,,100.00,6,3,2026-05-04,1356.02,1233.57,0.63,0.37,1339.99,1249.60
14716,336,568,L,1.00,13827.00,24.00,26.00,7.00,4.00,0.00,0.00,2.00,12699.00,27.00,49.00,8.00,-5.00,1.00,1.00,95.92,96.15,100.00,6,3,2026-05-04,1263.33,1251.55,0.59,0.41,1288.65,1226.23
14717,12,408,L,2.00,12011.00,31.00,27.00,1.00,-20.00,1.00,0.00,5.00,11666.00,9.00,41.00,15.00,20.00,2.00,1.00,87.80,92.59,100.00,6,1,2026-05-04,1268.75,1587.26,0.15,0.85,1275.06,1580.95
14721,446,411,W,7.00,11977.00,17.00,33.00,4.00,19.00,5.00,0.00,2.00,12373.00,16.00,18.00,4.00,-20.00,1.00,0.00,88.89,78.79,100.00,2,5,2026-05-04,1105.83,872.37,0.77,0.23,1096.12,882.08
13992,580,49,W,5.00,13007.00,21.00,31.00,8.00,6.00,3.00,2.00,4.00,13134.00,25.00,32.00,7.00,-4.00,4.00,2.00,87.50,83.87,99.00,1,0,2026-07-02,1626.97,1492.50,0.65,0.35,1611.72,1507.75
13993,29,1,W,4.00,12801.00,23.00,26.00,5.00,10.00,3.00,2.00,2.00,13282.00,20.00,41.00,9.00,-10.00,2.00,0.00,95.12,84.62,99.00,1,0,2026-07-02,1533.99,1518.24,0.46,0.54,1510.57,1541.66
13994,447,17,W,5.00,11885.00,17.00,29.00,7.00,14.00,4.00,2.00,3.00,12889.00,10.00,36.00,5.00,-15.00,3.00,0.00,91.67,82.76,99.00,1,0,2026-07-02,1534.57,1525.74,0.44,0.56,1510.67,1549.64
13997,56,573,L,2.00,7111.00,18.00,17.00,5.00,-25.00,2.00,2.00,7.00,10280.00,13.00,41.00,14.00,25.00,6.00,4.00,82.93,88.24,99.00,1,0,2026-07-02,1459.73,1763.83,0.16,0.84,1466.53,1757.03
14077,379,111,L,2.00,11938.00,19.00,24.00,4.00,-6.00,1.00,0.00,5.00,13058.00,16.00,33.00,5.00,5.00,4.00,3.00,84.85,91.67,100.00,1,0,2026-07-02,1383.48,1482.82,0.41,0.59,1401.05,1465.25
14182,547,191,W,5.00,9568.00,19.00,33.00,8.00,10.00,3.00,0.00,4.00,11035.00,33.00,26.00,11.00,-10.00,4.00,1.00,84.62,84.85,99.00,1,1,2026-07-02,1460.55,1530.37,0.32,0.68,1431.47,1559.45
14191,399,378,L,3.00,12387.00,9.00,22.00,9.00,-11.00,1.00,0.00,5.00,12384.00,20.00,29.00,2.00,10.00,5.00,1.00,82.76,86.36,99.00,1,1,2026-07-02,1290.72,1612.99,0.14,0.86,1296.91,1606.80
14206,109,23,W,8.00,13429.00,14.00,27.00,9.00,20.00,3.00,1.00,4.00,12750.00,28.00,26.00,5.00,-20.00,4.00,1.00,84.62,70.37,100.00,1,1,2026-07-02,1352.92,1437.81,0.30,0.70,1322.94,1467.78
14208,438,12,L,5.00,12826.00,25.00,38.00,1.00,-20.00,5.00,1.00,7.00,12695.00,13.00,26.00,4.00,20.00,7.00,3.00,73.08,86.84,100.00,1,1,2026-07-02,1417.59,1300.52,0.74,0.26,1449.36,1268.75
14209,408,409,W,6.00,12582.00,12.00,34.00,7.00,3.00,4.00,1.00,5.00,13156.00,14.00,17.00,4.00,-4.00,4.00,1.00,70.59,82.35,100.00,1,1,2026-07-02,1594.76,1309.87,0.83,0.17,1587.26,1317.38
14219,506,44,W,6.00,12868.00,19.00,20.00,7.00,-5.00,4.00,2.00,5.00,13011.00,17.00,36.00,4.00,5.00,4.00,3.00,86.11,70.00,100.00,1,2,2026-07-02,1330.94,1316.40,0.45,0.55,1307.44,1339.90
14266,26,675,L,2.00,12995.00,26.00,24.00,6.00,-10.00,2.00,2.00,4.00,12336.00,19.00,31.00,14.00,10.00,4.00,3.00,87.10,91.67,100.00,1,4,2026-07-02,949.80,1186.75,0.22,0.78,959.34,1177.20
14267,406,331,W,3.00,11240.00,41.00,33.00,7.00,14.00,3.00,2.00,0.00,12842.00,11.00,11.00,16.00,-15.00,0.00,0.00,100.00,90.91,100.00,1,4,2026-07-02,1246.13,1123.62,0.63,0.37,1230.11,1139.65
14268,439,502,W,10.00,11930.00,10.00,27.00,6.00,20.00,9.00,4.00,7.00,13266.00,19.00,29.00,1.00,-26.00,6.00,3.00,75.86,,100.00,1,4,2026-07-02,1247.12,1070.95,0.70,0.30,1234.41,1083.66
14288,207,189,L,2.00,12579.00,15.00,22.00,3.00,0.00,2.00,1.00,3.00,13018.00,16.00,25.00,4.00,0.00,3.00,1.00,88.00,90.91,100.00,1,3,2026-07-02,1231.23,1358.32,0.37,0.63,1246.96,1342.59
14289,38,129,L,1.00,12418.00,14.00,18.00,3.00,-20.00,1.00,0.00,6.00,11864.00,18.00,25.00,3.00,19.00,5.00,1.00,,94.44,100.00,1,3,2026-07-02,1084.53,1363.75,0.18,0.82,1092.26,1356.02
14290,24,214,L,4.00,12433.00,16.00,31.00,4.00,-3.00,2.00,1.00,7.00,12214.00,8.00,29.00,5.00,1.00,6.00,2.00,75.86,87.10,100.00,1,3,2026-07-02,1140.72,1190.17,0.49,0.51,1161.77,1169.12
14296,499,448,W,2.00,13287.00,30.00,32.00,11.00,3.00,1.00,1.00,1.00,13177.00,17.00,22.00,16.00,-3.00,1.00,0.00,95.45,93.75,100.00,1,5,2026-07-02,1290.24,1101.13,0.72,0.28,1278.25,1113.12
14298,201,652,W,3.00,12594.00,27.00,30.00,7.00,14.00,2.00,0.00,0.00,13121.00,21.00,20.00,10.00,-15.00,0.00,0.00,100.00,90.00,100.00,1,6,2026-07-02,1065.86,812.41,0.80,0.20,1057.07,821.21
14302,104,445,L,3.00,12968.00,27.00,24.00,3.00,-1.00,3.00,2.00,4.00,12765.00,10.00,19.00,3.00,0.00,4.00,1.00,78.95,87.50,100.00,1,6,2026-07-02,1100.76,886.67,0.84,0.16,1136.82,850.62
14303,375,59,L,2.00,13213.00,16.00,22.00,1.00,-15.00,2.00,0.00,6.00,12411.00,13.00,25.00,5.00,15.00,6.00,3.00,76.00,90.91,100.00,1,6,2026-07-02,920.82,866.42,0.65,0.35,948.95,838.29
14092,111,669,L,2.00,11517.00,18.00,29.00,8.00,-5.00,2.00,0.00,3.00,12720.00,19.00,35.00,3.00,5.00,2.00,0.00,91.43,93.10,100.00,1,0,2026-07-03,1471.11,1665.33,0.27,0.73,1482.82,1653.63
14464,269,411,W,4.00,12866.00,23.00,36.00,3.00,10.00,3.00,3.00,2.00,12798.00,10.00,13.00,11.00,-10.00,1.00,0.00,84.62,88.89,100.00,1,5,2026-07-03,1097.37,862.71,0.78,0.22,1087.72,872.37
14473,188,46,L,5.00,12575.00,15.00,31.00,4.00,-3.00,5.00,3.00,6.00,13108.00,13.00,32.00,1.00,4.00,4.00,1.00,81.25,83.87,99.00,1,1,2026-07-03,1462.20,1418.23,0.64,0.36,1489.66,1390.77
14474,579,494,W,3.00,12604.00,17.00,36.00,6.00,10.00,2.00,1.00,1.00,12002.00,10.00,25.00,2.00,-10.00,1.00,1.00,96.00,91.67,99.00,1,1,2026-07-03,1508.91,1424.19,0.57,0.43,1490.34,1442.76
14476,399,191,L,3.00,13374.00,13.00,26.00,5.00,-15.00,2.00,1.00,7.00,12676.00,27.00,30.00,5.00,19.00,6.00,3.00,76.67,88.46,99.00,1,1,2026-07-03,1282.08,1539.02,0.20,0.80,1290.72,1530.37
14477,92,547,L,2.00,14061.00,21.00,31.00,4.00,-5.00,2.00,1.00,3.00,13207.00,21.00,33.00,6.00,5.00,2.00,0.00,90.91,93.55,99.00,1,1,2026-07-03,1430.22,1481.47,0.49,0.51,1451.14,1460.55
14480,109,12,L,3.00,13208.00,25.00,27.00,8.00,-20.00,2.00,0.00,7.00,13285.00,18.00,27.00,12.00,20.00,7.00,5.00,74.07,88.89,100.00,1,1,2026-07-03,1328.20,1325.24,0.57,0.43,1352.92,1300.52
14482,408,23,W,2.00,12574.00,21.00,25.00,13.00,5.00,2.00,1.00,1.00,13305.00,26.00,31.00,11.00,-5.00,0.00,0.00,96.77,92.00,100.00,1,1,2026-07-03,1607.16,1425.41,0.71,0.29,1594.76,1437.81
14485,329,506,W,5.00,12813.00,19.00,32.00,5.00,15.00,4.00,2.00,3.00,12427.00,19.00,27.00,2.00,-15.00,2.00,1.00,88.89,84.38,100.00,6,2,2026-07-03,1473.26,1317.05,0.68,0.32,1459.37,1330.94
14487,402,205,L,3.00,13062.00,21.00,23.00,5.00,-10.00,3.00,2.00,4.00,12206.00,23.00,29.00,9.00,10.00,3.00,2.00,86.21,86.96,100.00,6,2,2026-07-03,1418.97,1497.89,0.44,0.56,1437.95,1478.91
14488,581,332,W,2.00,12553.00,27.00,35.00,10.00,0.00,2.00,0.00,1.00,13090.00,17.00,19.00,7.00,0.00,1.00,1.00,94.74,94.29,100.00,1,3,2026-07-03,1083.62,1063.97,0.46,0.54,1060.48,1087.12
14490,336,24,W,8.00,12382.00,25.00,25.00,14.00,39.00,6.00,2.00,0.00,10462.00,13.00,15.00,7.00,-40.00,0.00,0.00,100.00,68.00,100.00,1,3,2026-07-03,1277.54,1126.51,0.67,0.33,1263.33,1140.72
14491,568,38,W,7.00,12451.00,20.00,29.00,6.00,39.00,4.00,1.00,0.00,12871.00,15.00,16.00,4.00,-40.00,0.00,0.00,100.00,,100.00,1,3,2026-07-03,1263.44,1072.64,0.72,0.28,1251.55,1084.53
14492,207,129,L,3.00,13004.00,23.00,43.00,12.00,0.00,3.00,3.00,4.00,13456.00,20.00,28.00,9.00,0.00,3.00,2.00,85.71,93.02,100.00,1,3,2026-07-03,1217.56,1377.43,0.32,0.68,1231.23,1363.75
14493,214,570,L,1.00,12694.00,11.00,20.00,9.00,-35.00,1.00,1.00,8.00,12785.00,29.00,36.00,5.00,35.00,7.00,3.00,77.78,95.00,100.00,1,3,2026-07-03,1180.91,1424.14,0.22,0.78,1190.17,1414.88
14494,448,400,L,0.00,12378.00,21.00,20.00,0.00,-5.00,0.00,0.00,1.00,11740.00,16.00,17.00,5.00,5.00,0.00,0.00,94.12,100.00,100.00,1,5,2026-07-03,1087.61,1249.94,0.31,0.69,1101.13,1236.41
14496,499,446,W,4.00,12521.00,22.00,23.00,7.00,10.00,1.00,0.00,2.00,12976.00,19.00,25.00,9.00,-10.00,2.00,1.00,92.00,82.61,100.00,1,5,2026-07-03,1301.29,1094.78,0.74,0.26,1290.24,1105.83
14500,201,445,W,6.00,12205.00,24.00,45.00,5.00,27.00,5.00,1.00,1.00,12555.00,10.00,22.00,9.00,-25.00,0.00,0.00,95.45,86.67,100.00,1,6,2026-07-03,1077.16,875.37,0.74,0.26,1065.86,886.67
14516,447,49,W,9.00,12534.00,14.00,33.00,3.00,25.00,8.00,6.00,3.00,12273.00,15.00,25.00,5.00,-25.00,3.00,1.00,88.00,72.73,99.00,6,0,2026-07-03,1553.48,1473.59,0.56,0.44,1534.57,1492.50
14518,56,578,L,1.00,13040.00,21.00,33.00,4.00,-20.00,1.00,1.00,6.00,13280.00,18.00,38.00,6.00,20.00,5.00,2.00,84.21,96.97,99.00,7,0,2026-07-03,1438.75,1489.07,0.49,0.51,1459.73,1468.08
13983,573,578,L,3.00,13322.00,19.00,35.00,17.00,1.00,2.00,0.00,4.00,14109.00,29.00,38.00,7.00,0.00,3.00,1.00,89.47,91.43,99.00,1,0,2026-08-02,1728.17,1524.73,0.83,0.17,1763.83,1489.07
13991,17,4,W,6.00,12861.00,23.00,47.00,7.00,14.00,5.00,4.00,3.00,13121.00,15.00,26.00,8.00,-14.00,2.00,2.00,88.46,87.23,99.00,1,0,2026-08-02,1533.66,1259.37,0.82,0.18,1525.74,1267.29
13995,56,447,L,4.00,12699.00,11.00,31.00,6.00,-22.00,4.00,4.00,6.00,12291.00,20.00,26.00,3.00,18.00,4.00,1.00,76.92,87.10,99.00,1,0,2026-08-02,1424.10,1568.13,0.34,0.66,1438.75,1553.48
14091,379,239,L,2.00,12817.00,20.00,28.00,7.00,-20.00,2.00,1.00,7.00,12500.00,29.00,32.00,10.00,20.00,7.00,5.00,78.12,92.86,100.00,1,0,2026-08-02,1367.24,1486.60,0.38,0.62,1383.48,1470.36
14096,111,443,W,4.00,13215.00,22.00,24.00,13.00,-5.00,4.00,1.00,3.00,12782.00,23.00,40.00,5.00,5.00,3.00,2.00,92.50,83.33,100.00,1,0,2026-08-02,1490.48,1417.12,0.55,0.45,1471.11,1436.49
14181,399,191,L,1.00,12235.00,12.00,27.00,9.00,-20.00,1.00,0.00,8.00,12943.00,21.00,36.00,5.00,20.00,7.00,3.00,77.78,96.30,99.00,1,1,2026-08-02,1274.10,1547.00,0.19,0.81,1282.08,1539.02
14188,494,188,L,2.00,12637.00,17.00,24.00,2.00,-20.00,2.00,0.00,6.00,12461.00,25.00,39.00,2.00,20.00,6.00,0.00,84.62,91.67,99.00,1,1,2026-08-02,1405.03,1481.36,0.45,0.55,1424.19,1462.20
14190,393,396,W,7.00,11667.00,17.00,31.00,3.00,10.00,7.00,3.00,4.00,12516.00,14.00,26.00,4.00,-10.00,2.00,0.00,84.62,,99.00,1,1,2026-08-02,1574.79,1141.54,0.92,0.08,1571.39,1144.94
14192,378,579,W,9.00,12800.00,19.00,27.00,3.00,25.00,9.00,4.00,1.00,13823.00,18.00,21.00,8.00,-23.00,1.00,1.00,95.24,66.67,99.00,1,1,2026-08-02,1628.23,1493.67,0.65,0.35,1612.99,1508.91
14207,668,48,L,2.00,12982.00,17.00,22.00,7.00,-5.00,1.00,1.00,5.00,12841.00,18.00,24.00,7.00,5.00,5.00,5.00,79.17,90.91,100.00,1,1,2026-08-02,1342.68,1562.56,0.24,0.76,1353.05,1552.19
14213,402,329,L,1.00,12214.00,21.00,39.00,3.00,-9.00,1.00,1.00,2.00,12064.00,15.00,32.00,2.00,9.00,1.00,0.00,93.75,97.44,100.00,1,2,2026-08-02,1400.81,1491.43,0.42,0.58,1418.97,1473.26
14214,205,498,L,4.00,13179.00,26.00,26.00,11.00,5.00,4.00,2.00,5.00,13779.00,26.00,32.00,12.00,-5.00,2.00,1.00,84.38,84.62,100.00,1,2,2026-08-02,1471.81,1448.74,0.61,0.39,1497.89,1422.66
14269,337,577,W,7.00,12141.00,22.00,31.00,5.00,25.00,6.00,3.00,1.00,12845.00,8.00,15.00,5.00,-25.00,1.00,0.00,93.33,77.42,100.00,1,4,2026-08-02,1212.01,1064.12,0.66,0.34,1197.60,1078.52
14287,570,336,W,4.00,12476.00,24.00,45.00,3.00,4.00,4.00,2.00,2.00,12245.00,8.00,20.00,7.00,-5.00,1.00,1.00,90.00,91.11,100.00,1,3,2026-08-02,1437.07,1264.61,0.70,0.30,1424.14,1277.54
14291,332,581,L,2.00,12948.00,9.00,24.00,7.00,-15.00,2.00,0.00,5.00,11740.00,12.00,32.00,5.00,15.00,4.00,1.00,84.38,91.67,100.00,1,3,2026-08-02,1043.69,1103.91,0.47,0.53,1063.97,1083.62
14292,672,398,L,4.00,12846.00,13.00,22.00,10.00,-10.00,2.00,1.00,6.00,13024.00,22.00,33.00,7.00,9.00,4.00,0.00,81.82,81.82,100.00,1,5,2026-08-02,1204.25,1331.52,0.37,0.63,1219.96,1315.80
14293,269,446,L,2.00,13372.00,38.00,23.00,4.00,-10.00,1.00,0.00,4.00,13615.00,13.00,13.00,23.00,10.00,1.00,1.00,69.23,91.30,100.00,1,5,2026-08-02,1075.71,1116.44,0.50,0.50,1097.37,1094.78
14294,431,411,W,5.00,12880.00,22.00,25.00,8.00,5.00,4.00,0.00,4.00,12776.00,8.00,16.00,9.00,-5.00,3.00,1.00,75.00,80.00,100.00,1,5,2026-08-02,1165.34,856.09,0.85,0.15,1158.72,862.71
14295,400,130,W,4.00,13342.00,29.00,33.00,15.00,20.00,4.00,1.00,0.00,13024.00,15.00,19.00,4.00,-20.00,0.00,0.00,100.00,87.88,100.00,1,5,2026-08-02,1262.57,1084.83,0.71,0.29,1249.94,1097.45
14297,217,176,W,8.00,12708.00,23.00,31.00,10.00,18.00,4.00,3.00,3.00,13119.00,20.00,23.00,11.00,-20.00,2.00,0.00,,74.19,100.00,1,5,2026-08-02,1102.92,957.42,0.66,0.34,1088.37,971.97
14299,61,574,L,2.00,12683.00,28.00,25.00,11.00,-10.00,2.00,1.00,4.00,12845.00,34.00,31.00,11.00,10.00,4.00,3.00,87.10,92.00,100.00,1,6,2026-08-02,851.38,945.42,0.42,0.58,869.32,927.49
14300,696,545,L,3.00,12556.00,11.00,20.00,5.00,-31.00,3.00,0.00,8.00,11570.00,17.00,23.00,4.00,30.00,5.00,3.00,65.22,85.00,100.00,1,6,2026-08-02,948.61,1126.45,0.29,0.71,961.23,1113.83
14301,245,449,W,6.00,10409.00,10.00,22.00,11.00,25.00,2.00,0.00,3.00,12275.00,22.00,20.00,4.00,-25.00,3.00,2.00,85.00,72.73,100.00,1,6,2026-08-02,1059.72,950.24,0.61,0.39,1042.83,967.12
14102,379,239,W,9.00,12892.00,23.00,32.00,14.00,30.00,8.00,3.00,3.00,13305.00,26.00,30.00,5.00,-30.00,3.00,0.00,90.00,,100.00,1,0,2026-08-03,1395.85,1457.99,0.33,0.67,1367.24,1486.60
14103,443,667,L,4.00,12892.00,23.00,27.00,6.00,-20.00,3.00,2.00,8.00,12410.00,18.00,33.00,9.00,20.00,6.00,3.00,75.76,85.19,100.00,1,0,2026-08-03,1406.91,1629.88,0.24,0.76,1417.12,1619.67
14475,188,191,W,9.00,12892.00,11.00,30.00,10.00,29.00,9.00,3.00,5.00,12992.00,32.00,42.00,3.00,-30.00,5.00,4.00,88.10,70.00,99.00,1,1,2026-08-03,1506.87,1521.48,0.41,0.59,1481.36,1547.00
14479,399,46,L,3.00,10882.00,14.00,31.00,0.00,-20.00,2.00,1.00,8.00,12787.00,15.00,46.00,3.00,20.00,7.00,6.00,82.61,90.32,99.00,1,1,2026-08-03,1261.04,1431.29,0.30,0.70,1274.10,1418.23
14481,409,48,L,1.00,13284.00,15.00,21.00,5.00,-40.00,1.00,1.00,9.00,13253.00,20.00,32.00,5.00,40.00,9.00,8.00,71.88,95.24,100.00,1,1,2026-08-03,1301.73,1570.70,0.19,0.81,1309.87,1562.56
14483,438,668,W,3.00,13155.00,20.00,26.00,10.00,5.00,2.00,1.00,2.00,13203.00,17.00,31.00,9.00,-5.00,2.00,1.00,93.55,88.46,100.00,1,1,2026-08-03,1434.53,1325.74,0.61,0.39,1417.59,1342.68
14484,44,397,L,0.00,11049.00,17.00,23.00,3.00,-20.00,0.00,0.00,5.00,12081.00,16.00,27.00,8.00,20.00,5.00,4.00,81.48,100.00,100.00,6,2,2026-08-03,1304.93,1503.54,0.27,0.73,1316.40,1492.07
14486,450,498,W,7.00,13312.00,23.00,30.00,10.00,20.00,7.00,4.00,1.00,12857.00,18.00,20.00,7.00,-20.00,1.00,1.00,95.00,76.67,100.00,6,2,2026-08-03,1412.49,1423.47,0.41,0.59,1387.22,1448.74
14499,245,652,W,7.00,12980.00,23.00,27.00,4.00,20.00,6.00,3.00,3.00,12182.00,13.00,26.00,7.00,-21.00,1.00,0.00,88.46,74.07,100.00,1,6,2026-08-03,1068.06,804.07,0.81,0.19,1059.72,812.41
14501,584,574,W,2.00,12708.00,21.00,25.00,12.00,10.00,2.00,1.00,1.00,12195.00,29.00,35.00,8.00,-10.00,1.00,0.00,97.14,92.00,100.00,1,6,2026-08-03,1103.44,932.41,0.70,0.30,1090.42,945.42
13764,573,56,W,3.00,12371.00,20.00,32.00,6.00,0.00,2.00,0.00,2.00,13714.00,26.00,31.00,3.00,0.00,1.00,0.00,93.55,90.62,99.00,1,0,2026-10-01,1734.53,1417.74,0.85,0.15,1728.17,1424.10
14014,494,191,L,2.00,8898.00,14.00,25.00,3.00,-10.00,2.00,1.00,3.00,12687.00,17.00,28.00,8.00,9.00,2.00,1.00,89.29,92.00,99.00,1,1,2026-10-01,1390.48,1536.04,0.34,0.66,1405.03,1521.48
14020,409,109,W,4.00,13114.00,21.00,29.00,13.00,0.00,4.00,1.00,3.00,12386.00,30.00,27.00,9.00,0.00,2.00,1.00,88.89,86.21,100.00,1,1,2026-10-01,1324.87,1305.06,0.46,0.54,1301.73,1328.20
14021,23,408,L,1.00,12681.00,28.00,39.00,10.00,-20.00,1.00,1.00,7.00,12947.00,21.00,43.00,12.00,20.00,7.00,5.00,83.72,97.44,100.00,1,1,2026-10-01,1414.23,1618.34,0.26,0.74,1425.41,1607.16
14022,48,12,W,8.00,13066.00,7.00,41.00,15.00,25.00,8.00,6.00,3.00,13250.00,35.00,31.00,6.00,-25.00,3.00,1.00,90.32,80.49,100.00,1,1,2026-10-01,1579.12,1316.82,0.80,0.20,1570.70,1325.24
14025,669,379,W,2.00,12225.00,37.00,37.00,6.00,5.00,1.00,0.00,1.00,13160.00,14.00,21.00,21.00,-6.00,0.00,0.00,95.24,94.59,100.00,1,0,2026-10-01,1672.85,1388.33,0.83,0.17,1665.33,1395.85
14027,22,44,L,1.00,12204.00,14.00,21.00,12.00,-30.00,1.00,1.00,7.00,13196.00,33.00,39.00,8.00,30.00,7.00,5.00,82.05,95.24,100.00,1,2,2026-10-01,1200.70,1321.09,0.38,0.62,1216.86,1304.93
14029,450,498,L,4.00,11976.00,16.00,28.00,8.00,-5.00,4.00,1.00,6.00,12338.00,23.00,31.00,7.00,5.00,6.00,5.00,80.65,85.71,100.00,1,2,2026-10-01,1391.67,1444.29,0.48,0.52,1412.49,1423.47
14035,24,8,W,6.00,14485.00,19.00,27.00,9.00,5.00,5.00,4.00,4.00,12096.00,25.00,24.00,14.00,-6.00,4.00,2.00,83.33,77.78,100.00,1,3,2026-10-01,1154.43,1205.65,0.35,0.65,1126.51,1233.57
14041,439,406,L,1.00,11947.00,19.00,24.00,6.00,-14.00,1.00,1.00,4.00,9901.00,19.00,31.00,2.00,15.00,4.00,1.00,87.10,95.83,100.00,1,4,2026-10-01,1225.56,1267.69,0.50,0.50,1247.12,1246.13
14042,661,216,W,9.00,11911.00,33.00,34.00,10.00,38.00,8.00,4.00,0.00,12619.00,16.00,12.00,6.00,-39.00,0.00,0.00,100.00,73.53,100.00,1,5,2026-10-01,1171.91,852.82,0.85,0.15,1165.62,859.11
14045,176,448,L,0.00,13002.00,28.00,26.00,6.00,-5.00,0.00,0.00,1.00,12107.00,17.00,17.00,12.00,5.00,1.00,0.00,94.12,100.00,100.00,1,5,2026-10-01,943.61,1101.41,0.32,0.68,957.42,1087.61
14046,215,431,L,1.00,13249.00,12.00,20.00,10.00,-5.00,1.00,1.00,4.00,12876.00,23.00,25.00,4.00,5.00,4.00,1.00,84.00,95.00,100.00,1,5,2026-10-01,1004.19,1178.18,0.30,0.70,1017.04,1165.34
14048,501,532,W,3.00,12433.00,31.00,32.00,5.00,5.00,3.00,2.00,0.00,11483.00,13.00,8.00,15.00,-5.00,0.00,0.00,100.00,90.62,100.00,1,7,2026-10-01,1063.45,976.95,0.57,0.43,1045.00,995.40
14051,674,671,W,3.00,12470.00,27.00,26.00,6.00,5.00,3.00,0.00,2.00,12759.00,17.00,21.00,10.00,-5.00,2.00,1.00,90.48,88.46,100.00,1,7,2026-10-01,725.41,828.63,0.28,0.72,694.39,859.65
14055,375,696,L,3.00,11929.00,14.00,13.00,7.00,0.00,3.00,2.00,4.00,193.00,0.00,3.00,0.00,0.00,3.00,3.00,-33.33,76.92,100.00,1,6,2026-10-01,901.04,968.40,0.46,0.54,920.82,948.61
13765,1,573,L,3.00,13261.00,15.00,24.00,5.00,-15.00,3.00,2.00,6.00,12478.00,28.00,50.00,5.00,15.00,5.00,1.00,88.00,87.50,99.00,1,0,2026-11-01,1508.62,1744.14,0.22,0.78,1518.24,1734.53
13767,580,218,W,5.00,12264.00,24.00,32.00,1.00,20.00,5.00,3.00,1.00,12944.00,9.00,15.00,11.00,-20.00,0.00,0.00,93.33,84.38,99.00,1,0,2026-11-01,1636.31,1395.06,0.78,0.22,1626.97,1404.41
14015,191,46,L,4.00,13160.00,17.00,32.00,9.00,0.00,4.00,2.00,5.00,12893.00,27.00,37.00,5.00,0.00,3.00,2.00,86.49,87.50,99.00,1,1,2026-11-01,1508.24,1459.08,0.65,0.35,1536.04,1431.29
14017,92,579,W,5.00,12884.00,22.00,29.00,17.00,15.00,5.00,3.00,0.00,12264.00,32.00,41.00,10.00,-15.00,0.00,0.00,,82.76,99.00,1,1,2026-11-01,1455.61,1468.28,0.41,0.59,1430.22,1493.67
14018,452,393,L,5.00,14519.00,26.00,34.00,8.00,0.00,2.00,2.00,6.00,11437.00,7.00,27.00,24.00,0.00,2.00,1.00,77.78,85.29,99.00,1,1,2026-11-01,1550.94,1596.13,0.50,0.50,1572.29,1574.79
14026,667,443,W,6.00,11246.00,13.00,23.00,0.00,13.00,6.00,2.00,3.00,12457.00,12.00,16.00,6.00,-15.00,2.00,1.00,81.25,73.91,100.00,1,0,2026-11-01,1639.21,1397.58,0.78,0.22,1629.88,1406.91
14028,506,397,L,3.00,11983.00,21.00,29.00,12.00,-10.00,3.00,3.00,5.00,12513.00,26.00,29.00,7.00,10.00,5.00,3.00,82.76,89.66,100.00,1,2,2026-11-01,1306.09,1514.49,0.25,0.75,1317.05,1503.54
14031,129,581,W,8.00,13083.00,20.00,33.00,3.00,31.00,6.00,2.00,0.00,12325.00,14.00,17.00,11.00,-35.00,0.00,0.00,100.00,75.76,100.00,1,3,2026-11-01,1384.80,1096.53,0.83,0.17,1377.43,1103.91
14032,130,499,L,1.00,12930.00,19.00,23.00,10.00,-5.00,0.00,0.00,2.00,12954.00,24.00,23.00,9.00,5.00,1.00,0.00,91.30,95.65,100.00,1,5,2026-11-01,1075.22,1310.90,0.22,0.78,1084.83,1301.29
14033,38,189,L,2.00,12872.00,14.00,21.00,4.00,-4.00,2.00,1.00,3.00,12801.00,21.00,28.00,4.00,2.00,3.00,1.00,89.29,90.48,100.00,1,3,2026-11-01,1065.68,1365.28,0.16,0.84,1072.64,1358.32
14037,570,207,W,4.00,13186.00,29.00,29.00,14.00,13.00,4.00,2.00,3.00,12529.00,27.00,27.00,13.00,-13.00,3.00,2.00,88.89,86.21,100.00,1,3,2026-11-01,1446.54,1208.08,0.78,0.22,1437.07,1217.56
14038,217,411,L,3.00,12063.00,28.00,24.00,3.00,-5.00,3.00,0.00,4.00,12341.00,14.00,15.00,10.00,5.00,1.00,1.00,73.33,87.50,100.00,1,5,2026-11-01,1068.29,890.73,0.81,0.19,1102.92,856.09
14039,446,672,L,2.00,13037.00,21.00,20.00,13.00,-3.00,2.00,0.00,3.00,12316.00,31.00,40.00,11.00,3.00,2.00,1.00,92.50,90.00,100.00,1,5,2026-11-01,1100.26,1220.43,0.38,0.62,1116.44,1204.25
14040,504,337,L,2.00,13010.00,13.00,27.00,18.00,0.00,2.00,0.00,3.00,13877.00,33.00,38.00,7.00,0.00,3.00,1.00,92.11,92.59,100.00,1,4,2026-11-01,1090.99,1227.15,0.35,0.65,1106.13,1212.01
14044,491,400,W,6.00,13611.00,13.00,31.00,3.00,0.00,4.00,1.00,5.00,12535.00,14.00,21.00,9.00,0.00,5.00,3.00,76.19,80.65,100.00,1,5,2026-11-01,1201.48,1235.74,0.38,0.62,1174.65,1262.57
14047,673,705,W,2.00,12529.00,25.00,31.00,7.00,0.00,1.00,0.00,1.00,12712.00,16.00,20.00,9.00,0.00,1.00,0.00,95.00,93.55,100.00,1,7,2026-11-01,943.63,857.81,0.57,0.43,925.13,876.31
14056,59,401,W,7.00,11701.00,18.00,29.00,3.00,23.00,6.00,1.00,2.00,13012.00,8.00,18.00,10.00,-25.00,1.00,0.00,88.89,75.86,100.00,1,6,2026-11-01,875.57,630.09,0.79,0.21,866.42,639.24
14740,669,35,W,4.00,13021.00,32.00,42.00,9.00,15.00,3.00,3.00,2.00,12605.00,22.00,26.00,16.00,-15.00,2.00,1.00,92.31,90.48,100.00,3,0,2026-11-04,1688.55,1560.91,0.64,0.36,1672.85,1576.60
14741,505,573,W,4.00,13625.00,20.00,32.00,9.00,0.00,1.00,1.00,2.00,12799.00,20.00,36.00,4.00,0.00,2.00,0.00,94.44,87.50,99.00,3,0,2026-11-04,1659.47,1715.89,0.34,0.66,1631.22,1744.14
14743,447,580,W,5.00,12229.00,25.00,25.00,10.00,9.00,5.00,2.00,3.00,12692.00,24.00,29.00,7.00,-11.00,3.00,1.00,89.66,80.00,99.00,3,0,2026-11-04,1593.80,1610.65,0.40,0.60,1568.13,1636.31
14745,188,46,W,3.00,12197.00,8.00,25.00,4.00,4.00,2.00,0.00,1.00,12796.00,22.00,21.00,4.00,-5.00,0.00,0.00,95.24,88.00,99.00,6,1,2026-11-04,1525.43,1440.52,0.57,0.43,1506.87,1459.08
14750,667,111,W,2.00,12326.00,19.00,26.00,3.00,5.00,2.00,1.00,1.00,12871.00,14.00,25.00,8.00,-5.00,1.00,1.00,96.00,92.31,100.00,3,0,2026-11-04,1652.03,1477.66,0.70,0.30,1639.21,1490.48
14753,23,408,W,2.00,12515.00,32.00,29.00,14.00,-2.00,1.00,0.00,1.00,12615.00,30.00,23.00,16.00,2.00,1.00,1.00,95.65,93.10,100.00,3,1,2026-11-04,1447.08,1585.48,0.24,0.76,1414.23,1618.34
14755,48,438,D,2.00,11248.00,9.00,16.00,7.00,3.00,2.00,1.00,2.00,12625.00,23.00,24.00,7.00,-4.00,1.00,0.00,,81.25,100.00,3,1,2026-11-04,1570.66,1442.99,0.70,0.30,1579.12,1434.53
14757,397,450,W,5.00,12540.00,21.00,23.00,6.00,15.00,4.00,0.00,3.00,11884.00,19.00,35.00,6.00,-15.00,3.00,1.00,91.43,78.26,100.00,3,2,2026-11-04,1528.69,1377.47,0.67,0.33,1514.49,1391.67
14758,205,329,L,3.00,12471.00,12.00,18.00,3.00,-10.00,2.00,0.00,5.00,13036.00,19.00,16.00,2.00,10.00,5.00,1.00,68.75,83.33,100.00,3,2,2026-11-04,1451.52,1511.72,0.47,0.53,1471.81,1491.43
14761,336,568,L,2.00,12874.00,13.00,21.00,15.00,-3.00,2.00,0.00,3.00,13189.00,24.00,29.00,3.00,4.00,3.00,2.00,89.66,90.48,100.00,6,3,2026-11-04,1243.04,1285.02,0.50,0.50,1264.61,1263.44
14765,337,406,L,0.00,12905.00,27.00,18.00,5.00,-10.00,0.00,0.00,2.00,12566.00,25.00,16.00,10.00,10.00,2.00,2.00,87.50,100.00,100.00,3,4,2026-11-04,1208.15,1286.70,0.44,0.56,1227.15,1267.69
14769,215,217,L,2.00,11258.00,26.00,21.00,4.00,-9.00,1.00,0.00,6.00,12908.00,17.00,18.00,6.00,9.00,5.00,2.00,66.67,90.48,100.00,2,5,2026-11-04,986.62,1085.87,0.41,0.59,1004.19,1068.29
14770,130,446,L,1.00,12314.00,24.00,18.00,10.00,-25.00,1.00,0.00,6.00,13377.00,18.00,31.00,7.00,25.00,5.00,0.00,80.65,94.44,100.00,2,5,2026-11-04,1055.27,1120.22,0.46,0.54,1075.22,1100.26
14771,104,245,L,1.00,12900.00,21.00,21.00,8.00,-15.00,1.00,0.00,4.00,13269.00,13.00,14.00,7.00,15.00,4.00,0.00,71.43,95.24,100.00,6,6,2026-11-04,1077.24,1091.58,0.55,0.45,1100.76,1068.06
14772,201,696,W,5.00,12570.00,11.00,23.00,5.00,15.00,3.00,3.00,2.00,12654.00,20.00,18.00,5.00,-15.00,2.00,0.00,88.89,78.26,100.00,6,6,2026-11-04,1092.14,953.42,0.65,0.35,1077.16,968.40
14773,451,705,W,2.00,12497.00,19.00,25.00,5.00,10.00,2.00,0.00,0.00,12855.00,15.00,15.00,8.00,-9.00,0.00,0.00,100.00,92.00,100.00,3,7,2026-11-04,1087.86,848.38,0.78,0.22,1078.44,857.81
14774,501,663,L,3.00,12810.00,16.00,32.00,4.00,-6.00,1.00,0.00,4.00,11247.00,19.00,16.00,3.00,5.00,2.00,0.00,75.00,90.62,100.00,3,7,2026-11-04,1031.92,919.18,0.73,0.27,1063.45,887.64
14742,505,573,W,5.00,13276.00,19.00,25.00,20.00,7.00,5.00,3.00,4.00,13548.00,41.00,43.00,9.00,-7.00,3.00,2.00,90.70,80.00,99.00,3,0,2026-12-04,1684.43,1690.93,0.42,0.58,1659.47,1715.89
14744,447,580,W,7.00,11505.00,7.00,37.00,5.00,25.00,7.00,6.00,0.00,12285.00,26.00,36.00,2.00,-25.00,0.00,0.00,100.00,81.08,99.00,3,0,2026-12-04,1616.34,1588.11,0.48,0.52,1593.80,1610.65
14747,393,378,W,4.00,2582.00,6.00,11.00,4.00,4.00,3.00,1.00,3.00,11291.00,26.00,33.00,4.00,-4.00,3.00,0.00,90.91,63.64,99.00,3,1,2026-12-04,1619.61,1604.75,0.45,0.55,1596.13,1628.23
14748,452,188,W,3.00,13365.00,13.00,12.00,4.00,3.00,3.00,1.00,2.00,13249.00,22.00,42.00,4.00,-3.00,1.00,0.00,95.24,75.00,99.00,3,1,2026-12-04,1570.86,1505.51,0.54,0.46,1550.94,1525.43
14751,669,35,W,6.00,12660.00,19.00,41.00,6.00,10.00,5.00,1.00,2.00,12303.00,15.00,26.00,12.00,-10.00,2.00,1.00,92.31,85.37,100.00,3,0,2026-12-04,1702.48,1546.97,0.68,0.32,1688.55,1560.91
14752,111,667,L,1.00,12528.00,24.00,28.00,10.00,-5.00,0.00,0.00,2.00,12839.00,22.00,28.00,10.00,5.00,2.00,1.00,92.86,96.43,100.00,3,0,2026-12-04,1466.13,1663.57,0.27,0.73,1477.66,1652.03
14754,408,23,W,7.00,13093.00,22.00,38.00,10.00,20.00,5.00,0.00,3.00,12493.00,26.00,24.00,11.00,-20.00,2.00,1.00,87.50,81.58,100.00,3,1,2026-12-04,1598.85,1433.72,0.69,0.31,1585.48,1447.08
14756,48,438,L,1.00,13002.00,21.00,30.00,5.00,-19.00,1.00,1.00,6.00,12276.00,14.00,35.00,5.00,19.00,6.00,1.00,82.86,96.67,100.00,3,1,2026-12-04,1541.59,1472.05,0.68,0.32,1570.66,1442.99
14759,450,397,W,4.00,12715.00,36.00,36.00,15.00,4.00,1.00,0.00,3.00,12094.00,28.00,30.00,11.00,-4.00,2.00,2.00,90.00,88.89,100.00,3,2,2026-12-04,1407.78,1498.39,0.30,0.70,1377.47,1528.69
14760,329,205,W,3.00,12836.00,24.00,32.00,14.00,3.00,3.00,2.00,2.00,13659.00,38.00,32.00,14.00,-3.00,1.00,1.00,93.75,90.62,100.00,3,2,2026-12-04,1529.53,1433.71,0.59,0.41,1511.72,1451.52
14762,129,189,W,4.00,11934.00,17.00,28.00,13.00,9.00,1.00,0.00,2.00,12200.00,28.00,24.00,11.00,-11.00,1.00,1.00,,85.71,100.00,3,3,2026-12-04,1405.10,1344.99,0.53,0.47,1384.80,1365.28
14763,568,570,L,3.00,12977.00,27.00,42.00,5.00,-5.00,3.00,3.00,4.00,11747.00,11.00,20.00,6.00,5.00,4.00,2.00,80.00,92.86,100.00,3,3,2026-12-04,1272.85,1458.71,0.28,0.72,1285.02,1446.54
14766,675,331,L,3.00,12191.00,23.00,20.00,7.00,-16.00,2.00,1.00,7.00,12148.00,15.00,35.00,10.00,16.00,4.00,0.00,80.00,85.00,100.00,3,4,2026-12-04,1161.39,1148.99,0.59,0.41,1186.75,1123.62
14767,398,400,W,6.00,12822.00,32.00,36.00,9.00,14.00,5.00,3.00,3.00,12839.00,19.00,20.00,10.00,-16.00,1.00,0.00,85.00,83.33,100.00,3,5,2026-12-04,1347.24,1220.02,0.63,0.37,1331.52,1235.74
14768,672,499,L,0.00,11928.00,23.00,14.00,10.00,-5.00,0.00,0.00,2.00,12699.00,29.00,28.00,9.00,5.00,2.00,0.00,92.86,100.00,100.00,3,5,2026-12-04,1204.40,1326.92,0.37,0.63,1220.43,1310.90
14776,584,545,W,2.00,12377.00,22.00,22.00,3.00,0.00,2.00,1.00,1.00,12796.00,17.00,19.00,11.00,0.00,1.00,1.00,94.74,90.91,100.00,3,6,2026-12-04,1126.36,1103.53,0.47,0.53,1103.44,1126.45
14778,245,201,L,3.00,12840.00,28.00,29.00,8.00,-11.00,1.00,0.00,5.00,11964.00,23.00,31.00,11.00,10.00,4.00,3.00,83.87,89.66,100.00,3,6,2026-12-04,1070.11,1113.61,0.50,0.50,1091.58,1092.14
