ID player,amplua,time,G,As,As_2,TB,Shot,BT,pm
1,10.00,11.90,0.12,0.22,0.09,0.73,1.04,0.44,-0.56
3,10.00,14.18,0.03,0.08,0.13,0.44,0.74,0.77,-1.37
5,10.00,12.78,0.00,0.33,0.00,1.00,0.67,0.67,-1.50
8,9.00,19.44,0.12,0.12,0.14,1.36,1.48,0.68,0.65
10,9.00,17.73,0.67,0.33,0.00,3.33,4.00,1.00,0.17
10,10.00,16.04,1.50,0.50,0.17,3.17,6.00,0.50,1.67
13,10.00,11.91,0.20,0.08,0.03,1.98,1.89,0.28,0.45
14,10.00,20.11,0.25,0.00,0.00,1.75,3.25,0.50,-3.50
17,9.00,13.09,0.13,0.13,0.04,1.09,1.39,0.00,0.12
18,10.00,17.10,0.67,0.25,0.17,3.00,4.75,0.17,0.58
19,9.00,11.15,0.06,0.00,0.00,0.82,0.88,0.59,-1.00
21,9.00,9.72,0.25,0.25,0.00,0.25,1.25,0.00,-1.33
22,10.00,11.71,0.19,0.30,0.16,0.97,2.08,0.24,-0.07
24,10.00,8.75,0.00,0.00,0.00,0.25,0.00,0.25,-1.00
25,10.00,16.76,0.43,0.29,0.04,1.69,2.78,0.16,-0.62
26,9.00,10.84,0.04,0.04,0.00,0.60,0.48,0.76,-0.64
35,9.00,12.27,0.00,0.11,0.00,0.84,0.47,0.68,-1.10
37,9.00,12.14,0.00,0.00,0.00,1.00,0.75,0.62,-1.57
39,9.00,15.38,0.50,0.50,0.00,0.00,1.25,0.75,0.50
40,9.00,20.38,0.27,0.16,0.05,1.45,1.68,1.18,0.33
47,10.00,17.20,0.14,0.07,0.14,0.71,2.43,0.79,-1.64
49,10.00,11.28,0.07,0.10,0.00,0.61,0.59,0.13,-0.72
51,9.00,15.51,0.12,0.24,0.01,0.94,1.48,0.48,-0.35
53,9.00,21.33,0.03,0.15,0.12,1.03,0.94,0.97,0.03
55,9.00,13.23,0.00,0.22,0.11,1.00,0.33,1.11,-1.00
59,10.00,13.85,0.50,0.25,0.00,1.50,3.25,0.25,1.75
61,9.00,18.02,0.00,0.00,0.00,3.00,2.00,0.00,-5.00
62,10.00,9.82,0.07,0.12,0.00,0.60,0.63,0.30,-0.42
63,10.00,12.01,0.00,0.04,0.04,0.65,0.85,0.12,-1.41
64,10.00,11.97,0.17,0.17,0.00,0.58,0.67,0.08,-0.50
66,9.00,15.67,0.00,0.17,0.03,0.76,1.14,0.72,0.10
72,10.00,15.55,0.50,0.50,0.25,1.25,2.50,0.00,-0.25
74,9.00,14.12,0.31,0.19,0.09,1.22,2.05,0.31,0.24
79,9.00,20.60,0.13,0.23,0.23,1.37,1.43,0.87,-0.52
82,10.00,9.38,0.00,0.00,0.00,0.00,1.00,0.00,-1.00
83,10.00,14.37,0.34,0.27,0.15,0.95,2.24,0.45,-0.37
85,10.00,16.08,0.10,0.15,0.20,2.30,1.85,0.25,-1.45
87,10.00,11.14,0.00,0.00,0.00,0.67,1.67,0.22,-0.75
92,9.00,13.23,0.03,0.00,0.00,0.97,0.87,0.67,0.04
94,9.00,19.44,0.30,0.10,0.00,2.30,2.20,2.20,-2.33
95,10.00,11.32,0.10,0.10,0.10,1.40,1.70,0.20,-0.22
104,9.00,13.20,0.16,0.12,0.00,0.77,1.26,0.19,-0.62
107,9.00,15.98,0.08,0.38,0.15,1.62,1.38,0.62,-0.18
110,10.00,14.98,0.41,0.18,0.08,1.78,2.94,0.16,-0.23
114,10.00,11.98,0.24,0.21,0.07,1.17,2.31,0.07,-0.31
115,10.00,11.04,0.11,0.13,0.02,0.63,1.13,0.27,-0.29
116,9.00,14.75,0.10,0.13,0.07,1.32,1.01,1.19,0.64
117,10.00,14.22,0.32,0.12,0.05,1.15,1.97,0.25,0.20
118,9.00,15.17,0.00,0.04,0.00,0.64,1.00,0.12,-0.37
120,10.00,15.88,0.83,0.26,0.13,2.70,4.17,0.04,0.63
121,10.00,19.13,0.32,0.23,0.11,1.35,2.06,0.44,-0.40
123,9.00,14.92,0.00,0.00,0.00,0.50,0.67,0.83,-0.50
124,9.00,17.53,0.26,0.26,0.15,1.53,2.49,0.32,-0.42
125,10.00,14.31,0.10,0.15,0.07,0.90,1.23,0.33,0.07
126,9.00,12.10,0.11,0.25,0.14,0.69,0.92,0.33,0.69
128,10.00,13.88,0.00,0.00,0.00,0.50,1.50,0.00,-2.50
130,9.00,11.17,0.00,0.17,0.00,0.67,0.17,1.17,0.83
137,10.00,13.36,0.33,0.17,0.00,1.67,2.08,0.00,0.20
139,10.00,14.36,0.52,0.24,0.24,2.48,4.03,0.24,0.39
142,10.00,13.51,0.29,0.24,0.14,0.76,1.90,0.14,-0.41
147,10.00,16.72,0.40,0.60,0.00,3.00,4.00,0.20,1.00
148,10.00,15.88,0.52,0.51,0.18,1.48,3.49,0.07,0.60
149,10.00,13.81,0.14,0.00,0.00,0.57,1.00,0.29,-2.00
150,10.00,12.49,0.13,0.19,0.00,0.83,1.42,0.15,-0.47
151,10.00,14.44,0.11,0.36,0.07,1.14,2.32,0.00,-0.54
155,10.00,14.52,0.21,0.14,0.12,1.51,1.51,0.56,-0.18
156,10.00,13.57,0.00,0.19,0.19,0.81,0.81,0.38,-0.45
157,10.00,11.70,0.25,0.12,0.12,0.88,1.25,0.25,0.12
158,9.00,19.91,0.22,0.13,0.04,2.36,2.13,0.44,-0.58
159,9.00,11.76,0.00,0.25,0.08,0.42,0.67,0.33,0.14
160,10.00,19.32,0.00,0.00,0.00,0.25,0.50,0.00,-0.50
161,10.00,16.79,0.21,0.21,0.07,1.55,2.41,0.45,0.62
162,9.00,17.53,0.05,0.24,0.08,1.38,0.97,0.97,-0.72
164,10.00,13.01,0.10,0.10,0.10,1.00,2.20,0.10,-0.40
167,9.00,18.71,0.00,0.00,0.17,0.50,0.33,0.83,-2.17
168,10.00,16.04,0.43,0.28,0.17,1.42,2.53,0.27,-0.12
169,9.00,17.29,0.09,0.15,0.11,1.54,1.24,0.67,0.02
170,9.00,15.78,0.06,0.06,0.04,1.28,1.17,0.81,0.14
172,10.00,17.34,0.15,0.28,0.09,1.26,1.98,0.45,-0.12
174,10.00,16.26,0.31,0.29,0.10,1.28,2.58,0.33,-0.37
175,10.00,11.82,0.21,0.07,0.10,1.24,1.86,0.14,0.39
176,10.00,14.37,0.05,0.21,0.00,0.32,0.53,0.26,-0.14
180,10.00,14.25,0.15,0.33,0.09,1.88,1.55,0.61,0.63
181,9.00,14.80,0.03,0.14,0.08,0.54,0.35,1.16,0.36
182,10.00,10.65,0.33,0.17,0.00,1.83,2.67,0.17,0.00
184,10.00,13.43,0.33,0.33,0.21,0.79,1.98,0.21,0.14
185,10.00,19.09,0.13,0.00,0.00,1.60,1.33,0.40,0.23
186,10.00,10.40,0.13,0.17,0.08,0.54,1.17,0.17,-0.30
187,10.00,11.89,0.10,0.26,0.00,0.92,1.38,0.26,-0.06
190,10.00,16.86,0.42,0.35,0.12,1.02,2.27,0.42,-0.32
191,9.00,15.21,0.04,0.04,0.04,1.48,0.80,1.15,-0.16
193,10.00,18.90,1.17,0.28,0.22,2.50,5.44,0.17,0.94
194,10.00,19.82,0.63,0.58,0.27,1.90,3.53,0.41,0.65
198,10.00,17.51,0.57,0.43,0.43,2.29,4.86,0.43,0.67
202,9.00,19.34,0.20,0.24,0.16,0.98,1.55,0.76,-0.17
203,10.00,16.33,0.36,0.28,0.07,1.19,1.90,0.48,-0.30
204,10.00,14.84,0.19,0.00,0.10,1.38,1.48,0.10,-0.57
206,10.00,16.88,0.00,0.00,0.00,0.00,1.00,0.00,-3.00
207,9.00,18.47,0.05,0.14,0.09,0.89,0.98,0.27,-0.32
208,10.00,17.87,0.83,0.37,0.16,2.65,5.00,0.30,0.35
209,10.00,12.64,0.26,0.24,0.05,1.13,2.55,0.18,-0.14
210,9.00,22.92,0.00,0.33,0.00,1.33,0.33,0.50,-0.83
213,9.00,17.75,0.00,0.55,0.00,0.55,0.55,0.45,1.22
214,10.00,12.17,0.29,0.00,0.12,1.35,3.00,0.12,0.21
215,9.00,14.88,0.00,0.05,0.10,0.95,0.67,0.95,-0.25
216,9.00,15.32,0.08,0.00,0.00,1.12,1.29,0.79,-0.24
224,10.00,18.23,0.75,1.00,0.25,2.00,6.00,1.00,1.00
227,9.00,19.56,0.07,0.17,0.05,1.00,0.90,1.71,-0.79
228,10.00,10.95,0.22,0.18,0.05,1.17,1.55,0.09,-0.15
230,10.00,16.93,0.25,0.50,0.25,0.50,2.50,0.25,-1.25
231,10.00,18.00,0.16,0.20,0.12,1.36,1.88,0.32,-0.75
232,10.00,11.42,0.00,0.00,0.33,1.33,1.00,0.67,-1.67
234,10.00,13.75,0.87,0.20,0.00,1.80,3.93,0.07,-0.14
235,9.00,11.54,0.00,0.05,0.05,0.60,0.40,0.25,0.18
240,9.00,15.39,0.00,0.00,0.00,1.75,0.25,0.75,-1.33
242,9.00,15.76,0.00,0.00,0.00,1.25,1.00,1.00,-1.50
244,9.00,16.14,0.50,0.25,0.00,2.75,3.86,0.21,-0.48
245,10.00,12.78,0.00,0.25,0.00,1.75,1.75,0.00,-1.50
246,10.00,11.03,0.44,0.00,0.11,1.22,1.33,0.33,-0.33
247,10.00,9.16,0.08,0.08,0.08,1.04,1.33,0.08,-1.00
248,10.00,14.76,0.00,0.25,0.00,0.88,1.75,0.38,-2.17
251,10.00,16.57,0.50,0.25,0.00,2.00,3.12,1.00,-0.25
252,9.00,15.64,0.15,0.10,0.05,1.20,1.35,0.60,0.44
255,9.00,14.12,0.00,0.00,0.00,1.25,1.75,0.25,2.67
256,9.00,18.89,0.38,0.19,0.23,1.63,2.15,0.55,0.58
258,10.00,23.75,0.00,0.00,0.00,2.00,3.00,1.00,2.00
262,10.00,13.57,0.57,0.23,0.25,1.98,3.88,0.12,0.70
263,10.00,12.22,0.26,0.06,0.03,0.71,1.03,0.16,-0.29
264,9.00,10.46,0.00,0.00,0.00,0.75,0.75,0.25,0.00
265,9.00,13.88,0.00,0.40,0.00,0.80,1.20,1.00,-0.67
269,10.00,13.86,0.50,0.50,0.00,1.50,1.50,0.00,0.00
272,10.00,15.48,0.67,0.33,0.00,1.56,3.67,0.78,1.29
273,9.00,22.12,0.09,0.09,0.00,0.91,1.09,0.55,0.91
274,10.00,16.97,0.08,0.10,0.08,1.12,1.23,0.80,-0.15
277,9.00,18.45,0.23,0.12,0.19,1.23,1.86,1.02,-0.33
281,10.00,11.93,0.11,0.12,0.01,0.57,0.65,0.47,-0.07
282,10.00,12.46,0.00,0.00,0.00,0.50,1.33,0.33,-1.00
283,9.00,18.02,0.23,0.08,0.00,1.38,1.62,0.23,0.17
285,10.00,9.47,0.10,0.30,0.00,0.50,1.20,0.00,-0.29
287,9.00,14.95,0.00,0.11,0.05,0.80,0.43,0.48,0.62
288,10.00,14.61,0.40,0.33,0.06,1.26,2.32,0.30,0.17
289,10.00,17.52,0.13,0.27,0.07,1.20,2.27,0.13,0.17
292,9.00,13.91,0.00,0.09,0.04,0.66,0.60,0.85,-0.93
294,9.00,22.16,0.07,0.15,0.05,1.24,1.26,1.35,-0.49
295,10.00,14.94,0.24,0.12,0.03,1.21,2.38,0.18,-0.88
298,10.00,14.08,0.26,0.21,0.13,0.98,2.13,0.21,-0.40
299,10.00,17.56,0.25,0.29,0.13,0.66,1.53,0.35,-0.44
301,9.00,14.05,0.00,0.00,1.00,1.00,2.00,1.00,1.00
302,10.00,12.09,0.17,0.19,0.09,0.87,1.79,0.04,-0.80
303,9.00,19.49,0.14,0.14,0.00,1.14,1.57,0.71,-0.60
305,10.00,15.12,0.44,0.36,0.02,1.02,2.56,0.36,-0.29
314,10.00,14.14,0.54,0.31,0.31,2.19,3.77,0.27,0.08
328,10.00,12.69,0.29,0.12,0.08,1.42,2.21,0.12,0.81
333,10.00,12.62,0.40,0.31,0.10,1.83,2.81,0.31,0.41
334,10.00,13.17,0.22,0.22,0.05,0.95,2.00,0.38,0.37
343,9.00,15.80,0.17,0.30,0.13,1.61,1.48,0.70,-0.19
349,9.00,23.45,0.00,1.00,0.00,1.00,5.00,1.00,-1.00
350,10.00,17.15,0.75,0.75,0.00,3.75,4.50,0.50,0.25
351,9.00,20.27,0.00,0.33,0.00,1.00,0.33,0.33,-3.00
353,9.00,9.10,0.00,0.04,0.04,0.72,0.56,0.08,0.11
354,10.00,21.00,0.40,0.60,0.00,2.00,6.20,0.60,0.20
356,9.00,22.10,0.20,0.15,0.20,1.85,2.00,2.05,-0.25
360,10.00,11.36,0.25,0.12,0.05,0.80,1.93,0.10,-0.33
362,9.00,16.67,0.53,0.28,0.16,1.67,2.65,0.42,0.67
364,10.00,12.87,0.30,0.20,0.00,0.80,2.40,0.20,-0.33
365,10.00,1.93,0.00,0.00,0.00,0.00,0.00,0.00,
366,10.00,11.32,0.36,0.26,0.09,1.16,1.91,0.07,-0.15
369,10.00,13.08,0.40,0.17,0.05,0.90,2.58,0.15,-0.24
370,9.00,8.41,0.00,0.00,0.00,0.12,0.50,0.38,0.00
372,9.00,15.31,0.06,0.06,0.02,0.49,0.28,0.91,0.46
374,9.00,11.49,0.36,0.09,0.09,1.27,1.64,0.18,1.00
375,9.00,15.17,0.51,0.29,0.07,1.68,2.78,0.39,0.46
376,10.00,8.46,0.17,0.00,0.17,1.00,1.50,0.00,-1.00
377,10.00,14.00,0.31,0.08,0.00,1.62,2.92,0.08,-0.44
378,10.00,14.86,0.24,0.27,0.11,2.14,2.86,0.23,-0.31
380,10.00,10.42,0.59,0.15,0.07,0.93,2.48,0.04,1.10
381,9.00,15.02,0.23,0.10,0.04,0.94,0.94,0.98,-0.28
385,9.00,20.00,0.50,0.17,0.00,2.00,1.67,1.50,1.17
387,10.00,19.00,0.39,0.42,0.14,1.61,2.77,0.14,-0.53
388,10.00,12.18,0.28,0.23,0.00,1.13,1.97,0.10,-0.50
393,10.00,14.51,0.04,0.08,0.00,0.58,1.15,0.27,-1.05
397,9.00,18.32,0.13,0.15,0.06,1.27,1.44,0.60,0.26
399,9.00,16.22,0.26,0.12,0.13,1.14,1.82,0.53,-0.15
402,9.00,16.84,0.05,0.10,0.05,0.55,0.55,0.30,0.44
405,10.00,7.59,0.04,0.08,0.08,0.62,1.00,0.08,-0.88
406,10.00,13.26,0.36,0.20,0.15,1.42,2.61,0.15,0.18
407,9.00,14.84,0.13,0.09,0.00,1.00,1.48,0.61,0.84
408,10.00,13.20,0.11,0.11,0.00,1.22,1.33,0.11,-1.40
409,10.00,13.93,0.33,0.33,0.07,1.73,2.67,0.40,0.60
410,10.00,16.62,0.50,0.38,0.10,1.62,3.22,0.20,0.51
412,9.00,11.94,0.04,0.16,0.04,0.48,0.46,0.98,-0.15
415,10.00,14.46,0.20,0.29,0.07,0.85,1.72,0.26,0.22
418,10.00,14.74,0.25,0.08,0.00,1.58,2.25,0.50,-0.20
419,10.00,13.56,0.19,0.24,0.10,1.07,1.63,0.90,0.04
429,10.00,9.10,0.00,0.00,0.00,1.00,0.50,0.00,-0.67
430,9.00,7.07,0.00,0.00,0.00,0.00,0.00,0.00,1.00
435,9.00,16.26,0.21,0.15,0.07,1.37,1.16,0.68,0.90
438,9.00,11.66,0.04,0.20,0.04,0.44,0.80,0.56,-1.00
444,9.00,18.65,0.04,0.12,0.04,1.19,1.46,1.23,0.09
445,10.00,17.26,0.29,0.10,0.06,1.55,2.90,0.65,-0.31
446,9.00,12.57,0.07,0.20,0.07,0.40,0.27,1.00,0.08
447,9.00,27.58,0.00,0.00,0.00,2.00,1.00,0.00,-3.00
448,10.00,16.44,0.00,0.25,0.08,1.50,2.83,0.08,-0.73
450,9.00,21.60,0.00,0.13,0.07,1.47,1.80,0.87,-0.50
451,10.00,16.82,0.00,0.00,0.17,1.25,3.00,0.08,-2.43
452,9.00,14.07,0.07,0.07,0.00,0.81,0.74,0.63,0.57
453,10.00,11.19,0.27,0.36,0.09,0.82,1.91,0.18,1.43
454,9.00,12.20,0.44,0.12,0.00,1.88,3.81,0.75,0.00
456,9.00,16.14,0.04,0.26,0.06,1.13,1.40,0.98,1.05
459,10.00,8.14,0.33,1.33,0.00,0.00,1.33,0.00,0.50
460,10.00,14.14,0.10,0.19,0.04,0.74,1.32,0.43,-0.02
461,10.00,13.79,0.18,0.12,0.00,0.65,2.00,0.24,-0.46
464,10.00,12.80,0.50,0.50,0.50,1.50,1.50,0.00,2.50
465,10.00,2.20,0.00,0.00,0.00,0.00,0.00,0.00,
466,10.00,11.19,0.18,0.09,0.00,0.55,0.91,0.00,-1.71
467,10.00,15.80,0.50,0.29,0.05,1.52,2.45,0.24,-0.09
474,10.00,16.63,0.65,0.59,0.20,1.98,3.80,0.43,0.93
479,10.00,14.28,0.30,0.22,0.04,0.70,1.96,0.22,0.39
480,10.00,13.70,0.12,0.12,0.00,0.76,1.24,0.29,-0.25
482,10.00,12.41,0.05,0.10,0.05,0.48,0.48,0.33,0.22
485,10.00,15.47,0.45,0.14,0.09,1.82,3.82,0.73,-0.91
486,9.00,8.30,0.00,0.00,0.00,0.00,1.00,1.00,1.00
487,10.00,15.32,0.57,0.21,0.06,1.77,3.37,0.19,-0.02
492,10.00,11.52,0.23,0.13,0.13,1.13,1.72,0.18,-0.60
495,9.00,19.08,0.06,0.19,0.00,1.83,1.21,0.75,-0.72
496,9.00,20.19,0.04,0.02,0.12,1.79,1.38,0.75,-0.77
498,9.00,15.27,0.33,0.00,0.00,1.00,1.67,0.33,-0.67
499,10.00,15.76,0.43,0.20,0.07,1.19,2.50,0.43,-0.94
500,10.00,4.50,0.00,0.00,0.00,0.00,0.00,0.00,-3.00
501,10.00,14.38,0.12,0.08,0.08,0.46,1.21,0.67,-1.20
505,9.00,14.45,0.00,0.00,0.00,0.00,2.50,0.50,0.50
506,9.00,20.80,0.00,0.00,0.00,0.00,1.00,0.00,-2.00
508,10.00,12.79,0.59,0.29,0.06,0.59,2.80,0.16,0.34
511,9.00,19.22,0.00,0.00,0.50,0.75,1.50,1.25,0.50
519,9.00,18.25,0.00,0.00,0.10,1.50,1.10,0.50,-1.00
522,10.00,15.21,0.31,0.42,0.11,1.36,2.38,0.47,0.24
524,9.00,17.39,0.02,0.10,0.06,0.94,0.96,0.90,0.65
526,10.00,14.27,0.57,0.14,0.14,0.89,1.86,0.50,0.46
527,9.00,15.92,0.04,0.13,0.00,0.83,1.09,0.96,0.35
531,9.00,13.73,0.39,0.16,0.07,1.26,2.37,0.11,-0.12
535,9.00,12.33,0.17,0.17,0.00,1.83,0.83,0.50,0.33
536,10.00,16.87,0.57,0.48,0.13,1.74,3.35,0.43,-0.55
541,9.00,11.86,0.00,0.00,0.00,0.89,0.78,0.22,-0.89
543,10.00,14.23,0.62,0.24,0.00,0.71,3.19,0.67,0.12
544,9.00,17.79,0.10,0.13,0.10,1.07,0.83,1.20,-0.15
545,10.00,17.75,0.16,0.05,0.03,1.39,1.87,0.34,-0.78
551,10.00,15.35,0.44,0.11,0.00,1.22,2.96,0.11,0.22
556,9.00,21.51,0.47,0.40,0.00,1.73,2.73,0.13,-0.50
557,10.00,20.66,0.08,0.12,0.04,2.00,2.56,0.40,-0.30
561,10.00,11.22,0.08,0.00,0.00,0.92,1.15,0.08,-0.82
562,10.00,14.74,0.00,0.00,0.00,1.67,2.67,0.00,-1.33
564,9.00,14.00,0.00,0.00,0.00,0.00,0.00,0.00,-3.00
568,9.00,18.13,0.28,0.12,0.08,1.04,1.52,0.80,-0.83
570,10.00,12.04,0.12,0.12,0.00,0.75,1.00,0.25,-1.40
571,9.00,16.94,0.00,0.03,0.00,0.61,0.36,1.12,-1.37
572,10.00,9.64,0.07,0.14,0.07,0.79,1.21,0.07,0.56
577,9.00,16.15,0.08,0.22,0.03,0.78,0.41,1.16,0.32
578,10.00,14.23,0.00,0.00,0.25,1.75,2.75,0.00,-0.67
583,10.00,16.59,0.33,0.19,0.10,1.95,2.71,0.38,-0.25
585,10.00,17.29,0.07,0.14,0.00,0.69,1.34,0.52,-1.41
587,9.00,15.80,0.00,0.24,0.18,0.94,0.71,0.88,0.00
589,9.00,16.88,0.29,0.24,0.06,2.32,2.56,0.48,1.00
590,9.00,23.69,0.27,0.09,0.09,1.64,1.55,2.27,-1.27
592,9.00,16.88,0.00,0.08,0.06,1.00,0.72,0.75,0.15
593,9.00,18.11,0.04,0.15,0.08,0.75,0.60,0.38,-0.28
594,10.00,11.63,0.32,0.16,0.00,1.42,1.84,0.58,-1.13
595,10.00,8.58,0.00,0.08,0.00,0.23,0.31,0.23,-0.25
597,10.00,16.18,0.30,0.30,0.04,1.57,2.00,0.35,-0.40
601,10.00,20.13,0.00,0.00,0.00,3.00,6.00,0.00,3.00
606,9.00,16.53,0.33,0.17,0.00,2.00,2.33,0.83,-1.75
607,10.00,18.01,0.83,0.17,0.17,1.50,3.33,0.17,-1.67
610,10.00,14.74,0.37,0.30,0.10,1.93,2.77,0.30,-0.22
614,10.00,22.20,1.00,0.00,0.00,4.00,3.00,0.00,1.00
616,9.00,9.78,0.00,0.25,0.00,0.00,0.75,0.25,-2.00
618,9.00,19.51,0.21,0.23,0.10,1.15,2.02,0.85,-0.95
619,9.00,21.21,0.02,0.15,0.04,0.91,0.83,0.96,-0.59
624,10.00,9.27,0.00,0.40,0.00,1.40,1.80,0.00,1.00
627,10.00,13.46,0.00,0.00,0.25,2.75,1.50,0.00,-0.33
628,9.00,15.47,0.17,0.17,0.04,1.04,1.29,0.58,-0.74
633,9.00,17.59,0.00,0.12,0.06,0.81,0.50,1.00,-0.62
636,9.00,19.05,0.03,0.12,0.06,1.06,0.66,0.66,-0.88
646,10.00,14.35,0.48,0.36,0.07,2.48,3.33,0.21,0.83
647,9.00,23.36,0.24,0.12,0.06,1.59,1.76,0.53,0.82
648,10.00,12.96,0.43,0.18,0.08,1.20,2.43,0.10,0.05
650,10.00,12.84,0.22,0.08,0.06,1.14,1.78,0.17,-0.58
651,10.00,17.54,0.30,0.30,0.05,1.48,2.25,0.15,-0.54
652,10.00,18.42,0.32,0.19,0.14,1.65,2.97,0.32,-0.31
654,10.00,17.94,0.39,0.46,0.13,1.56,2.59,0.19,-0.84
655,9.00,17.53,0.01,0.15,0.06,0.73,0.55,0.99,0.27
657,10.00,13.55,0.23,0.32,0.06,1.42,1.96,0.13,-0.33
662,10.00,9.51,0.08,0.13,0.02,0.35,0.69,0.13,0.25
665,9.00,19.66,0.00,0.33,0.00,0.67,0.67,1.67,-0.33
670,9.00,19.23,0.00,0.00,0.00,0.40,1.20,1.10,-0.30
671,10.00,21.21,0.85,0.65,0.30,2.58,4.52,0.11,0.54
672,9.00,13.61,0.11,0.33,0.16,1.11,2.02,0.22,0.21
675,10.00,17.58,0.21,0.27,0.25,1.60,1.83,0.44,0.57
676,9.00,16.51,0.00,0.29,0.06,0.65,1.12,0.59,1.31
678,10.00,13.48,0.06,0.06,0.00,1.24,0.53,0.35,0.15
680,10.00,18.40,0.64,0.64,0.16,1.95,3.96,0.18,0.33
681,9.00,20.78,0.08,0.10,0.05,1.31,1.23,0.62,-0.09
682,10.00,10.05,0.06,0.06,0.00,0.41,0.59,0.35,-0.45
684,10.00,11.20,0.24,0.25,0.06,0.60,1.07,0.13,0.24
685,9.00,15.97,0.07,0.04,0.04,0.90,0.80,0.52,0.03
686,10.00,15.53,0.34,0.29,0.16,1.31,2.34,0.32,0.26
687,10.00,11.18,0.18,0.00,0.09,0.64,1.55,0.00,-0.62
688,10.00,17.77,0.23,0.31,0.08,1.38,2.23,0.15,0.31
689,10.00,13.39,0.28,0.26,0.05,1.02,2.23,0.09,0.21
690,10.00,14.82,0.50,0.50,0.00,3.00,4.00,0.50,0.00
691,10.00,7.54,0.00,0.00,0.00,0.00,0.83,0.00,-1.67
692,10.00,12.05,0.13,0.10,0.10,0.63,1.13,0.30,-0.08
693,9.00,12.01,0.02,0.02,0.02,0.55,0.66,0.45,0.10
694,9.00,14.91,0.00,0.14,0.09,1.00,1.09,0.68,0.65
696,9.00,18.18,0.13,0.18,0.04,1.81,1.86,0.59,0.18
697,9.00,19.88,0.19,0.19,0.12,1.52,1.48,0.62,0.28
698,9.00,18.76,0.00,0.33,0.00,0.33,0.33,1.33,-1.33
699,9.00,17.65,0.13,0.09,0.04,2.22,2.35,0.74,0.25
700,10.00,15.72,0.70,0.70,0.09,2.17,4.30,0.22,1.10
701,10.00,15.14,0.79,0.39,0.04,1.89,2.71,0.32,0.41
704,10.00,18.78,0.50,0.50,0.00,1.00,1.17,0.33,-0.60
708,9.00,10.38,0.20,0.10,0.00,1.00,1.70,0.40,1.38
710,10.00,5.73,0.00,0.25,0.00,0.75,0.50,0.00,0.00
712,9.00,20.97,0.05,0.25,0.05,1.11,0.87,1.25,-0.11
714,9.00,14.42,0.29,0.14,0.29,1.00,1.29,0.43,-0.50
715,10.00,11.38,0.16,0.45,0.19,0.74,1.35,0.29,0.91
717,10.00,15.12,0.50,0.00,0.00,3.00,3.00,0.00,0.00
720,10.00,18.41,0.29,0.29,0.21,1.79,3.57,0.43,0.08
721,9.00,15.50,0.33,0.00,0.00,1.67,3.00,0.33,0.33
724,10.00,17.59,0.35,0.35,0.25,3.00,4.00,0.35,0.25
725,10.00,14.28,0.37,0.20,0.06,0.77,1.77,0.06,-0.69
727,10.00,14.32,0.42,0.33,0.05,1.37,2.38,0.68,0.28
729,9.00,14.18,0.12,0.19,0.12,0.81,2.06,0.12,-0.36
730,9.00,16.07,0.06,0.12,0.00,0.91,0.82,0.24,-0.41
731,9.00,14.56,0.00,0.11,0.00,1.00,0.68,0.79,0.13
733,10.00,16.00,0.50,0.30,0.05,1.73,3.16,0.48,0.55
734,10.00,16.05,0.46,0.35,0.15,2.46,3.85,0.27,0.10
738,9.00,13.50,0.06,0.03,0.00,0.77,1.26,0.32,-0.50
741,9.00,10.64,0.25,0.00,0.00,0.50,1.25,0.25,-1.50
742,10.00,12.88,0.50,0.50,0.00,0.50,0.50,0.00,-1.00
745,10.00,0.00,0.00,1.00,0.00,0.00,0.00,0.00,3.00
746,10.00,19.97,0.49,0.29,0.14,1.34,3.51,0.69,0.13
747,10.00,13.00,0.33,0.00,0.00,0.67,1.50,0.00,-0.50
748,9.00,16.91,0.14,0.29,0.17,1.94,2.14,0.69,0.76
749,10.00,15.82,0.73,0.35,0.14,1.84,3.43,0.12,-0.36
751,10.00,13.07,0.26,0.11,0.16,1.32,1.42,0.26,-0.82
755,10.00,18.13,0.23,0.23,0.09,1.20,1.59,0.75,0.45
756,9.00,14.45,0.20,0.27,0.03,1.50,1.40,0.40,0.67
758,9.00,13.72,0.06,0.12,0.00,0.65,0.41,0.29,-1.15
759,9.00,17.98,1.15,0.50,0.24,2.87,5.17,0.44,0.66
763,10.00,13.63,0.47,0.51,0.13,1.16,2.35,0.18,0.67
764,10.00,18.12,1.00,0.40,0.00,1.20,3.20,0.00,0.20
765,9.00,17.68,0.22,0.14,0.19,1.86,2.38,0.65,0.42
766,9.00,14.77,0.33,0.50,0.00,2.00,1.83,1.00,-0.50
767,10.00,10.73,0.38,0.29,0.04,0.83,1.38,0.08,0.25
768,10.00,15.02,1.10,0.40,0.40,3.90,6.20,0.40,1.22
769,9.00,10.55,0.12,0.12,0.00,0.38,0.75,0.50,0.14
769,10.00,10.23,0.23,0.00,0.08,0.38,1.00,0.62,-0.42
772,9.00,25.44,0.00,0.09,0.27,2.09,2.64,1.36,0.00
774,10.00,10.75,0.14,0.09,0.05,0.61,1.18,0.07,-0.44
785,10.00,15.28,0.17,0.27,0.08,1.08,2.40,0.33,-0.21
801,10.00,13.67,0.50,0.23,0.09,1.73,2.73,0.18,0.79
805,10.00,13.03,0.00,0.07,0.03,0.83,1.48,0.24,-1.57
806,10.00,22.69,0.91,0.57,0.14,3.16,5.36,0.71,0.88
807,10.00,17.85,0.18,0.05,0.08,1.13,1.92,1.10,-1.36
808,10.00,9.84,0.25,0.00,0.00,1.50,3.25,0.50,0.33
812,9.00,12.11,0.00,0.00,0.00,0.36,0.36,0.73,-0.12
813,10.00,15.62,0.44,0.67,0.12,1.37,2.92,0.15,-0.09
814,10.00,8.55,0.00,0.08,0.00,0.52,0.88,0.12,-0.76
815,9.00,13.18,0.18,0.18,0.08,1.36,1.28,0.59,0.32
822,10.00,15.15,0.24,0.06,0.00,1.29,1.65,0.18,-0.53
824,9.00,11.30,0.02,0.02,0.07,0.67,0.67,0.24,-0.35
825,10.00,23.79,1.17,0.89,0.14,3.31,6.52,0.33,0.36
830,10.00,18.22,0.42,0.49,0.18,2.21,4.16,0.21,-0.05
832,10.00,12.05,0.15,0.18,0.02,0.55,1.23,0.30,-0.07
837,9.00,7.83,0.06,0.06,0.00,0.50,0.61,0.33,-1.14
840,10.00,13.64,0.09,0.23,0.05,0.95,1.32,0.00,-1.31
841,10.00,16.04,0.20,0.20,0.15,1.05,2.10,0.39,-0.17
842,10.00,14.84,0.26,0.24,0.07,0.95,2.05,0.64,-0.78
843,10.00,15.68,0.08,0.08,0.08,0.58,1.58,0.67,-0.55
850,10.00,15.56,0.32,0.37,0.08,1.63,3.00,0.11,0.00
851,10.00,23.68,1.50,0.50,0.00,2.00,4.17,0.17,-0.17
852,9.00,16.85,0.50,0.00,0.00,3.50,1.25,2.25,-0.50
853,10.00,12.55,0.15,0.37,0.19,1.11,1.81,0.26,0.05
854,9.00,15.98,0.37,0.16,0.07,2.49,2.91,0.60,-0.76
855,10.00,12.59,0.28,0.30,0.05,0.84,2.16,0.18,0.55
857,9.00,16.59,0.00,0.14,0.00,1.71,2.29,0.14,-1.50
858,10.00,13.29,0.23,0.23,0.05,0.95,1.73,0.32,0.65
859,10.00,16.17,0.39,0.17,0.22,1.48,3.30,0.17,-0.78
860,9.00,13.78,0.06,0.00,0.00,0.82,0.65,0.35,-0.27
863,10.00,16.96,0.22,0.16,0.06,2.06,1.88,0.59,-1.43
864,9.00,16.48,0.29,0.00,0.00,1.57,1.29,0.29,0.62
876,10.00,12.11,0.24,0.12,0.12,1.64,1.92,0.16,-0.23
879,9.00,19.19,0.09,0.09,0.19,1.16,0.96,1.00,-0.40
883,10.00,19.09,0.55,0.82,0.44,1.81,4.09,0.26,0.84
886,10.00,16.15,0.12,0.04,0.04,1.04,1.79,0.50,-1.28
892,10.00,16.36,0.74,0.87,0.26,2.43,3.72,0.06,1.23
896,9.00,14.05,0.00,0.20,0.00,1.20,1.20,0.80,0.25
898,10.00,15.48,1.00,0.00,0.00,1.00,4.00,0.00,-1.00
910,9.00,14.56,0.09,0.09,0.02,0.72,1.20,0.68,0.04
911,10.00,12.64,0.14,0.21,0.00,1.00,1.50,0.07,-0.56
913,9.00,16.41,0.22,0.11,0.00,1.00,1.11,1.11,-0.17
917,9.00,13.61,0.13,0.16,0.03,1.00,1.55,0.32,0.18
919,9.00,15.62,0.06,0.14,0.09,0.83,1.23,0.60,0.61
921,10.00,14.38,0.23,0.65,0.33,1.40,2.50,0.06,0.23
922,10.00,9.60,0.22,0.00,0.11,0.33,0.89,0.56,-0.20
923,10.00,13.41,0.50,0.00,0.50,2.50,2.00,0.00,0.50
924,10.00,14.29,0.80,0.40,0.20,1.60,2.80,0.20,0.00
925,10.00,9.22,0.25,0.00,0.00,0.50,0.75,0.25,-1.00
926,10.00,0.00,0.00,0.00,0.00,0.00,0.00,0.00,
928,10.00,7.62,0.00,0.00,0.00,0.50,0.60,0.10,-0.25
929,10.00,10.56,0.27,0.47,0.00,1.13,1.40,0.27,0.08
934,10.00,17.45,0.44,0.20,0.07,1.59,2.57,0.67,0.01
936,9.00,16.53,0.00,0.00,0.50,1.00,0.50,1.50,2.50
937,10.00,13.44,0.24,0.16,0.08,1.32,2.12,0.00,0.26
939,10.00,14.80,0.00,0.00,0.00,0.75,2.25,0.50,-2.00
940,9.00,20.12,0.23,0.15,0.15,2.38,2.92,0.46,-0.58
942,9.00,17.49,0.33,0.17,0.17,3.33,3.50,0.17,-3.00
946,9.00,17.89,0.00,0.09,0.09,0.73,0.82,0.45,-1.70
948,10.00,9.68,0.09,0.17,0.00,0.61,1.00,0.22,-0.94
949,10.00,14.80,0.44,0.12,0.12,2.19,3.00,0.19,-0.08
950,10.00,8.35,0.17,0.08,0.08,0.58,0.75,0.25,0.50
951,10.00,15.08,0.34,0.40,0.15,1.91,3.36,0.36,-0.20
952,10.00,17.34,0.00,0.00,0.00,2.00,2.00,2.00,0.00
953,10.00,15.97,0.63,0.86,0.57,1.60,2.80,0.20,1.31
960,9.00,15.54,0.07,0.11,0.00,1.20,0.76,0.41,0.46
962,9.00,16.15,0.04,0.13,0.08,1.00,0.92,1.17,0.36
963,9.00,15.51,0.05,0.16,0.05,1.70,1.50,0.89,0.65
964,9.00,16.25,0.00,0.44,0.11,1.22,1.56,0.44,1.44
967,10.00,13.09,0.27,0.62,0.04,1.58,2.27,0.08,0.45
968,10.00,17.38,0.00,1.00,0.00,0.00,4.00,0.00,1.00
971,10.00,16.90,0.24,0.32,0.00,0.97,1.65,0.76,1.07
973,9.00,21.62,0.10,0.29,0.05,0.90,0.95,1.14,0.71
976,9.00,15.85,0.18,0.18,0.11,1.08,1.37,1.47,0.75
977,9.00,17.65,0.18,0.23,0.18,1.41,1.66,0.41,-0.44
981,9.00,18.63,0.08,0.17,0.08,1.41,1.73,1.61,0.31
982,10.00,20.28,0.81,0.56,0.24,2.74,4.46,0.17,0.33
983,10.00,0.02,0.00,0.00,0.00,0.00,0.00,0.00,
984,10.00,14.58,0.00,0.00,0.00,1.00,5.00,0.00,-1.00
985,10.00,16.60,0.39,0.39,0.11,2.28,4.61,0.33,0.18
986,9.00,18.92,0.26,0.24,0.11,1.54,1.80,0.52,0.86
988,10.00,16.21,0.59,0.57,0.26,1.69,3.07,0.12,0.66
990,10.00,17.83,0.08,0.34,0.10,1.72,1.70,0.32,0.41
994,10.00,20.77,0.67,0.33,0.33,0.67,3.33,0.33,-3.33
1000,9.00,22.09,0.03,0.12,0.06,1.44,1.41,1.06,-1.59
1001,9.00,17.81,0.05,0.15,0.02,0.95,1.10,0.59,-0.08
1004,10.00,14.39,0.11,0.04,0.00,0.57,1.11,0.71,-1.09
1006,10.00,14.32,0.16,0.05,0.00,0.84,1.63,0.58,-1.27
1007,10.00,0.00,0.00,0.00,0.00,0.00,0.00,0.00,
1008,9.00,20.29,0.00,0.17,0.17,1.50,1.67,0.83,0.40
1010,9.00,1.26,0.00,0.00,0.00,0.00,0.11,0.00,0.00
1013,10.00,15.04,0.20,0.26,0.09,0.68,1.58,0.11,-0.27
1014,9.00,10.46,0.00,0.00,0.00,0.94,1.94,0.06,-1.23
1015,10.00,7.70,0.00,0.00,0.00,0.00,1.00,0.00,-1.00
1016,10.00,13.78,0.29,0.46,0.20,1.51,3.91,0.11,0.90
1017,9.00,22.61,0.06,0.10,0.08,0.76,0.72,1.70,-0.98
1018,9.00,8.71,0.08,0.00,0.00,0.42,1.00,0.08,-0.56
1021,10.00,8.84,0.00,0.00,0.00,1.14,1.57,0.14,-1.17
1022,10.00,11.25,0.00,0.00,0.00,0.00,1.00,0.00,
1024,10.00,5.31,0.00,0.00,0.00,0.00,0.14,0.00,-1.00
1026,10.00,11.58,0.50,0.33,0.17,1.00,2.50,0.00,0.60
1027,10.00,12.55,0.17,0.00,0.17,1.25,2.00,0.25,-0.44
1033,10.00,13.05,0.10,0.13,0.06,0.79,1.25,0.42,-0.50
1034,10.00,5.80,0.00,0.00,0.00,0.00,0.00,0.00,
1036,9.00,8.38,0.00,0.06,0.00,0.59,0.12,0.24,-0.50
1038,9.00,24.83,0.00,0.00,0.00,0.67,0.33,1.67,-3.67
1039,10.00,18.58,0.23,0.14,0.05,1.41,1.68,0.55,-0.60
1040,9.00,13.51,0.00,0.00,0.00,9.00,5.00,6.00,-2.50
1043,10.00,11.53,0.05,0.00,0.00,1.14,1.14,1.09,0.50
1048,9.00,13.91,0.44,0.56,0.33,2.00,2.33,0.22,1.38
1049,9.00,13.84,0.00,0.00,0.00,0.92,0.42,0.42,-0.44
1054,9.00,13.20,0.00,0.08,0.00,1.08,0.08,0.85,0.27
1058,10.00,13.98,0.18,0.17,0.14,0.86,1.61,0.13,0.25
1059,10.00,17.76,0.17,0.17,0.00,1.83,2.33,1.00,0.17
1064,9.00,17.43,0.48,0.39,0.13,4.00,4.10,0.32,0.93
1066,10.00,14.88,0.42,0.19,0.16,1.29,1.77,0.23,-1.00
1072,9.00,18.10,0.29,0.14,0.00,0.71,1.00,0.57,-2.38
1073,9.00,11.89,0.00,0.00,0.20,0.20,0.00,0.80,-0.80
1076,9.00,12.95,0.00,0.17,0.00,2.50,2.17,0.67,0.00
1080,9.00,13.91,0.20,0.40,0.00,2.40,1.20,1.20,1.00
1081,9.00,18.11,0.00,0.00,0.00,2.75,1.00,1.50,-1.00
1082,9.00,7.39,0.00,0.07,0.00,0.53,0.17,0.30,-0.25
1085,10.00,10.77,0.00,0.15,0.00,0.69,0.46,0.15,0.56
1086,9.00,7.51,0.00,0.00,0.00,0.00,0.18,0.45,0.00
1087,9.00,6.22,0.00,0.00,0.00,0.18,0.06,0.18,-0.70
1090,10.00,10.13,0.08,0.12,0.00,1.46,2.04,0.19,-0.73
1093,9.00,10.29,0.04,0.03,0.03,0.52,0.32,0.72,0.14
1095,10.00,17.23,0.70,0.20,0.00,0.90,1.90,0.70,1.10
1096,10.00,2.77,0.00,0.00,0.00,0.00,0.00,0.00,
1100,9.00,19.94,0.00,0.19,0.11,1.26,0.74,0.77,0.65
1101,10.00,14.28,0.27,0.29,0.16,1.00,2.78,0.07,-0.06
1102,10.00,14.29,0.18,0.16,0.09,1.25,1.57,0.41,-0.98
1103,10.00,12.99,0.00,0.25,0.75,0.50,1.75,0.00,-1.00
1104,10.00,3.19,0.00,0.00,0.00,0.00,0.20,0.20,-1.00
1105,9.00,11.82,0.00,0.16,0.00,0.84,0.89,0.53,0.21
1107,9.00,17.08,0.33,0.28,0.06,2.28,2.06,0.50,0.18
1108,10.00,10.48,0.26,0.13,0.29,0.61,0.81,0.13,0.61
1109,10.00,16.56,0.00,0.00,0.00,0.50,1.17,0.50,-1.50
1112,10.00,11.92,0.00,1.20,0.20,1.20,1.80,0.20,-1.50
1116,10.00,19.62,0.94,0.58,0.20,2.87,5.49,0.36,0.65
1118,10.00,14.65,0.21,0.43,0.14,1.07,2.14,0.14,0.85
1119,9.00,18.49,0.10,0.12,0.16,0.84,1.43,0.73,-0.11
1121,10.00,19.42,0.41,0.58,0.40,1.48,2.95,0.18,0.54
1122,10.00,12.40,0.16,0.14,0.09,0.64,1.32,0.21,0.39
1123,9.00,11.26,0.00,0.00,0.00,0.33,2.33,0.33,-2.50
1128,9.00,12.45,0.00,0.00,0.03,0.47,0.50,0.34,-0.39
1129,9.00,5.74,0.00,0.04,0.00,0.15,0.00,0.30,-1.21
1132,9.00,6.55,0.05,0.00,0.00,0.55,0.25,0.15,-0.77
1133,9.00,17.06,0.11,0.20,0.11,2.31,2.47,0.71,0.45
1135,9.00,20.69,0.20,0.00,0.00,1.20,0.40,0.60,1.20
1136,9.00,12.70,0.04,0.18,0.11,0.96,0.96,0.32,-0.26
1137,10.00,12.70,0.14,0.36,0.14,1.43,2.14,0.36,-0.18
1139,10.00,12.85,0.50,0.50,0.00,1.00,2.00,0.00,0.00
1140,10.00,16.22,0.80,0.23,0.07,2.23,4.37,0.77,-0.31
1143,9.00,12.61,0.30,0.00,0.10,1.00,1.00,0.50,0.00
1144,10.00,15.12,0.46,0.29,0.13,1.14,2.75,0.43,0.63
1145,10.00,14.65,1.00,0.00,0.00,2.00,2.00,0.00,0.00
1146,10.00,16.30,0.20,0.24,0.07,1.32,1.93,0.36,0.31
1148,10.00,13.19,0.39,0.31,0.10,1.24,2.18,0.06,-0.24
1149,9.00,14.51,0.00,0.00,0.00,0.60,0.40,0.80,-2.40
1150,10.00,14.59,0.42,0.17,0.33,1.75,2.75,0.00,0.73
1153,10.00,15.41,0.00,0.33,0.00,0.67,2.67,0.00,-1.00
1157,9.00,17.11,0.12,0.15,0.07,1.48,1.32,1.05,0.31
1159,9.00,23.18,0.00,0.16,0.08,0.76,0.44,1.72,-0.57
1162,10.00,17.17,0.00,0.00,0.00,0.60,0.70,0.20,-0.25
1165,10.00,14.02,0.12,0.14,0.01,0.90,1.43,0.53,0.10
1172,10.00,18.85,0.00,0.00,0.00,2.00,1.00,0.00,-2.00
1177,9.00,14.07,0.06,0.06,0.00,0.39,0.33,0.83,-0.47
1186,10.00,15.34,0.00,0.00,0.05,0.37,0.21,0.26,-2.79
1187,10.00,11.08,0.21,0.21,0.03,0.79,1.48,0.03,0.12
1188,9.00,16.88,0.06,0.09,0.04,0.94,0.68,0.83,-0.32
1192,10.00,14.26,0.00,0.21,0.05,1.32,0.89,0.42,-0.27
1195,10.00,12.95,0.17,0.09,0.04,0.91,1.61,0.17,0.00
1198,9.00,12.06,0.09,0.09,0.03,0.85,0.76,0.39,0.00
1204,10.00,14.75,0.26,0.09,0.17,1.04,1.39,0.13,-0.95
1205,9.00,17.75,0.18,0.31,0.10,1.00,1.84,0.48,-0.79
1206,9.00,19.23,0.06,0.19,0.14,2.14,1.50,0.97,-0.23
1208,10.00,12.70,0.25,0.08,0.08,0.33,1.25,0.17,-0.67
1213,9.00,20.02,0.08,0.24,0.21,1.65,1.24,1.20,-1.00
1214,10.00,16.10,0.63,0.34,0.12,1.03,1.92,0.08,-0.39
1217,10.00,36.47,0.00,0.00,0.00,11.00,9.00,6.00,-1.00
1218,10.00,14.34,0.31,0.13,0.17,0.96,2.00,0.21,-0.45
1220,10.00,16.97,0.17,0.21,0.02,1.47,1.64,0.60,-0.92
1223,9.00,14.46,0.02,0.04,0.02,0.52,0.48,0.65,-0.93
1224,10.00,11.43,0.19,0.11,0.04,1.00,1.40,0.06,-0.71
1226,10.00,15.07,0.00,0.00,0.06,1.00,0.81,0.81,-0.67
1227,10.00,22.72,1.00,0.00,0.00,1.00,1.00,0.00,-5.00
1228,10.00,21.56,0.52,0.20,0.32,2.08,4.12,0.76,-0.09
1229,10.00,13.02,0.27,0.22,0.10,0.71,1.71,0.10,-0.45
1230,9.00,14.13,0.08,0.12,0.05,1.07,0.93,0.56,0.45
1232,9.00,9.68,0.00,0.00,0.00,0.00,0.00,1.00,-2.00
1233,10.00,14.45,0.54,0.20,0.05,2.11,3.43,0.36,0.62
1234,10.00,14.39,0.11,0.11,0.02,0.43,0.70,0.36,-0.03
1236,9.00,14.25,0.06,0.03,0.00,0.91,0.44,0.47,0.62
1237,10.00,14.29,0.39,0.27,0.06,1.35,2.14,0.20,0.18
1240,10.00,17.28,0.31,0.37,0.12,1.29,1.71,0.78,0.94
1242,9.00,16.82,0.09,0.14,0.00,1.90,1.33,0.80,0.24
1243,9.00,10.97,0.00,0.17,0.00,0.33,0.33,0.00,0.75
1244,10.00,13.73,0.32,0.26,0.11,1.05,1.65,0.15,0.67
1245,10.00,11.24,0.00,0.11,0.00,0.78,0.67,0.11,-1.00
1246,10.00,13.76,0.12,0.16,0.02,1.09,1.78,0.27,0.38
1247,10.00,15.70,0.44,0.18,0.08,1.95,2.82,0.48,0.39
1249,10.00,12.24,0.00,0.00,0.00,1.22,0.89,0.22,-1.14
1250,10.00,15.95,0.04,0.04,0.03,0.88,0.91,0.72,0.21
1252,9.00,12.05,0.06,0.06,0.00,0.76,0.82,0.59,0.23
1253,10.00,14.93,0.28,0.27,0.14,1.08,1.67,0.14,-0.23
1254,9.00,15.13,0.08,0.13,0.00,1.55,0.98,0.75,0.71
1255,10.00,11.19,0.09,0.04,0.00,0.74,0.83,0.13,0.24
1260,9.00,18.36,0.00,0.13,0.07,0.80,0.60,0.60,0.43
1261,9.00,17.98,0.00,0.00,0.06,0.94,1.00,0.88,-0.36
1264,10.00,14.80,0.35,0.19,0.07,1.45,2.00,0.28,0.23
1265,9.00,15.38,0.02,0.05,0.03,1.14,0.35,0.68,0.00
1267,10.00,21.97,0.25,0.25,0.00,1.25,1.75,1.00,1.25
1275,9.00,0.00,0.00,0.00,0.00,0.00,0.00,0.00,
1276,9.00,13.11,0.00,0.00,0.00,0.50,1.00,1.00,-2.50
1294,10.00,17.24,0.00,0.00,0.00,0.50,0.00,0.00,-2.60
1297,9.00,15.51,0.08,0.04,0.04,0.52,0.28,0.64,-0.67
1298,10.00,14.54,0.17,0.11,0.22,1.00,1.56,0.11,-0.12
1304,10.00,17.26,0.52,0.43,0.25,2.09,3.12,0.37,0.19
1306,9.00,18.37,0.06,0.25,0.12,1.00,1.25,1.00,0.69
1310,9.00,13.70,0.00,0.25,0.00,0.25,0.00,1.00,-1.33
1313,9.00,9.92,0.00,0.00,0.00,0.33,0.11,0.56,-0.25
1314,9.00,16.40,0.00,0.00,0.00,1.17,0.33,0.67,0.60
1315,9.00,8.43,0.00,0.06,0.06,0.29,0.24,0.59,-1.00
1318,9.00,8.86,0.00,0.07,0.00,0.43,0.29,0.71,-1.00
1332,9.00,17.55,0.02,0.12,0.08,0.82,1.00,0.82,-0.76
1333,10.00,14.93,0.00,0.00,0.00,2.00,1.00,0.00,0.00
1334,10.00,17.23,0.00,0.00,0.00,1.00,0.00,0.50,-2.50
1336,10.00,14.30,0.17,0.15,0.02,0.98,1.48,0.35,-0.29
1338,9.00,19.70,0.28,0.28,0.17,1.83,2.41,0.76,-0.05
1339,10.00,14.31,0.31,0.26,0.00,1.49,2.31,0.09,-0.03
1341,9.00,20.30,0.00,0.19,0.02,1.16,0.90,1.18,-0.05
1342,10.00,13.51,0.03,0.13,0.17,0.60,1.17,0.27,-0.58
1348,9.00,16.83,0.13,0.17,0.09,1.43,1.53,1.49,0.31
1349,9.00,4.42,0.00,0.00,0.00,0.33,0.00,0.00,
1350,10.00,12.49,0.00,0.00,0.00,0.00,0.00,1.40,0.00
1355,9.00,11.30,0.00,0.00,0.00,12.00,6.00,5.00,-2.00
1356,10.00,13.92,0.08,0.08,0.08,0.85,1.54,0.38,-0.30
1366,10.00,16.75,0.51,0.28,0.17,1.30,2.45,0.23,-0.02
1370,10.00,18.89,0.40,0.33,0.22,1.22,1.87,0.38,0.45
1371,10.00,13.34,0.14,0.24,0.00,0.69,1.21,0.14,-0.36
1373,10.00,12.48,0.00,0.00,0.00,2.20,4.60,0.00,-1.50
1377,10.00,12.95,0.25,0.00,0.25,1.75,1.00,0.00,0.00
1380,9.00,14.90,0.00,0.29,0.00,0.71,0.71,1.14,-0.17
1382,10.00,8.78,0.10,0.05,0.00,0.60,1.45,0.10,-0.80
1385,10.00,7.69,0.10,0.30,0.00,1.30,1.40,0.20,-0.71
1389,9.00,5.87,0.00,1.00,0.00,0.00,0.00,0.00,0.00
1395,9.00,16.56,0.17,0.08,0.00,2.42,1.33,1.08,-0.44
1396,9.00,20.33,0.30,0.27,0.11,1.43,2.16,0.84,-0.70
1398,9.00,17.45,0.00,0.10,0.05,1.57,0.81,0.71,-0.39
1410,9.00,17.04,0.00,0.00,0.10,1.50,0.80,0.90,1.14
1417,10.00,17.83,0.50,0.25,0.00,1.50,2.50,1.00,-1.25
1421,10.00,18.64,0.83,0.37,0.15,2.76,4.73,0.32,0.32
1431,9.00,15.64,0.02,0.07,0.02,1.12,0.81,1.43,-0.15
1432,10.00,12.99,0.13,0.21,0.03,1.18,1.44,0.18,0.30
1440,10.00,22.27,0.51,0.12,0.10,2.00,3.20,1.44,-1.18
1441,9.00,12.42,0.05,0.03,0.08,0.70,0.89,0.43,0.20
1445,9.00,21.09,0.33,0.67,0.00,1.67,2.11,0.56,0.25
1449,9.00,16.28,0.00,0.00,0.00,0.00,0.00,0.33,1.50
1451,10.00,13.33,0.29,0.18,0.00,1.41,2.53,0.47,-1.00
1452,9.00,17.18,0.00,0.03,0.08,0.53,0.19,1.17,-0.97
1455,9.00,12.76,0.00,0.09,0.00,0.77,0.27,0.50,-0.33
1467,9.00,17.41,0.00,0.00,0.00,1.50,1.50,0.25,-1.25
1470,10.00,12.09,0.34,0.13,0.06,0.81,1.89,0.19,-0.77
1472,10.00,17.04,0.89,0.41,0.14,3.08,4.39,0.54,0.07
1478,10.00,17.03,0.74,0.45,0.28,2.28,3.91,0.30,-0.09
1481,10.00,21.87,0.55,0.79,0.20,1.98,3.56,0.26,-0.28
1482,10.00,12.89,0.04,0.04,0.00,0.46,0.64,0.61,-0.22
1488,9.00,11.44,0.00,0.08,0.00,1.15,0.85,0.15,-0.62
1491,10.00,12.47,0.35,0.14,0.05,1.60,2.12,0.23,0.38
1493,10.00,17.54,0.47,0.05,0.26,2.11,3.53,0.79,-0.06
1494,9.00,15.68,0.62,0.23,0.23,2.31,4.31,0.15,0.50
1504,10.00,12.10,0.11,0.11,0.06,1.22,2.28,0.22,-0.18
1505,10.00,15.85,0.24,0.30,0.05,2.24,2.46,0.41,-0.16
1506,10.00,14.36,0.25,0.12,0.00,1.12,1.88,0.12,-0.12
1510,10.00,14.73,0.25,0.25,0.00,1.25,2.00,0.00,-0.67
1511,10.00,11.03,0.25,0.00,0.00,1.00,0.75,0.75,-1.75
1513,9.00,21.62,0.00,0.67,0.00,1.67,1.00,1.67,-0.67
1515,10.00,23.04,0.33,0.33,0.07,2.63,2.89,0.63,-0.71
1518,10.00,13.26,0.21,0.07,0.14,0.43,1.43,0.29,-0.20
1521,9.00,19.84,0.13,0.33,0.07,1.13,1.13,0.73,-0.79
1523,9.00,17.50,0.06,0.08,0.08,1.36,1.17,0.81,-0.22
1525,10.00,14.10,0.50,0.17,0.00,2.33,2.33,0.33,-0.60
1526,10.00,6.60,0.33,0.00,0.00,0.00,1.00,0.00,-0.33
1531,10.00,15.75,0.00,1.00,0.00,4.00,3.00,0.00,
1535,9.00,15.35,0.05,0.05,0.03,0.71,0.47,0.55,-0.09
1536,9.00,15.95,0.03,0.10,0.10,1.32,0.76,1.01,-0.18
1537,10.00,15.55,0.37,0.24,0.10,1.00,1.95,0.20,0.36
1538,10.00,16.56,0.00,0.00,0.00,1.00,1.00,0.50,-0.67
1539,10.00,0.00,0.00,0.00,0.00,0.00,0.00,0.00,
1540,10.00,15.49,0.00,0.33,0.00,1.33,0.67,1.33,0.67
1541,10.00,21.10,0.60,0.40,0.00,1.00,3.40,0.20,0.20
1546,9.00,17.46,0.02,0.17,0.02,0.98,0.91,0.76,-0.23
1547,10.00,11.55,0.10,0.23,0.07,0.80,1.17,0.17,0.04
1549,10.00,14.04,0.24,0.28,0.03,1.48,2.41,0.19,0.05
1550,9.00,14.96,0.08,0.07,0.01,1.51,1.48,0.68,0.16
1551,9.00,17.64,0.08,0.21,0.05,2.19,1.87,0.74,-0.23
1552,10.00,8.73,0.00,0.08,0.04,0.33,0.46,0.46,-0.61
1556,10.00,14.72,0.19,0.10,0.05,1.12,1.64,0.31,-0.70
1558,10.00,9.50,0.00,0.12,0.00,0.31,0.56,0.19,0.11
1559,9.00,13.58,0.00,0.04,0.04,0.38,0.08,0.73,-0.29
1560,9.00,15.33,0.00,0.50,0.00,0.00,0.00,0.00,1.00
1562,9.00,18.80,0.15,0.15,0.15,0.62,1.08,0.38,0.58
1566,10.00,14.67,0.00,0.00,0.00,1.29,0.71,0.57,-0.40
1567,9.00,12.94,0.00,0.00,0.00,0.50,0.50,1.50,-1.67
1568,10.00,12.69,0.35,0.20,0.05,2.40,3.10,0.15,0.14
1570,10.00,16.33,0.47,0.38,0.21,1.40,3.06,0.38,-0.39
1571,10.00,7.76,0.00,0.00,0.00,0.21,0.71,0.07,-0.78
1572,9.00,20.05,0.31,0.25,0.33,1.56,3.22,0.42,-0.89
1575,10.00,12.02,0.38,0.24,0.10,1.10,2.24,0.19,0.36
1576,10.00,16.76,0.35,0.51,0.29,1.18,2.51,0.29,0.00
1577,9.00,17.55,0.12,0.10,0.00,1.17,1.10,1.22,0.09
1578,10.00,20.46,0.40,0.60,0.20,1.20,3.20,0.20,-0.20
1582,10.00,13.60,0.31,0.18,0.02,0.96,1.38,0.11,0.44
1600,9.00,15.02,0.07,0.15,0.07,1.08,0.83,0.52,0.77
1612,9.00,12.46,0.33,0.00,0.33,1.67,2.00,0.00,0.00
1618,10.00,12.41,0.20,0.07,0.07,0.40,0.73,0.47,-0.20
1619,9.00,15.61,0.06,0.06,0.00,1.75,1.00,0.81,0.77
1619,10.00,15.95,0.09,0.18,0.00,1.36,0.91,1.27,0.33
1670,10.00,24.30,1.00,0.00,0.00,4.00,7.00,0.50,-2.00
1713,9.00,17.07,0.05,0.16,0.05,2.79,2.32,0.47,1.62
1829,10.00,22.98,1.50,1.50,1.00,3.00,4.50,0.00,3.00
1905,9.00,24.87,0.00,0.00,0.00,0.00,2.00,1.00,-0.50
1909,10.00,15.44,0.50,0.50,0.00,3.25,2.50,0.00,2.00
1910,10.00,15.51,0.05,0.00,0.00,1.10,1.38,0.71,0.40
1911,10.00,15.97,0.62,0.38,0.08,1.38,2.69,0.12,1.08
1912,10.00,15.65,0.50,0.29,0.07,1.54,2.75,0.43,0.41
1916,10.00,13.76,0.43,0.43,0.00,0.86,1.43,0.29,0.20
1917,10.00,15.46,1.00,0.50,0.25,2.50,3.75,0.00,2.67
1919,10.00,10.96,0.31,0.15,0.00,1.31,1.23,0.23,-0.33
1922,9.00,14.92,0.00,0.15,0.05,0.55,0.35,0.50,0.82
1924,9.00,12.36,0.30,0.30,0.00,0.80,0.20,0.30,1.88
1926,9.00,12.25,0.04,0.00,0.08,0.92,0.83,0.54,0.21
1936,10.00,17.48,1.27,0.68,0.05,3.59,6.05,0.50,1.27
1946,9.00,17.73,0.33,0.00,0.00,1.67,2.00,0.00,-1.33
1948,10.00,18.57,0.00,0.00,0.00,3.00,4.50,0.00,-2.50
2029,10.00,9.72,0.00,0.00,0.00,1.00,3.00,1.00,
2051,10.00,15.79,0.65,0.28,0.10,2.19,3.85,0.07,0.10
2052,9.00,9.64,0.00,0.03,0.00,0.37,0.37,0.32,-0.51
2057,10.00,14.49,0.21,0.18,0.11,0.89,1.92,0.20,0.27
2059,10.00,6.48,0.02,0.07,0.02,0.14,0.48,0.31,-0.30
2066,9.00,22.23,0.07,0.16,0.09,1.35,2.04,1.25,0.19
2068,9.00,23.77,0.14,0.23,0.08,1.20,1.97,1.89,0.13
2070,10.00,11.05,0.29,0.33,0.00,0.76,1.33,0.00,0.46
2071,10.00,21.85,0.20,0.70,0.00,2.40,2.20,0.40,0.89
2072,10.00,21.89,0.62,0.25,0.38,3.38,5.88,0.38,0.00
2132,9.00,11.77,0.00,0.00,0.33,0.00,0.67,0.00,1.00
2134,10.00,12.04,1.00,0.33,0.33,2.33,4.33,0.00,1.50
2155,10.00,10.52,0.08,0.17,0.08,1.62,1.58,0.12,0.00
2194,10.00,19.24,0.57,0.36,0.11,1.50,3.46,0.84,0.56
2203,10.00,13.29,0.37,0.31,0.07,1.60,3.30,0.14,0.07
2204,10.00,11.13,0.11,0.00,0.06,0.33,0.94,0.39,0.53
2205,10.00,14.13,0.85,0.15,0.08,1.62,3.00,0.08,-0.15
2209,9.00,17.44,0.10,0.13,0.04,0.59,0.88,0.36,-0.55
2210,10.00,13.79,0.21,0.38,0.14,0.97,2.38,0.07,-0.25
2211,10.00,9.62,0.28,0.00,0.00,0.33,1.22,0.17,-0.50
2212,10.00,14.36,0.37,0.34,0.10,1.49,2.78,0.17,-0.45
2213,9.00,7.05,0.00,0.00,0.00,0.00,1.33,0.00,-0.50
2215,10.00,16.53,0.31,0.23,0.07,1.46,2.06,0.44,0.39
2217,10.00,12.77,0.00,0.00,0.00,0.00,0.00,0.00,1.00
2218,10.00,17.55,0.26,0.28,0.03,1.79,2.31,0.36,0.51
2221,10.00,15.91,1.09,0.36,0.02,1.95,4.31,0.16,0.82
2222,9.00,18.43,0.00,0.14,0.00,0.75,0.39,0.79,-0.27
2223,10.00,12.17,0.23,0.21,0.00,0.95,2.00,0.05,-0.28
2224,9.00,16.30,0.11,0.11,0.08,1.28,1.58,0.43,0.04
2225,9.00,14.41,0.02,0.04,0.05,0.69,1.05,0.49,-0.39
2226,10.00,15.86,0.25,0.19,0.12,0.62,1.62,0.12,0.14
2227,10.00,17.54,0.70,0.44,0.10,2.18,3.62,0.25,0.42
2230,9.00,14.95,0.07,0.11,0.05,1.04,0.71,0.71,0.30
2231,10.00,16.31,0.64,0.26,0.11,1.64,3.11,0.17,0.00
2232,9.00,13.37,0.12,0.15,0.04,0.71,0.85,0.50,0.06
2233,9.00,15.95,0.09,0.09,0.14,0.93,0.81,0.79,0.47
2236,10.00,15.37,0.36,0.11,0.04,1.17,1.80,0.52,0.03
2237,9.00,15.08,0.00,0.11,0.00,1.26,0.74,0.58,-0.12
2240,9.00,13.65,0.00,0.00,0.14,0.71,0.57,0.14,0.40
2241,10.00,13.07,0.19,0.14,0.08,0.87,1.58,0.15,0.11
2244,10.00,13.61,0.18,0.18,0.04,0.90,1.57,0.24,-0.08
2266,10.00,19.92,0.47,0.60,0.13,2.40,5.00,0.53,0.47
2267,9.00,18.19,0.47,0.39,0.36,2.31,3.03,0.61,1.69
2270,10.00,9.22,0.11,0.04,0.00,0.62,0.98,0.16,-1.22
2272,10.00,14.61,0.25,0.08,0.17,1.08,2.17,0.17,-0.75
2278,10.00,18.02,0.56,0.78,0.00,3.33,4.33,0.33,1.25
2281,10.00,15.97,0.19,0.31,0.06,1.09,2.44,0.22,-0.68
2282,9.00,22.75,0.61,0.37,0.12,2.47,4.33,0.71,-0.31
2290,9.00,19.39,0.05,0.18,0.03,0.90,0.69,0.65,0.57
2291,10.00,15.27,0.22,0.43,0.13,1.70,2.65,0.35,-0.28
2292,10.00,17.05,0.47,0.26,0.08,2.47,3.74,0.24,0.29
2294,9.00,14.33,0.00,0.19,0.05,0.90,0.29,0.62,0.44
2297,10.00,13.77,0.32,0.30,0.14,1.14,1.95,0.19,0.40
2299,10.00,11.34,0.09,0.18,0.09,0.67,1.15,0.15,-0.31
2300,10.00,15.54,0.12,0.15,0.09,0.76,1.42,0.73,0.32
2301,10.00,11.86,0.22,0.16,0.05,0.97,1.51,0.16,0.10
2303,10.00,10.53,0.06,0.19,0.03,0.50,0.81,0.09,-0.04
2304,9.00,16.53,0.00,0.04,0.12,1.06,0.90,0.52,-0.33
2307,10.00,16.96,0.42,0.24,0.00,1.39,2.87,0.42,-0.06
2310,10.00,15.24,0.58,0.33,0.09,1.63,2.33,0.40,0.69
2316,10.00,14.87,0.40,0.40,0.00,1.00,3.00,0.40,1.40
2317,9.00,20.72,0.26,0.31,0.08,2.95,2.41,0.69,-0.09
2319,10.00,15.19,0.26,0.37,0.00,0.91,1.72,0.49,0.00
2321,10.00,16.37,0.42,0.16,0.11,1.31,2.38,0.29,-0.46
2322,10.00,9.75,0.29,0.14,0.00,0.86,0.43,0.14,-1.50
2323,10.00,17.44,0.76,0.23,0.11,2.17,3.04,0.20,0.16
2325,10.00,12.21,0.33,0.33,0.00,1.00,2.33,0.33,0.00
2328,9.00,0.00,0.00,0.00,0.00,0.00,0.00,0.00,-1.00
2329,9.00,12.40,0.00,0.00,0.00,0.00,0.00,0.00,-3.00
2333,10.00,14.83,0.27,0.18,0.14,1.32,1.82,0.32,-0.56
2337,9.00,18.33,0.67,0.50,0.17,1.50,3.50,0.00,1.50
2342,10.00,20.71,0.86,0.43,0.43,2.14,4.43,0.14,-0.86
2346,10.00,15.81,0.50,0.38,0.25,0.75,2.75,0.00,-0.14
2351,10.00,16.80,0.86,0.59,0.22,2.19,4.55,0.22,1.30
2357,9.00,14.30,0.53,0.26,0.24,1.91,2.94,0.15,0.24
2358,9.00,20.73,0.20,0.20,0.40,2.00,3.00,1.00,1.80
2359,10.00,12.41,0.11,0.22,0.00,1.00,1.67,0.28,-0.40
2360,10.00,15.16,0.56,0.78,0.11,0.89,2.67,0.44,1.33
2362,9.00,18.75,0.40,0.50,0.10,1.30,1.90,0.30,1.30
2366,10.00,16.77,1.50,0.25,0.00,1.75,4.25,0.50,1.00
2367,10.00,19.67,0.17,0.17,0.00,1.33,2.33,0.50,-2.80
2368,10.00,15.89,1.29,0.29,0.00,3.00,5.29,0.29,1.00
2376,9.00,11.90,0.00,0.00,0.00,1.00,1.25,0.00,0.00
2377,10.00,11.71,0.15,0.15,0.08,0.85,0.69,0.23,-1.09
2416,10.00,14.62,0.22,0.00,0.00,0.56,1.67,0.11,-1.29
2426,10.00,17.11,0.39,0.34,0.12,1.35,2.51,0.32,0.15
2427,10.00,11.03,0.00,0.22,0.00,0.33,0.89,0.67,-0.88
2428,9.00,12.70,0.00,0.06,0.00,0.69,0.40,0.63,-0.75
2430,10.00,12.62,0.00,0.07,0.00,0.38,0.59,0.34,-0.25
2431,10.00,14.84,0.18,0.18,0.00,1.27,0.73,0.09,-0.44
2433,9.00,23.72,0.00,0.00,0.00,2.00,3.00,0.00,-2.00
2434,9.00,16.60,0.07,0.17,0.03,0.73,0.87,0.67,-0.88
2435,10.00,16.50,0.50,0.58,0.00,1.12,2.67,0.12,1.09
2441,9.00,13.17,0.11,0.15,0.04,0.98,0.83,0.30,0.00
2443,9.00,15.74,0.08,0.12,0.02,1.22,1.18,0.74,0.33
2444,9.00,18.21,0.12,0.23,0.18,1.05,1.62,0.96,0.43
2445,9.00,17.03,0.14,0.18,0.00,1.86,1.64,0.86,0.24
2446,9.00,12.54,0.08,0.08,0.08,0.31,0.69,0.46,-0.56
2447,10.00,14.44,0.12,0.14,0.03,1.22,1.75,0.40,0.22
2448,10.00,15.71,0.47,0.39,0.14,1.24,2.65,0.10,0.68
2450,10.00,17.02,0.27,0.36,0.06,1.28,2.37,0.22,-1.07
2452,10.00,18.20,1.15,0.44,0.11,3.12,5.43,0.41,0.73
2454,10.00,19.25,1.80,0.00,0.00,3.40,4.60,0.20,2.00
2455,9.00,17.08,0.00,0.15,0.07,0.90,0.44,0.63,0.12
2456,10.00,15.53,0.32,0.29,0.06,1.65,2.65,0.23,0.30
2460,10.00,13.50,0.17,0.05,0.05,1.30,2.00,0.40,-0.32
2461,10.00,15.45,0.13,0.30,0.04,1.07,1.07,0.39,-0.44
2463,9.00,16.30,0.00,0.00,0.00,0.65,0.59,1.00,-0.33
2464,9.00,15.21,0.12,0.11,0.05,1.86,1.75,0.75,-0.07
2466,10.00,11.65,0.25,0.03,0.03,1.06,1.59,0.28,-0.88
2469,9.00,15.42,0.08,0.08,0.00,0.83,0.92,0.58,-0.33
2472,10.00,13.66,0.19,0.21,0.15,0.55,1.19,0.13,-0.47
2474,10.00,16.14,0.58,0.32,0.13,1.46,3.13,0.28,0.17
2476,10.00,13.89,0.37,0.20,0.10,1.73,3.03,0.23,-0.27
2477,9.00,16.58,0.03,0.11,0.19,0.65,0.49,1.00,0.42
2479,10.00,17.56,0.64,0.12,0.06,1.18,2.55,0.24,0.48
2481,9.00,12.55,0.09,0.03,0.03,1.11,0.83,0.46,0.21
2484,10.00,15.44,0.26,0.24,0.13,1.44,2.06,0.37,-0.07
2487,10.00,18.91,0.85,0.47,0.12,2.41,4.49,0.09,0.26
2489,10.00,14.85,0.44,0.28,0.11,1.11,1.83,0.39,-0.47
2490,9.00,14.29,0.00,0.05,0.03,0.41,0.38,0.57,0.00
2491,10.00,15.88,0.29,0.24,0.18,0.79,2.09,0.76,-0.04
2501,10.00,14.43,0.00,0.00,0.00,0.00,1.00,1.00,-2.00
2502,9.00,16.05,0.15,0.26,0.21,1.82,1.71,0.74,1.10
2504,9.00,17.36,0.00,0.13,0.00,0.87,0.53,0.27,-1.08
2506,10.00,12.79,0.07,0.04,0.04,0.67,1.11,0.89,0.77
2508,10.00,16.63,0.71,0.39,0.26,2.48,3.52,0.26,1.26
2512,9.00,16.59,0.09,0.00,0.00,0.55,0.64,0.55,-2.12
2515,9.00,21.40,0.00,0.00,0.00,1.00,1.00,1.00,1.00
2516,10.00,12.90,0.26,0.30,0.13,1.61,1.22,0.26,0.21
2517,10.00,12.01,0.00,0.00,0.00,0.33,1.00,0.00,2.00
2549,10.00,16.78,0.28,0.22,0.06,2.58,3.08,0.48,-0.04
2550,10.00,14.39,0.64,0.36,0.09,1.18,3.64,0.18,0.71
2556,10.00,12.30,0.16,0.10,0.00,0.58,0.90,0.39,-0.65
2694,9.00,11.42,0.00,0.67,0.00,1.33,1.67,0.33,1.33
2696,10.00,5.30,0.33,0.00,0.00,0.00,0.33,0.33,1.00
2700,10.00,10.62,1.33,0.00,0.00,0.67,5.00,0.00,0.67
2740,10.00,11.33,0.00,0.00,0.14,0.64,1.36,0.36,-0.83
2743,10.00,14.15,0.24,0.26,0.10,0.83,2.00,0.22,0.25
2753,10.00,16.68,0.51,0.37,0.06,2.47,3.14,0.31,0.78
2757,10.00,20.86,1.13,0.78,0.48,3.13,7.48,0.09,0.61
2760,10.00,15.16,0.14,0.19,0.11,1.08,1.78,0.51,0.58
2762,10.00,19.06,0.25,0.75,0.00,2.00,2.75,0.25,-0.25
2763,10.00,10.17,0.00,0.00,0.00,0.00,1.00,1.00,-3.00
2764,10.00,21.67,0.00,0.00,0.00,2.00,0.00,1.00,-1.00
2765,10.00,19.62,0.50,0.42,0.14,1.19,3.19,0.50,-0.28
2766,10.00,14.73,0.04,0.15,0.04,1.27,1.15,0.62,-0.02
2767,9.00,13.36,0.17,0.22,0.11,0.89,1.22,0.89,-0.43
2768,10.00,8.33,1.00,0.00,0.00,0.50,2.50,0.00,-1.00
2769,10.00,16.95,0.62,0.38,0.38,2.69,3.08,0.46,0.58
2770,9.00,18.65,0.16,0.14,0.06,1.01,1.48,0.74,0.12
2771,9.00,14.68,0.00,0.00,0.00,0.00,1.50,0.00,0.00
2772,9.00,22.43,0.00,0.20,0.00,0.80,1.00,1.00,0.40
2773,10.00,14.19,0.13,0.13,0.00,0.39,0.96,0.22,-0.18
2774,10.00,18.75,0.33,0.07,0.11,0.85,1.89,0.41,0.04
2776,10.00,9.77,0.00,0.00,0.00,0.50,0.00,1.00,-2.50
2777,10.00,14.49,0.00,0.00,0.22,2.44,1.67,0.56,-0.50
2783,9.00,17.16,0.03,0.13,0.03,1.10,1.33,1.00,0.15
2787,9.00,12.23,0.00,0.17,0.00,1.67,0.50,0.33,-1.00
2790,10.00,11.12,0.49,0.24,0.08,1.32,2.16,0.03,0.71
2792,9.00,17.48,0.27,0.45,0.18,2.82,3.36,0.36,0.50
2794,9.00,16.11,0.11,0.33,0.00,1.33,1.44,0.44,-0.14
2795,10.00,14.83,0.17,0.31,0.03,1.31,2.31,0.07,0.87
2799,9.00,14.48,0.03,0.16,0.05,0.60,0.78,0.75,-0.55
2800,9.00,7.94,0.00,0.00,0.00,0.36,0.36,0.55,-0.25
2802,9.00,20.30,0.18,0.24,0.12,0.88,1.29,0.65,0.25
2805,10.00,18.03,0.58,0.35,0.04,1.38,2.08,0.31,-0.05
2807,10.00,17.08,0.42,0.26,0.13,2.42,4.03,0.13,-0.71
2814,9.00,12.94,0.06,0.06,0.04,0.65,0.73,0.69,-0.12
2817,10.00,9.61,0.35,0.10,0.00,0.90,1.55,0.20,-0.14
2824,10.00,16.15,0.35,0.33,0.08,1.37,1.90,0.45,0.62
2827,9.00,18.20,0.10,0.34,0.21,2.17,1.41,1.28,1.04
2829,9.00,15.10,0.02,0.12,0.08,1.90,1.34,0.60,0.25
2831,9.00,13.79,0.00,0.08,0.04,0.62,0.33,0.79,-0.05
2832,10.00,14.56,0.29,0.32,0.04,1.68,2.21,0.50,0.04
2835,9.00,13.59,0.00,0.29,0.14,1.43,0.43,0.43,-0.57
2836,10.00,18.93,0.00,0.00,0.00,1.00,1.00,0.00,-6.00
2840,10.00,12.98,0.23,0.12,0.03,1.00,1.90,0.17,-0.77
2843,10.00,14.24,0.58,0.14,0.09,1.96,3.33,0.14,0.00
2855,10.00,13.60,0.50,0.50,0.00,1.50,2.75,0.25,-0.50
2858,10.00,18.14,0.85,0.57,0.28,2.77,4.36,0.48,0.69
2862,10.00,18.35,0.42,0.30,0.03,1.55,2.24,0.48,-0.91
2863,10.00,14.67,0.00,0.25,0.12,1.81,0.94,0.38,0.45
2864,10.00,14.09,0.17,0.39,0.05,1.17,1.51,0.34,-0.06
2865,9.00,53.67,0.00,0.00,0.00,0.00,8.00,9.00,0.00
2871,9.00,12.99,0.00,0.00,0.00,0.90,0.32,0.54,0.65
2872,10.00,12.96,0.35,0.05,0.05,0.75,1.55,0.10,-0.18
2873,10.00,18.66,0.66,0.31,0.12,2.38,2.88,0.16,-0.18
2875,10.00,13.51,0.12,0.38,0.00,1.75,3.25,0.25,-1.29
2876,10.00,9.65,0.00,0.00,0.50,0.00,0.50,0.00,1.00
2879,10.00,9.16,0.33,0.33,0.00,1.00,2.67,0.33,-0.50
2890,9.00,16.09,0.12,0.24,0.14,1.00,1.18,0.82,-0.65
2894,9.00,18.70,0.09,0.20,0.12,2.46,2.71,0.73,0.06
2895,10.00,11.95,0.26,0.10,0.06,0.94,1.81,0.06,-0.10
2896,9.00,16.63,0.09,0.29,0.11,1.02,1.20,0.36,-0.02
2897,10.00,0.50,0.00,0.00,0.00,0.00,0.00,0.00,
2900,9.00,16.96,0.12,0.16,0.09,1.42,1.37,1.29,0.77
2901,10.00,13.65,0.00,0.25,0.00,1.50,2.38,0.50,-1.50
2902,10.00,13.83,0.33,0.28,0.08,1.50,2.11,0.17,0.32
2903,9.00,18.39,0.06,0.16,0.01,0.84,0.86,0.94,0.57
2904,10.00,15.64,0.29,0.21,0.29,1.29,2.57,0.86,0.40
2907,9.00,15.24,0.10,0.06,0.12,1.47,1.14,0.45,-0.55
2908,9.00,13.14,0.18,0.05,0.04,1.24,1.33,0.42,-0.19
2910,10.00,0.00,0.00,0.00,0.00,0.00,0.00,0.00,
2911,10.00,15.58,0.68,0.40,0.28,2.08,3.40,0.12,0.17
2913,9.00,16.78,0.00,0.11,0.04,1.36,0.50,1.32,-0.73
2915,10.00,19.51,0.36,0.38,0.12,1.78,2.47,0.31,-0.16
2916,10.00,16.94,0.10,0.33,0.08,1.21,1.88,0.29,-0.46
2917,10.00,15.02,0.27,0.35,0.29,0.81,1.79,0.08,-0.11
2920,9.00,18.90,0.00,0.00,0.08,0.58,0.58,0.42,-1.42
2921,9.00,11.43,0.02,0.02,0.02,0.49,0.44,0.67,-0.09
2923,10.00,17.28,0.58,0.42,0.00,1.67,3.92,0.17,-0.90
2958,10.00,16.37,0.50,0.11,0.06,1.56,2.44,0.67,-1.22
2969,10.00,13.21,0.20,0.00,0.00,1.80,1.80,0.20,-1.80
2980,10.00,13.76,0.25,0.25,0.00,0.75,1.75,0.25,-2.00
2988,9.00,19.84,0.00,0.00,0.11,2.22,2.56,0.44,2.11
2990,9.00,7.91,0.09,0.07,0.04,0.57,1.30,0.07,-0.35
3000,10.00,10.17,0.14,0.14,0.07,0.43,0.86,0.07,0.62
3030,9.00,16.78,0.07,0.14,0.07,0.50,0.07,0.57,-1.15
3031,10.00,15.65,0.19,0.19,0.14,1.29,2.67,0.33,0.38
3032,10.00,14.78,0.50,0.00,0.00,1.25,1.25,0.25,0.25
3036,9.00,12.64,0.20,0.20,0.00,1.10,1.60,0.40,-1.62
3037,10.00,17.41,0.46,0.11,0.04,1.46,2.33,0.24,-1.23
3041,10.00,13.97,1.00,0.40,0.00,2.00,4.00,0.60,0.40
3042,10.00,12.21,0.44,0.22,0.14,2.03,1.94,0.11,-0.17
3043,10.00,21.51,0.10,0.25,0.00,1.15,1.70,0.65,-1.18
3044,9.00,12.67,0.42,0.26,0.05,0.95,1.58,0.21,0.12
3045,9.00,12.55,0.67,0.00,0.00,1.33,2.00,0.00,0.00
3049,9.00,13.91,0.14,0.18,0.10,0.92,1.55,0.57,0.23
3052,10.00,16.69,0.62,0.33,0.10,2.78,3.72,0.29,1.05
3053,10.00,15.03,0.40,0.42,0.16,1.60,1.88,0.19,0.93
3054,9.00,11.56,0.00,0.00,0.00,0.00,0.00,0.25,-0.25
3057,10.00,20.44,0.80,0.20,0.20,1.60,3.20,0.00,-0.40
3058,10.00,19.97,0.40,0.20,0.00,1.20,1.80,0.60,-0.80
3060,9.00,14.49,0.17,0.17,0.00,0.67,1.83,0.17,-0.40
3062,10.00,17.12,0.04,0.14,0.00,1.32,1.00,0.43,0.22
3065,10.00,6.93,0.00,0.00,0.00,0.00,0.00,0.50,-2.00
3068,9.00,15.32,0.03,0.24,0.12,0.97,1.21,0.73,0.89
3070,10.00,13.00,0.00,0.00,0.00,1.00,2.00,0.00,-1.50
3071,10.00,10.27,0.28,0.24,0.07,0.93,1.76,0.10,-0.11
3076,10.00,13.29,0.19,0.19,0.15,0.73,1.15,0.19,-0.50
3077,10.00,13.71,0.58,0.58,0.33,2.17,3.58,0.00,0.44
3078,9.00,16.36,0.11,0.16,0.16,1.02,1.02,1.00,0.17
3079,10.00,14.81,1.15,0.67,0.24,1.94,3.73,0.15,1.41
3080,9.00,12.99,0.05,0.00,0.00,0.95,0.30,0.35,-0.56
3083,10.00,17.07,0.36,0.36,0.09,0.98,2.13,0.30,-0.60
3125,10.00,13.83,0.48,0.24,0.14,1.95,2.86,0.05,0.47
3126,9.00,13.86,0.05,0.07,0.07,0.72,0.62,0.35,-0.50
3127,9.00,14.59,0.02,0.07,0.00,0.89,0.70,0.28,-0.26
3129,10.00,17.41,0.52,0.23,0.14,1.77,2.66,0.46,0.13
3134,10.00,15.44,0.45,0.48,0.10,2.07,3.38,0.10,-0.33
3137,10.00,17.05,0.62,0.47,0.05,1.68,3.10,0.40,0.87
3138,10.00,10.55,0.43,0.09,0.04,0.57,1.22,0.09,-0.16
3142,9.00,10.48,1.00,0.00,0.00,3.00,4.00,0.00,-1.00
3145,10.00,18.25,0.31,0.35,0.12,1.04,1.77,1.15,0.12
3155,9.00,10.04,0.13,0.26,0.09,0.52,1.83,0.22,-0.53
3163,9.00,15.84,0.00,0.09,0.06,0.61,0.43,0.59,-0.38
3167,9.00,9.23,0.09,0.18,0.00,0.64,0.36,0.18,0.14
3178,10.00,15.76,0.90,0.33,0.00,2.00,4.19,0.29,0.47
3194,10.00,17.49,0.75,0.75,0.50,1.50,3.25,0.00,1.50
3197,9.00,27.68,0.50,0.50,0.00,4.75,4.50,2.50,-2.50
3198,10.00,7.97,0.33,1.00,0.00,1.00,2.33,0.00,2.00
3202,9.00,4.80,0.00,0.00,0.00,0.00,1.00,0.00,0.00
3205,10.00,9.92,0.67,0.33,0.33,0.00,1.33,0.33,1.67
3213,9.00,15.83,0.11,0.11,0.11,1.67,1.11,0.33,-1.25
3215,10.00,17.52,0.88,0.69,0.31,1.69,4.50,0.38,0.92
3216,10.00,15.61,0.46,0.31,0.11,2.19,3.80,0.10,0.28
3217,10.00,14.96,0.50,0.04,0.08,2.04,3.88,0.21,-0.25
3219,10.00,13.14,0.00,0.10,0.05,0.60,0.95,0.85,-0.56
3220,10.00,11.28,0.22,0.07,0.04,1.02,1.93,0.13,-0.26
3221,10.00,13.73,0.00,0.00,0.00,0.00,0.50,0.50,-0.50
3223,9.00,19.18,0.08,0.18,0.02,1.00,0.75,1.08,0.11
3225,9.00,14.64,0.03,0.12,0.00,0.64,0.94,0.45,0.39
3227,10.00,19.13,0.75,0.00,0.25,0.50,4.25,0.50,0.75
3228,10.00,13.97,0.75,0.25,0.00,1.00,2.50,1.00,0.50
3229,10.00,19.23,0.65,0.37,0.16,2.39,3.97,0.13,-0.14
3230,10.00,17.04,0.60,0.80,0.20,2.00,2.60,0.40,0.25
3231,10.00,10.07,0.24,0.18,0.00,0.76,2.12,0.12,-0.09
3234,10.00,13.73,0.21,0.24,0.03,1.59,2.34,0.31,-0.52
3237,10.00,26.16,0.50,0.62,0.00,1.62,3.75,0.62,0.50
3239,10.00,12.35,0.35,0.30,0.14,1.35,2.70,0.19,-0.32
3245,10.00,17.92,1.00,0.00,0.00,4.00,5.67,0.00,-0.50
3246,9.00,15.17,0.09,0.32,0.00,1.27,1.82,0.77,-1.28
3274,10.00,14.83,0.36,0.27,0.09,0.86,1.64,0.05,-0.20
3275,10.00,18.81,0.12,0.25,0.12,1.00,1.25,0.25,-0.71
3276,10.00,19.90,0.58,0.37,0.11,1.32,2.84,0.21,-0.33
3277,10.00,10.87,0.07,0.21,0.14,0.64,1.36,0.07,0.20
3350,9.00,17.54,0.81,0.38,0.12,1.44,3.56,0.94,0.71
3354,10.00,11.68,0.00,0.00,0.50,2.50,2.00,0.00,0.50
3374,10.00,16.86,0.12,0.62,0.12,1.25,3.62,0.50,-0.57
3377,10.00,16.98,0.23,0.15,0.08,1.31,2.00,0.15,-1.92
3403,10.00,16.45,0.09,0.18,0.09,0.82,1.36,0.86,0.29
3407,10.00,19.12,1.00,0.25,0.25,0.50,2.75,0.50,1.25
3409,10.00,18.26,0.74,0.80,0.26,1.43,2.57,0.14,1.55
3420,10.00,13.22,0.50,0.10,0.20,0.80,2.70,0.10,0.62
3424,9.00,15.63,0.00,0.11,0.00,1.56,1.33,0.89,-0.50
3425,9.00,17.12,0.00,0.12,0.00,1.12,1.62,0.50,-1.88
3431,9.00,17.04,0.07,0.11,0.07,2.22,1.26,1.07,0.54
3441,10.00,13.77,0.34,0.28,0.13,0.96,2.13,0.26,0.13
3449,10.00,18.41,0.66,0.61,0.16,1.58,3.28,0.53,0.56
3450,9.00,15.49,0.06,0.24,0.06,0.65,1.00,0.59,-1.07
3452,9.00,14.93,0.82,0.37,0.05,1.48,3.51,0.37,0.49
3453,9.00,14.46,0.05,0.11,0.16,0.47,0.68,0.26,-0.61
3456,10.00,17.25,0.88,0.53,0.21,2.26,4.75,0.16,0.69
3458,9.00,18.89,0.10,0.16,0.12,1.23,1.36,0.58,0.24
3461,10.00,14.62,0.33,0.36,0.15,1.73,2.82,0.33,0.15
3466,10.00,11.61,0.15,0.15,0.11,1.33,1.74,0.33,0.60
3470,9.00,20.19,0.10,0.12,0.12,1.46,1.78,1.05,0.11
3473,10.00,17.02,0.33,0.33,0.00,2.00,3.33,0.00,2.00
3475,10.00,0.00,0.00,0.00,0.00,0.00,0.00,0.00,
3476,10.00,24.49,1.83,1.33,0.17,1.67,6.17,0.00,1.33
3480,10.00,22.19,1.00,1.25,0.25,3.00,4.50,0.00,0.75
3481,10.00,20.94,1.34,0.47,0.19,3.74,6.72,0.34,0.43
3487,9.00,19.62,0.47,0.37,0.10,2.08,2.71,0.78,0.29
3489,9.00,17.64,0.21,0.08,0.08,2.04,1.71,0.54,0.58
3575,9.00,16.55,0.80,0.50,0.10,2.10,3.50,0.00,0.11
3578,10.00,12.92,1.00,2.00,0.00,0.00,2.00,0.00,0.00
3579,10.00,17.64,1.00,0.00,1.00,1.00,5.00,0.00,1.50
3582,9.00,21.03,0.24,0.43,0.19,1.29,1.67,0.95,-0.10
3583,10.00,19.67,1.38,0.38,0.00,2.62,4.88,0.12,1.00
3587,10.00,13.15,0.06,0.15,0.04,0.79,1.15,0.29,-0.13
3588,9.00,17.79,0.06,0.06,0.06,1.33,1.06,1.06,0.43
3590,10.00,17.39,0.42,0.04,0.12,1.75,3.25,0.29,-0.15
3627,10.00,14.07,0.47,0.50,0.20,1.62,4.03,0.15,0.46
3631,10.00,12.77,0.24,0.25,0.24,1.32,2.21,0.17,0.28
3632,9.00,19.04,0.14,0.10,0.04,0.71,0.76,0.65,0.21
3633,9.00,18.28,0.16,0.28,0.06,2.16,1.69,0.94,1.29
3635,9.00,18.03,0.02,0.08,0.12,1.40,0.98,1.24,-0.28
3657,10.00,15.28,0.62,0.20,0.09,1.38,3.00,0.33,0.51
3670,9.00,15.80,0.03,0.07,0.02,0.71,0.74,0.69,-0.24
3677,10.00,18.07,0.00,0.33,0.33,0.67,1.67,0.00,0.00
3679,10.00,11.35,0.50,0.33,0.25,0.67,2.08,0.25,0.89
3680,9.00,17.60,0.04,0.18,0.06,1.25,0.78,0.57,0.27
3684,9.00,16.54,0.00,0.17,0.17,1.67,1.17,1.00,-0.67
3688,10.00,15.88,0.20,0.20,0.80,2.60,2.60,0.20,1.00
3697,9.00,17.13,0.10,0.08,0.05,1.00,1.27,0.75,0.65
3699,10.00,16.82,0.58,0.61,0.06,1.61,2.39,0.29,0.17
3701,10.00,16.01,0.31,0.06,0.06,1.56,2.25,0.62,0.36
3720,9.00,17.58,0.14,0.00,0.00,0.71,0.86,1.14,1.33
3721,9.00,16.92,0.07,0.32,0.18,1.97,1.41,0.76,1.15
3722,10.00,12.88,0.11,0.22,0.04,0.63,1.35,0.15,-0.45
3729,10.00,12.78,1.00,0.33,0.00,0.33,2.33,0.33,1.33
3733,10.00,13.67,0.00,0.67,0.00,0.33,2.33,0.33,1.00
3739,9.00,14.76,0.33,0.67,0.00,0.67,1.67,1.33,0.67
3740,9.00,15.18,0.67,0.33,0.00,1.67,2.33,0.67,2.33
3742,10.00,13.10,0.50,0.30,0.20,2.00,4.20,0.20,0.56
3746,10.00,14.06,0.59,0.30,0.07,1.52,3.74,0.19,0.74
3763,9.00,6.71,0.00,0.00,0.00,0.50,0.00,0.50,-1.00
3767,10.00,25.48,0.00,0.00,0.00,1.00,4.00,0.00,-1.00
3774,9.00,19.25,0.00,0.00,0.00,0.00,0.00,1.00,-2.00
3780,10.00,18.65,0.86,0.75,0.33,2.36,4.11,0.44,1.26
3781,10.00,21.03,0.33,0.33,0.00,2.94,3.89,0.28,-1.17
3823,10.00,21.02,0.37,0.63,0.32,1.58,3.00,0.42,0.44
3846,10.00,16.41,0.28,0.28,0.17,1.84,2.12,0.28,-0.10
3847,9.00,14.97,0.06,0.10,0.06,1.04,0.70,1.43,0.15
3849,10.00,16.58,0.68,0.29,0.25,1.93,3.21,0.46,0.00
3850,10.00,18.40,0.98,0.51,0.09,3.02,4.87,0.30,0.39
3851,10.00,19.37,0.00,0.33,0.00,1.00,0.67,0.33,0.00
3853,9.00,18.12,0.45,0.55,0.45,3.27,3.00,0.73,1.25
3863,10.00,21.99,1.11,0.89,0.11,1.22,4.22,0.22,1.11
3890,9.00,13.02,0.00,0.00,0.00,1.25,1.25,0.50,-0.25
3894,10.00,13.72,1.75,0.75,0.00,2.25,4.00,0.50,1.75
3897,10.00,19.02,0.62,0.34,0.03,1.28,2.97,0.75,0.33
3903,10.00,9.23,0.00,0.00,0.00,3.25,2.75,0.25,-0.67
3906,9.00,21.25,0.00,0.33,0.00,1.67,0.00,0.67,0.00
3927,10.00,12.22,0.00,1.00,0.00,1.33,0.67,0.33,0.67
3936,10.00,13.59,0.37,0.26,0.19,0.96,1.93,0.05,0.24
3939,9.00,13.43,0.00,0.09,0.04,0.53,0.36,1.06,-0.26
3949,9.00,15.70,0.00,0.00,0.33,1.33,0.67,0.33,0.25
3950,10.00,13.92,0.60,0.37,0.00,1.36,2.80,0.17,0.28
3952,10.00,17.03,0.33,0.42,0.00,1.33,2.83,0.92,1.40
3954,9.00,16.96,0.22,0.11,0.00,2.56,2.11,1.33,-0.75
3955,9.00,17.20,0.15,0.31,0.23,1.03,1.13,0.62,0.20
3956,10.00,13.44,0.11,0.22,0.00,1.33,1.00,0.22,-1.71
3958,9.00,7.06,0.00,0.00,0.00,0.37,0.26,0.42,-0.22
3959,10.00,12.43,0.00,0.00,0.50,1.50,3.00,0.50,0.00
3961,9.00,15.26,0.36,0.00,0.00,1.91,1.27,0.45,-0.25
3962,10.00,9.38,0.17,0.00,0.00,1.00,1.67,0.17,0.33
3963,10.00,8.56,0.00,0.00,0.00,0.42,0.83,0.33,-0.62
3965,9.00,13.98,0.09,0.14,0.05,1.30,1.53,0.44,0.24
3967,9.00,14.19,0.00,0.00,0.00,0.40,0.20,1.40,-0.50
3969,9.00,12.74,0.00,0.10,0.10,0.90,0.46,0.31,0.00
3971,10.00,16.45,0.46,0.31,0.11,1.87,3.24,0.35,0.61
3973,10.00,16.56,0.33,0.33,0.00,1.11,3.56,0.00,0.00
3975,9.00,10.36,0.00,0.40,0.20,0.60,1.60,0.60,-0.50
3983,9.00,13.70,0.07,0.33,0.13,0.67,0.80,0.93,0.09
3984,10.00,13.14,0.37,0.21,0.16,1.00,3.00,0.21,0.18
3986,10.00,19.45,0.45,0.53,0.22,2.37,3.10,0.33,0.89
3988,10.00,19.62,0.68,0.33,0.10,2.70,3.97,0.27,0.80
3990,9.00,17.10,0.47,0.34,0.09,2.38,2.78,0.75,-0.90
4028,9.00,16.40,0.36,0.21,0.07,1.71,2.07,1.21,-0.58
4072,10.00,20.21,0.05,0.36,0.18,1.66,1.80,1.02,0.43
4075,10.00,22.73,0.00,0.00,0.00,2.50,1.00,1.00,-3.00
4076,10.00,19.65,0.36,0.36,0.00,1.36,1.73,0.05,-1.36
4106,10.00,17.04,0.81,0.58,0.23,4.23,5.91,0.14,0.45
4165,10.00,20.75,0.88,0.84,0.18,2.94,4.35,0.33,0.29
4166,10.00,14.43,0.19,0.28,0.04,1.28,1.62,0.30,-0.22
4167,9.00,18.81,0.04,0.06,0.13,1.20,0.91,1.11,1.02
4173,9.00,16.50,0.00,0.24,0.05,1.45,1.24,0.66,0.46
4174,9.00,14.85,0.06,0.09,0.06,1.71,1.00,1.06,-1.17
4176,10.00,11.21,0.25,0.25,0.00,2.00,0.50,0.25,1.67
4177,9.00,15.90,0.04,0.12,0.04,1.28,1.07,0.35,0.47
4183,10.00,12.13,0.17,0.09,0.09,0.63,0.71,0.20,-0.04
4184,10.00,17.89,0.71,0.36,0.14,2.82,3.79,0.71,0.66
4188,10.00,16.73,0.47,0.26,0.06,1.47,2.47,0.38,0.14
4189,10.00,15.53,0.14,0.26,0.00,0.70,1.16,0.20,-0.03
4190,9.00,15.89,0.00,0.00,0.00,0.60,0.57,0.57,-0.58
4192,10.00,16.12,0.24,0.39,0.17,1.20,2.52,0.48,0.56
4195,10.00,13.44,0.13,0.23,0.08,0.52,0.99,0.56,0.39
4196,10.00,14.01,0.30,0.04,0.04,1.33,1.70,0.30,0.10
4197,9.00,16.00,0.15,0.23,0.08,1.92,0.69,0.77,-0.42
4200,9.00,14.39,0.00,0.04,0.00,0.68,0.20,0.48,-1.54
4202,10.00,13.18,0.43,0.35,0.09,1.65,2.48,0.09,1.00
4204,9.00,16.47,0.04,0.09,0.03,0.84,0.49,0.68,0.49
4205,9.00,14.30,0.05,0.12,0.05,0.84,0.72,0.80,-0.31
4206,9.00,16.88,0.00,0.00,0.00,0.00,0.50,0.50,-0.50
4208,9.00,24.26,0.33,0.55,0.20,2.93,3.11,1.44,-0.01
4214,10.00,12.32,0.21,0.00,0.08,1.21,1.88,0.29,-1.18
4216,10.00,12.58,0.00,0.04,0.00,1.04,0.88,0.21,-0.95
4217,10.00,13.25,0.43,0.00,0.14,0.71,1.86,0.29,-0.40
4218,10.00,13.02,0.04,0.07,0.02,0.82,0.82,0.49,-0.46
4219,10.00,13.74,0.61,0.14,0.07,1.50,2.21,0.25,-0.33
4221,10.00,12.36,0.11,0.07,0.00,0.57,1.04,0.39,-0.57
4222,10.00,18.67,0.00,0.00,0.50,1.00,1.00,1.50,-1.00
4224,10.00,11.24,0.35,0.17,0.12,0.93,1.80,0.17,0.03
4225,9.00,18.11,0.22,0.37,0.11,1.56,1.89,0.85,0.63
4226,10.00,15.67,0.74,0.44,0.15,2.05,5.04,0.30,0.35
4227,10.00,13.88,0.34,0.30,0.13,1.26,2.64,0.38,0.39
4228,9.00,16.72,0.09,0.17,0.03,0.73,0.75,0.70,-0.09
4229,10.00,15.92,0.19,0.03,0.03,1.23,1.55,0.23,-1.65
4232,9.00,15.73,0.04,0.14,0.12,1.46,0.99,0.97,-0.16
4237,10.00,18.00,0.56,0.30,0.05,2.05,3.65,0.49,0.08
4241,10.00,0.01,0.00,0.00,0.00,0.00,0.00,0.00,
4244,10.00,10.70,0.00,0.00,0.00,0.40,0.60,0.40,-1.00
4249,9.00,12.67,0.17,0.00,0.00,0.00,0.33,0.50,-0.17
4250,9.00,14.04,0.00,0.33,0.00,0.67,1.67,0.83,-1.00
4250,10.00,15.29,0.29,0.07,0.00,1.43,2.29,0.29,0.55
4251,9.00,15.04,0.10,0.20,0.00,1.30,1.10,0.70,0.33
4253,10.00,11.81,0.00,0.00,0.00,2.33,1.33,0.00,-0.50
4254,10.00,13.86,0.55,0.30,0.05,1.75,3.75,0.00,-0.06
4255,10.00,14.02,0.00,0.00,0.00,0.67,0.67,0.00,1.50
4258,9.00,19.56,0.07,0.07,0.13,1.93,1.47,0.93,-0.60
4259,9.00,14.50,0.00,0.00,0.00,1.67,2.33,0.33,0.50
4260,9.00,17.69,0.00,0.06,0.12,1.19,0.75,1.19,-1.06
4261,9.00,13.79,0.08,0.17,0.00,1.08,0.42,0.67,-0.30
4262,9.00,19.03,0.14,0.11,0.07,2.20,1.66,1.43,-0.21
4263,10.00,13.18,0.20,0.20,0.20,1.40,1.95,0.05,0.31
4264,10.00,13.75,0.20,0.20,0.10,1.07,1.61,0.39,-0.12
4265,10.00,18.09,0.21,0.64,0.07,2.14,1.93,0.00,-0.46
4266,10.00,16.95,0.69,0.25,0.00,1.88,3.12,0.31,-1.43
4267,10.00,14.83,0.27,0.07,0.03,1.63,2.53,0.32,-0.40
4268,10.00,13.88,0.14,0.00,0.14,0.57,1.86,0.43,-1.00
4271,10.00,15.44,0.67,0.50,0.00,0.67,2.33,0.50,0.83
4281,10.00,13.81,0.20,0.09,0.02,1.04,1.84,0.24,-0.24
4282,10.00,18.53,0.50,0.41,0.06,2.59,4.19,0.19,-0.07
4284,10.00,16.38,0.00,0.43,0.14,1.00,1.71,0.00,-1.00
4288,10.00,16.50,0.38,0.31,0.19,1.35,2.00,0.38,0.00
4289,10.00,16.51,0.00,0.00,0.33,1.67,1.00,0.67,-1.00
4298,10.00,12.58,0.00,0.00,0.00,2.50,0.00,0.00,1.00
4303,10.00,11.41,0.29,0.10,0.12,0.76,1.19,0.26,-0.03
4304,10.00,11.48,0.21,0.18,0.00,1.67,1.94,0.33,0.21
4307,10.00,10.78,0.34,0.10,0.17,0.90,1.69,0.07,0.65
4308,10.00,11.49,0.27,0.18,0.00,0.18,0.91,0.00,0.11
4309,10.00,19.58,0.56,0.30,0.04,3.26,5.33,1.04,-0.36
4311,10.00,13.74,0.13,0.27,0.00,1.07,1.53,0.80,0.36
4312,10.00,19.86,0.75,0.47,0.28,2.31,4.78,0.09,-0.39
4313,9.00,20.67,0.07,0.00,0.00,0.64,1.86,0.50,-1.00
4320,9.00,16.59,0.50,0.00,0.00,1.00,2.00,0.50,0.00
4321,9.00,18.65,0.22,0.14,0.13,1.95,2.16,1.44,0.44
4323,10.00,18.32,0.11,0.29,0.05,1.45,1.03,0.47,-0.05
4326,10.00,7.58,0.00,0.00,0.00,0.25,0.00,0.00,-1.00
4327,10.00,15.83,0.21,0.10,0.06,1.46,2.08,0.48,-0.89
4329,9.00,15.07,0.21,0.11,0.10,1.78,1.93,0.88,0.39
4331,10.00,11.66,0.31,0.19,0.06,0.94,2.56,0.38,1.00
4332,10.00,9.01,0.00,0.00,0.00,1.00,0.25,0.75,-0.50
4333,10.00,21.43,1.00,0.60,0.00,1.80,4.00,0.80,1.60
4334,9.00,15.22,0.10,0.20,0.10,0.80,0.40,0.70,-0.29
4335,10.00,11.39,0.50,0.00,0.00,0.67,1.00,0.17,0.00
4336,9.00,23.16,0.08,0.25,0.08,0.83,1.29,0.83,0.45
4337,10.00,18.93,0.31,0.26,0.01,3.09,3.57,0.47,0.28
4341,9.00,10.19,0.21,0.04,0.00,0.75,1.32,0.32,-0.74
4342,10.00,18.75,0.56,0.52,0.41,2.19,4.29,0.37,0.90
4343,10.00,9.99,0.00,0.00,0.00,0.58,0.92,0.25,-1.55
4345,10.00,12.71,0.19,0.19,0.12,0.86,1.16,0.09,-1.30
4346,9.00,21.90,0.04,0.22,0.21,1.97,1.61,1.18,-0.90
4351,9.00,14.19,0.09,0.08,0.05,0.88,1.08,0.54,-0.63
4353,10.00,9.62,0.00,0.00,0.00,0.50,1.00,1.00,0.00
4354,9.00,11.70,0.04,0.08,0.04,0.72,0.55,0.49,-0.65
4355,10.00,9.53,0.07,0.13,0.00,0.40,0.40,0.27,-0.73
4357,10.00,15.50,0.22,0.13,0.04,0.74,2.13,0.22,-0.81
4359,9.00,13.38,0.00,0.00,0.00,1.00,1.00,2.00,4.00
4362,10.00,14.51,0.34,0.11,0.08,1.12,2.11,0.45,0.26
4367,10.00,11.66,0.22,0.15,0.00,0.78,1.37,0.15,0.39
4368,9.00,18.01,0.00,0.08,0.00,0.50,0.33,0.67,0.60
4369,9.00,11.30,0.00,0.00,0.05,0.45,0.27,0.18,-0.27
4372,9.00,16.25,1.00,0.00,0.00,1.43,3.29,0.86,0.00
4372,10.00,18.91,0.33,0.33,0.00,2.00,1.33,0.00,-1.00
4373,10.00,11.39,0.20,0.13,0.13,0.93,1.33,0.00,-0.09
4375,9.00,15.12,0.09,0.18,0.00,0.79,0.64,0.67,0.23
4377,10.00,14.78,0.60,0.20,0.00,1.60,3.00,0.00,-0.60
4379,10.00,19.54,0.92,0.62,0.23,3.23,4.08,0.38,1.58
4380,10.00,17.13,0.12,0.47,0.12,1.24,2.65,0.00,-1.40
4382,9.00,4.67,0.00,0.00,0.00,0.50,0.50,0.00,-1.00
4383,9.00,0.43,0.00,0.00,0.00,0.50,0.50,0.00,
4384,10.00,17.85,0.82,0.51,0.16,1.93,3.62,0.19,0.83
4387,9.00,18.67,0.00,0.00,0.00,0.00,5.00,0.50,-1.50
4388,10.00,19.18,0.00,0.33,0.00,1.67,2.83,1.50,0.00
4389,10.00,14.06,0.42,0.21,0.12,1.65,3.13,0.24,-0.08
4392,9.00,15.17,0.08,0.23,0.08,0.77,2.46,0.54,-0.54
4395,10.00,19.64,0.55,0.36,0.09,2.27,3.00,0.82,0.18
4396,10.00,13.39,0.10,0.00,0.10,0.60,1.20,0.70,1.75
4397,10.00,12.92,0.50,0.00,0.25,2.00,2.25,0.00,1.50
4398,10.00,14.67,0.33,0.33,0.33,0.33,4.00,0.67,0.00
4400,10.00,14.78,0.50,0.27,0.02,1.61,3.11,0.16,0.14
4401,10.00,10.14,0.00,0.00,0.00,0.10,0.00,0.45,-1.57
4402,10.00,13.60,0.30,0.11,0.04,1.46,1.93,0.22,-0.05
4405,10.00,8.51,0.00,0.00,0.00,0.75,1.00,0.00,-2.00
4412,10.00,11.14,0.00,0.19,0.03,0.62,1.09,0.31,-0.43
4413,10.00,9.73,0.14,0.05,0.00,0.27,1.23,0.14,-0.62
4416,10.00,14.36,0.00,0.00,0.00,1.00,2.00,0.00,-1.00
4419,10.00,9.82,0.00,0.00,0.00,1.00,0.50,0.25,0.00
4421,10.00,14.78,0.10,0.20,0.20,1.50,2.10,0.10,-0.62
4422,10.00,11.75,0.28,0.08,0.06,1.81,1.97,0.32,-0.42
4424,9.00,15.24,0.67,1.00,0.33,0.67,3.33,1.00,0.33
4425,10.00,20.24,0.81,0.38,0.25,3.25,4.38,0.28,-0.13
4429,9.00,20.45,1.00,1.00,0.00,0.00,0.00,0.00,2.00
4432,9.00,16.88,0.16,0.16,0.06,1.19,0.77,1.10,0.79
4433,10.00,26.87,4.00,1.00,0.00,2.00,9.00,1.00,1.00
4436,10.00,9.84,0.11,0.07,0.00,0.36,0.55,0.25,-0.45
4438,9.00,10.47,0.00,0.08,0.08,1.00,0.42,0.17,-0.38
4440,10.00,13.50,0.24,0.15,0.00,0.82,1.62,0.38,-0.68
4442,9.00,11.39,0.25,0.00,0.00,0.50,0.75,0.00,-1.33
4443,10.00,13.16,0.20,0.20,0.13,0.93,1.60,0.27,0.00
4444,9.00,18.84,0.03,0.12,0.03,1.49,1.03,0.65,-0.26
4445,9.00,16.62,0.03,0.09,0.03,1.05,0.79,0.77,0.26
4446,10.00,15.22,0.60,0.19,0.00,2.60,4.64,0.19,0.53
4447,9.00,16.27,0.07,0.07,0.02,1.31,0.98,0.93,0.24
4448,10.00,16.61,0.36,0.32,0.06,2.04,2.69,0.40,0.27
4449,10.00,11.84,0.10,0.05,0.05,0.75,1.10,0.10,-0.25
4450,10.00,16.97,0.90,0.40,0.10,3.20,4.30,0.30,0.40
4451,9.00,15.13,0.00,0.10,0.05,1.00,0.45,0.81,-0.18
4452,9.00,16.83,0.09,0.06,0.01,1.18,0.94,0.75,-0.40
4453,10.00,16.75,0.25,0.22,0.05,1.08,2.34,0.47,-0.21
4454,9.00,13.29,0.34,0.23,0.08,1.17,1.77,0.30,0.14
4455,10.00,14.18,0.49,0.21,0.08,1.62,2.09,0.49,0.43
4456,10.00,13.76,0.54,0.25,0.11,1.75,2.68,0.11,0.64
4458,9.00,10.79,0.00,0.00,0.00,0.71,0.43,0.29,0.00
4459,10.00,12.14,0.24,0.14,0.03,0.90,1.33,0.05,-0.40
4460,9.00,16.15,0.10,0.20,0.03,1.07,1.02,0.53,-0.05
4463,9.00,14.43,0.10,0.03,0.06,0.77,0.48,0.81,0.71
4465,10.00,15.85,0.74,0.32,0.07,2.37,3.96,0.18,0.21
4466,9.00,13.68,0.08,0.04,0.03,0.92,0.65,0.47,0.14
4467,9.00,15.85,0.00,0.20,0.00,1.00,0.60,0.60,-0.60
4468,10.00,14.18,0.27,0.37,0.12,1.25,1.98,0.25,-0.37
4470,10.00,11.14,0.24,0.24,0.07,0.76,1.56,0.29,0.31
4471,10.00,12.19,0.12,0.12,0.00,0.60,1.43,0.38,-0.48
4473,10.00,13.84,0.41,0.22,0.07,1.70,2.74,0.15,-0.36
4475,9.00,22.54,0.00,0.00,0.00,0.33,0.78,0.78,-0.75
4476,9.00,18.29,0.00,0.25,0.00,1.75,1.00,2.25,-0.75
4477,10.00,11.63,0.10,0.10,0.00,0.59,0.79,0.41,-0.50
4484,10.00,19.46,0.36,0.09,0.00,1.09,2.82,0.18,-1.80
4485,10.00,14.37,0.31,0.25,0.12,0.63,1.67,0.18,0.27
4487,10.00,21.37,0.89,0.48,0.22,4.61,6.52,0.09,-0.72
4488,10.00,15.81,0.58,0.19,0.12,2.24,4.06,0.10,0.07
4489,10.00,14.32,0.17,0.22,0.12,1.01,1.95,0.21,0.42
4490,10.00,12.10,0.13,0.15,0.04,1.06,1.28,0.15,0.25
4491,10.00,14.07,0.47,0.21,0.02,1.83,2.33,0.20,-0.59
4492,9.00,17.72,0.09,0.17,0.09,1.53,1.40,1.09,0.75
4495,9.00,16.99,0.10,0.18,0.10,1.37,1.12,1.04,-0.20
4499,10.00,15.61,0.41,0.24,0.10,1.27,2.75,0.29,-0.45
4500,10.00,14.43,0.24,0.27,0.02,1.02,1.84,0.33,-0.44
4501,9.00,11.07,0.33,0.00,0.00,1.00,0.33,0.00,-0.67
4502,10.00,9.98,0.04,0.00,0.00,0.46,0.68,0.43,-0.80
4508,10.00,11.45,0.20,0.15,0.05,0.90,1.35,0.20,0.00
4509,9.00,18.91,0.35,0.28,0.04,1.87,3.39,0.57,-0.64
4510,9.00,21.33,0.02,0.12,0.08,1.13,0.93,2.47,-0.32
4511,9.00,14.75,0.00,0.29,0.14,0.71,0.29,0.29,0.14
4512,9.00,10.60,2.00,0.00,0.00,1.00,5.00,0.00,2.00
4513,10.00,13.58,0.36,0.25,0.05,1.37,1.97,0.32,-0.47
4515,10.00,10.91,0.12,0.00,0.00,1.06,1.44,0.31,-0.78
4518,10.00,13.31,0.25,0.15,0.05,1.10,1.50,0.25,-0.71
4519,9.00,10.08,0.05,0.05,0.00,0.36,0.68,0.23,-1.07
4521,10.00,17.60,0.25,0.25,0.00,1.75,1.75,0.00,-0.67
4525,9.00,18.74,0.15,0.10,0.08,0.90,1.09,0.50,0.46
4526,10.00,10.90,0.33,0.00,0.17,0.67,1.17,0.50,0.50
4527,9.00,11.44,0.00,0.00,0.00,2.20,0.60,0.20,-0.80
4528,10.00,14.21,0.09,0.25,0.04,0.38,0.79,0.16,-0.35
4529,10.00,19.54,0.62,0.64,0.19,1.70,3.11,0.15,0.65
4531,10.00,14.25,0.23,0.11,0.03,1.26,1.69,0.43,-0.28
4532,9.00,11.16,0.06,0.10,0.00,0.88,0.44,0.42,-0.03
4533,9.00,15.75,0.00,0.11,0.00,0.53,0.37,0.37,0.17
4534,9.00,16.24,0.05,0.09,0.00,1.02,1.14,0.42,-0.22
4539,10.00,13.50,0.16,0.24,0.05,0.95,1.93,0.16,-0.69
4540,9.00,12.25,0.00,0.14,0.29,0.50,0.57,0.50,-0.90
4541,10.00,14.33,0.07,0.07,0.07,1.17,1.55,0.59,-0.14
4543,10.00,18.50,0.44,0.48,0.08,2.33,3.02,0.35,0.27
4544,9.00,13.31,0.02,0.09,0.16,0.91,0.77,0.51,-0.09
4546,10.00,10.33,0.10,0.04,0.05,0.45,0.81,0.16,-1.13
4548,10.00,14.17,0.00,1.00,0.00,3.00,8.00,0.00,1.00
4550,10.00,28.10,0.67,0.33,0.33,3.67,3.67,0.33,0.33
4552,10.00,18.13,0.14,0.43,0.00,1.43,1.14,1.14,-0.50
4555,9.00,24.41,0.00,1.00,0.00,3.00,2.50,1.50,0.00
4556,10.00,16.64,0.20,0.03,0.03,0.77,1.23,0.20,-1.61
4558,10.00,15.90,0.00,0.00,0.00,1.00,0.00,1.00,-1.00
4559,10.00,15.60,0.00,0.00,0.00,1.00,0.00,0.00,-1.00
4561,10.00,15.71,0.73,0.45,0.07,2.30,3.48,0.41,0.46
4562,10.00,12.62,0.44,0.44,0.00,1.44,1.67,0.22,-0.12
4568,10.00,20.91,0.93,0.36,0.14,3.68,5.07,0.43,1.30
4569,10.00,16.95,0.58,0.33,0.08,1.88,2.88,0.33,0.36
4570,10.00,18.19,0.56,0.62,0.06,2.00,3.56,0.38,0.07
4571,10.00,18.02,0.44,0.19,0.00,1.56,2.81,0.44,0.94
4572,9.00,0.06,0.00,0.00,0.00,0.00,0.00,0.00,0.00
4575,10.00,13.21,0.32,0.32,0.05,1.00,2.00,0.32,0.17
4576,9.00,16.21,0.42,0.26,0.04,1.85,2.64,0.19,-0.31
4577,10.00,14.51,0.57,0.30,0.22,1.48,3.30,0.26,0.95
4578,10.00,12.92,0.41,0.10,0.00,2.09,2.24,0.24,0.27
4579,10.00,0.00,0.00,0.00,0.00,0.00,0.00,0.00,
4580,9.00,0.00,0.00,0.00,0.00,0.00,0.00,0.00,
4581,9.00,15.47,0.23,0.19,0.00,1.19,1.68,0.43,-0.28
4582,10.00,13.19,0.22,0.22,0.14,0.61,1.25,0.14,-0.10
4583,10.00,12.87,0.28,0.23,0.05,0.54,1.84,0.10,-0.06
4584,10.00,16.67,0.40,0.30,0.10,1.85,3.17,0.35,-0.06
4585,9.00,9.57,0.00,0.00,0.00,0.25,0.00,0.50,-0.67
4586,10.00,14.80,0.15,0.17,0.07,1.02,1.24,0.44,-0.44
4589,9.00,9.52,0.03,0.00,0.00,0.36,0.31,0.28,-0.61
4591,10.00,14.86,0.16,0.09,0.09,1.69,2.78,0.25,-0.21
4592,10.00,16.34,1.20,0.52,0.04,1.24,3.80,0.20,0.46
4593,9.00,13.72,0.00,0.07,0.00,0.80,0.27,0.60,0.20
4595,9.00,16.27,0.14,0.00,0.00,0.43,0.57,0.71,0.57
4596,10.00,9.91,0.14,0.04,0.04,0.79,1.07,0.14,-0.58
4598,10.00,16.50,0.48,0.48,0.14,1.24,2.86,0.17,0.21
4600,10.00,11.00,0.00,0.00,0.00,0.62,1.23,0.38,-0.45
4601,10.00,13.19,0.21,0.18,0.00,0.94,1.32,0.13,0.37
4602,10.00,13.36,0.43,0.32,0.06,1.26,2.68,0.36,1.02
4604,9.00,18.21,0.17,0.17,0.06,1.96,1.88,0.38,-0.09
4605,10.00,15.87,0.41,0.31,0.08,1.13,2.31,0.15,-0.48
4607,10.00,9.85,0.13,0.07,0.13,0.60,1.47,0.07,0.00
4608,10.00,15.06,0.26,0.05,0.00,1.05,2.16,0.47,-0.50
4609,10.00,8.12,0.00,0.00,0.00,1.50,1.00,0.00,
4610,9.00,14.57,0.04,0.12,0.05,0.87,0.63,0.33,0.50
4620,10.00,12.43,0.00,0.00,0.00,1.00,2.00,0.00,1.00
4621,10.00,15.30,0.50,1.50,0.50,2.00,3.00,0.00,4.00
4622,10.00,15.25,0.50,0.00,0.00,0.50,2.00,0.00,1.00
4631,10.00,11.24,0.08,0.08,0.00,0.67,1.05,0.18,-0.54
4632,10.00,0.00,0.00,0.00,0.00,0.00,0.00,0.00,
4633,10.00,0.00,0.00,0.00,0.00,0.00,0.00,0.00,1.00
4634,10.00,14.18,0.30,0.40,0.42,1.21,2.07,0.12,0.45
4635,10.00,17.56,1.00,0.42,0.11,2.66,5.55,0.11,0.67
4636,10.00,8.62,0.00,0.00,0.00,0.00,0.00,0.00,
4638,9.00,13.62,0.11,0.17,0.17,0.67,1.11,0.28,0.69
4643,9.00,20.34,0.09,0.20,0.11,1.89,1.77,1.73,0.18
4644,10.00,21.34,1.20,1.40,0.00,2.40,4.60,0.40,2.20
4651,10.00,8.74,0.03,0.06,0.01,0.81,1.21,0.16,-0.46
4652,10.00,11.89,0.06,0.11,0.03,0.54,0.89,0.17,-1.29
4653,9.00,23.68,0.14,0.14,0.00,0.43,1.29,1.57,-1.14
4654,10.00,17.28,0.45,0.43,0.10,1.63,2.31,0.35,-0.36
4658,9.00,12.07,0.00,0.00,0.00,0.75,1.25,0.00,-2.75
4670,10.00,14.82,0.30,0.19,0.09,1.72,2.30,0.17,0.00
4677,10.00,8.01,0.15,0.10,0.00,0.80,0.90,0.25,-0.36
4679,10.00,16.07,0.14,0.14,0.14,1.76,1.24,0.24,0.39
4686,9.00,20.56,0.08,0.17,0.17,1.92,2.67,1.08,0.33
4706,10.00,16.92,0.56,0.11,0.11,1.67,2.89,0.22,0.11
4708,10.00,16.67,0.50,0.00,0.00,1.50,4.00,0.00,-0.50
4709,10.00,12.02,0.00,0.00,0.00,0.00,8.00,0.00,0.00
4715,10.00,8.93,0.18,0.12,0.00,0.88,1.00,0.12,-0.25
4737,9.00,17.76,0.00,0.08,0.15,1.23,0.92,0.38,1.09
4742,10.00,11.25,0.12,0.25,0.12,1.88,1.50,0.12,-0.25
4756,10.00,20.06,0.00,0.50,0.00,4.00,2.00,0.00,-2.00
4811,9.00,22.07,0.00,0.00,0.00,0.00,0.00,1.00,1.00
4815,9.00,10.74,0.12,0.38,0.12,0.75,2.00,0.12,1.33
4830,10.00,15.81,0.25,0.25,0.00,0.50,1.75,0.50,-2.50
4834,10.00,18.07,0.33,0.00,0.00,1.00,3.33,0.00,0.00
4838,10.00,21.74,0.00,0.75,0.25,2.25,2.75,1.00,-1.00
4843,9.00,22.02,0.25,0.25,0.25,4.00,1.25,1.75,1.25
4850,10.00,15.40,0.55,0.18,0.11,2.62,4.31,0.09,-0.11
4859,10.00,12.94,0.16,0.16,0.08,1.11,1.57,0.11,-0.70
4860,10.00,14.57,0.00,0.00,0.00,1.80,2.80,0.00,0.00
4863,10.00,13.15,0.00,0.67,0.00,0.67,2.00,0.33,1.33
4868,10.00,20.17,0.00,0.00,0.00,3.00,1.33,0.33,0.00
4870,10.00,24.45,0.75,1.50,0.25,0.75,3.50,1.00,0.00
4871,10.00,12.18,0.25,0.25,0.00,2.00,1.50,1.00,2.00
4872,9.00,30.16,0.17,0.33,0.17,0.83,2.50,0.83,-1.00
4873,9.00,17.69,0.00,0.08,0.00,1.46,2.00,1.54,-0.42
4877,10.00,14.84,0.76,0.18,0.03,1.15,2.35,0.38,0.54
4878,9.00,17.64,0.00,0.00,0.00,1.80,1.00,0.40,-1.80
4880,10.00,14.03,0.25,0.11,0.21,1.00,2.11,0.25,0.14
4890,9.00,15.24,0.67,0.33,0.00,0.67,1.67,0.67,0.00
4892,10.00,11.30,0.10,0.20,0.03,0.73,0.67,0.10,-1.00
4893,10.00,18.47,0.59,0.23,0.05,2.59,4.95,0.18,0.20
4895,9.00,21.71,0.31,0.18,0.06,2.41,3.96,0.75,-0.15
4900,9.00,17.62,0.04,0.09,0.02,0.70,0.44,0.93,-0.55
4926,10.00,7.42,0.00,0.25,0.00,0.88,0.62,0.00,0.33
4935,9.00,22.19,0.00,0.25,0.25,2.25,1.75,0.75,1.25
4936,9.00,10.66,0.03,0.01,0.03,0.49,0.34,0.39,-0.48
4937,9.00,23.17,2.00,0.00,0.00,3.00,2.00,1.00,-2.00
4941,10.00,9.58,0.08,0.09,0.06,0.60,0.89,0.46,-0.42
4945,9.00,12.77,0.06,0.09,0.09,0.84,1.47,0.41,-0.19
4946,10.00,9.38,0.14,0.05,0.05,1.00,0.86,0.23,-0.67
4949,10.00,22.77,1.33,0.33,0.33,3.00,6.67,1.00,-1.67
4951,9.00,17.04,0.46,0.23,0.62,2.15,4.54,0.31,1.25
4954,10.00,15.94,1.75,1.75,0.50,0.75,6.25,0.00,2.00
4960,10.00,19.68,0.72,0.79,0.23,3.33,4.40,0.23,0.74
4963,10.00,16.36,0.57,0.43,0.29,1.00,2.00,0.29,3.00
4964,10.00,20.59,1.67,0.33,0.33,2.67,9.00,0.00,3.50
4965,9.00,28.60,1.00,0.00,3.00,1.00,4.00,0.00,9.00
4967,10.00,16.28,0.50,0.29,0.03,1.36,3.18,0.42,0.26
4968,10.00,15.69,0.17,0.09,0.00,2.00,1.57,0.31,-0.11
4969,9.00,13.13,0.17,0.21,0.04,0.85,1.58,0.27,0.79
4970,10.00,10.90,0.02,0.05,0.05,0.26,0.56,0.05,-1.24
4973,9.00,18.19,0.25,0.50,0.00,3.50,3.00,1.25,0.00
4977,9.00,17.33,0.00,0.21,0.07,1.50,0.50,1.21,0.33
4978,10.00,15.23,0.56,0.52,0.22,1.93,3.22,0.11,0.20
4985,10.00,19.73,0.40,0.39,0.07,1.03,2.67,0.30,-0.11
4994,10.00,15.71,0.25,0.19,0.02,0.92,1.68,0.46,-0.72
4995,9.00,0.00,0.00,0.00,0.00,0.00,0.00,0.00,
4996,10.00,0.00,0.00,0.00,0.00,0.00,0.00,0.00,
4997,10.00,0.00,0.00,0.00,0.00,0.00,0.00,0.00,
5003,10.00,5.21,0.00,0.33,0.00,1.33,0.00,0.00,2.00
5006,9.00,0.00,0.00,0.00,0.00,0.00,0.00,0.00,-1.00
5009,10.00,10.21,1.00,0.67,0.00,0.33,2.00,0.33,1.00
5021,9.00,16.15,0.09,0.13,0.13,1.57,2.43,0.26,-1.32
5023,9.00,17.04,0.08,0.12,0.04,1.04,1.72,0.68,-0.70
5025,10.00,16.52,0.60,0.47,0.15,2.28,3.42,0.21,0.66
5029,9.00,13.01,0.00,0.11,0.00,1.33,0.67,0.89,-0.40
5030,10.00,12.21,1.44,0.50,0.06,1.62,4.56,0.12,1.50
5037,10.00,14.74,0.25,0.25,0.00,1.25,2.50,0.25,1.00
5048,9.00,17.73,0.00,0.00,0.00,0.00,2.00,0.00,-5.00
5065,9.00,0.58,0.00,0.00,0.00,0.00,0.00,0.00,
5069,10.00,18.72,0.71,0.69,0.31,2.43,4.59,0.23,0.11
5070,10.00,20.56,0.52,0.24,0.06,2.55,4.48,0.36,-1.50
5071,10.00,20.06,0.92,0.47,0.32,2.28,4.47,0.28,-0.43
5072,10.00,16.69,0.48,0.38,0.10,2.86,4.43,0.14,-0.95
5073,10.00,22.27,0.50,0.50,0.25,1.75,6.25,0.25,0.00
5074,10.00,14.93,0.80,0.40,0.00,2.00,2.60,0.00,0.20
5075,10.00,17.20,0.43,0.51,0.11,1.39,3.46,0.25,-0.22
5077,9.00,14.13,0.00,0.00,0.00,0.20,1.60,0.60,0.40
5079,9.00,16.04,0.10,0.30,0.40,1.20,1.80,0.60,1.00
5080,10.00,12.47,0.00,0.00,0.00,1.00,3.00,0.00,1.00
5081,9.00,14.25,0.15,0.09,0.03,0.74,1.18,0.32,-0.93
5082,10.00,17.25,0.10,0.18,0.12,1.40,1.50,0.32,-0.98
5083,10.00,15.05,1.40,0.80,0.20,1.20,3.60,0.00,2.40
5084,9.00,18.37,0.15,0.10,0.00,0.60,0.85,1.05,-1.59
5091,9.00,17.85,0.20,0.20,0.20,1.20,1.40,0.20,1.20
5092,9.00,17.09,0.00,0.14,0.00,3.00,2.14,1.71,-1.83
5096,9.00,13.14,0.07,0.27,0.00,0.80,0.80,1.07,0.17
5101,10.00,19.23,0.44,0.40,0.16,1.69,2.69,0.33,-0.90
5108,9.00,15.28,0.33,0.33,0.00,1.11,2.89,0.33,-1.00
5109,10.00,17.82,0.59,0.53,0.18,1.82,3.53,0.47,-0.12
5111,10.00,8.12,0.25,0.00,0.00,0.62,1.25,0.12,-0.50
5112,10.00,16.09,0.14,0.14,0.07,2.36,1.86,0.50,-0.92
5113,9.00,22.08,0.00,0.03,0.14,1.49,1.54,1.23,-1.66
5114,9.00,12.48,0.03,0.10,0.04,0.83,0.71,0.46,-0.33
5116,10.00,9.58,0.00,0.00,0.00,1.00,0.00,0.00,-2.00
5119,10.00,15.00,0.00,0.00,0.00,3.00,3.00,0.00,
5122,10.00,18.40,1.00,1.00,0.00,0.00,3.00,1.00,-3.00
5124,10.00,15.24,0.55,0.39,0.14,1.22,3.04,0.28,0.53
5129,10.00,30.04,1.00,0.33,0.00,1.67,5.67,0.67,-1.67
5132,9.00,19.05,0.30,0.15,0.09,2.03,3.09,0.48,0.13
5133,10.00,20.35,0.57,0.30,0.10,1.98,3.40,0.23,0.03
5134,10.00,19.40,0.71,0.43,0.25,2.00,5.07,0.14,0.11
5136,10.00,19.24,0.41,0.43,0.09,1.50,2.70,0.18,-0.10
5138,10.00,24.74,1.17,0.83,0.50,3.17,5.00,0.00,0.50
5141,9.00,18.29,0.13,0.03,0.26,1.65,1.55,0.39,-0.24
5147,10.00,19.75,1.00,0.57,0.14,2.71,4.43,0.43,0.57
5148,9.00,21.26,0.23,0.28,0.07,2.50,2.48,1.50,-0.47
5150,10.00,15.20,0.10,0.40,0.00,0.80,1.60,0.90,-0.50
5151,10.00,13.71,0.15,0.08,0.00,1.15,2.31,0.54,-0.70
5153,10.00,18.30,0.19,0.29,0.06,1.94,2.65,0.39,-0.11
5155,10.00,14.13,0.00,0.00,0.00,0.00,2.00,0.00,-2.00
5161,10.00,14.63,0.75,0.38,0.12,2.12,4.12,0.25,0.75
5162,9.00,24.51,0.07,0.13,0.00,1.47,1.13,0.87,-0.79
5170,9.00,18.85,0.19,0.27,0.35,1.46,2.27,0.73,0.28
5174,10.00,15.09,0.50,0.00,0.00,1.50,0.50,0.00,1.00
5175,9.00,5.81,0.00,0.00,0.00,0.25,0.17,0.33,-0.14
5177,9.00,15.56,0.00,0.00,0.00,0.56,0.56,0.67,-1.71
5183,10.00,14.02,0.67,0.33,0.00,2.33,2.00,0.00,0.33
5190,10.00,17.53,1.00,0.50,1.50,1.00,3.00,0.00,2.50
5192,9.00,17.02,0.06,0.19,0.19,1.29,1.42,0.35,0.93
5193,10.00,14.46,0.46,0.51,0.12,1.83,2.12,0.10,0.26
5195,10.00,18.78,0.19,0.10,0.08,0.94,1.44,0.73,-0.11
5199,10.00,16.75,0.24,0.18,0.00,1.24,2.24,0.18,-0.20
5203,10.00,16.26,0.52,0.28,0.08,1.52,3.40,0.80,0.40
5206,9.00,14.03,0.27,0.27,0.10,1.67,2.63,0.13,-0.12
5207,10.00,27.67,1.33,0.50,1.17,4.50,9.17,0.83,0.83
5208,10.00,12.53,0.43,0.14,0.00,1.00,3.14,0.00,-0.25
5215,9.00,0.00,0.00,0.00,0.00,0.00,0.00,0.00,
5217,10.00,16.32,0.63,0.18,0.08,1.47,3.34,0.29,0.26
5221,10.00,15.86,0.43,0.38,0.10,1.43,2.71,0.43,0.44
5222,10.00,16.50,0.02,0.06,0.12,0.94,1.00,0.43,-0.60
5223,10.00,18.19,0.46,0.54,0.08,1.13,2.36,0.34,0.04
5227,9.00,13.58,0.00,0.00,0.00,0.83,1.83,0.17,0.75
5233,10.00,15.33,0.25,0.75,0.25,1.75,2.25,0.25,1.33
5235,10.00,15.39,0.78,0.43,0.14,1.89,3.11,0.16,0.50
5237,9.00,18.40,0.08,0.13,0.10,1.58,1.92,0.91,-0.17
5243,10.00,14.70,0.35,0.14,0.09,1.49,2.21,0.28,-0.49
5244,9.00,18.03,0.04,0.07,0.07,0.96,0.74,0.81,-1.00
5245,9.00,18.35,0.16,0.08,0.06,1.18,1.18,0.86,-0.09
5248,9.00,14.00,0.00,0.00,0.10,0.67,0.37,0.97,0.33
5249,10.00,14.81,0.75,0.59,0.05,2.17,4.17,0.05,0.08
5254,10.00,20.38,2.50,2.25,0.75,2.75,7.25,0.50,3.00
5260,9.00,20.42,1.00,1.00,0.00,3.00,12.00,0.00,3.00
5261,10.00,17.48,0.75,0.44,0.12,1.89,4.63,0.42,0.56
5265,9.00,17.10,0.06,0.12,0.03,0.87,0.68,0.88,-0.09
5268,9.00,13.87,0.31,0.31,0.03,1.17,1.77,0.37,0.55
5276,10.00,16.33,0.58,0.26,0.16,2.08,3.55,0.20,0.58
5279,9.00,14.41,0.15,0.77,0.15,1.69,2.31,0.31,0.15
5281,10.00,18.54,0.25,0.08,0.00,3.33,4.00,0.42,-0.92
5289,10.00,21.77,0.00,0.00,0.00,0.00,2.00,1.00,-6.00
5293,10.00,15.39,0.49,0.37,0.23,2.26,3.11,0.09,-0.26
5298,10.00,18.54,0.33,0.11,0.00,2.11,2.67,0.00,-2.44
5308,9.00,16.67,0.05,0.11,0.00,1.32,0.47,0.79,-0.82
5384,9.00,15.13,0.07,0.13,0.00,0.87,0.60,0.40,0.67
5387,10.00,14.42,0.40,0.14,0.05,1.28,2.74,0.47,0.28
5441,10.00,13.80,0.42,0.52,0.10,1.03,2.52,0.19,0.67
5450,9.00,14.62,0.26,0.16,0.00,1.03,2.00,0.23,-0.19
5457,10.00,16.77,1.15,0.38,0.15,2.08,4.77,0.08,0.46
5458,10.00,16.40,1.25,0.56,0.19,2.94,5.06,0.06,1.58
5459,10.00,12.14,0.14,0.05,0.00,0.81,1.43,0.19,-0.69
5461,10.00,14.57,0.41,0.06,0.06,1.53,2.84,0.22,-0.45
5463,10.00,14.67,0.00,0.00,0.00,1.33,0.33,0.67,0.50
5467,9.00,14.57,0.03,0.22,0.12,1.97,0.75,0.50,1.00
5473,9.00,16.17,0.03,0.06,0.11,1.15,0.66,1.03,-0.12
5499,10.00,13.71,0.27,0.27,0.09,0.64,1.27,0.09,0.00
5500,9.00,18.28,0.27,0.04,0.02,2.00,1.33,1.15,0.44
5501,10.00,11.97,0.05,0.05,0.05,0.63,0.47,0.63,-1.00
5505,10.00,11.15,0.09,0.09,0.02,1.28,1.58,0.12,-0.65
5510,10.00,12.43,0.67,0.00,0.00,2.00,3.67,0.00,-1.67
5511,10.00,19.48,0.81,0.53,0.34,1.83,3.68,0.13,0.48
5512,10.00,10.66,0.25,0.00,0.12,0.88,1.25,0.00,-1.00
5513,10.00,10.94,0.00,0.00,0.00,1.75,1.00,0.00,-1.33
5514,9.00,14.14,0.00,0.00,0.00,1.00,1.00,0.50,-0.50
5516,9.00,25.08,0.00,1.00,0.00,2.00,1.00,4.00,-7.00
5516,10.00,22.43,0.00,1.00,0.00,4.00,0.00,1.00,2.00
5519,10.00,19.28,0.89,0.11,0.22,2.11,5.33,0.00,-1.00
5520,10.00,14.75,0.94,0.12,0.31,2.62,5.06,0.31,1.43
5522,10.00,13.62,0.09,0.07,0.12,0.58,1.19,0.53,-0.35
5523,10.00,18.55,0.45,0.27,0.09,1.50,2.09,0.45,0.00
5525,9.00,17.29,0.15,0.23,0.12,2.31,2.04,1.00,0.44
5526,10.00,9.08,0.00,0.00,0.00,1.00,4.00,1.00,1.00
5530,9.00,18.60,0.05,0.03,0.00,0.49,0.32,1.43,-0.55
5531,10.00,14.16,0.00,0.00,0.33,0.33,2.00,0.33,0.33
5534,10.00,7.98,0.00,0.07,0.00,0.47,0.40,0.13,-1.75
5537,10.00,11.21,0.00,0.00,0.00,0.48,0.52,0.19,-0.46
5538,9.00,17.53,0.06,0.00,0.00,0.61,0.50,1.28,-1.46
5544,10.00,16.22,0.33,0.46,0.10,1.40,2.74,0.14,0.31
5546,9.00,13.90,0.00,0.07,0.04,1.11,1.26,0.26,-0.19
5547,9.00,17.18,0.26,0.15,0.04,2.74,1.67,0.85,-0.04
5548,10.00,11.22,0.11,0.03,0.00,0.86,1.14,0.29,-0.39
5549,10.00,12.22,0.60,0.40,0.10,1.20,3.02,0.15,0.79
5551,10.00,14.53,0.67,0.17,0.00,1.00,3.50,0.17,1.00
5552,10.00,17.94,0.00,0.00,0.00,0.00,0.33,1.00,-1.67
5553,10.00,10.21,0.12,0.12,0.00,0.59,0.84,0.16,-0.82
5554,9.00,12.20,0.00,0.00,0.00,0.50,0.00,0.83,-0.67
5555,10.00,8.55,0.12,0.00,0.00,0.25,0.62,0.00,-0.20
5558,9.00,14.43,0.08,0.13,0.13,0.95,0.58,0.61,0.26
5562,9.00,10.13,0.00,0.00,0.00,0.00,0.00,0.00,-2.00
5563,9.00,19.12,0.23,0.15,0.03,1.53,1.68,1.15,0.65
5565,9.00,21.70,0.21,0.19,0.03,1.73,1.77,1.01,0.45
5566,9.00,12.78,0.00,0.00,0.00,0.00,0.00,0.00,-7.00
5567,9.00,12.47,0.14,0.09,0.06,0.94,1.00,0.71,-0.19
5569,9.00,17.94,0.18,0.09,0.05,1.77,1.32,1.34,0.45
5570,9.00,15.47,0.06,0.03,0.00,0.73,0.61,0.42,-2.03
5571,10.00,20.32,0.00,0.09,0.00,1.36,1.55,0.73,-3.36
5572,10.00,15.46,0.69,0.33,0.12,1.92,3.55,0.43,0.93
5574,10.00,14.06,0.08,0.16,0.00,0.84,1.72,0.44,0.30
5577,10.00,14.42,0.67,0.08,0.08,2.17,2.08,0.42,0.25
5580,10.00,14.28,0.31,0.26,0.02,1.31,1.83,0.15,0.16
5582,10.00,16.46,0.37,0.11,0.07,1.93,2.89,0.33,-1.00
5583,10.00,17.54,0.21,0.12,0.08,0.88,1.42,0.42,-0.68
5584,9.00,20.13,0.23,0.23,0.07,2.41,2.22,0.74,-0.45
5585,9.00,17.94,0.00,0.12,0.05,0.47,0.30,0.74,-0.68
5586,9.00,14.32,0.00,0.04,0.04,0.89,0.54,0.41,-1.35
5587,9.00,19.70,0.13,0.16,0.14,1.64,1.38,1.85,-0.28
5588,9.00,10.51,0.00,0.00,0.00,0.00,0.00,0.00,3.00
5591,10.00,19.60,0.40,0.43,0.13,1.35,2.18,0.34,-0.34
5595,10.00,15.85,0.50,0.56,0.06,2.28,2.56,0.17,0.76
5596,10.00,17.13,0.40,0.10,0.10,3.00,2.30,0.70,0.22
5598,10.00,14.10,0.47,0.32,0.05,1.55,2.70,0.07,0.27
5599,9.00,14.01,0.02,0.05,0.04,0.71,0.35,0.58,0.08
5600,10.00,16.30,0.46,0.00,0.00,1.38,2.15,0.54,-1.11
5601,10.00,23.71,1.45,0.74,0.16,4.08,6.29,0.13,-0.24
5602,10.00,18.20,0.71,0.43,0.14,4.00,4.29,0.43,0.14
5606,10.00,14.68,0.12,0.00,0.08,0.92,0.79,0.75,0.00
5607,10.00,16.79,0.15,0.46,0.10,1.12,1.69,0.17,0.00
5608,9.00,15.47,0.33,0.67,0.00,1.00,0.67,1.00,1.00
5609,9.00,19.26,0.00,0.00,0.00,0.00,2.00,1.00,-1.50
5612,10.00,20.20,0.57,1.43,0.14,1.86,4.00,0.43,1.43
5613,10.00,10.81,0.03,0.09,0.03,0.61,0.73,0.42,-0.32
5614,10.00,16.61,0.35,0.19,0.10,2.45,3.32,0.29,-1.21
5615,9.00,16.01,0.21,0.04,0.00,1.07,1.29,0.56,-0.50
5616,10.00,9.72,0.00,0.00,0.00,0.75,0.88,0.50,0.33
5617,9.00,10.68,0.00,0.06,0.00,0.37,0.37,0.31,-0.36
5618,9.00,12.38,0.00,0.02,0.00,0.69,0.31,0.74,-0.07
5620,9.00,14.30,0.00,0.00,0.00,0.33,0.17,0.33,-0.67
5621,10.00,14.23,0.12,0.12,0.25,1.38,2.88,0.12,-0.29
5622,10.00,15.94,0.30,0.39,0.07,0.57,2.48,0.20,0.68
5626,9.00,12.67,0.00,0.00,0.11,0.78,0.22,0.11,1.29
5633,10.00,14.73,0.50,0.29,0.00,1.57,2.14,0.38,0.29
5634,10.00,13.36,0.09,0.05,0.00,0.88,0.58,0.60,-1.37
5635,10.00,16.62,0.33,0.42,0.00,0.83,1.75,0.17,0.22
5636,9.00,12.41,0.22,0.25,0.06,0.66,1.44,0.22,0.00
5638,9.00,18.44,0.11,0.31,0.06,1.75,1.39,0.69,0.35
5640,9.00,17.86,0.00,0.00,0.00,0.75,0.75,1.50,-1.00
5641,10.00,15.84,0.27,0.22,0.08,1.36,2.47,0.41,-0.88
5643,9.00,13.11,0.02,0.10,0.00,0.76,0.40,0.43,-0.56
5644,10.00,13.15,0.11,0.09,0.00,0.74,1.00,0.23,-0.28
5646,9.00,23.74,0.27,0.32,0.31,1.32,2.14,0.92,0.89
5647,10.00,22.35,0.00,0.00,0.00,5.00,2.00,0.00,-1.00
5648,9.00,14.32,0.05,0.05,0.02,1.01,0.67,1.07,0.03
5650,10.00,13.99,0.54,0.23,0.04,1.42,3.19,0.19,0.41
5652,10.00,19.83,0.00,0.00,0.00,0.00,0.00,0.00,-1.00
5653,10.00,16.00,0.00,0.12,0.00,1.00,0.75,0.25,0.20
5654,10.00,12.83,0.14,0.14,0.05,0.86,0.76,0.76,0.12
5655,10.00,14.73,0.72,0.38,0.38,2.83,4.21,0.28,0.86
5656,10.00,17.96,0.30,0.41,0.33,1.15,2.59,0.07,-0.48
5657,10.00,15.26,0.46,0.08,0.12,1.38,2.25,0.38,-0.41
5661,10.00,8.84,0.00,0.00,0.00,0.00,0.50,1.00,1.00
5662,9.00,12.36,0.00,0.00,0.00,1.33,1.00,0.00,0.00
5663,9.00,1.71,0.00,0.00,0.00,0.00,0.00,0.29,-2.00
5664,10.00,15.24,0.18,0.21,0.07,0.71,1.30,0.43,0.14
5668,10.00,13.26,0.25,0.00,0.12,1.25,1.62,1.25,-0.33
5669,10.00,13.92,0.11,0.20,0.07,1.07,1.82,0.27,0.22
5670,9.00,15.85,0.14,0.06,0.08,2.04,2.20,0.55,-0.23
5673,9.00,17.25,0.00,0.00,0.00,0.75,0.42,0.25,-0.75
5674,10.00,13.12,0.00,0.33,0.00,0.67,1.00,0.67,-0.67
5676,10.00,11.46,0.14,0.14,0.00,0.71,1.21,0.29,-0.12
5677,10.00,9.74,0.12,0.00,0.00,0.56,1.00,0.08,-0.94
5679,10.00,10.63,0.10,0.07,0.03,0.53,0.90,0.55,-0.36
5681,10.00,14.01,0.18,0.22,0.22,0.84,1.09,0.15,0.00
5682,10.00,12.39,0.07,0.21,0.04,0.86,0.86,0.14,-0.18
5683,10.00,14.63,0.50,0.06,0.25,2.06,2.88,0.38,0.25
5684,9.00,11.49,0.18,0.00,0.00,1.09,0.64,0.18,-0.83
5686,10.00,15.03,0.76,0.41,0.24,3.18,4.62,0.18,0.03
5687,10.00,9.92,0.07,0.04,0.04,0.56,1.04,0.30,-0.84
5688,10.00,13.46,0.09,0.12,0.06,0.48,0.94,0.09,-1.36
5692,10.00,13.16,0.20,0.12,0.02,0.69,1.41,0.18,-0.21
5693,10.00,10.04,0.00,0.00,0.00,0.25,0.50,0.25,-1.00
5696,9.00,14.62,0.28,0.23,0.15,1.23,2.23,0.15,-1.13
5697,9.00,16.28,0.05,0.09,0.05,0.87,0.80,1.04,-0.58
5699,10.00,14.47,0.00,0.00,0.00,1.25,0.75,0.50,0.67
5700,9.00,13.28,0.00,0.00,0.07,0.14,0.29,1.04,-0.11
5701,9.00,17.61,0.18,0.00,0.00,2.36,2.36,0.21,0.48
5702,9.00,14.42,0.07,0.05,0.07,1.07,0.70,0.61,-0.29
5703,10.00,13.86,0.24,0.25,0.07,1.39,2.27,0.17,0.02
5704,10.00,14.05,0.28,0.15,0.03,0.99,1.76,0.29,-0.32
5705,9.00,11.67,0.00,0.00,0.09,0.82,0.09,0.36,-1.14
5706,10.00,16.22,0.21,0.27,0.06,1.00,1.65,0.68,-0.77
5708,10.00,10.72,0.00,0.00,0.00,0.50,0.50,1.00,0.00
5709,10.00,15.01,0.26,0.21,0.05,0.67,1.43,0.57,0.21
5710,10.00,14.57,0.11,0.17,0.09,1.43,1.09,0.63,-0.35
5711,9.00,13.28,0.02,0.06,0.02,0.75,0.60,1.04,0.18
5712,10.00,13.07,0.15,0.04,0.01,1.21,1.43,0.51,-0.77
5713,10.00,13.03,0.17,0.15,0.00,1.48,1.83,0.32,-0.08
5714,9.00,13.15,0.00,0.00,0.00,1.64,0.14,0.21,0.00
5715,9.00,14.76,0.20,0.00,0.00,0.40,1.00,0.40,1.40
5716,9.00,14.66,0.06,0.10,0.02,1.13,0.85,1.13,0.04
5718,9.00,17.59,0.15,0.30,0.11,1.10,1.46,1.18,-0.23
5719,9.00,17.20,0.23,0.31,0.16,1.94,2.33,0.77,0.24
5720,10.00,13.74,0.24,0.18,0.09,0.67,1.27,0.52,-0.39
5721,10.00,15.47,0.31,0.33,0.06,1.12,1.94,0.43,-0.23
5722,9.00,15.73,0.00,0.00,0.00,2.25,1.00,1.00,0.33
5723,10.00,22.97,0.00,0.00,0.00,1.00,1.00,0.00,0.00
5724,10.00,18.27,0.14,0.43,0.00,2.14,1.86,0.14,-1.17
5725,10.00,14.58,0.16,0.16,0.07,1.20,1.55,0.36,-0.98
5726,9.00,16.50,0.13,0.09,0.04,1.22,0.82,0.93,-0.57
5727,10.00,15.49,0.26,0.24,0.15,1.11,1.89,0.17,-0.76
5728,10.00,13.52,0.18,0.08,0.00,1.13,1.65,0.34,-0.96
5729,9.00,10.28,0.00,0.00,0.00,0.33,0.04,0.44,-1.18
5730,9.00,16.40,0.00,0.05,0.00,0.65,0.38,0.70,-0.74
5731,9.00,18.93,0.06,0.31,0.14,0.78,1.06,0.75,-0.34
5732,10.00,8.72,0.00,0.00,0.00,0.00,0.50,0.00,
5734,10.00,12.11,0.12,0.12,0.00,0.25,0.75,0.25,0.20
5735,9.00,11.74,0.46,0.08,0.08,0.62,2.08,0.38,0.00
5737,10.00,14.71,0.08,0.00,0.00,0.42,0.42,1.08,-2.86
5739,9.00,12.82,0.17,0.00,0.00,0.50,0.61,0.17,-1.25
5740,10.00,15.82,0.34,0.27,0.06,1.24,2.40,0.18,-0.52
5741,10.00,10.59,0.33,0.17,0.00,0.83,1.00,0.17,-0.40
5742,10.00,13.19,0.56,0.04,0.00,1.32,2.56,0.48,-0.42
5743,9.00,11.22,0.00,0.00,0.00,0.00,0.00,0.00,0.00
5748,10.00,18.02,0.97,0.34,0.18,2.59,5.11,0.51,0.73
5749,10.00,17.88,0.45,0.33,0.09,2.24,2.64,0.29,0.59
5750,10.00,15.69,0.64,0.39,0.06,1.19,3.06,0.17,0.22
5751,9.00,13.22,0.50,0.00,0.00,1.50,4.00,0.00,1.50
5751,10.00,13.62,0.75,0.00,0.50,3.00,3.75,0.50,0.00
5753,10.00,8.72,0.00,0.33,0.00,1.00,0.67,0.33,0.75
5754,10.00,19.28,0.29,0.29,0.00,2.43,2.00,1.71,-0.43
5755,10.00,20.63,0.50,0.00,0.00,1.75,6.00,0.25,-0.50
5756,10.00,23.34,0.77,0.68,0.42,2.26,5.94,0.71,0.23
5758,9.00,19.03,0.00,0.20,0.00,0.80,1.30,0.40,-0.10
5759,9.00,17.78,0.30,0.22,0.04,1.35,1.78,1.17,-0.50
5760,9.00,13.11,0.14,0.16,0.07,0.67,1.35,0.47,-0.43
5761,10.00,18.42,0.52,0.19,0.14,1.10,3.62,0.10,-0.06
5762,9.00,17.09,0.09,0.07,0.04,1.67,1.57,0.30,-0.56
5764,10.00,12.73,0.00,1.00,0.00,0.00,2.00,0.00,0.00
5766,9.00,13.57,0.00,0.20,0.10,0.80,0.40,0.90,1.12
5767,10.00,15.16,0.00,0.00,0.00,1.33,0.00,1.00,2.00
5768,10.00,20.18,0.73,0.81,0.32,2.18,3.90,0.05,-0.18
5770,10.00,15.27,0.06,0.17,0.06,1.00,2.22,0.44,0.12
5775,10.00,11.09,0.07,0.26,0.05,0.72,1.30,0.09,-0.66
5777,9.00,0.00,0.00,0.00,0.00,0.00,0.00,0.00,0.00
5780,10.00,12.73,0.12,0.06,0.00,0.66,2.16,0.16,-0.79
5781,9.00,14.38,0.11,0.00,0.00,0.78,0.78,1.28,-1.33
5782,9.00,15.01,0.22,0.33,0.05,1.55,1.91,0.36,0.27
5783,9.00,16.30,0.15,0.31,0.15,2.08,2.62,0.69,-0.64
5785,9.00,12.84,0.17,0.02,0.05,0.54,0.78,0.51,-0.11
5790,10.00,16.89,0.33,0.00,0.00,0.33,1.00,0.33,-1.33
5792,9.00,15.07,0.05,0.09,0.09,0.91,1.05,1.32,0.44
5793,10.00,18.67,0.60,0.43,0.07,1.79,4.22,0.12,0.00
5794,10.00,20.24,0.59,0.51,0.22,2.16,4.04,0.42,-0.03
5795,10.00,19.57,0.00,0.00,0.00,1.25,1.75,0.00,-0.75
5797,9.00,15.36,0.16,0.16,0.03,1.02,0.88,0.83,0.30
5799,9.00,11.25,0.11,0.00,0.11,0.44,0.56,1.44,-0.86
5804,9.00,18.84,0.12,0.12,0.08,1.54,1.78,1.44,-0.60
5805,9.00,9.68,0.00,0.00,0.00,0.36,0.27,0.45,-0.57
5806,9.00,19.16,0.08,0.12,0.10,1.25,1.17,1.02,-0.50
5807,10.00,15.74,0.29,0.23,0.06,1.03,2.16,0.45,0.08
5808,10.00,16.22,0.00,0.00,0.00,4.00,2.00,0.00,
5809,10.00,13.75,0.19,0.29,0.00,1.52,1.19,0.19,-0.56
5811,10.00,13.31,0.30,0.20,0.04,1.53,2.16,0.09,-0.11
5812,10.00,15.73,0.21,0.37,0.05,0.37,1.32,0.68,-0.76
5814,9.00,16.92,0.05,0.13,0.05,1.61,1.50,0.87,0.64
5818,9.00,17.32,0.35,0.25,0.11,0.98,1.79,0.77,0.49
5820,10.00,15.06,0.41,0.32,0.03,1.72,2.32,0.27,0.38
5821,9.00,19.18,0.13,0.20,0.09,1.33,1.61,0.61,-0.12
5826,10.00,16.77,0.32,0.32,0.16,2.07,3.00,0.27,-0.15
5829,10.00,12.35,0.07,0.07,0.00,0.86,1.29,0.64,1.42
5831,9.00,16.16,0.18,0.20,0.09,1.45,1.25,0.40,1.10
5832,9.00,16.78,0.67,0.22,0.11,2.67,3.22,0.11,1.29
5868,10.00,13.16,0.28,0.32,0.15,1.63,2.56,0.19,-0.36
5871,9.00,22.22,1.00,0.00,0.00,1.00,3.00,0.00,-2.00
5873,9.00,21.54,0.11,0.39,0.28,2.06,2.17,1.83,0.53
5883,9.00,20.61,0.21,0.11,0.11,1.71,2.11,0.75,0.88
5886,10.00,13.59,1.36,0.34,0.09,1.61,4.27,0.25,0.95
5892,10.00,13.10,0.63,0.30,0.11,1.63,3.48,0.04,0.78
5895,10.00,15.84,0.47,0.36,0.16,1.44,2.42,0.21,0.88
5915,10.00,11.83,0.67,0.00,0.00,0.33,2.67,0.33,0.67
5944,10.00,14.92,0.00,0.50,0.00,2.00,0.00,0.50,-2.50
5951,10.00,11.36,0.04,0.09,0.00,0.91,1.00,0.39,-0.44
5990,10.00,12.84,0.15,0.40,0.25,0.80,1.60,0.05,0.44
5992,10.00,0.00,0.00,0.00,0.00,0.00,0.00,0.00,
5993,10.00,0.00,0.00,0.00,0.00,0.00,0.00,0.00,
5995,10.00,0.00,0.00,0.00,0.00,0.00,0.00,0.00,
6019,10.00,15.23,0.00,0.00,0.00,2.00,1.00,0.00,0.50
6027,10.00,23.98,1.00,1.00,0.33,2.17,5.67,0.00,0.00
6028,9.00,19.61,0.00,0.00,0.00,0.67,1.33,1.00,1.00
6031,10.00,11.18,0.00,0.10,0.15,0.40,0.80,0.10,-0.53
6033,10.00,16.14,0.51,0.31,0.13,1.54,2.67,0.18,0.06
6037,10.00,4.35,0.40,0.00,0.00,0.80,0.40,0.20,0.33
6038,10.00,14.69,0.25,0.22,0.03,0.89,1.64,0.39,0.03
6039,10.00,17.03,1.14,0.48,0.07,2.62,5.10,0.33,1.05
6041,10.00,11.00,0.15,0.03,0.03,0.30,1.39,0.27,-0.11
6044,10.00,15.63,0.32,0.41,0.06,1.44,2.60,0.16,-0.24
6049,9.00,20.39,0.67,0.33,0.00,1.00,2.67,1.17,0.83
6050,10.00,23.26,0.50,2.33,0.67,3.83,4.67,0.33,2.67
6056,9.00,21.00,0.31,0.21,0.10,1.66,2.03,1.00,-0.48
6057,9.00,22.37,0.33,0.44,0.17,1.37,1.56,0.48,0.25
6058,10.00,19.73,0.86,0.29,0.07,1.64,4.21,0.50,-0.79
6062,10.00,17.57,0.49,0.52,0.21,1.59,3.11,0.32,0.25
6066,10.00,13.95,0.42,0.28,0.12,1.42,3.19,0.28,-0.16
6067,10.00,15.55,0.22,0.36,0.12,0.93,1.66,0.18,0.17
6069,9.00,21.19,0.10,0.50,0.10,2.60,3.50,1.10,-0.40
6071,9.00,15.22,0.17,0.07,0.03,0.83,0.93,1.00,0.12
6078,9.00,17.21,0.12,0.00,0.12,1.88,1.00,0.25,-0.43
6080,10.00,16.90,0.55,0.54,0.23,1.36,3.14,0.26,-0.01
6082,10.00,16.19,0.80,0.27,0.05,1.86,4.66,0.41,0.56
6083,10.00,17.77,0.02,0.22,0.04,1.47,1.40,0.60,0.40
6085,10.00,14.42,0.00,0.00,0.00,2.00,1.00,1.00,0.00
6087,10.00,20.50,0.07,0.14,0.02,1.45,1.48,0.71,-0.41
6088,9.00,8.16,0.00,0.00,0.00,0.67,0.58,0.42,-1.50
6089,9.00,15.68,0.10,0.00,0.00,0.74,0.90,1.23,-0.81
6090,9.00,14.69,0.25,0.25,0.08,1.33,0.75,0.25,0.80
6091,10.00,18.70,1.00,0.00,0.00,5.00,3.00,0.00,0.00
6092,10.00,12.82,0.00,0.00,0.50,0.50,1.00,0.00,0.00
6093,9.00,18.05,0.54,0.08,0.08,3.08,4.15,0.62,0.08
6122,9.00,14.47,0.47,0.30,0.12,1.30,3.14,0.28,0.31
6123,9.00,20.66,0.47,0.22,0.09,3.56,2.84,1.09,1.14
6124,9.00,17.28,0.05,0.20,0.05,1.00,1.37,0.54,0.23
6138,10.00,13.38,0.53,0.21,0.12,1.79,3.12,0.24,-0.23
6141,10.00,16.36,0.68,0.25,0.10,2.58,4.90,0.23,-0.05
6142,10.00,15.74,0.17,0.00,0.00,2.00,1.50,0.00,-2.33
6145,10.00,18.98,0.70,0.39,0.24,3.04,4.93,0.30,-0.48
6146,10.00,11.71,0.15,0.24,0.06,1.03,1.33,0.18,-0.69
6187,10.00,19.56,0.83,0.42,0.08,2.03,4.11,0.42,0.68
6194,10.00,14.39,1.00,0.00,0.00,1.00,2.33,0.33,1.00
6197,10.00,14.22,0.35,0.14,0.02,1.78,2.29,0.17,-0.83
6199,10.00,18.53,0.40,0.30,0.04,1.48,2.77,0.75,-0.46
6202,9.00,15.36,0.09,0.25,0.15,1.21,1.22,0.54,0.26
6204,10.00,11.94,0.09,0.09,0.00,1.36,0.73,0.36,0.22
6205,9.00,23.30,0.15,0.11,0.06,1.65,1.83,1.09,-0.79
6208,9.00,18.75,0.06,0.04,0.04,1.00,0.85,0.83,0.12
6209,9.00,18.85,0.17,0.20,0.07,2.62,2.23,1.15,0.22
6210,10.00,19.38,0.00,0.00,0.00,0.00,0.00,1.00,-4.00
6213,10.00,15.59,0.81,0.35,0.13,2.16,3.81,0.06,0.76
6214,9.00,19.93,0.05,0.09,0.00,0.77,0.91,1.14,-1.00
6215,9.00,11.03,0.00,0.25,0.00,0.25,0.25,0.25,-1.50
6216,10.00,17.88,0.46,0.56,0.40,1.85,3.88,0.31,0.79
6217,10.00,15.66,0.56,0.40,0.20,2.44,3.40,0.11,-0.17
6219,10.00,19.83,0.59,0.94,0.22,2.09,4.00,0.13,0.06
6225,10.00,10.11,0.67,0.00,0.00,0.33,2.00,0.00,0.50
6227,10.00,15.93,0.36,0.14,0.14,0.79,2.14,0.07,-1.18
6230,10.00,16.06,0.64,0.38,0.08,3.02,3.58,0.26,0.27
6233,10.00,13.59,0.20,0.20,0.00,1.10,1.40,0.50,-0.12
6234,10.00,18.89,0.64,0.57,0.09,3.20,4.91,0.18,0.73
6235,10.00,15.72,0.67,0.33,0.00,2.67,4.00,0.33,1.00
6237,10.00,21.87,1.64,0.86,0.29,4.79,5.93,0.71,0.86
6244,9.00,20.33,0.03,0.11,0.03,0.46,0.27,1.24,-1.67
6246,9.00,18.07,0.13,0.12,0.03,2.16,2.11,1.68,0.73
6251,10.00,15.67,0.29,0.14,0.36,1.14,2.43,0.14,-0.31
6252,9.00,15.36,0.23,0.28,0.07,1.56,1.42,0.60,0.68
6254,9.00,17.85,0.05,0.05,0.10,2.45,1.85,1.05,0.17
6256,10.00,19.12,0.38,0.38,0.00,1.88,2.62,0.12,-1.00
6257,10.00,11.57,0.00,0.50,0.00,0.50,1.00,1.00,3.00
6258,10.00,13.20,0.17,0.22,0.28,0.89,1.67,0.39,0.36
6262,9.00,20.46,0.14,0.23,0.11,1.26,1.34,0.77,0.52
6263,10.00,15.09,0.17,0.25,0.06,0.92,1.62,0.74,0.39
6266,10.00,16.48,1.19,0.38,0.10,1.81,3.71,0.29,1.05
6272,9.00,12.97,0.17,0.17,0.04,1.33,1.53,0.36,-0.54
6273,10.00,17.81,0.88,0.44,0.00,1.38,3.25,0.12,0.87
6274,9.00,14.12,0.00,0.07,0.00,0.61,0.39,1.36,-1.20
6279,9.00,13.66,0.13,0.04,0.04,0.39,0.43,1.00,-0.95
6280,10.00,14.67,0.50,0.31,0.12,2.69,3.25,0.22,0.81
6281,9.00,20.86,0.09,0.22,0.10,1.61,1.30,1.38,-0.91
6284,9.00,10.51,0.00,0.00,0.00,0.14,0.29,0.71,-1.08
6285,10.00,17.33,0.00,0.12,0.12,1.50,1.62,0.38,-2.33
6287,9.00,18.65,0.27,0.25,0.15,2.25,1.76,0.80,0.65
6289,10.00,13.90,0.60,0.44,0.16,2.57,3.55,0.12,0.23
6291,10.00,14.32,0.17,0.13,0.00,1.55,1.55,0.70,-0.33
6297,10.00,16.44,0.29,0.36,0.14,2.57,2.50,0.93,0.50
6299,9.00,15.40,0.00,0.11,0.04,0.73,0.57,0.70,-0.38
6300,9.00,24.65,0.21,0.21,0.26,2.16,2.21,1.00,-0.28
6303,10.00,16.84,0.17,0.00,0.00,1.67,2.67,0.33,0.20
6304,10.00,13.81,0.39,0.50,0.10,1.37,1.96,0.16,0.08
6305,9.00,14.92,0.10,0.09,0.02,1.28,1.07,0.74,0.06
6306,10.00,14.40,0.44,0.38,0.11,1.49,2.87,0.13,0.89
6307,10.00,13.81,1.00,0.00,0.00,5.50,4.00,0.00,3.00
6308,9.00,15.74,0.05,0.11,0.05,1.11,0.73,0.95,-0.34
6309,9.00,17.40,0.50,0.50,0.00,1.00,0.50,1.00,0.50
6311,10.00,16.40,0.38,0.28,0.03,1.35,2.45,0.26,-0.24
6312,9.00,16.98,0.06,0.19,0.02,1.38,0.72,0.49,0.35
6317,9.00,16.63,0.07,0.13,0.06,1.13,0.63,1.06,0.44
6320,10.00,15.77,0.36,0.07,0.00,2.23,2.82,0.11,-0.82
6323,10.00,10.37,0.00,0.25,0.00,0.00,0.50,0.25,-1.25
6327,10.00,15.43,0.06,0.12,0.12,1.31,0.94,0.31,0.71
6328,9.00,15.91,0.05,0.21,0.05,1.58,0.84,1.37,-1.11
6331,9.00,20.46,0.00,0.00,0.20,1.00,1.00,0.80,1.00
6333,9.00,14.59,0.25,0.50,0.00,0.25,1.25,0.75,0.00
6336,10.00,16.53,0.05,0.10,0.00,1.05,0.65,0.40,0.31
6402,9.00,10.49,0.00,0.50,0.00,0.00,0.00,0.00,0.00
6403,9.00,14.66,0.00,0.00,0.00,0.40,0.20,1.40,-3.20
6404,9.00,16.73,0.50,0.25,0.00,1.50,2.75,0.25,-3.00
6422,10.00,15.02,0.19,0.08,0.06,1.14,1.69,0.42,0.00
6423,9.00,20.46,0.42,0.29,0.05,1.94,2.50,0.73,0.43
6424,9.00,19.21,0.14,0.00,0.29,2.14,1.71,1.43,-2.14
6425,10.00,10.20,0.03,0.06,0.06,0.37,0.57,0.17,-0.71
6426,10.00,11.81,0.13,0.29,0.06,0.52,1.29,0.26,-1.14
6431,10.00,17.97,0.72,0.51,0.28,2.54,5.24,0.51,0.27
6432,9.00,15.70,0.14,0.14,0.00,1.57,1.36,0.64,0.00
6434,9.00,12.33,0.00,1.00,0.00,0.00,0.00,0.00,-2.00
6435,10.00,13.45,0.23,0.23,0.04,1.23,2.04,0.58,-0.39
6436,10.00,13.58,0.32,0.21,0.11,1.26,2.68,0.26,-0.47
6437,10.00,14.67,1.00,0.25,0.00,0.75,2.75,1.00,-0.50
6439,9.00,7.16,0.00,0.00,0.00,0.00,0.00,0.00,
6441,10.00,14.11,0.62,0.00,0.00,1.00,3.38,0.00,-0.75
6442,9.00,11.11,0.17,0.00,0.00,0.83,0.83,0.17,-1.00
6443,9.00,12.22,0.00,0.00,0.00,0.67,0.00,1.00,-0.50
6444,10.00,17.66,0.56,0.35,0.05,2.47,3.51,0.12,-0.07
6454,10.00,5.26,0.00,0.33,0.00,0.33,1.33,0.33,2.00
6457,9.00,6.22,0.00,0.00,0.00,0.38,0.38,0.00,-1.00
6458,10.00,15.36,0.07,0.21,0.14,0.64,1.29,0.14,0.31
6476,10.00,15.73,0.27,0.31,0.10,1.40,2.76,0.16,0.26
6479,10.00,15.91,0.43,0.55,0.02,1.60,2.77,0.06,-0.22
6480,10.00,14.55,0.14,0.14,0.05,1.32,1.45,0.73,0.31
6483,9.00,29.32,0.00,1.00,0.00,0.50,2.50,0.00,1.50
6487,10.00,13.97,0.28,0.17,0.06,1.40,2.09,0.19,-0.43
6489,10.00,20.50,0.31,0.38,0.11,1.07,2.33,0.47,-0.48
6490,10.00,19.72,0.75,0.43,0.14,2.45,4.04,0.29,-0.10
6495,10.00,17.45,0.23,0.10,0.03,2.13,1.53,1.43,-0.23
6496,10.00,21.65,1.01,0.51,0.12,2.99,6.13,0.38,0.25
6498,10.00,0.00,0.00,0.00,0.00,0.00,0.00,0.00,
6499,10.00,5.51,0.00,0.00,0.00,0.23,0.23,0.00,-2.00
6501,10.00,29.80,1.33,0.67,0.00,3.00,8.33,0.00,-0.67
6502,10.00,15.61,0.83,0.25,0.25,1.56,4.12,0.17,-0.20
6503,10.00,0.00,0.00,0.00,0.00,1.00,0.00,0.00,
6504,10.00,0.00,0.00,0.00,0.00,0.00,0.00,0.00,
6506,10.00,14.47,0.67,0.00,0.33,0.67,2.00,0.33,2.33
6507,10.00,12.59,0.16,0.00,0.05,0.79,0.95,0.21,-1.12
6508,10.00,10.93,0.29,0.14,0.00,0.29,1.00,0.00,1.00
6509,9.00,17.58,0.00,0.00,0.00,0.00,0.50,0.50,2.00
6510,10.00,0.00,0.00,0.00,0.00,0.00,0.00,0.00,
6512,10.00,16.52,0.91,0.27,0.09,0.73,2.73,0.55,0.11
6513,10.00,16.22,0.54,0.54,0.21,2.75,4.21,0.17,0.65
6514,10.00,15.27,0.38,0.51,0.12,1.10,2.23,0.48,0.53
6518,9.00,14.71,0.10,0.10,0.03,1.15,1.03,0.48,-0.11
6519,9.00,16.75,0.13,0.31,0.05,1.00,1.77,0.82,-0.19
6521,10.00,11.63,0.24,0.12,0.06,0.94,1.59,0.18,0.70
6523,9.00,17.09,0.11,0.21,0.16,1.26,2.11,0.68,1.28
6524,9.00,15.69,0.10,0.13,0.03,0.93,1.23,0.37,-0.39
6525,10.00,12.44,0.00,0.00,0.00,0.33,0.67,0.33,0.50
6526,10.00,14.28,0.00,0.50,0.00,0.50,0.00,1.00,-2.00
6527,10.00,13.53,0.00,0.50,0.00,0.50,2.00,0.50,0.50
6531,10.00,13.59,0.00,0.11,0.00,0.37,0.32,0.21,-0.71
6532,10.00,14.67,0.45,0.36,0.09,1.72,3.21,0.08,-0.03
6533,10.00,16.36,0.27,0.18,0.00,2.10,2.10,0.50,0.02
6534,10.00,0.28,0.00,0.00,0.00,0.00,0.00,0.00,
6535,9.00,15.92,0.15,0.20,0.07,1.44,1.51,0.68,0.11
6537,10.00,12.65,0.00,0.00,0.00,0.00,2.00,2.00,0.00
6538,10.00,19.51,0.53,0.36,0.60,1.38,2.89,0.42,-0.30
6539,10.00,7.76,0.00,0.00,0.00,0.33,0.33,0.33,-1.67
6541,10.00,2.15,0.00,0.00,0.00,0.00,0.00,0.00,-1.00
6548,10.00,16.71,0.21,0.07,0.02,1.55,1.55,0.57,-0.63
6549,10.00,13.92,0.75,0.00,0.00,4.50,2.25,0.00,-2.00
6550,10.00,17.87,1.00,0.67,0.00,2.67,5.17,0.33,1.75
6551,10.00,16.20,0.97,0.43,0.17,2.19,5.00,0.16,0.89
6553,10.00,11.54,0.25,0.56,0.00,2.06,2.31,0.19,0.46
6555,9.00,15.88,0.12,0.12,0.12,0.59,0.88,0.47,-1.38
6556,9.00,17.92,0.03,0.14,0.07,0.69,1.07,0.52,-3.00
6557,10.00,17.61,0.02,0.00,0.04,0.75,0.84,0.73,-1.77
6558,10.00,13.60,0.00,0.00,0.00,0.50,1.00,0.00,0.00
6559,10.00,12.23,0.21,0.00,0.00,0.79,1.79,0.14,-1.17
6561,10.00,20.31,0.33,0.20,0.00,1.60,3.33,0.00,-2.20
6562,10.00,17.82,0.13,0.06,0.00,1.43,1.94,0.37,-1.69
6563,10.00,17.32,0.05,0.10,0.00,1.60,1.15,0.70,0.12
6568,10.00,18.08,0.26,0.15,0.09,1.15,1.83,1.06,-0.44
6569,9.00,19.39,0.29,0.32,0.07,1.07,1.86,0.66,-0.09
6580,10.00,14.82,0.50,0.50,0.00,1.33,2.33,0.33,0.80
6584,9.00,12.30,0.00,0.00,0.00,1.00,1.00,0.00,-3.00
6585,9.00,16.72,0.30,0.23,0.06,1.55,2.22,0.40,0.21
6586,9.00,12.91,0.03,0.03,0.00,0.90,0.57,0.60,-0.65
6587,9.00,9.12,0.00,0.00,0.00,0.33,0.13,0.27,-0.56
6588,10.00,15.23,0.03,0.21,0.00,0.69,1.45,0.21,-0.61
6589,9.00,10.81,0.02,0.02,0.00,0.29,0.58,0.38,-1.36
6590,10.00,10.84,0.04,0.09,0.00,0.40,0.36,0.24,-0.87
6591,10.00,19.54,1.03,0.61,0.23,3.16,5.38,0.21,1.31
6592,10.00,11.50,0.09,0.09,0.00,0.70,0.57,0.26,-0.58
6593,10.00,15.73,0.40,0.29,0.04,1.27,2.27,0.13,0.01
6595,9.00,11.05,0.00,0.06,0.00,0.56,0.22,0.22,-0.82
6596,10.00,14.58,0.00,0.00,0.00,1.00,0.67,0.50,-0.60
6597,9.00,10.01,0.00,0.00,0.00,0.08,0.17,0.17,0.00
6598,10.00,15.96,0.38,0.15,0.03,2.32,3.57,0.20,-0.91
6602,9.00,18.17,0.08,0.15,0.12,1.68,1.09,1.38,0.20
6603,9.00,21.97,0.00,0.00,0.14,1.29,1.14,0.86,0.57
6604,9.00,16.05,0.43,0.43,0.14,1.43,1.71,0.29,0.83
6606,9.00,15.06,0.56,0.13,0.09,1.49,2.76,0.27,0.34
6607,9.00,8.27,0.00,0.00,0.00,0.33,0.00,0.00,1.00
6608,9.00,6.26,0.05,0.00,0.02,0.17,0.36,0.26,-0.11
6611,10.00,14.50,0.53,0.23,0.07,1.86,2.60,0.14,0.31
6612,10.00,15.88,0.42,0.30,0.07,1.03,2.49,0.58,0.74
6613,9.00,15.09,0.21,0.11,0.05,1.53,1.16,0.32,0.27
6614,10.00,17.70,0.52,0.29,0.05,1.26,3.17,0.31,0.05
6615,10.00,16.49,0.88,0.00,0.12,1.62,4.25,0.00,0.12
6619,9.00,12.89,0.00,0.04,0.00,0.81,0.92,0.15,-1.00
6620,10.00,13.33,0.09,0.03,0.03,0.56,0.97,0.24,-0.73
6621,10.00,19.19,0.48,0.31,0.09,1.51,3.06,0.68,-0.48
6622,10.00,18.62,0.28,0.07,0.11,1.72,1.83,0.59,-0.46
6623,10.00,18.69,0.00,0.14,0.00,1.00,0.71,0.57,-2.83
6625,10.00,18.85,0.00,0.00,0.00,0.00,0.00,0.00,-1.00
6626,9.00,17.95,0.07,0.14,0.00,0.57,0.64,1.07,-1.00
6627,9.00,12.52,0.00,0.00,0.00,0.00,1.00,0.00,1.00
6628,10.00,19.64,0.25,0.00,0.00,1.25,2.00,0.25,-1.00
6629,10.00,12.02,0.07,0.04,0.00,0.50,0.89,0.50,-0.90
6630,10.00,17.52,0.60,0.20,0.00,0.80,1.60,0.40,-1.75
6631,10.00,14.02,0.33,0.00,0.00,1.50,1.83,0.83,-1.00
6633,10.00,10.33,0.00,0.00,0.00,0.50,0.75,0.00,-0.67
6635,10.00,19.19,0.29,0.31,0.00,1.93,2.84,0.36,-0.52
6636,10.00,16.12,0.00,0.00,0.00,0.00,0.00,0.00,-1.00
6639,9.00,15.75,0.00,0.00,0.00,0.00,0.00,1.50,-0.25
6643,10.00,11.80,0.06,0.15,0.06,0.59,0.56,0.24,-0.30
6650,10.00,11.65,0.00,0.07,0.00,0.70,1.11,0.11,-1.56
6651,10.00,17.60,0.00,0.05,0.07,0.73,0.39,1.44,-0.97
6655,10.00,11.44,0.15,0.15,0.05,0.85,1.55,0.20,-0.75
6656,10.00,13.05,0.25,0.29,0.08,0.82,1.97,0.21,0.82
6661,9.00,14.71,0.08,0.00,0.08,1.17,0.79,0.33,0.00
6665,9.00,20.47,0.71,0.37,0.07,3.22,4.65,0.29,0.85
6666,10.00,17.96,0.24,0.36,0.18,1.68,3.24,0.10,0.48
6668,10.00,17.92,0.25,0.00,0.00,2.50,2.00,0.75,-2.00
6669,10.00,13.80,0.42,0.33,0.05,1.40,2.10,0.12,0.66
6677,10.00,13.97,0.33,0.25,0.00,0.88,2.21,0.25,0.17
6685,10.00,19.26,0.00,1.00,0.00,1.67,1.33,0.00,0.33
6686,9.00,15.25,0.14,0.18,0.09,2.09,2.14,1.00,0.18
6690,10.00,8.32,0.00,0.00,0.00,0.00,0.00,1.00,-1.00
6699,10.00,15.32,0.00,0.00,0.00,0.00,3.00,0.00,-1.00
6703,10.00,15.71,0.06,0.18,0.09,1.79,1.74,0.50,0.13
6709,9.00,11.72,0.05,0.16,0.16,1.11,1.32,0.53,-0.40
6717,10.00,15.39,0.00,0.00,0.00,0.80,0.60,0.00,-3.40
6719,9.00,15.79,0.30,0.15,0.00,1.90,2.10,0.95,-0.24
6720,10.00,16.74,0.17,0.28,0.05,1.20,1.68,0.30,-0.66
6726,10.00,17.53,0.50,0.50,0.00,1.50,2.50,1.00,0.50
6739,9.00,4.40,0.00,0.00,0.00,0.20,0.20,0.20,0.00
6744,9.00,18.29,0.38,0.12,0.25,2.50,2.75,0.25,0.29
6751,10.00,9.49,0.00,0.00,0.00,0.50,0.50,0.00,-2.00
6756,10.00,10.83,0.17,0.10,0.02,0.76,1.19,0.14,-0.57
6760,10.00,17.72,0.00,0.00,0.00,0.83,1.67,1.33,-1.80
6764,10.00,15.93,0.75,0.43,0.09,2.17,3.64,0.21,0.08
6765,9.00,0.00,0.00,0.00,0.00,0.00,0.00,0.00,
6766,10.00,0.35,0.00,0.00,0.00,0.00,0.00,0.00,
6772,10.00,12.85,0.03,0.02,0.05,1.07,0.66,0.48,0.61
6784,10.00,19.53,0.12,0.14,0.11,1.61,1.91,0.77,0.60
6792,9.00,12.06,0.00,0.17,0.00,0.50,1.00,0.67,0.50
6794,9.00,13.21,0.29,0.29,0.00,1.29,1.00,0.86,-0.67
6811,10.00,12.94,0.12,0.17,0.12,1.50,2.12,0.17,-0.58
6813,10.00,14.89,0.46,0.51,0.31,1.17,2.31,0.09,1.03
6820,10.00,12.01,0.15,0.15,0.00,0.63,1.56,0.19,0.00
6830,9.00,14.44,0.08,0.00,0.08,0.85,0.54,0.85,-0.80
6835,10.00,15.72,0.17,0.00,0.00,1.67,1.67,0.17,-0.60
6839,10.00,15.91,0.25,0.15,0.02,1.20,2.00,0.16,-0.46
6841,10.00,14.52,1.02,0.25,0.04,1.82,4.57,0.20,0.18
6844,10.00,13.67,0.45,0.32,0.02,1.13,2.00,0.30,0.41
6850,10.00,16.93,0.40,0.35,0.17,1.71,3.65,0.12,-0.67
6851,10.00,9.05,0.11,0.17,0.00,0.39,0.50,0.22,0.36
6860,10.00,13.42,0.19,0.19,0.26,0.77,2.13,0.29,0.19
6868,10.00,24.18,0.33,0.33,0.33,3.67,7.33,0.33,0.33
6878,9.00,16.03,0.08,0.00,0.04,1.88,1.88,0.67,-1.45
6879,9.00,11.15,0.06,0.25,0.00,0.56,1.12,0.06,-0.57
6885,10.00,17.07,0.49,0.20,0.03,1.17,2.49,0.26,-0.21
6888,10.00,16.24,0.15,0.20,0.10,1.64,2.10,0.50,-0.10
6889,9.00,15.16,0.05,0.15,0.03,0.97,0.63,0.49,-0.33
6890,10.00,13.36,0.26,0.53,0.16,0.58,1.26,0.05,-0.12
6891,10.00,11.54,0.12,0.09,0.07,0.67,1.16,0.16,-0.27
6892,10.00,9.72,0.07,0.07,0.04,0.74,0.67,0.33,-0.86
6893,10.00,18.16,0.20,0.30,0.10,1.30,2.00,0.90,0.33
6896,9.00,20.72,0.16,0.18,0.05,2.95,2.11,1.27,-0.59
6897,9.00,18.79,0.15,0.15,0.08,2.62,1.54,0.85,-0.50
6899,10.00,16.96,0.22,0.00,0.00,1.44,1.00,0.89,0.00
6900,9.00,13.18,0.36,0.21,0.00,1.14,2.07,0.21,-1.00
6901,10.00,18.40,0.35,0.19,0.06,1.42,1.93,0.46,-0.52
6902,10.00,16.70,0.21,0.07,0.00,1.10,1.00,0.93,0.50
6903,10.00,11.96,0.54,0.15,0.15,0.85,1.92,0.15,0.27
6904,9.00,14.44,0.03,0.08,0.06,0.55,0.45,1.32,0.16
6906,10.00,10.78,0.08,0.03,0.03,1.51,1.16,0.05,-0.48
6907,10.00,11.79,0.16,0.00,0.05,0.73,0.97,0.24,0.41
6909,9.00,14.23,0.00,0.00,0.00,0.00,0.00,0.00,0.50
6911,9.00,15.89,0.29,0.06,0.03,1.43,1.57,0.94,0.21
6913,10.00,10.14,0.03,0.00,0.00,0.51,0.62,0.13,-0.83
6915,9.00,13.44,0.09,0.00,0.02,0.35,0.28,0.65,-1.15
6917,10.00,14.44,0.07,0.04,0.02,0.98,0.91,0.71,-0.84
6920,10.00,12.64,0.30,0.21,0.00,0.92,1.87,0.15,0.05
6921,10.00,11.78,0.08,0.00,0.00,0.29,0.33,0.58,-0.50
6925,9.00,17.25,0.00,0.07,0.07,0.73,1.07,0.33,-0.79
6926,9.00,11.94,0.02,0.06,0.00,0.54,0.46,1.08,-0.38
6927,9.00,10.87,0.00,0.00,0.00,2.00,0.00,0.00,-1.00
6928,9.00,11.97,0.00,0.00,0.00,0.80,0.20,0.00,0.00
6929,9.00,21.43,0.00,0.00,0.00,1.00,0.50,0.00,-3.00
6930,9.00,14.60,0.02,0.13,0.07,0.65,0.61,1.02,-0.70
6931,9.00,12.00,0.00,0.00,0.00,1.00,1.00,2.00,
6932,10.00,12.90,0.12,0.12,0.02,0.86,0.88,0.39,-0.32
6933,10.00,17.50,0.50,0.21,0.17,2.46,4.38,0.25,0.00
6935,10.00,15.36,0.22,0.11,0.00,1.11,2.33,0.22,0.00
6936,10.00,15.60,0.14,0.19,0.01,0.76,1.12,0.42,-0.06
6937,10.00,14.32,0.10,0.10,0.00,1.30,1.20,0.30,0.00
6938,10.00,11.65,0.15,0.11,0.00,0.93,0.76,0.24,-0.54
6939,10.00,10.35,0.00,0.00,0.00,0.29,0.57,0.00,0.50
6940,10.00,17.18,0.20,0.60,0.40,2.60,2.20,0.00,-0.20
6941,9.00,16.37,0.11,0.39,0.06,2.11,1.42,0.36,0.88
6942,10.00,15.66,0.33,0.33,0.33,2.33,1.67,0.33,0.00
6943,10.00,16.09,0.36,0.18,0.00,1.27,1.82,0.09,0.75
6945,9.00,15.78,0.15,0.43,0.11,1.02,1.46,0.13,0.09
6946,9.00,17.56,0.00,0.12,0.00,0.35,0.24,0.56,-1.50
6947,9.00,15.84,0.00,0.03,0.03,0.33,0.17,0.37,-1.29
6948,9.00,19.11,0.03,0.10,0.03,0.59,0.69,0.86,-1.48
6949,10.00,16.39,0.07,0.02,0.00,0.42,0.72,1.00,-1.98
6951,10.00,16.87,0.04,0.22,0.04,0.57,0.78,0.35,-0.37
6952,10.00,15.10,0.00,0.04,0.00,0.29,0.55,0.14,-2.40
6954,10.00,14.85,0.20,0.00,0.00,0.60,1.20,0.20,-1.50
6955,10.00,18.88,0.00,0.50,0.00,2.50,2.00,0.50,1.00
6956,10.00,15.96,0.50,0.27,0.05,1.50,2.55,0.34,0.34
6958,9.00,16.42,0.00,0.12,0.04,0.59,0.49,0.66,0.18
6959,10.00,17.75,0.00,0.00,0.00,4.00,2.00,0.00,4.00
6960,10.00,14.05,0.00,0.05,0.05,0.27,0.59,0.05,-1.85
6962,10.00,13.33,0.00,0.00,0.00,0.00,2.00,0.00,-1.00
6963,9.00,14.72,0.00,0.10,0.00,0.40,0.20,0.10,-0.40
6965,9.00,18.57,0.00,0.07,0.00,0.43,0.50,0.64,-0.31
6966,9.00,17.02,0.07,0.00,0.07,0.29,0.36,0.43,-1.57
6967,10.00,11.95,0.00,0.00,0.00,1.00,0.50,0.00,-4.00
6968,10.00,19.50,0.62,0.25,0.12,1.58,3.62,0.21,-0.19
6970,10.00,17.65,0.76,0.48,0.10,2.43,3.86,0.00,-0.75
6971,10.00,17.76,0.85,0.29,0.17,2.17,4.22,0.05,-0.51
6972,10.00,15.33,0.17,0.20,0.10,1.40,1.93,0.00,-0.90
6974,10.00,13.41,0.00,0.00,0.00,1.00,2.50,0.00,-0.67
6975,9.00,21.21,0.04,0.16,0.10,1.18,1.25,1.08,-0.39
6976,10.00,18.76,0.35,0.46,0.03,1.84,3.22,0.24,-0.58
6977,10.00,12.84,0.16,0.03,0.03,0.91,1.44,0.31,-0.59
6978,9.00,16.26,0.00,0.07,0.04,1.26,0.70,1.63,0.25
6980,10.00,7.30,0.00,0.50,0.50,0.00,0.00,0.00,1.00
6982,9.00,23.59,0.34,0.51,0.16,2.15,2.79,0.69,1.25
6983,9.00,18.57,0.08,0.17,0.08,1.62,1.38,0.58,1.00
6985,9.00,13.77,0.07,0.07,0.00,0.64,1.43,0.36,0.00
6986,10.00,19.72,0.24,0.33,0.08,1.06,2.25,0.29,0.48
6987,10.00,19.70,0.79,0.57,0.11,3.11,5.18,0.36,1.07
6988,10.00,16.68,0.30,0.28,0.05,1.28,2.44,0.44,1.03
6989,10.00,11.40,0.33,0.00,0.00,0.67,1.33,0.33,1.33
6990,10.00,20.56,0.38,0.21,0.14,1.92,2.75,0.83,0.67
6991,10.00,15.62,0.00,0.75,0.00,0.75,0.50,0.25,1.00
6992,10.00,16.18,0.50,0.25,0.00,2.25,4.25,0.25,0.00
6996,9.00,13.35,0.00,0.05,0.05,0.50,0.27,0.18,-0.06
6997,10.00,15.47,0.12,0.00,0.00,0.50,1.00,0.12,-0.75
7000,10.00,9.90,0.08,0.08,0.08,0.75,0.50,0.17,0.50
7001,9.00,25.47,0.00,0.00,0.00,0.00,1.00,1.00,-7.00
7002,9.00,12.88,0.00,0.02,0.00,0.40,0.47,0.53,0.08
7004,9.00,7.37,0.00,0.06,0.00,0.35,0.47,0.12,-0.44
7005,10.00,14.71,0.26,0.17,0.00,1.80,2.17,0.20,-0.19
7006,9.00,13.16,0.02,0.05,0.07,0.41,0.37,0.44,-0.44
7007,10.00,14.39,0.24,0.15,0.15,1.88,2.52,0.21,-0.17
7008,10.00,12.68,0.00,0.00,0.14,0.43,0.86,0.14,0.17
7011,10.00,12.91,0.33,0.00,0.00,1.00,1.67,0.00,4.00
7012,9.00,0.00,0.00,0.00,0.00,0.00,1.00,0.00,
7013,9.00,10.69,0.00,0.09,0.06,0.23,0.57,0.29,-1.13
7015,9.00,13.54,0.00,0.16,0.00,0.84,0.53,0.16,-0.11
7016,9.00,12.17,0.00,0.27,0.00,0.91,0.27,0.27,-0.20
7018,9.00,11.13,0.00,0.20,0.00,0.00,0.20,0.60,0.00
7020,10.00,10.29,0.08,0.17,0.04,0.54,0.67,0.25,-0.42
7021,10.00,17.23,0.28,0.28,0.06,1.96,1.90,0.52,0.52
7022,9.00,14.88,0.00,0.13,0.09,1.00,0.71,0.84,-0.03
7025,10.00,15.11,0.30,0.24,0.13,1.07,2.63,0.15,-0.02
7026,10.00,17.00,0.57,0.49,0.09,1.57,2.96,0.45,0.80
7028,9.00,13.04,0.05,0.11,0.11,0.68,0.53,0.58,0.13
7029,10.00,10.27,0.15,0.08,0.00,0.38,1.00,0.08,-1.25
7030,10.00,9.32,0.25,0.11,0.03,0.71,1.42,0.03,0.25
7031,10.00,9.39,0.06,0.06,0.00,0.48,0.52,0.15,-0.26
7032,9.00,10.56,0.08,0.05,0.05,0.76,0.63,0.24,0.76
7033,10.00,16.83,0.26,0.33,0.12,1.54,1.98,0.20,1.09
7034,9.00,11.97,0.00,0.05,0.05,0.84,0.68,0.32,0.64
7035,9.00,14.72,0.00,0.00,0.00,1.29,0.79,0.29,-0.85
7036,10.00,4.41,0.00,0.00,0.00,0.00,0.50,0.00,1.00
7037,10.00,8.07,0.00,0.03,0.00,0.18,0.24,0.09,0.22
7039,10.00,18.97,0.34,0.17,0.07,1.29,2.41,0.34,0.05
7040,9.00,18.35,0.00,0.00,0.13,0.40,0.20,0.33,-1.40
7042,9.00,11.48,0.00,0.25,0.00,0.00,1.00,0.25,-0.33
7043,10.00,10.91,0.07,0.00,0.00,0.93,1.00,0.43,-1.17
7045,10.00,19.63,1.25,0.12,0.25,2.12,3.25,0.12,0.86
7046,9.00,19.27,0.10,0.00,0.00,1.00,1.60,0.30,-1.30
7048,9.00,15.52,0.00,0.02,0.02,0.98,0.37,0.45,0.29
7049,10.00,17.47,0.58,0.38,0.10,1.98,2.86,0.36,0.63
7050,10.00,14.85,0.60,0.23,0.07,1.45,2.73,0.12,0.62
7051,10.00,12.66,0.23,0.12,0.00,1.02,1.68,0.25,0.26
7053,10.00,12.27,0.34,0.14,0.00,1.66,1.66,0.14,0.04
7054,9.00,15.03,0.14,0.07,0.07,1.52,1.97,0.62,0.24
7055,9.00,16.30,0.09,0.12,0.02,1.31,0.78,0.93,0.32
7056,10.00,15.27,0.61,0.25,0.08,2.29,3.96,0.84,0.53
7057,10.00,12.63,0.30,0.20,0.00,1.10,1.90,0.40,0.14
7058,9.00,16.61,0.03,0.12,0.05,1.20,0.59,0.51,0.37
7059,10.00,17.50,0.29,0.40,0.12,0.82,1.65,0.27,0.71
7060,10.00,10.83,0.04,0.19,0.08,0.50,0.54,0.38,-0.18
7061,10.00,15.56,0.31,0.21,0.06,1.68,2.32,0.24,0.11
7062,9.00,11.11,0.10,0.05,0.02,0.57,1.19,0.19,-0.20
7073,10.00,19.13,0.45,0.35,0.05,1.73,2.55,0.33,0.29
7074,10.00,18.39,0.33,0.33,0.06,1.67,3.06,0.11,0.75
7076,10.00,13.00,0.27,0.16,0.02,1.38,2.11,0.16,-0.26
7077,9.00,14.49,0.00,0.20,0.10,1.20,0.20,0.30,0.38
7078,10.00,15.90,0.59,0.29,0.10,2.27,3.43,0.14,0.41
7079,9.00,20.16,0.15,0.24,0.12,1.79,2.12,0.59,0.26
7080,10.00,0.00,0.00,0.00,0.00,0.00,0.00,0.00,
7081,10.00,10.51,0.00,0.08,0.05,0.64,0.51,0.21,-0.12
7082,10.00,0.00,0.00,0.00,0.00,0.00,0.00,0.00,
7083,10.00,0.00,0.00,0.00,0.00,0.00,0.00,0.00,
7084,10.00,13.76,0.06,0.13,0.02,0.96,0.83,0.53,0.03
7085,10.00,15.71,0.51,0.16,0.10,1.55,2.55,0.46,-0.14
7086,9.00,13.75,0.00,0.12,0.00,0.56,0.20,0.56,0.47
7087,9.00,12.97,0.00,0.00,0.00,0.20,0.20,0.40,0.40
7088,10.00,14.79,0.07,0.10,0.00,0.72,1.02,0.82,0.06
7090,10.00,14.90,0.22,0.35,0.22,1.17,1.48,0.57,0.80
7094,9.00,13.35,0.05,0.11,0.05,1.08,0.62,0.92,0.19
7095,10.00,20.88,0.00,0.00,0.00,0.00,1.00,0.00,
7096,10.00,15.49,0.08,0.15,0.00,1.08,0.85,0.62,-0.55
7097,10.00,15.20,0.71,0.24,0.14,1.28,3.13,0.40,0.52
7098,10.00,13.37,0.43,0.43,0.11,1.12,2.26,0.11,0.53
7102,10.00,12.52,0.31,0.41,0.12,1.75,2.25,0.06,0.77
7103,10.00,18.01,0.00,0.00,0.00,1.67,1.00,0.33,-1.00
7104,10.00,11.49,0.15,0.15,0.00,0.85,1.03,0.58,-0.76
7105,10.00,13.76,0.32,0.16,0.12,1.86,2.54,0.36,-0.32
7106,10.00,14.16,1.00,0.25,0.00,3.50,4.00,0.00,1.00
7108,9.00,16.50,0.03,0.05,0.08,0.89,0.68,1.13,-0.68
7110,10.00,14.57,0.29,0.20,0.05,1.20,1.56,0.17,0.31
7111,9.00,15.42,0.18,0.16,0.03,2.04,1.70,1.09,0.46
7114,10.00,15.20,0.34,0.13,0.04,1.55,1.98,0.34,-0.22
7116,10.00,15.55,0.53,0.28,0.09,1.74,3.12,0.19,-0.03
7117,9.00,12.13,0.09,0.04,0.04,1.22,0.69,0.51,-0.65
7118,10.00,15.91,0.92,0.20,0.15,2.06,4.53,0.60,0.04
7119,10.00,0.00,0.00,0.00,0.00,0.00,0.00,0.00,
7122,9.00,6.37,0.00,0.00,0.00,0.50,0.50,0.00,-2.00
7123,10.00,13.96,0.44,0.35,0.06,1.79,2.65,0.21,0.36
7124,10.00,16.77,0.37,0.43,0.03,2.10,3.03,0.17,0.59
7126,9.00,11.95,0.40,0.13,0.00,0.87,1.87,0.00,-0.64
7127,9.00,14.91,0.00,0.33,0.00,0.33,0.33,0.00,1.67
7131,10.00,18.20,0.22,0.34,0.14,1.75,2.88,0.54,-0.21
7132,9.00,21.39,0.26,0.31,0.02,2.67,2.69,0.95,-0.15
7133,10.00,25.92,0.00,1.00,0.00,2.00,1.00,1.00,-2.00
7134,9.00,15.71,0.11,0.11,0.03,1.47,1.13,0.39,-0.29
7136,9.00,21.88,0.10,0.19,0.02,2.13,1.44,1.39,0.12
7137,9.00,12.71,0.04,0.17,0.00,0.83,0.96,0.46,-0.22
7138,10.00,15.98,0.11,0.02,0.00,0.73,1.07,0.70,-0.37
7140,10.00,15.99,0.54,0.31,0.08,0.69,1.92,0.31,-0.92
7141,9.00,13.46,0.03,0.09,0.00,0.39,0.58,0.52,-0.24
7143,9.00,13.05,0.00,0.00,0.00,0.20,0.80,0.00,0.50
7145,10.00,11.45,0.19,0.09,0.06,1.44,1.59,0.12,-0.40
7146,10.00,12.25,0.17,0.11,0.00,1.59,1.75,0.14,-0.29
7148,9.00,16.54,0.00,0.33,0.33,1.00,2.00,3.67,0.33
7150,9.00,11.55,0.00,0.00,0.00,1.00,0.50,0.50,-3.00
7151,9.00,20.47,0.17,0.11,0.00,1.17,1.39,0.94,-0.69
7153,10.00,21.07,0.79,0.46,0.19,2.02,4.13,0.85,0.57
7154,9.00,18.42,0.43,0.55,0.34,3.64,4.49,0.36,0.98
7159,10.00,9.39,0.11,0.03,0.03,0.45,0.89,0.26,-1.13
7162,9.00,8.65,0.00,0.00,0.00,0.60,0.20,0.00,-0.50
7163,9.00,20.17,0.05,0.09,0.02,1.00,1.11,0.36,-0.23
7164,10.00,14.71,0.09,0.04,0.00,0.87,1.00,0.58,-0.92
7165,10.00,16.64,0.29,0.11,0.02,0.80,1.96,0.42,-0.14
7167,10.00,15.00,0.04,0.00,0.00,0.56,0.96,0.20,-1.17
7168,9.00,10.68,0.00,0.00,0.00,0.38,0.62,0.38,-0.80
7169,10.00,16.67,0.29,0.08,0.04,1.02,2.53,0.65,-0.97
7170,9.00,7.97,0.00,0.06,0.00,0.42,0.65,0.39,-1.00
7171,10.00,12.00,0.13,0.07,0.00,1.07,1.27,0.17,-0.81
7172,9.00,2.18,0.00,0.00,0.00,0.10,0.20,0.00,-1.20
7173,10.00,13.26,0.15,0.09,0.02,0.96,2.29,0.27,-1.22
7174,10.00,11.05,0.11,0.21,0.05,0.21,1.11,0.05,0.00
7177,10.00,14.57,0.35,0.25,0.05,0.81,1.97,0.25,0.54
7178,10.00,5.75,0.00,0.00,0.00,0.00,2.00,0.00,1.00
7179,9.00,17.09,0.02,0.13,0.04,0.56,0.82,0.89,-0.48
7180,10.00,6.58,0.00,0.00,0.00,0.50,1.00,0.50,-2.00
7182,10.00,18.90,0.10,0.20,0.13,1.80,2.23,0.80,0.68
7183,10.00,14.69,1.00,0.60,0.10,2.40,4.60,0.30,1.44
7184,10.00,14.67,0.09,0.17,0.04,1.87,2.26,0.26,-0.86
7186,9.00,14.81,0.04,0.02,0.04,1.04,0.93,0.49,-0.16
7187,9.00,14.14,0.03,0.06,0.03,1.00,0.75,1.22,-0.11
7188,10.00,10.08,0.18,0.12,0.00,0.18,1.24,0.12,0.25
7190,10.00,14.59,0.23,0.11,0.03,1.48,2.03,0.15,-0.96
7192,9.00,9.73,0.00,0.09,0.18,0.64,0.64,0.00,0.67
7196,10.00,14.43,0.71,0.32,0.06,1.38,3.03,0.12,0.60
7199,10.00,16.45,0.32,0.16,0.04,0.66,1.76,0.26,-0.24
7200,9.00,22.44,0.32,0.26,0.13,2.45,3.58,1.19,0.38
7201,10.00,14.25,0.94,0.36,0.11,3.04,4.38,0.11,0.79
7202,9.00,0.00,0.00,0.00,0.00,0.00,0.00,0.00,
7203,10.00,14.03,0.52,0.10,0.19,1.67,2.29,0.14,-0.06
7204,10.00,13.15,0.21,0.29,0.08,1.47,2.50,0.29,-0.07
7205,10.00,9.43,0.00,0.00,0.00,0.50,1.00,0.00,-1.67
7206,10.00,1.95,0.00,0.00,0.00,0.00,0.00,0.00,
7207,9.00,14.02,0.06,0.17,0.06,0.72,1.89,0.83,-1.79
7211,10.00,14.27,0.10,0.00,0.00,1.60,1.10,0.20,-0.50
7212,9.00,16.44,0.21,0.14,0.07,0.57,1.14,0.57,-0.38
7213,10.00,15.51,0.31,0.19,0.14,1.26,3.17,0.21,-0.07
7215,10.00,20.30,0.41,0.27,0.07,2.08,3.16,0.66,-0.13
7216,10.00,14.58,0.00,0.00,0.00,0.67,0.92,0.42,0.40
7217,10.00,17.42,1.17,0.30,0.13,3.94,5.08,0.28,1.17
7220,10.00,13.32,0.25,0.17,0.10,1.08,1.55,0.35,0.44
7223,10.00,15.15,0.44,0.41,0.07,1.78,3.11,0.11,-0.04
7224,10.00,13.61,1.33,0.33,0.17,1.33,4.67,0.33,0.33
7225,10.00,19.17,0.71,0.00,0.00,1.57,4.14,0.00,-0.86
7226,10.00,12.12,0.00,0.00,0.00,0.00,0.00,0.50,-0.50
7230,9.00,20.87,0.44,0.44,0.44,0.89,1.44,0.33,0.44
7232,10.00,14.45,0.29,0.33,0.17,1.25,1.97,0.46,0.49
7233,9.00,17.35,0.13,0.35,0.10,2.07,1.35,0.97,0.43
7235,9.00,15.58,0.16,0.11,0.18,1.37,1.21,0.45,-0.12
7236,10.00,15.42,0.30,0.43,0.14,1.56,2.54,0.57,0.61
7237,10.00,8.97,0.00,0.00,0.00,1.00,0.00,0.50,-1.00
7238,10.00,18.12,0.64,0.36,0.20,2.22,4.65,0.13,-0.56
7239,10.00,14.30,0.50,0.31,0.03,1.59,2.52,0.28,0.56
7255,10.00,16.99,1.80,0.20,0.00,2.40,3.80,0.00,1.40
7259,10.00,13.91,0.80,0.20,0.20,1.20,3.80,0.00,1.60
7290,10.00,8.88,0.00,0.00,0.20,1.00,0.80,0.00,-2.00
7291,10.00,9.51,0.00,0.09,0.00,0.55,1.27,0.27,-1.00
7292,9.00,2.83,0.00,0.00,0.00,0.00,0.00,0.00,-2.00
7301,9.00,10.60,0.00,0.00,0.00,0.60,0.40,0.20,-1.00
7304,10.00,8.44,0.00,0.00,0.00,0.00,0.00,0.50,
7313,9.00,19.04,0.00,0.20,0.00,1.00,1.20,0.80,0.60
7314,10.00,10.96,0.60,0.40,0.00,2.60,6.00,0.00,0.50
7318,9.00,9.40,0.00,0.00,0.00,0.20,0.80,1.00,-0.50
7320,10.00,6.88,0.00,0.00,0.00,0.80,0.40,0.20,-1.67
7322,9.00,21.93,0.00,0.00,0.00,1.40,2.20,0.60,3.00
7325,10.00,7.20,0.40,0.20,0.00,0.20,1.00,0.00,-0.33
7327,10.00,8.44,0.00,0.00,0.00,0.60,1.00,0.00,-0.75
7328,10.00,19.92,2.00,0.80,0.00,3.40,6.20,0.40,2.80
7329,10.00,22.46,1.20,0.20,0.00,2.20,3.80,0.60,2.00
7331,10.00,12.53,0.60,0.20,0.60,0.80,2.60,0.20,0.40
7356,9.00,15.78,0.00,0.40,0.20,1.40,1.60,0.40,-1.20
7358,10.00,10.06,0.80,0.20,0.00,1.20,2.00,0.00,0.20
7360,9.00,12.93,0.00,0.00,0.00,1.00,0.20,0.40,-1.75
7364,9.00,19.09,0.00,0.00,0.00,0.40,0.20,1.40,-1.20
7365,9.00,5.46,0.00,0.20,0.00,0.40,0.00,0.60,0.00
7367,10.00,19.10,0.40,0.20,0.00,1.80,1.80,0.00,-0.75
7378,10.00,18.92,0.00,0.20,0.00,0.60,2.40,0.20,-1.00
7386,10.00,21.92,0.00,0.00,0.00,0.00,2.00,0.00,-3.00
7409,10.00,20.68,0.70,0.50,0.10,3.40,5.90,0.00,0.80
7441,9.00,16.46,0.00,0.00,0.20,1.00,0.20,1.60,-0.80
7444,9.00,17.42,0.25,0.25,0.00,2.19,2.12,0.56,0.13
7454,10.00,9.06,0.00,0.00,0.00,1.50,1.00,0.25,0.50
7456,10.00,7.00,0.00,0.00,0.00,1.50,1.00,0.00,-1.00
7460,9.00,0.00,0.00,0.00,0.00,0.00,0.00,0.00,
7461,10.00,4.75,0.00,0.00,0.00,0.25,0.75,0.50,0.33
7470,10.00,16.90,0.84,0.53,0.32,3.00,4.89,0.05,0.78
7471,10.00,12.03,0.00,0.00,0.00,0.50,0.50,0.50,-3.50
7474,9.00,0.00,0.00,2.00,1.00,0.00,0.00,0.00,0.00
7498,10.00,10.96,0.20,0.00,0.20,0.20,1.20,0.20,-1.50
7516,10.00,20.52,1.40,0.00,0.20,1.20,4.80,0.80,-1.00
7521,9.00,0.00,0.00,0.00,0.00,0.00,0.00,0.00,
7522,10.00,0.00,0.00,0.00,0.00,0.00,0.00,0.00,
7523,10.00,0.00,0.00,0.00,0.00,0.00,0.00,0.00,
7524,10.00,9.95,0.00,0.08,0.08,0.58,0.33,0.33,-1.36
7538,9.00,0.00,0.00,0.00,0.00,0.00,0.00,0.00,1.00
7543,9.00,12.92,0.00,0.00,0.03,0.89,0.51,0.46,0.50
7547,10.00,16.77,1.00,0.00,0.00,4.00,3.00,0.00,-2.00
7548,10.00,9.85,0.00,0.00,0.00,0.43,0.57,0.00,-5.00
7553,10.00,17.96,0.40,0.38,0.12,3.09,3.76,0.21,0.18
7554,9.00,0.00,0.00,0.00,0.00,0.00,0.00,0.00,
7555,9.00,0.00,0.00,0.00,0.00,0.00,0.00,0.00,
7556,9.00,0.00,0.00,0.00,0.00,0.00,0.00,0.00,
7557,10.00,0.00,0.00,0.00,0.00,0.00,0.00,0.00,
7558,10.00,15.29,0.43,0.14,0.00,2.14,1.86,0.57,0.50
7561,9.00,12.01,0.33,1.33,0.00,1.00,3.00,0.33,1.20
7564,10.00,18.68,1.02,0.43,0.13,2.35,5.02,0.46,-0.20
7565,10.00,9.29,0.00,0.00,0.50,0.50,2.25,0.00,0.00
7567,10.00,16.21,0.71,0.21,0.00,0.64,3.14,0.14,-0.92
7568,10.00,14.92,0.35,0.25,0.10,1.65,2.20,0.10,-0.29
7569,10.00,15.69,0.37,0.58,0.11,0.63,2.05,0.37,-0.24
7574,9.00,18.15,0.00,0.00,0.00,1.00,0.20,1.00,1.00
7575,10.00,4.74,0.00,0.00,0.00,0.00,0.20,0.00,-0.60
7576,10.00,17.74,0.20,0.00,0.00,1.20,2.00,0.00,-1.00
7577,10.00,7.55,0.00,0.20,0.00,0.40,1.00,0.20,-0.33
7578,10.00,31.01,2.00,1.00,0.25,4.75,8.75,0.50,-0.25
7582,10.00,15.67,0.20,0.80,0.00,1.40,1.40,0.00,1.40
7583,9.00,15.67,0.00,0.20,0.20,1.20,1.00,0.80,2.25
7584,9.00,18.98,0.00,0.00,0.00,1.00,1.00,0.00,1.00
7586,10.00,17.22,0.45,0.18,0.00,2.68,3.34,0.21,0.25
7587,10.00,15.19,0.00,0.17,0.00,0.50,1.33,0.17,-1.75
7589,10.00,12.35,0.23,0.00,0.00,1.00,1.46,0.31,-0.70
7591,10.00,9.57,0.00,0.00,0.25,0.75,1.00,0.00,0.67
7592,10.00,17.74,0.17,0.23,0.10,2.17,2.13,0.50,-0.29
7593,10.00,9.28,0.00,0.10,0.00,0.50,0.60,0.40,-1.71
7594,9.00,16.27,0.08,0.15,0.06,1.29,0.90,0.88,-0.79
7598,9.00,22.92,0.65,0.62,0.33,3.67,5.10,0.88,0.92
7599,9.00,18.11,0.19,0.16,0.09,1.28,1.60,1.02,0.68
7601,10.00,15.76,0.47,0.25,0.05,1.29,2.53,0.51,0.19
7604,10.00,13.53,0.45,0.21,0.07,1.34,2.72,0.53,-0.07
7605,10.00,13.24,0.11,0.16,0.04,0.84,1.71,0.20,-0.29
7606,10.00,15.94,0.23,0.28,0.06,1.53,2.11,0.17,-0.54
7607,9.00,23.63,1.29,0.51,0.24,2.84,5.18,0.29,-0.17
7608,10.00,0.02,0.00,0.00,0.00,0.00,0.00,0.00,
7609,10.00,16.02,0.45,0.20,0.07,1.55,2.57,0.25,0.50
7611,9.00,15.72,0.04,0.09,0.09,1.13,0.65,0.57,0.79
7613,10.00,14.75,0.03,0.03,0.05,0.73,0.86,0.59,-0.33
7614,9.00,23.93,0.88,0.38,0.62,2.75,4.50,1.00,2.25
7616,9.00,15.41,0.29,0.29,0.04,1.31,1.95,0.42,0.17
7617,9.00,15.99,0.00,0.20,0.00,0.70,0.40,0.70,-0.12
7620,10.00,0.57,0.00,0.00,0.00,0.00,0.00,0.00,
7624,10.00,14.77,0.42,0.14,0.04,1.42,2.30,0.28,0.04
7626,9.00,12.13,0.21,0.09,0.02,1.04,1.26,0.28,-0.74
7627,10.00,14.43,0.28,0.25,0.09,1.26,1.91,0.29,-0.27
7629,10.00,16.94,0.08,0.08,0.24,1.69,1.10,0.80,-0.30
7630,10.00,16.60,0.43,0.19,0.03,1.89,2.49,0.32,0.36
7660,9.00,0.00,0.00,0.40,0.00,1.20,3.60,0.00,1.60
7678,10.00,13.57,0.05,0.14,0.05,1.10,1.43,0.29,-1.12
7706,10.00,17.42,0.40,0.21,0.10,1.54,2.27,0.35,0.49
7707,9.00,15.54,0.00,0.00,0.67,1.33,1.67,0.67,-0.33
7710,10.00,18.19,0.61,0.48,0.13,2.28,4.22,0.20,0.27
7711,10.00,12.90,0.00,0.00,0.00,0.00,0.00,2.00,-1.00
7712,10.00,13.76,0.38,0.31,0.05,0.98,2.07,0.21,0.47
7713,10.00,11.55,0.00,0.00,0.00,0.55,0.10,0.45,-0.73
7715,9.00,16.16,0.20,0.12,0.04,1.49,1.32,0.80,0.41
7716,10.00,16.44,0.39,0.06,0.03,2.04,2.72,0.54,-0.56
7717,9.00,19.36,0.00,0.25,0.00,1.50,0.50,1.50,-0.25
7719,10.00,15.99,0.96,0.18,0.00,2.21,5.04,0.18,0.35
7720,9.00,17.66,0.12,0.12,0.10,1.17,1.21,0.95,-0.03
7721,10.00,17.68,0.36,0.09,0.00,2.14,2.27,0.32,-0.58
7723,10.00,23.99,0.40,0.20,0.00,1.20,2.40,0.00,-2.60
7726,10.00,14.89,0.44,0.22,0.07,1.13,2.21,0.23,0.19
7727,9.00,16.42,0.12,0.12,0.04,1.83,1.14,0.82,0.09
7728,10.00,16.34,1.04,0.56,0.08,2.16,5.68,0.32,0.58
7729,10.00,15.56,0.42,0.63,0.17,1.75,2.44,0.40,1.00
7735,10.00,15.96,0.50,0.31,0.14,1.50,2.94,0.19,-0.18
7736,10.00,20.00,0.60,0.00,0.00,0.80,3.00,0.40,0.40
7748,10.00,13.97,0.04,0.04,0.07,0.57,0.64,0.46,-0.13
7754,10.00,17.06,1.00,0.67,0.00,1.56,4.22,0.11,2.62
7756,10.00,13.03,0.24,0.06,0.00,1.31,1.59,0.24,-0.03
7757,10.00,16.98,0.33,0.47,0.11,1.14,2.30,0.30,0.53
7758,10.00,13.98,0.18,0.18,0.00,0.45,0.82,0.45,-1.10
7759,9.00,14.68,0.00,0.05,0.05,0.57,0.62,0.24,0.29
7760,9.00,16.63,0.55,0.38,0.07,2.34,3.17,0.21,0.48
7761,9.00,14.09,0.02,0.05,0.00,0.59,0.27,0.45,-0.33
7762,10.00,16.04,0.33,0.14,0.06,1.90,2.61,0.10,0.07
7763,10.00,10.71,0.24,0.12,0.03,0.97,2.00,0.24,0.27
7766,10.00,14.60,0.21,0.06,0.00,1.47,1.94,0.24,-2.17
7767,10.00,15.18,0.06,0.18,0.02,0.65,1.43,0.45,-1.70
7768,10.00,19.10,0.68,0.16,0.02,2.84,3.66,0.77,-1.32
7769,10.00,15.00,0.24,0.17,0.02,1.06,2.02,0.19,-0.34
7770,9.00,15.56,0.00,0.00,0.03,0.44,0.39,0.53,-0.48
7771,9.00,17.47,0.08,0.05,0.01,1.33,1.36,0.58,0.15
7772,10.00,15.43,0.11,0.06,0.09,1.02,0.93,0.48,-1.31
7774,10.00,9.91,0.00,0.04,0.00,0.88,0.50,0.12,-0.26
7775,10.00,12.58,0.28,0.10,0.00,1.02,1.75,0.12,0.18
7776,9.00,13.90,0.03,0.03,0.00,0.65,0.24,0.56,0.30
7777,9.00,18.00,0.00,0.33,0.00,0.33,0.67,0.67,2.00
7780,10.00,16.01,0.28,0.29,0.17,1.54,2.32,0.20,0.05
7781,10.00,16.34,0.64,0.23,0.05,2.15,4.44,0.15,0.15
7782,9.00,14.94,0.04,0.00,0.00,0.64,0.50,0.46,0.55
7788,10.00,19.24,0.86,0.64,0.27,2.32,5.18,0.14,-0.29
7789,10.00,13.23,0.00,0.00,0.00,0.33,0.33,0.22,0.00
7792,9.00,9.80,0.02,0.05,0.02,0.53,0.53,0.23,-0.40
7793,10.00,14.06,0.58,0.11,0.05,2.00,2.42,0.53,-0.37
7794,10.00,16.95,0.77,0.43,0.19,1.72,4.42,0.15,0.26
7795,9.00,0.00,0.00,0.00,0.00,0.00,0.00,0.00,
7796,9.00,0.00,0.00,0.00,0.00,0.00,0.00,0.00,
7797,10.00,21.89,0.00,0.17,0.04,0.58,1.00,1.08,0.13
7798,9.00,14.87,0.00,0.00,0.00,0.00,1.00,0.00,0.00
7799,10.00,16.10,0.35,0.24,0.18,1.94,2.06,0.09,0.20
7800,9.00,16.20,0.09,0.13,0.07,1.09,0.95,0.49,-0.18
7802,10.00,20.96,1.13,0.73,0.23,2.67,5.00,0.20,1.16
7803,9.00,17.21,0.26,0.18,0.11,1.53,1.85,0.75,-0.08
7804,10.00,21.24,0.23,0.38,0.23,1.92,2.00,0.54,1.58
7805,9.00,15.96,0.11,0.31,0.09,0.96,0.93,0.65,0.57
7807,9.00,15.22,0.27,0.55,0.18,1.09,2.36,0.36,0.50
7812,9.00,13.18,0.08,0.10,0.10,0.60,0.75,0.94,0.07
7813,10.00,13.75,0.47,0.20,0.05,2.30,3.02,0.13,0.16
7815,10.00,15.81,0.29,0.19,0.11,1.03,1.97,0.67,0.42
7817,9.00,7.33,0.25,0.00,0.00,1.00,0.75,0.00,1.00
7818,10.00,17.59,0.64,0.64,0.24,2.22,3.31,0.46,0.24
7819,10.00,9.61,0.00,0.00,0.00,0.40,0.30,0.30,-1.00
7820,9.00,0.00,0.00,0.00,0.00,0.00,0.00,0.00,
7822,10.00,0.00,0.00,0.00,0.00,0.00,0.00,0.00,
7823,10.00,11.96,0.29,0.11,0.03,1.14,1.66,0.11,-0.50
7824,10.00,11.90,0.05,0.00,0.00,0.57,0.38,0.14,-1.71
7825,10.00,19.96,1.62,0.69,0.15,2.92,4.85,0.23,0.92
7826,10.00,15.30,0.37,0.10,0.03,0.83,2.33,0.10,-0.81
7827,10.00,12.94,0.35,0.19,0.04,1.31,2.35,0.04,-0.19
7828,10.00,17.07,1.27,0.38,0.11,2.74,5.29,0.26,0.53
7829,9.00,9.13,0.14,0.00,0.00,0.57,1.43,0.29,0.00
7830,9.00,10.13,0.00,0.00,0.00,0.73,0.27,0.55,-1.60
7831,10.00,11.39,0.14,0.00,0.00,0.57,0.57,0.29,-0.50
7832,10.00,7.56,0.09,0.09,0.09,0.82,0.82,0.09,1.80
7833,9.00,18.23,0.05,0.18,0.09,1.00,0.64,1.00,0.11
7834,10.00,12.96,0.20,0.07,0.13,0.70,1.17,0.10,-0.43
7836,9.00,19.90,0.10,0.23,0.00,1.35,1.56,0.96,0.18
7838,10.00,16.99,1.54,0.45,0.12,3.12,6.36,0.23,0.78
7839,9.00,14.58,0.34,0.28,0.07,1.03,2.24,0.10,0.27
7840,10.00,19.24,0.93,0.58,0.12,1.98,4.58,0.19,-0.02
7841,9.00,0.00,0.00,0.00,0.00,0.00,0.00,0.00,
7842,10.00,8.13,0.33,0.33,0.00,1.33,1.33,0.33,-0.50
7844,10.00,13.75,1.00,0.00,0.50,2.00,2.00,0.00,0.50
7846,10.00,16.54,0.65,0.24,0.13,2.11,3.36,0.13,-0.14
7847,10.00,16.69,0.55,0.30,0.10,1.55,3.38,0.17,0.31
7848,10.00,13.60,0.50,0.25,0.00,0.00,1.00,0.00,-1.75
7852,9.00,22.48,0.06,0.25,0.12,1.25,2.44,1.56,0.19
7853,10.00,13.12,0.10,0.10,0.00,0.60,1.50,0.30,-0.20
7854,10.00,18.11,0.59,0.84,0.25,2.61,4.45,0.25,0.26
7855,10.00,16.98,1.21,0.62,0.07,3.31,5.66,0.38,1.96
7856,10.00,11.30,0.05,0.10,0.10,1.05,2.19,0.05,-0.93
7857,10.00,15.68,0.47,0.33,0.09,1.64,3.42,0.16,0.55
7858,10.00,17.76,0.16,0.05,0.11,0.95,2.37,0.74,0.22
7859,10.00,16.14,0.06,0.39,0.06,0.83,2.17,0.50,-0.25
7860,9.00,17.83,0.14,0.08,0.16,1.89,1.92,0.76,-0.41
7861,10.00,16.45,0.58,0.39,0.19,1.96,3.86,0.21,0.16
7862,9.00,0.00,0.00,0.00,0.00,0.00,0.00,0.00,
7863,10.00,6.12,0.11,0.08,0.00,0.45,0.71,0.03,-1.00
7865,9.00,13.26,0.03,0.06,0.09,0.94,0.94,1.52,-0.35
7866,10.00,15.15,0.47,0.25,0.18,1.60,3.09,0.37,-0.02
7868,10.00,5.41,0.00,0.00,0.00,0.33,0.00,0.67,-4.00
7869,10.00,16.00,0.44,0.11,0.00,1.33,3.33,0.00,-2.50
7870,10.00,0.13,0.00,0.00,0.00,0.00,0.00,0.00,
7871,10.00,12.21,0.21,0.21,0.05,1.03,1.74,0.16,-1.19
7872,9.00,0.00,0.00,0.00,0.00,0.00,0.00,0.00,
7873,9.00,7.58,0.00,0.00,0.00,0.14,0.14,0.29,-2.50
7874,9.00,3.71,0.00,0.00,0.00,0.33,0.17,0.17,1.50
7875,10.00,8.21,0.00,0.00,0.00,0.38,0.62,0.00,-1.50
7876,10.00,14.08,0.00,0.00,0.00,0.00,2.00,0.00,-2.00
7877,9.00,2.33,0.00,0.00,0.00,0.00,0.00,0.57,-1.67
7878,10.00,17.47,0.33,0.13,0.13,1.00,3.00,0.20,-1.85
7879,10.00,22.71,0.14,0.14,0.29,1.14,2.14,1.00,-0.67
7880,10.00,13.57,0.25,0.42,0.00,1.33,2.33,0.08,-1.92
7882,9.00,20.99,0.00,0.11,0.11,0.56,0.22,0.89,-2.11
7886,9.00,8.97,0.07,0.00,0.00,0.53,0.47,0.27,-1.00
7887,10.00,20.51,0.77,0.51,0.13,2.23,4.00,0.57,0.62
7888,10.00,6.44,0.02,0.02,0.00,0.34,0.44,0.07,-1.14
7889,10.00,9.55,0.03,0.06,0.03,0.23,0.60,0.34,-0.40
7891,9.00,16.48,0.00,0.00,0.00,0.00,1.00,2.00,-1.00
7892,10.00,17.56,0.07,0.07,0.07,1.57,1.86,0.29,0.25
7893,10.00,14.47,0.12,0.08,0.05,1.02,1.04,0.71,0.29
7895,10.00,21.96,0.00,0.33,0.33,3.67,4.00,0.00,0.50
7896,10.00,16.36,0.00,0.10,0.00,0.30,0.20,0.20,-1.29
7897,10.00,18.53,1.08,0.50,0.15,3.62,6.12,0.35,0.52
7899,10.00,17.35,0.26,0.17,0.03,1.17,2.11,0.23,-0.22
7900,10.00,22.23,0.00,0.07,0.00,1.14,1.21,0.86,-1.23
7901,10.00,17.66,0.25,0.25,0.10,2.02,2.65,0.25,-0.32
7902,10.00,15.31,0.25,0.50,0.00,0.75,1.50,0.00,1.67
7903,10.00,16.93,0.09,0.04,0.09,0.91,0.74,0.89,0.61
7904,10.00,9.62,0.04,0.09,0.00,0.78,1.00,0.35,-0.62
7906,10.00,12.87,0.00,0.00,0.14,0.57,2.14,0.29,-0.60
7907,9.00,15.55,1.14,0.44,0.06,2.92,4.64,0.14,1.00
7909,9.00,17.32,0.14,0.07,0.07,1.83,1.28,1.53,0.61
7910,10.00,12.28,0.17,0.08,0.00,1.08,1.96,0.04,0.19
7911,10.00,11.29,0.15,0.00,0.08,0.69,1.31,0.38,0.11
7912,10.00,10.30,0.15,0.13,0.00,0.43,0.63,0.02,-0.15
7914,10.00,17.27,0.00,0.12,0.00,2.00,2.50,0.12,-0.50
7915,9.00,16.39,0.13,0.08,0.05,1.82,1.05,0.97,-0.49
7916,9.00,9.26,0.00,0.25,0.00,0.25,0.50,0.00,-1.00
7917,10.00,8.69,0.20,0.20,0.00,1.20,1.60,0.00,0.67
7918,10.00,15.51,0.15,0.44,0.10,0.80,1.49,0.20,0.00
7919,10.00,16.82,1.11,0.36,0.05,2.84,4.98,0.11,0.49
7920,9.00,18.21,0.02,0.11,0.09,1.14,0.45,1.43,0.41
7921,9.00,9.07,0.07,0.00,0.07,0.73,0.47,0.20,0.38
7928,9.00,12.22,1.00,0.00,0.00,1.00,1.00,0.00,0.00
7929,9.00,8.60,0.00,0.00,0.00,0.00,0.00,0.00,-5.00
7930,10.00,10.85,0.30,0.45,0.20,0.90,1.20,0.10,-0.12
7932,9.00,18.57,0.06,0.00,0.04,0.94,0.96,0.85,-1.53
7935,10.00,14.37,0.16,0.19,0.07,0.79,1.44,0.44,-0.57
7936,9.00,13.58,0.10,0.08,0.05,0.93,0.83,0.25,0.17
7938,10.00,12.09,0.25,0.00,0.00,0.75,2.00,0.25,-0.50
7939,10.00,17.37,1.03,0.41,0.15,1.90,3.95,0.12,1.64
7940,10.00,7.32,0.00,0.00,0.00,0.78,0.11,0.00,-1.50
7941,10.00,13.76,0.23,0.08,0.00,0.62,0.69,0.31,-0.73
7943,10.00,11.73,0.09,0.07,0.00,0.86,0.93,0.28,0.04
7944,9.00,12.04,0.00,0.00,0.00,0.27,0.23,0.33,-0.57
7945,10.00,9.43,0.00,0.00,0.00,0.28,0.34,0.14,-1.55
7946,10.00,11.94,0.31,0.08,0.00,0.77,2.31,0.00,-0.33
7947,10.00,15.45,0.86,0.07,0.00,2.21,3.36,0.00,-0.09
7948,10.00,11.74,0.06,0.06,0.00,0.81,1.00,0.25,-0.75
7949,9.00,15.22,0.04,0.12,0.01,0.88,0.39,0.85,0.38
7950,9.00,14.50,0.06,0.06,0.00,0.85,0.56,0.81,-0.05
7951,9.00,11.55,0.00,1.00,0.00,0.00,0.00,1.00,0.00
7952,9.00,19.93,0.48,0.43,0.09,1.46,2.17,1.00,0.51
7953,10.00,8.39,0.20,0.12,0.04,0.80,1.40,0.00,-0.43
7956,9.00,13.32,0.05,0.03,0.03,1.57,0.97,0.57,-1.00
7957,9.00,8.34,0.08,0.00,0.00,0.38,0.33,0.00,-0.80
7958,10.00,13.75,0.12,0.20,0.24,0.60,1.20,0.36,0.17
7959,10.00,8.97,0.02,0.02,0.02,0.44,0.23,0.53,-0.65
7960,10.00,8.71,0.06,0.00,0.00,0.12,0.81,0.00,-1.00
7961,10.00,10.38,0.19,0.00,0.03,0.97,1.16,0.16,0.16
7963,10.00,17.67,0.50,0.25,0.06,2.25,2.31,0.25,-0.33
7964,10.00,15.13,0.06,0.15,0.06,1.53,0.85,0.79,-0.31
7965,10.00,20.01,0.43,0.31,0.13,1.84,3.00,0.79,-0.12
7967,10.00,16.36,0.23,0.20,0.07,1.41,2.36,0.44,-0.38
7968,9.00,10.54,0.00,0.07,0.00,0.29,0.57,0.79,-1.33
7971,9.00,9.08,0.00,0.13,0.07,1.00,0.47,0.13,-1.50
7972,9.00,15.60,0.50,0.00,0.00,1.50,1.50,2.00,0.00
7973,10.00,9.65,0.15,0.15,0.00,0.75,0.80,0.25,-0.44
7974,10.00,13.75,0.16,0.16,0.00,0.67,1.07,0.04,-0.53
7975,10.00,10.66,0.18,0.00,0.00,0.46,0.82,0.11,-0.50
7976,10.00,0.00,0.00,0.00,0.00,0.00,0.00,0.00,
7977,10.00,11.17,0.21,0.06,0.00,0.70,1.21,0.12,-0.12
7980,10.00,22.38,0.97,0.55,0.16,2.56,4.36,0.15,0.12
7983,9.00,18.56,0.23,0.21,0.00,1.72,1.77,0.58,-0.22
7985,10.00,10.12,0.09,0.18,0.00,0.27,0.55,0.09,-1.00
7986,10.00,7.65,0.00,0.00,0.00,0.50,0.83,0.17,-1.75
7987,9.00,11.52,0.00,0.04,0.04,0.22,0.15,0.26,-0.63
7988,10.00,10.86,0.10,0.10,0.00,0.50,0.20,0.10,-1.44
7989,10.00,11.73,0.40,0.00,0.00,0.00,1.00,0.20,1.67
7990,10.00,9.73,0.08,0.00,0.08,0.31,0.77,0.00,-1.38
7991,9.00,5.89,0.00,0.00,0.00,0.33,0.33,0.33,
7992,10.00,7.61,0.00,0.08,0.00,0.23,0.31,0.00,-1.25
7993,9.00,11.86,0.00,0.00,0.00,1.00,0.50,0.50,-0.50
7994,9.00,27.02,0.13,0.27,0.09,1.76,1.14,1.89,0.05
7995,9.00,13.58,0.00,0.19,0.10,1.57,0.33,1.00,-0.13
7996,10.00,23.06,0.90,0.31,0.08,3.08,4.65,0.39,0.36
7997,9.00,14.52,0.17,0.07,0.00,0.85,1.30,0.97,-0.22
7998,10.00,9.31,0.17,0.00,0.00,0.67,0.83,0.33,-1.20
7999,9.00,14.89,0.39,0.35,0.16,1.37,2.27,0.14,-0.24
8000,10.00,15.91,0.66,0.66,0.24,1.68,3.66,0.34,0.67
8003,10.00,14.40,0.18,0.09,0.00,0.36,0.64,0.09,-2.82
8004,10.00,14.09,0.44,0.25,0.08,1.33,2.23,0.25,0.79
8005,10.00,14.30,0.00,0.10,0.00,1.00,1.50,0.55,-0.27
8006,10.00,17.30,0.75,0.25,0.08,2.51,4.27,0.06,0.31
8007,9.00,13.85,0.00,0.06,0.00,0.53,0.59,0.35,-0.62
8008,9.00,14.10,0.10,0.17,0.10,0.52,0.93,1.00,-0.52
8009,9.00,13.71,0.00,0.00,0.00,1.08,1.08,0.08,-1.25
8014,9.00,18.51,0.03,0.07,0.03,1.83,1.17,0.41,0.56
8016,10.00,15.39,0.19,0.38,0.14,1.24,1.71,0.14,-0.20
8018,10.00,10.31,0.62,0.50,0.17,0.88,2.12,0.21,1.43
8019,10.00,14.55,0.11,0.15,0.04,1.26,1.80,0.39,0.45
8021,10.00,6.98,0.25,0.00,0.00,0.25,0.50,0.12,-0.67
8023,10.00,12.11,0.21,0.05,0.00,0.53,1.47,0.26,0.08
8024,10.00,17.72,0.85,0.35,0.05,3.60,4.05,0.05,0.70
8025,10.00,15.25,0.93,0.31,0.30,2.60,4.64,0.11,0.77
8027,10.00,13.40,0.11,0.02,0.11,0.91,1.47,0.36,-0.18
8028,10.00,22.39,0.75,0.00,0.00,0.25,2.50,0.75,-2.67
8029,9.00,24.24,0.00,0.12,0.00,0.62,0.38,0.75,-0.75
8032,9.00,17.46,0.03,0.03,0.03,1.25,0.83,0.66,0.40
8033,10.00,0.00,0.00,0.00,0.00,0.00,0.00,0.00,
8034,9.00,17.43,0.00,0.00,0.00,0.27,0.09,0.27,-1.00
8035,10.00,19.19,0.62,0.23,0.00,1.38,2.23,0.08,-0.09
8036,10.00,0.00,0.00,0.00,0.00,0.00,0.00,0.00,
8037,10.00,26.03,0.45,0.19,0.14,2.33,3.22,0.98,-0.57
8038,10.00,23.88,0.81,0.48,0.21,2.16,3.90,0.32,-0.75
8041,9.00,13.02,0.17,0.11,0.05,1.27,1.33,0.65,0.91
8042,10.00,17.36,0.15,0.03,0.03,0.68,0.56,0.88,-0.35
8046,10.00,18.42,0.71,0.18,0.10,2.86,3.35,0.24,0.04
8047,10.00,12.10,0.00,0.00,0.00,0.11,0.33,0.00,-1.43
8049,9.00,17.21,0.00,0.00,0.00,0.67,0.47,0.53,-0.27
8050,10.00,17.30,0.50,0.50,0.00,1.25,2.75,0.00,1.33
8051,10.00,16.33,0.40,0.00,0.00,1.00,2.00,0.00,-0.75
8052,10.00,4.72,0.00,0.00,0.00,0.00,0.50,0.00,-2.00
8053,9.00,23.40,0.36,0.22,0.06,2.56,3.41,0.58,-0.10
8054,10.00,17.46,0.39,0.28,0.06,1.56,2.11,0.28,-0.94
8055,10.00,20.97,0.25,0.19,0.06,1.36,1.92,1.53,-1.18
8056,10.00,19.51,0.31,0.27,0.09,1.33,2.32,0.57,-0.76
8057,9.00,19.79,0.05,0.14,0.05,1.12,0.79,0.86,-1.10
8058,10.00,17.94,0.17,0.17,0.00,1.33,3.17,0.00,-1.20
8060,9.00,10.96,0.00,0.00,0.00,0.33,0.00,0.33,-0.50
8061,9.00,14.07,0.08,0.14,0.03,0.68,0.62,0.97,0.12
8062,9.00,18.07,0.00,0.00,0.00,0.20,0.80,0.60,-0.20
8063,9.00,16.47,0.08,0.23,0.08,0.31,0.85,0.54,-0.60
8064,10.00,14.36,0.05,0.11,0.08,0.58,0.87,1.05,-0.55
8065,10.00,9.98,0.08,0.00,0.00,0.85,0.46,0.08,-0.29
8066,10.00,14.33,0.07,0.21,0.00,0.21,0.50,0.07,-0.64
8067,10.00,10.88,0.02,0.12,0.00,0.46,0.51,0.17,-1.12
8068,10.00,4.60,0.00,0.00,0.00,0.00,0.00,0.00,
8069,10.00,17.44,0.80,0.26,0.03,1.86,3.51,0.89,-0.23
8074,10.00,17.23,0.69,0.22,0.08,2.44,3.89,0.17,-0.26
8075,10.00,14.20,0.21,0.15,0.00,1.30,1.87,0.42,-0.81
8076,10.00,11.71,0.00,0.06,0.00,0.81,0.62,0.31,-0.50
8077,10.00,13.75,0.23,0.05,0.00,0.59,1.27,0.09,0.50
8078,9.00,20.01,0.33,0.10,0.00,1.52,2.38,0.38,-0.67
8079,10.00,16.63,0.47,0.33,0.17,1.47,2.40,0.13,-0.48
8081,9.00,16.24,0.53,0.26,0.11,2.37,2.68,0.26,-0.82
8082,10.00,14.20,0.40,0.30,0.00,0.80,1.60,0.50,-0.25
8083,9.00,17.99,0.47,0.21,0.12,1.84,2.74,0.67,0.81
8084,9.00,22.64,0.31,0.28,0.16,1.18,1.70,0.72,0.89
8085,9.00,15.26,0.05,0.07,0.05,0.88,0.92,0.59,-0.67
8087,10.00,14.47,0.16,0.19,0.05,0.79,1.98,0.30,-1.13
8089,10.00,10.02,0.17,0.00,0.00,0.50,0.67,0.50,-2.00
8090,9.00,23.25,0.25,0.30,0.20,0.80,1.50,0.70,0.29
8091,10.00,16.30,0.54,0.35,0.03,2.57,3.57,0.27,0.65
8092,9.00,20.95,0.24,0.57,0.10,3.95,4.81,0.81,0.20
8093,10.00,19.71,0.71,0.43,0.00,1.43,2.29,0.57,0.43
8094,10.00,10.57,0.26,0.02,0.05,1.07,1.64,0.21,-0.39
8095,10.00,15.22,0.28,0.30,0.11,1.64,1.87,0.38,0.81
8096,9.00,17.81,0.05,0.23,0.07,2.12,1.50,0.62,0.94
8097,10.00,22.59,0.81,0.59,0.32,2.16,4.20,0.74,-0.24
8098,9.00,18.38,0.06,0.18,0.04,1.35,1.14,0.73,-0.51
8099,10.00,7.39,0.50,0.00,0.00,0.00,0.50,0.00,2.00
8100,9.00,22.68,1.50,0.25,0.00,2.00,4.25,0.25,1.50
8101,10.00,10.48,0.18,0.11,0.07,1.80,2.85,0.07,-0.25
8102,9.00,10.41,0.00,0.00,0.00,1.43,1.00,0.29,0.33
8103,10.00,0.20,0.00,0.00,0.00,0.00,0.00,0.00,-1.00
8104,10.00,0.02,0.00,0.00,0.00,0.00,0.00,0.00,
8105,10.00,14.79,0.57,0.36,0.09,1.55,3.38,0.15,0.85
8106,10.00,16.65,0.57,0.31,0.02,2.24,3.73,0.37,0.45
8107,10.00,15.64,0.39,0.36,0.15,1.74,2.77,0.16,0.41
8108,9.00,23.98,0.53,0.27,0.07,3.67,4.07,0.53,0.13
8109,10.00,15.21,0.10,0.00,0.00,0.75,0.65,0.20,-1.56
8110,10.00,16.60,0.59,0.37,0.02,3.32,4.07,0.10,0.82
8112,10.00,9.83,1.00,0.00,0.00,0.00,2.50,0.00,-1.00
8113,10.00,18.35,0.32,0.30,0.08,3.28,2.58,0.28,0.68
8115,9.00,0.00,0.00,0.00,0.00,0.00,0.00,0.00,
8118,9.00,19.99,0.18,0.18,0.09,1.50,1.91,0.68,0.14
8122,9.00,19.70,0.40,0.20,0.00,1.00,1.60,0.20,0.60
8123,9.00,18.53,0.68,0.32,0.10,2.34,4.16,0.52,0.60
8124,10.00,0.00,0.00,0.00,0.00,0.00,0.00,0.00,
8125,10.00,0.00,0.00,0.00,0.00,0.00,0.00,0.00,
8126,10.00,0.00,0.00,0.00,0.00,0.00,0.00,0.00,
8127,9.00,0.00,0.00,0.00,0.00,0.00,0.00,0.00,
8146,10.00,16.30,0.64,0.72,0.22,0.94,2.61,0.19,0.74
8147,9.00,14.95,0.09,0.11,0.02,1.55,0.89,0.61,-0.26
8148,9.00,14.73,0.11,0.14,0.02,1.20,1.27,0.66,-0.55
8149,9.00,17.30,0.13,0.18,0.04,1.82,1.51,0.49,0.13
8150,10.00,7.47,0.00,0.00,0.00,0.67,1.00,0.00,1.00
8152,10.00,16.45,1.00,0.33,0.11,3.93,4.67,0.33,-0.04
8153,9.00,16.41,0.36,0.27,0.14,1.50,2.41,0.23,1.05
8154,10.00,16.33,0.45,0.24,0.03,1.31,1.59,0.21,0.63
8155,10.00,14.59,0.00,0.35,0.00,0.18,0.35,1.00,-0.31
8156,10.00,20.75,0.53,0.63,0.27,2.10,3.76,0.49,0.68
8157,9.00,0.00,0.00,0.00,0.00,1.00,0.00,0.00,
8158,10.00,0.00,0.00,0.00,0.00,0.00,0.00,0.00,
8159,10.00,0.00,0.00,0.00,0.00,0.00,0.00,0.00,
8160,10.00,0.00,0.00,0.00,0.00,0.00,0.00,0.00,
8161,10.00,0.00,0.00,0.00,0.00,0.00,0.00,0.00,
8162,10.00,0.00,0.00,0.00,0.00,0.00,0.00,0.00,
8177,10.00,17.44,1.16,0.95,0.17,1.90,4.13,0.10,1.33
8178,9.00,17.97,0.28,0.38,0.08,1.57,1.40,0.33,0.67
8179,10.00,15.79,0.11,0.07,0.00,0.78,0.96,0.56,-1.43
8180,9.00,22.99,0.57,0.38,0.31,3.21,5.03,0.59,0.57
8182,9.00,18.48,0.08,0.00,0.08,1.50,0.92,0.50,1.00
8186,10.00,11.25,0.00,0.20,0.00,0.40,0.20,0.80,-1.00
8187,9.00,8.07,0.20,0.20,0.00,0.60,0.80,0.20,-1.80
8199,10.00,8.73,0.00,0.00,0.00,1.20,0.80,0.40,-1.00
8201,9.00,12.60,0.00,0.00,0.00,0.00,0.25,0.50,-2.00
8205,9.00,25.70,0.25,0.50,0.00,0.25,0.75,0.25,-0.50
8206,10.00,32.57,1.25,0.50,0.25,2.00,4.75,0.50,-1.00
8213,10.00,4.26,0.00,0.00,0.00,0.20,0.40,0.00,-0.67
8221,10.00,6.25,0.50,0.00,0.00,0.00,0.75,0.00,0.00
8222,10.00,7.27,0.20,0.20,0.00,0.60,0.80,0.20,-0.60
8225,10.00,5.38,0.00,0.00,0.00,0.00,0.00,0.20,-0.33
8226,10.00,0.00,0.00,0.00,0.00,0.00,0.00,0.00,
8228,9.00,0.00,0.00,0.00,0.00,0.00,0.00,0.00,
8250,9.00,11.64,0.00,0.00,0.00,0.00,0.00,0.25,-2.00
8254,10.00,25.09,0.25,0.00,0.00,0.50,2.00,0.00,-1.25
8256,10.00,5.78,0.00,0.11,0.00,0.44,0.33,0.11,-0.67
8257,10.00,15.34,0.36,0.34,0.09,1.51,2.43,0.10,0.36
8259,10.00,11.95,0.23,0.16,0.00,0.69,1.44,0.12,-0.42
8262,9.00,21.90,0.30,0.00,0.00,1.00,1.90,0.60,-1.20
8263,9.00,13.50,0.00,0.09,0.00,0.91,0.55,1.36,-0.38
8264,10.00,0.00,0.00,0.00,0.00,0.00,0.00,0.00,
8266,9.00,16.84,0.11,0.07,0.02,2.15,1.33,0.28,-1.38
8267,9.00,0.00,0.00,0.00,0.00,0.00,0.00,0.00,
8268,9.00,12.61,0.22,0.00,0.00,0.89,1.11,0.33,-0.57
8270,10.00,18.31,0.21,0.25,0.08,1.58,1.96,0.92,0.41
8294,10.00,20.07,1.21,0.53,0.32,2.74,5.16,0.21,0.47
8309,10.00,13.74,0.00,0.20,0.20,0.80,1.20,0.60,-1.50
8311,10.00,14.87,0.43,0.15,0.13,1.20,3.07,0.20,0.63
8313,10.00,9.32,0.00,0.25,0.00,0.50,0.75,0.50,-0.40
8317,9.00,11.76,0.29,0.00,0.00,0.71,1.29,0.00,-1.75
8319,9.00,10.05,0.00,0.00,0.00,2.50,1.00,0.00,-1.00
8323,10.00,21.33,0.80,1.00,0.00,2.40,3.00,0.40,1.00
8330,9.00,22.46,0.20,0.20,0.00,1.80,2.20,0.80,3.00
8331,10.00,21.31,0.60,0.60,0.00,2.20,3.40,0.40,1.60
8344,10.00,15.01,0.30,0.53,0.17,2.11,2.98,0.23,0.76
8353,9.00,5.88,0.00,0.00,0.00,0.50,0.00,0.00,-3.00
8354,9.00,19.82,0.13,0.10,0.03,0.55,1.23,0.71,-1.07
8358,10.00,0.00,0.00,0.00,0.00,0.00,0.00,0.00,
8361,10.00,19.12,0.50,0.32,0.03,1.18,1.85,0.18,-0.76
8364,10.00,10.62,0.33,0.15,0.03,1.15,1.62,0.26,-0.18
8365,9.00,0.00,0.00,0.00,0.00,0.00,0.00,0.00,
8368,10.00,14.76,0.45,0.33,0.10,1.62,3.00,0.25,-0.58
8373,10.00,14.76,0.12,0.12,0.04,0.76,2.00,0.00,-1.33
8374,10.00,10.10,0.09,0.00,0.00,0.82,1.45,0.09,1.00
8375,9.00,16.67,0.00,0.08,0.08,0.64,0.76,1.60,0.17
8376,10.00,17.17,0.22,0.20,0.03,1.34,1.71,0.42,-1.12
8377,10.00,16.25,0.00,0.00,0.00,0.33,1.67,0.33,-3.50
8378,9.00,15.46,0.17,0.15,0.07,1.89,1.79,0.25,0.46
8379,10.00,13.88,1.18,0.41,0.10,1.64,4.18,0.08,1.53
8381,10.00,15.41,0.25,0.12,0.12,2.88,2.75,0.25,-1.86
8382,10.00,7.94,0.00,0.00,0.00,1.00,1.25,0.00,-1.00
8404,10.00,23.33,1.09,0.82,0.09,3.55,6.18,0.55,0.40
8405,10.00,13.39,0.00,0.00,0.00,1.67,1.00,0.67,-1.00
8406,9.00,20.93,0.18,0.41,0.12,1.94,2.35,0.47,2.00
8408,10.00,19.87,0.35,0.22,0.00,2.17,4.26,0.35,-1.57
8409,9.00,11.19,0.00,0.00,0.00,0.10,0.20,0.10,-1.62
8415,10.00,13.41,0.33,0.67,0.00,1.00,2.00,0.33,0.33
8416,10.00,10.93,0.37,0.11,0.02,1.45,1.85,0.09,-0.20
8432,10.00,18.10,0.60,0.00,0.00,0.60,1.00,0.00,0.00
8433,9.00,16.27,0.10,0.03,0.07,0.70,0.77,0.93,-0.73
8435,9.00,0.00,0.00,0.00,0.00,0.00,0.00,0.00,
8436,10.00,0.00,0.00,0.00,0.00,0.00,0.00,0.00,
8437,10.00,20.09,0.52,0.12,0.09,2.45,3.60,0.53,-0.52
8443,10.00,19.93,1.00,0.80,0.00,2.00,3.40,0.00,3.00
8445,10.00,21.27,0.58,0.32,0.03,1.42,3.50,0.50,-0.22
8446,10.00,15.50,0.63,0.40,0.04,2.69,4.63,0.13,0.61
8447,10.00,0.00,0.00,0.00,0.00,0.00,0.00,0.00,
8448,9.00,0.00,0.00,0.00,0.00,0.00,0.00,0.00,
8450,9.00,0.00,0.00,0.00,0.00,0.00,0.00,0.00,
8478,9.00,13.78,0.04,0.04,0.04,1.71,0.82,0.25,0.22
8479,10.00,20.97,0.47,0.22,0.05,1.73,3.24,0.37,0.02
8480,9.00,0.00,0.00,0.00,0.00,0.00,0.00,0.00,
8481,10.00,12.92,0.30,0.19,0.04,1.93,2.93,0.11,0.09
8482,10.00,11.81,0.57,0.05,0.05,1.57,2.76,0.33,-0.21
8484,9.00,0.00,0.00,0.00,0.00,0.00,0.00,0.00,
8486,9.00,16.91,0.19,0.08,0.24,1.38,1.62,0.35,1.09
8519,10.00,12.81,0.00,0.00,0.00,0.00,0.33,0.00,0.00
8541,10.00,15.16,0.14,0.29,0.00,1.57,1.57,0.43,1.00
8542,10.00,19.04,0.57,0.41,0.11,1.39,3.43,1.09,0.29
8561,9.00,22.83,0.12,0.06,0.00,1.00,0.67,1.94,-2.00
8563,10.00,14.48,0.31,0.08,0.08,0.54,1.85,0.15,-0.83
8565,10.00,14.05,0.00,0.00,0.00,1.50,1.75,0.50,-1.50
8572,10.00,21.19,0.25,0.25,0.00,1.50,1.88,0.38,-0.14
8573,9.00,16.76,0.23,0.31,0.08,2.15,1.38,0.38,-0.45
8575,10.00,15.07,0.19,0.22,0.14,1.31,2.22,0.50,-0.59
8576,9.00,18.13,0.11,0.16,0.09,2.35,1.87,0.93,0.10
8577,10.00,9.41,0.00,0.00,0.00,0.20,0.60,0.20,-2.00
8578,10.00,11.91,0.29,0.07,0.00,1.29,1.57,0.21,0.10
8580,9.00,23.78,0.15,0.23,0.15,2.23,1.60,2.85,0.06
8581,9.00,12.27,0.04,0.02,0.04,0.98,0.54,0.60,0.07
8582,9.00,20.96,0.00,0.33,0.00,2.67,2.00,0.67,-2.67
8583,10.00,18.65,0.30,0.25,0.20,1.55,1.85,0.50,0.06
8584,10.00,13.09,0.00,0.33,0.00,0.33,0.00,1.00,-1.33
8585,9.00,13.39,0.00,0.20,0.00,0.60,0.00,0.20,-0.40
8586,10.00,14.98,0.14,0.07,0.00,0.86,2.29,0.14,-0.75
8588,9.00,13.60,0.00,0.20,0.00,0.80,0.60,0.80,2.20
8589,10.00,17.48,1.50,0.00,0.00,2.00,6.00,0.50,2.00
8595,10.00,20.89,0.50,0.25,0.00,1.50,3.00,0.25,-1.00
8597,9.00,22.05,0.12,0.25,0.38,2.00,2.62,0.50,0.00
8600,10.00,18.41,0.87,0.53,0.13,2.93,5.60,0.33,0.85
8602,10.00,0.00,0.00,0.00,0.00,0.00,0.00,0.00,
8603,9.00,0.00,0.00,0.00,0.00,0.00,0.00,0.00,
8617,10.00,16.38,0.43,0.40,0.14,1.71,3.63,0.29,-0.42
8618,9.00,20.81,0.00,0.00,0.00,1.50,0.00,1.00,-4.00
8619,9.00,14.48,0.00,0.00,0.00,1.50,1.00,1.00,-2.00
8620,9.00,18.99,0.00,0.00,0.00,0.50,0.00,0.25,-3.50
8621,9.00,22.83,0.00,0.50,0.00,1.50,1.50,0.50,0.25
8624,10.00,18.66,1.00,0.00,0.50,1.00,2.00,0.50,0.00
8625,10.00,12.52,0.00,0.00,0.00,0.00,2.00,0.00,-1.00
8626,10.00,23.43,0.70,0.50,0.30,2.70,4.00,0.50,0.10
8627,10.00,17.90,0.25,0.00,0.00,2.00,1.00,0.00,-2.50
8628,9.00,21.05,0.00,0.25,0.00,1.50,2.50,0.00,-1.50
8631,10.00,21.98,0.62,1.50,0.00,2.62,4.75,0.88,1.00
8632,10.00,22.79,0.95,0.55,0.10,1.70,3.75,0.15,1.44
8633,10.00,14.43,0.26,0.00,0.05,0.74,1.21,0.53,-0.42
8635,9.00,11.36,0.00,0.00,0.00,1.00,1.67,0.00,-2.00
8636,9.00,0.52,0.00,0.00,0.00,0.00,0.00,0.00,
8638,10.00,21.55,0.45,0.36,0.09,3.27,3.64,0.18,-1.82
8639,10.00,18.89,1.25,0.56,0.25,1.75,3.94,0.31,1.67
8640,10.00,16.72,0.65,0.18,0.03,1.32,3.02,0.40,0.40
8641,10.00,17.40,0.57,0.43,0.00,2.79,3.14,0.50,1.17
8642,10.00,14.61,0.48,0.62,0.23,1.72,2.73,0.28,1.17
8643,9.00,25.93,0.00,0.00,0.00,1.00,0.00,0.00,
8644,10.00,11.06,0.00,0.00,0.00,0.11,0.11,0.33,-1.38
8645,9.00,12.56,0.13,0.13,0.10,1.13,0.68,0.19,0.86
8646,9.00,14.98,0.00,0.10,0.00,0.70,0.10,1.60,-0.62
8647,10.00,11.27,0.00,0.04,0.00,1.00,0.70,0.26,-1.82
8648,10.00,16.45,0.00,0.00,0.00,0.00,1.00,0.00,
8649,10.00,10.03,0.14,0.14,0.00,0.69,2.00,0.28,-0.38
8650,10.00,21.88,3.00,0.00,0.33,3.33,6.67,0.00,1.00
8651,10.00,20.17,0.10,0.20,0.10,1.30,1.60,0.60,0.40
8652,9.00,13.82,0.08,0.08,0.00,1.77,0.85,0.69,0.56
8654,9.00,10.50,0.00,0.00,0.00,0.50,1.00,0.00,-1.50
8655,9.00,11.66,0.00,0.00,0.00,1.00,0.00,0.33,-1.67
8656,10.00,15.52,0.26,0.42,0.21,1.00,2.26,0.11,0.06
8657,9.00,12.29,0.00,0.00,0.00,1.10,1.00,0.20,-1.33
8658,10.00,13.15,0.31,0.08,0.08,1.78,1.69,0.42,-0.27
8659,10.00,14.50,0.35,0.18,0.18,1.12,1.71,0.41,0.20
8660,9.00,10.27,0.00,0.15,0.08,0.69,0.23,0.54,-0.78
8661,10.00,11.17,0.12,0.08,0.00,0.58,0.71,0.21,-0.21
8662,9.00,18.78,0.00,0.50,0.00,0.75,0.75,1.00,0.25
8664,9.00,17.12,0.00,0.00,0.00,0.75,0.75,0.50,-1.33
8665,9.00,20.40,0.00,0.00,0.20,1.40,1.60,2.00,0.60
8666,9.00,10.45,0.00,0.00,0.00,0.00,2.00,0.00,-2.00
8667,9.00,16.43,0.00,0.00,0.00,2.00,0.00,3.00,
8670,10.00,17.50,0.43,0.43,0.00,1.14,2.86,0.71,-0.29
8671,10.00,16.11,0.17,0.17,0.10,1.82,1.93,0.72,0.66
8672,10.00,20.64,0.14,0.00,0.00,0.86,1.86,0.14,-1.17
8673,10.00,18.53,0.50,0.00,0.00,3.50,5.00,0.00,0.33
8674,10.00,16.49,0.46,0.15,0.08,1.77,2.85,0.46,-0.62
8675,10.00,18.60,0.71,0.14,0.29,2.00,4.71,0.14,-1.20
8676,10.00,20.37,0.29,0.14,0.14,1.43,2.14,0.57,-0.67
8678,9.00,16.38,0.00,0.00,0.00,0.00,1.00,0.50,-1.00
8679,9.00,23.85,0.83,0.62,0.00,4.14,4.93,0.62,0.64
8680,10.00,13.46,0.30,0.10,0.10,0.60,2.50,1.00,0.12
8681,9.00,17.43,0.21,0.47,0.16,1.84,2.21,0.26,1.37
8682,9.00,6.17,0.00,0.00,0.00,0.00,0.00,0.00,-1.00
8683,10.00,12.80,0.03,0.00,0.00,0.66,0.38,0.31,-0.43
8684,9.00,19.09,0.07,0.15,0.07,1.43,0.83,1.13,0.21
8685,10.00,8.95,0.50,0.25,0.00,0.50,1.50,0.00,0.00
8686,10.00,16.24,0.63,0.47,0.07,2.55,3.40,0.37,-0.05
8687,10.00,15.42,0.57,0.27,0.06,1.39,2.51,0.20,-0.15
8688,10.00,14.44,0.52,0.39,0.09,1.80,2.52,0.22,0.60
8689,10.00,13.03,0.28,0.28,0.04,1.60,2.36,0.32,0.08
8690,9.00,10.10,0.13,0.07,0.03,0.63,1.17,0.13,-0.05
8691,9.00,14.43,0.14,0.00,0.00,0.71,0.62,0.48,0.59
8693,10.00,9.64,0.07,0.07,0.00,0.13,0.40,0.40,0.82
8695,10.00,10.86,0.17,0.03,0.03,0.70,1.27,0.33,-0.60
8696,9.00,9.84,0.00,0.10,0.00,0.10,0.35,0.40,-0.33
8697,10.00,14.57,0.12,0.06,0.00,1.41,1.88,0.47,-0.43
8698,10.00,11.52,0.23,0.14,0.06,0.72,1.05,0.23,0.12
8699,10.00,18.53,1.00,0.71,0.18,2.47,4.34,0.16,1.67
8700,10.00,9.17,0.00,0.00,0.00,0.57,0.71,0.43,0.50
8701,9.00,13.82,0.03,0.04,0.06,0.90,0.60,0.88,-0.30
8702,10.00,12.61,0.51,0.31,0.02,0.86,1.95,0.63,0.17
8703,10.00,14.55,0.14,0.00,0.00,1.17,1.33,0.56,-0.80
8704,10.00,10.43,0.07,0.03,0.00,0.65,0.93,0.28,-0.81
8705,10.00,8.02,0.07,0.07,0.07,0.36,0.57,0.07,-1.20
8706,9.00,16.14,0.20,0.17,0.04,1.22,1.00,1.02,0.77
8707,10.00,13.07,0.00,0.00,0.00,0.33,0.00,0.67,-0.67
8708,9.00,13.33,0.25,0.19,0.00,2.06,1.62,0.19,0.50
8709,10.00,2.32,0.00,0.00,0.00,0.00,0.00,0.00,
8710,9.00,16.00,0.64,0.36,0.14,2.00,3.34,0.66,0.85
8711,9.00,15.67,0.05,0.07,0.05,0.82,0.64,0.59,-0.02
8713,10.00,6.26,0.00,0.50,0.00,0.50,0.50,0.00,0.00
8714,10.00,16.60,0.42,0.21,0.00,1.42,2.68,0.26,-0.38
8715,10.00,11.46,0.07,0.00,0.00,0.64,1.14,0.29,-1.88
8716,10.00,20.61,0.98,0.42,0.03,2.86,5.19,0.73,-1.17
8717,9.00,14.51,0.04,0.12,0.04,1.40,0.80,0.36,-0.15
8719,10.00,12.28,0.03,0.09,0.00,0.38,0.59,0.22,-0.83
8720,10.00,3.57,0.00,0.00,0.00,0.33,0.33,0.00,-1.00
8722,9.00,17.32,0.08,0.08,0.04,1.44,0.76,1.24,-0.27
8723,10.00,17.19,0.47,0.35,0.05,2.40,3.37,0.28,0.89
8724,10.00,11.87,0.33,0.11,0.00,0.67,0.89,0.22,-2.29
8727,9.00,14.60,0.36,0.08,0.03,1.72,2.03,0.31,0.13
8729,10.00,12.95,0.25,0.25,0.00,1.00,1.75,0.25,-0.33
8730,10.00,9.07,0.25,0.00,0.00,0.75,1.75,0.00,0.00
8731,9.00,19.02,0.00,0.75,0.00,1.00,1.50,1.25,-0.25
8732,9.00,17.35,0.00,1.00,0.00,1.00,2.00,1.00,-6.00
8733,9.00,21.89,0.00,0.75,0.00,2.25,0.50,0.75,-0.50
8734,10.00,13.40,0.00,0.00,0.00,0.00,0.00,0.00,1.00
8736,10.00,16.21,0.38,0.38,0.25,1.50,2.62,0.62,0.00
8737,9.00,19.30,0.05,0.15,0.25,0.80,2.45,0.35,-0.16
8739,9.00,13.58,0.00,0.00,0.00,1.00,0.50,0.50,-2.00
8740,10.00,10.53,0.25,0.12,0.00,0.69,1.34,0.22,0.15
8742,10.00,16.82,0.24,0.38,0.02,1.60,2.29,0.76,-0.24
8743,10.00,26.17,1.50,0.00,0.00,2.00,5.00,0.00,-1.50
8744,9.00,15.33,0.00,0.22,0.04,1.00,0.65,0.57,-0.62
8745,10.00,16.93,0.95,0.47,0.21,2.32,3.84,0.11,-0.17
8746,10.00,15.85,2.00,0.00,0.00,2.00,6.00,0.00,2.00
8747,10.00,15.72,0.00,0.00,0.00,2.00,2.00,0.00,-2.00
8748,10.00,17.05,0.00,1.00,0.00,1.00,5.00,0.00,-2.00
8750,10.00,0.00,0.00,0.00,0.00,0.00,0.00,0.00,
8752,10.00,14.95,0.38,0.38,0.15,1.40,2.98,0.15,0.76
8753,10.00,13.49,0.28,0.21,0.00,0.90,1.86,0.52,-0.65
8754,10.00,17.11,0.44,0.24,0.08,1.80,3.76,0.32,-0.83
8755,9.00,15.57,0.00,0.00,0.00,0.93,0.43,0.71,-1.29
8758,10.00,14.79,0.50,0.50,0.15,1.24,2.83,0.20,0.45
8759,10.00,8.07,0.07,0.00,0.07,0.87,1.00,0.33,-1.10
8761,9.00,17.06,0.24,0.18,0.12,1.33,2.00,0.48,0.19
8762,9.00,15.52,0.22,0.31,0.09,1.44,2.31,0.25,0.00
8763,9.00,13.52,0.00,0.00,0.07,0.86,0.93,0.21,0.50
8765,9.00,0.38,0.00,0.00,0.00,0.00,0.50,0.00,
8767,10.00,17.33,0.00,0.50,0.17,1.00,1.67,1.00,0.00
8768,10.00,23.39,0.17,0.17,0.00,1.50,2.33,0.67,0.83
8769,9.00,16.12,0.00,0.24,0.06,1.41,1.12,1.35,1.00
8770,10.00,12.33,0.28,0.24,0.10,1.76,2.10,0.21,0.52
8771,10.00,21.39,0.22,0.11,0.11,1.33,2.00,0.33,1.78
8772,10.00,11.27,0.20,0.03,0.07,0.60,1.12,0.05,-0.04
8773,10.00,12.01,0.17,0.04,0.00,0.50,0.90,0.27,0.08
8774,9.00,13.40,0.08,0.00,0.00,1.38,1.38,0.04,0.18
8775,10.00,7.76,0.00,0.00,0.00,0.22,0.22,0.28,-1.33
8776,10.00,10.15,0.05,0.05,0.00,0.45,0.82,0.14,-0.46
8777,9.00,9.13,0.00,0.08,0.00,0.38,0.46,0.62,-0.12
8778,9.00,0.46,0.00,0.00,0.00,0.00,0.00,0.00,
8779,10.00,8.66,0.00,0.14,0.00,0.86,0.43,0.14,-0.20
8780,10.00,9.19,0.12,0.00,0.00,0.75,1.00,0.38,0.00
8782,9.00,12.97,0.00,0.00,0.00,2.00,1.00,2.00,0.00
8784,10.00,9.19,0.00,0.00,0.00,0.50,0.40,0.50,-0.89
8787,9.00,14.36,0.02,0.06,0.00,0.53,0.38,0.70,-0.10
8788,9.00,10.83,0.03,0.00,0.00,0.17,0.33,0.63,-0.57
8789,9.00,13.80,0.05,0.00,0.05,0.70,0.43,0.84,0.04
8790,9.00,14.04,0.00,0.00,0.04,0.39,0.33,0.86,-0.42
8791,9.00,16.99,0.04,0.06,0.00,0.86,0.49,1.06,-0.08
8793,9.00,9.17,0.00,0.07,0.00,0.00,0.27,0.07,-0.40
8794,10.00,17.89,0.51,0.27,0.08,2.25,2.73,0.85,0.59
8795,10.00,9.77,0.14,0.03,0.00,0.71,1.17,0.29,-0.39
8796,10.00,13.49,0.07,0.12,0.05,0.63,0.93,0.49,-0.42
8797,10.00,11.91,0.04,0.09,0.00,0.91,0.80,0.51,-0.58
8798,10.00,9.36,0.11,0.04,0.02,0.62,0.66,0.09,-0.44
8799,10.00,9.97,0.10,0.02,0.00,0.15,0.83,0.46,-0.12
8800,10.00,6.48,0.00,0.00,0.00,0.00,0.29,0.14,-0.33
8801,10.00,9.50,0.05,0.00,0.00,0.55,0.18,0.32,-0.56
8802,10.00,11.72,0.13,0.06,0.00,0.74,1.32,0.35,-0.83
8804,10.00,17.39,0.53,0.68,0.11,0.89,3.63,0.63,-0.06
8805,10.00,12.18,0.11,0.14,0.05,1.16,1.57,0.19,0.12
8806,10.00,10.38,0.00,0.00,0.00,0.50,0.88,0.25,0.80
8807,10.00,10.62,0.00,0.10,0.00,0.50,1.10,0.30,-1.58
8808,10.00,12.10,0.04,0.04,0.04,0.67,0.74,0.74,-1.00
8809,10.00,8.17,0.17,0.00,0.00,0.83,0.50,0.33,0.00
8810,10.00,12.19,0.27,0.15,0.00,1.92,2.65,0.12,0.67
8811,9.00,14.45,0.15,0.03,0.00,0.64,0.88,0.94,-0.06
8813,10.00,10.77,0.11,0.11,0.00,1.00,0.33,0.33,-0.57
8814,10.00,10.07,0.05,0.10,0.00,0.30,0.65,0.55,-0.94
8815,9.00,5.37,0.00,0.00,0.00,0.00,0.25,0.00,-1.00
8816,10.00,8.02,0.00,0.12,0.00,0.62,0.75,0.12,-0.75
8817,9.00,11.08,0.00,0.16,0.05,0.42,0.21,0.53,-0.53
8819,10.00,13.31,0.33,0.00,0.00,1.00,0.67,1.00,-1.67
8820,9.00,9.70,0.00,0.00,0.00,1.00,1.00,0.00,-2.00
8820,10.00,10.68,0.00,0.00,0.00,1.00,3.00,1.00,0.00
8821,10.00,14.58,0.44,0.24,0.07,1.80,2.91,0.20,0.46
8822,10.00,12.58,0.17,0.17,0.00,1.21,2.04,0.17,-0.24
8823,10.00,11.82,0.17,0.12,0.08,1.75,1.83,0.25,-0.18
8824,10.00,8.42,0.03,0.17,0.07,0.60,0.77,0.23,-0.60
8825,10.00,13.95,0.64,0.20,0.09,1.64,2.64,0.18,-0.03
8826,10.00,13.48,0.29,0.14,0.14,1.14,1.64,0.07,0.10
8827,9.00,12.08,0.00,0.00,0.19,0.50,0.25,1.12,0.38
8828,9.00,14.62,0.09,0.06,0.09,0.94,0.62,0.56,0.61
8837,10.00,13.52,0.50,0.00,0.00,2.50,4.00,0.00,0.00
8839,10.00,12.81,0.08,0.08,0.00,1.00,1.42,0.39,-0.57
8840,10.00,12.23,0.42,0.00,0.00,1.05,1.42,0.05,-0.50
8841,10.00,17.42,0.00,0.00,0.00,0.00,2.00,1.00,-1.00
8842,10.00,3.20,0.00,0.00,0.00,0.00,0.00,0.00,
8844,9.00,0.65,0.00,0.00,0.00,0.00,0.00,0.00,
8864,10.00,9.59,0.00,0.25,0.00,1.50,1.00,0.00,0.00
8867,9.00,23.56,0.22,0.16,0.06,1.98,2.31,1.53,0.10
8868,10.00,10.39,0.11,0.11,0.00,0.56,1.44,0.00,0.00
8869,9.00,15.29,0.02,0.02,0.02,1.16,0.73,0.64,-0.09
8870,10.00,18.83,0.76,0.20,0.11,3.87,4.07,0.41,1.17
8871,9.00,0.00,0.00,0.00,0.00,0.00,0.00,0.00,
8872,9.00,12.99,0.03,0.11,0.03,0.40,0.37,0.43,-1.41
8875,9.00,9.67,0.00,0.14,0.00,0.14,0.71,0.57,-0.43
8878,9.00,18.20,0.12,0.08,0.00,1.76,1.24,0.76,0.41
8879,10.00,15.02,0.69,0.23,0.08,3.85,4.00,0.23,0.73
8880,10.00,9.10,0.00,0.00,0.00,0.20,0.00,0.20,-0.80
8882,9.00,18.87,0.07,0.12,0.07,1.59,1.41,0.95,0.37
8883,9.00,13.16,0.09,0.07,0.02,1.20,0.75,1.05,-0.44
8884,9.00,13.93,0.03,0.03,0.05,0.79,0.85,1.18,-0.73
8888,10.00,15.18,0.16,0.22,0.04,1.36,2.05,0.15,-0.23
8889,10.00,13.64,0.30,0.16,0.02,2.08,2.80,0.06,-0.38
8890,9.00,8.50,0.11,0.11,0.22,0.78,1.00,0.11,0.60
8891,9.00,0.00,0.00,0.00,0.00,0.00,0.00,0.00,
8892,10.00,10.95,0.21,0.21,0.09,0.57,1.23,0.30,0.56
8893,10.00,0.01,0.00,0.00,0.00,0.00,0.00,0.00,
8894,10.00,8.95,0.17,0.00,0.00,0.33,0.83,0.00,0.67
8895,9.00,10.29,0.14,0.00,0.00,0.57,0.57,0.29,-1.00
8897,10.00,18.78,0.68,0.25,0.04,2.18,3.04,0.79,-0.69
8898,9.00,21.87,0.17,0.10,0.05,2.27,1.68,1.12,-1.07
8899,9.00,10.86,0.08,0.08,0.08,0.85,0.69,0.38,0.67
8900,10.00,0.00,0.00,0.00,0.00,0.00,0.00,0.00,
8901,9.00,0.00,0.00,0.00,0.00,0.00,0.00,0.00,
8903,9.00,16.84,0.03,0.06,0.00,1.03,0.75,1.16,-0.71
8904,10.00,12.70,0.00,0.00,0.00,0.88,2.50,0.00,-1.57
8906,10.00,16.62,0.45,0.39,0.09,1.15,2.06,0.24,0.21
8908,10.00,15.06,0.23,0.15,0.08,0.92,2.12,0.23,0.19
8909,10.00,13.32,0.10,0.05,0.00,0.85,1.65,0.55,-0.71
8911,10.00,13.38,0.06,0.11,0.06,0.74,1.14,0.26,-1.61
8913,10.00,2.83,0.00,0.00,0.00,0.50,0.00,0.00,1.00
8914,10.00,18.08,0.53,0.40,0.13,1.87,3.02,0.49,-0.45
8915,10.00,13.32,0.07,0.07,0.04,0.78,1.22,0.48,-1.19
8916,10.00,10.03,0.21,0.11,0.00,0.58,1.05,0.21,-0.58
8917,9.00,1.03,0.00,0.00,0.00,0.00,0.00,0.00,
8918,10.00,2.78,0.00,0.00,0.00,0.00,0.33,0.00,0.00
8919,10.00,0.00,0.00,0.00,0.00,0.00,0.00,0.00,
8922,10.00,13.30,0.40,0.20,0.00,0.40,1.20,0.80,0.00
8923,10.00,13.69,0.25,0.31,0.00,0.88,1.94,0.62,0.27
8924,10.00,12.24,0.21,0.35,0.17,1.02,1.38,0.31,0.51
8925,10.00,20.54,0.69,0.28,0.06,2.44,3.97,0.75,-0.58
8926,10.00,15.83,1.25,0.75,0.25,2.75,4.00,0.00,2.00
8927,10.00,15.40,0.44,0.42,0.06,1.31,3.64,0.31,0.63
8928,9.00,10.43,0.05,0.16,0.05,0.81,0.41,0.89,-0.08
8931,10.00,7.16,0.00,0.25,0.00,0.00,0.25,0.00,0.00
8933,10.00,16.16,0.90,0.28,0.14,2.07,4.52,0.28,0.54
8934,10.00,12.30,0.21,0.11,0.11,1.61,2.43,0.14,-0.15
8935,9.00,13.14,0.05,0.02,0.05,0.64,0.46,0.51,-0.51
8936,10.00,14.31,0.02,0.11,0.11,1.46,1.24,0.78,-0.05
8937,10.00,17.31,0.47,0.37,0.29,1.71,3.58,0.13,0.59
8938,9.00,12.29,0.19,0.22,0.07,1.30,1.59,0.15,-0.11
8939,10.00,0.00,0.00,0.00,0.00,0.00,0.00,0.00,
8940,10.00,0.00,0.00,0.00,0.00,0.00,0.00,0.00,
8941,10.00,12.05,0.30,0.11,0.04,0.63,1.81,0.26,-0.23
8942,9.00,12.12,0.19,0.27,0.08,1.31,1.88,0.46,0.65
8943,10.00,7.46,0.00,0.00,0.00,0.11,0.33,0.11,-1.17
8944,10.00,11.42,0.00,0.29,0.00,1.07,1.64,0.29,-0.40
8947,10.00,7.27,0.43,0.14,0.00,1.14,1.71,0.00,0.40
8948,10.00,13.18,0.41,0.15,0.10,1.41,2.73,0.12,-0.18
8949,9.00,11.54,0.12,0.00,0.12,1.12,1.25,0.62,-0.60
8950,10.00,11.37,0.12,0.25,0.00,0.62,1.00,1.00,-0.50
8951,10.00,0.00,0.00,0.00,0.00,0.00,0.00,0.00,
8953,10.00,12.59,0.14,0.18,0.09,1.51,1.74,0.21,-0.29
8954,9.00,19.07,0.08,0.10,0.00,1.35,1.06,0.86,0.09
8956,10.00,13.26,0.30,0.55,0.05,1.30,2.00,0.05,-0.30
8957,10.00,17.45,0.55,0.39,0.06,1.16,2.26,0.29,-0.47
8960,10.00,16.33,0.89,0.22,0.00,2.41,4.49,0.30,0.62
8966,9.00,18.01,0.20,0.00,0.00,0.80,1.40,0.40,-2.80
8976,9.00,17.78,0.00,0.00,0.00,1.00,0.00,1.40,-3.40
8978,10.00,16.76,0.60,0.20,0.00,2.60,2.60,0.40,-2.50
8980,9.00,18.52,0.00,0.00,0.00,0.62,0.38,0.75,-3.14
9007,10.00,15.07,0.00,0.08,0.00,1.54,1.54,0.46,-0.83
9008,9.00,0.00,0.00,0.00,0.00,0.00,0.00,0.00,
9009,9.00,0.00,0.00,0.00,0.00,0.00,0.00,0.00,
9010,10.00,0.00,0.00,0.00,0.00,0.00,0.00,0.00,
9011,10.00,0.00,0.00,0.00,0.00,0.00,0.00,0.00,
9012,9.00,0.00,0.00,0.00,0.00,0.00,0.00,0.00,
9028,10.00,12.97,0.14,0.14,0.07,1.07,1.50,0.07,-0.33
9030,9.00,15.28,0.49,0.43,0.08,1.63,3.16,0.16,-0.09
9032,9.00,16.08,0.05,0.15,0.05,2.05,1.00,1.25,-0.74
9035,10.00,13.32,0.00,0.00,0.00,1.00,0.33,0.00,-1.33
9037,9.00,9.77,0.00,0.50,0.00,1.00,0.00,0.00,1.50
9040,9.00,13.06,0.00,0.00,0.00,0.00,0.00,1.00,-2.75
9083,10.00,0.00,0.00,0.00,0.00,0.00,1.00,0.00,1.00
9087,9.00,14.81,0.50,0.67,0.17,2.50,3.00,0.17,0.67
9088,9.00,21.47,0.00,2.00,0.00,0.00,1.00,1.00,1.00
9089,10.00,12.45,0.00,0.00,0.00,2.00,1.00,0.00,-1.00
9095,9.00,3.89,0.00,0.00,0.00,0.20,0.20,0.80,-0.33
9103,10.00,4.34,0.20,0.00,0.00,0.20,0.60,0.00,-0.50
9132,9.00,16.23,0.12,0.00,0.00,0.88,1.25,0.38,0.00
9171,10.00,19.59,0.40,0.00,0.00,0.40,1.80,0.80,-0.80
9178,10.00,14.03,0.00,0.00,0.00,1.50,2.50,1.50,0.00
9275,10.00,0.00,0.00,0.00,0.00,1.00,0.00,0.00,0.00
9277,10.00,0.00,0.00,0.00,0.00,0.00,1.00,0.00,-1.00
9278,10.00,0.00,0.00,0.00,0.00,0.00,1.00,0.00,-1.00
9281,9.00,0.00,0.00,1.00,0.00,0.00,1.00,2.00,0.00
9283,10.00,0.00,1.00,0.00,0.00,2.00,3.00,0.00,-1.00
9284,9.00,0.00,0.00,0.00,0.00,0.00,0.00,1.00,-1.00
9286,10.00,0.00,0.00,0.00,0.00,0.00,0.00,2.00,1.00
9287,10.00,0.00,0.00,0.00,0.00,0.00,0.00,0.00,
9288,10.00,0.00,1.00,0.00,0.00,3.00,6.00,0.00,0.00
9297,10.00,0.00,0.00,0.00,0.00,1.00,0.00,0.00,
9298,10.00,16.30,0.45,0.59,0.10,1.86,3.83,0.14,0.21
9300,9.00,12.78,0.12,0.38,0.12,1.25,1.25,0.62,0.57
9301,10.00,0.00,0.00,0.00,0.00,0.00,0.00,0.00,
9302,10.00,0.00,0.00,0.00,0.00,0.00,0.00,0.00,
9303,10.00,0.00,0.00,0.00,0.00,0.00,0.00,0.00,
9319,10.00,17.45,0.31,0.08,0.00,1.71,2.98,0.67,-0.90
9320,10.00,15.34,0.20,0.26,0.04,1.44,1.80,0.30,0.00
9321,9.00,15.44,0.17,0.26,0.09,1.57,1.52,0.43,-0.60
9322,9.00,1.03,0.00,0.00,0.00,0.00,0.00,0.00,
9323,10.00,0.00,0.00,0.00,0.00,0.00,0.00,0.00,
9325,9.00,0.00,0.00,0.00,0.00,0.00,0.00,0.00,
9326,10.00,0.00,0.00,0.00,0.00,0.00,0.00,0.00,
9331,10.00,19.16,0.60,0.00,0.00,4.20,3.60,0.00,-2.00
9332,9.00,16.39,0.00,0.18,0.09,1.73,1.27,0.73,0.18
9333,10.00,15.50,1.57,1.00,0.43,2.14,4.43,0.29,2.17
9334,10.00,15.98,0.25,0.17,0.08,1.75,2.39,0.42,-0.32
9336,9.00,0.00,0.00,0.00,0.00,0.00,0.00,0.00,
9337,9.00,0.00,0.00,0.00,0.00,0.00,0.00,0.00,
9338,9.00,0.00,0.00,0.00,0.00,0.00,0.00,0.00,
9339,10.00,0.00,0.00,0.00,0.00,0.00,0.00,0.00,
9340,9.00,11.45,0.00,0.00,0.00,1.00,1.21,0.37,0.33
9342,10.00,0.87,0.00,0.00,0.00,0.00,0.33,0.67,0.00
9343,10.00,0.00,0.00,0.00,0.00,0.00,0.00,0.00,
9344,10.00,0.02,0.33,0.00,0.00,0.00,0.33,0.00,
9345,10.00,0.00,1.00,0.00,0.00,0.00,3.00,0.00,0.00
9347,9.00,0.00,0.00,0.00,0.00,1.00,1.00,1.00,1.00
9349,10.00,0.00,0.00,0.00,0.00,0.00,3.00,0.00,1.00
9351,10.00,0.00,0.00,1.00,0.00,0.00,1.00,0.00,1.00
9352,9.00,0.00,0.00,0.00,0.00,0.00,2.00,2.00,
9354,9.00,0.00,0.00,0.00,0.00,0.00,0.00,1.00,0.00
9355,10.00,0.00,0.00,0.00,0.00,0.00,1.00,0.00,
9356,10.00,0.00,0.00,0.00,0.00,2.00,5.00,0.00,1.00
9357,10.00,0.00,0.00,0.00,0.00,0.00,0.00,0.00,-1.00
9358,10.00,0.00,1.00,0.00,0.00,0.00,1.00,0.00,1.00
9363,10.00,0.00,0.00,0.00,0.00,0.00,8.00,0.00,-2.00
9404,10.00,5.52,0.00,0.00,0.00,0.00,0.25,0.00,-1.33
9413,9.00,23.39,0.00,0.00,0.00,2.00,1.20,1.00,-0.40
9454,10.00,15.42,0.00,0.29,0.00,1.14,1.14,0.00,-0.83
9489,9.00,13.11,0.00,0.08,0.00,0.62,0.62,0.54,-0.23
9505,9.00,10.01,0.16,0.00,0.00,0.76,0.52,0.56,0.17
9507,9.00,14.43,0.27,0.09,0.09,1.27,1.27,0.45,-0.50
9537,9.00,17.32,0.16,0.18,0.00,1.39,1.71,0.55,-0.45
9538,10.00,12.39,0.35,0.19,0.08,1.22,2.16,0.14,0.50
9560,9.00,11.28,0.19,0.08,0.00,1.22,1.06,0.83,0.36
9605,10.00,15.36,0.38,0.23,0.06,1.58,2.35,0.44,-0.25
9609,10.00,13.49,0.22,0.22,0.00,1.56,1.56,0.22,-0.62
9610,10.00,16.88,0.65,0.38,0.08,2.00,3.77,0.31,0.80
9611,10.00,0.00,0.00,0.00,0.00,0.00,0.00,0.00,
9612,10.00,13.33,0.30,0.14,0.02,1.30,1.88,0.58,-0.55
9614,9.00,8.84,0.00,0.00,0.00,0.69,0.69,0.12,-0.67
9617,10.00,13.35,0.00,0.22,0.11,1.89,2.22,0.11,0.50
9618,10.00,13.99,0.45,0.55,0.20,1.60,2.35,0.35,-0.70
9619,10.00,16.23,0.62,0.12,0.00,2.62,3.00,0.12,0.57
9620,10.00,13.17,0.55,0.27,0.05,1.82,3.23,0.27,-0.33
9621,10.00,0.00,0.00,0.00,0.00,0.00,0.00,0.00,
9622,10.00,0.00,0.00,0.00,0.00,0.00,0.00,0.00,
9629,10.00,13.79,0.77,0.14,0.00,2.09,2.82,0.32,0.32
9630,9.00,21.19,0.25,0.50,0.00,1.75,3.25,0.75,2.25
9631,10.00,16.93,1.00,0.00,0.00,2.00,1.00,1.00,1.00
9636,10.00,1.82,0.00,0.00,0.00,0.00,0.00,0.00,-0.33
9637,10.00,7.88,0.00,0.00,0.00,0.00,1.00,0.00,
9641,10.00,16.42,0.17,0.22,0.06,1.36,1.89,0.39,-0.52
9642,10.00,16.01,0.66,0.28,0.07,1.69,3.21,0.48,0.56
9643,9.00,12.86,0.24,0.12,0.06,1.36,1.61,0.48,-0.80
9646,10.00,20.15,0.58,0.33,0.04,2.67,4.75,0.08,0.09
9648,9.00,15.50,0.11,0.13,0.13,1.29,1.11,0.49,0.32
9649,9.00,17.39,0.18,0.16,0.10,2.29,1.63,1.14,0.84
9652,10.00,15.22,0.26,0.08,0.00,2.03,1.92,0.21,-0.52
9653,10.00,14.46,0.42,0.17,0.00,1.08,1.58,0.50,0.44
9654,10.00,12.42,0.43,0.14,0.14,2.00,2.29,0.29,0.33
9655,10.00,7.23,0.00,0.50,0.00,1.50,0.50,0.00,0.00
9656,10.00,8.84,0.15,0.00,0.00,1.31,1.15,0.23,-1.00
9657,10.00,0.00,0.00,0.00,0.00,0.00,0.00,0.00,
9658,9.00,0.00,0.00,0.00,0.00,0.00,0.00,0.00,
9659,9.00,13.38,0.55,0.09,0.09,1.55,1.55,0.55,-0.22
9660,9.00,29.02,0.00,1.00,0.00,5.00,3.00,1.00,2.00
9661,10.00,14.72,0.18,0.27,0.00,1.27,0.73,0.64,0.71
9662,9.00,14.58,0.17,0.04,0.08,1.17,0.83,0.50,-0.10
9665,10.00,17.09,0.60,0.80,0.27,1.13,2.87,0.13,1.62
9666,9.00,14.13,0.00,0.00,0.05,0.74,1.42,0.74,-0.23
9667,10.00,13.66,0.21,0.26,0.09,1.09,1.71,0.35,-0.54
9669,10.00,0.00,0.00,0.00,0.00,0.00,0.00,0.00,
9670,9.00,0.00,0.00,0.00,0.00,0.00,0.00,0.00,
9671,10.00,16.85,0.60,0.27,0.13,2.40,3.93,0.40,0.92
9672,9.00,10.18,0.14,0.00,0.00,0.57,0.71,0.00,-0.25
9674,10.00,12.25,0.64,0.33,0.24,1.52,2.61,0.12,1.10
9676,10.00,18.28,0.50,0.00,0.00,0.00,1.50,0.50,0.00
9679,10.00,11.67,0.12,0.06,0.03,0.88,0.94,0.15,-0.30
9680,10.00,12.60,0.34,0.23,0.07,1.32,2.11,0.05,-0.08
9681,9.00,15.80,0.06,0.06,0.03,1.94,1.24,0.97,0.04
9682,9.00,14.23,0.05,0.05,0.00,1.40,1.35,1.10,0.14
9683,10.00,16.05,0.83,0.35,0.25,2.88,5.67,0.38,0.93
9684,10.00,0.00,0.00,0.00,0.00,0.00,0.00,0.00,
9685,9.00,13.24,0.40,0.20,0.10,2.05,2.65,0.20,0.86
9686,9.00,7.05,0.50,0.00,0.00,0.50,2.00,0.00,2.00
9688,10.00,14.40,0.00,0.00,0.00,0.00,3.00,1.00,0.00
9689,9.00,3.48,0.00,0.00,0.00,0.50,0.00,0.00,0.50
9690,10.00,17.68,0.33,0.00,0.33,2.17,4.00,0.00,1.00
9691,10.00,13.32,0.48,0.22,0.04,1.37,2.41,0.41,0.64
9693,9.00,24.57,0.00,0.00,0.00,0.00,0.00,0.50,-2.50
9693,10.00,21.31,0.00,0.75,0.00,1.00,0.75,2.00,-2.25
9694,9.00,0.00,0.00,0.00,0.00,0.00,0.00,0.00,
9696,10.00,0.00,0.00,0.00,0.00,0.00,0.00,0.00,
9788,9.00,12.07,0.00,0.00,0.00,0.00,0.00,0.00,
9790,10.00,9.76,0.08,0.11,0.00,0.35,0.68,0.46,-0.62
9791,9.00,11.69,0.02,0.08,0.00,0.88,0.48,0.48,-0.58
9792,9.00,12.34,0.00,0.00,0.00,1.50,0.00,0.50,-3.00
9793,10.00,14.00,0.36,0.26,0.05,2.86,2.52,0.40,-0.03
9794,9.00,6.37,0.00,0.00,0.00,0.00,0.33,0.67,-3.50
9795,9.00,11.30,0.00,0.00,0.00,0.00,0.00,2.00,-5.00
9796,9.00,8.60,0.00,0.00,0.00,0.00,0.00,0.25,-1.50
9797,10.00,16.89,0.10,0.21,0.10,0.93,1.72,0.55,-1.44
9798,9.00,13.78,0.08,0.06,0.00,0.81,0.67,0.60,-0.23
9799,9.00,12.63,0.00,0.00,0.00,0.42,0.16,1.42,-0.88
9800,9.00,10.24,0.00,0.05,0.00,0.74,0.32,1.26,-0.08
9824,10.00,9.12,0.00,0.00,0.00,1.00,0.00,0.50,
9839,10.00,15.03,0.50,0.22,0.00,1.94,2.00,0.44,-0.47
9845,9.00,9.25,0.09,0.00,0.00,0.45,0.55,0.27,-0.71
9847,10.00,10.15,0.10,0.10,0.00,1.20,1.20,0.00,-0.17
9848,9.00,18.85,1.25,0.25,0.25,3.00,3.50,0.25,1.75
9849,10.00,10.62,0.00,0.00,0.00,1.00,1.67,0.67,-1.00
9850,9.00,18.84,0.27,0.45,0.09,2.09,2.27,0.64,0.55
9851,10.00,17.90,0.41,0.71,0.35,1.94,3.71,0.29,1.06
9852,9.00,16.13,0.00,0.00,0.00,0.00,1.00,0.00,2.00
9852,10.00,0.13,0.00,0.00,0.00,0.00,0.00,0.00,
9853,9.00,0.02,0.00,0.00,0.00,0.00,0.00,0.00,
9854,10.00,1.73,0.00,0.00,0.00,0.00,0.00,0.00,
9859,10.00,14.86,0.11,0.00,0.11,1.11,1.67,0.22,-1.86
9860,9.00,17.86,0.20,0.30,0.00,1.30,1.70,0.80,-0.38
9861,9.00,13.25,0.00,0.00,0.00,1.44,1.33,0.89,-0.71
9862,10.00,0.00,0.00,0.00,0.00,0.00,0.00,0.00,
9863,10.00,0.00,0.00,0.00,0.00,0.00,0.00,0.00,
9864,9.00,0.02,0.00,0.00,0.00,0.00,0.00,0.00,
9867,9.00,16.07,0.00,1.00,0.00,2.00,2.00,1.00,3.00
9868,10.00,13.31,0.60,0.60,0.00,2.00,3.40,0.20,0.00
9870,10.00,12.44,0.00,0.33,0.00,0.50,1.33,0.00,0.17
9871,10.00,12.14,0.00,0.00,0.25,1.75,2.25,0.00,-0.67
9873,10.00,14.22,0.00,0.00,0.00,0.00,1.00,0.00,1.00
9874,10.00,19.62,1.00,0.00,0.00,2.00,2.00,1.00,1.00
10004,10.00,19.17,0.50,0.25,0.00,0.75,2.25,0.25,-2.25
10036,10.00,17.28,0.00,1.00,0.00,3.00,7.00,0.00,1.00
10050,9.00,14.83,0.02,0.12,0.00,0.73,0.49,1.15,-0.79
10051,9.00,15.29,0.06,0.15,0.00,1.45,0.70,0.21,-0.20
10052,10.00,11.39,0.08,0.00,0.00,1.23,0.73,0.27,-0.33
10053,9.00,14.91,0.03,0.06,0.03,0.55,0.30,0.61,-0.75
10054,10.00,14.13,0.30,0.07,0.00,1.96,2.44,0.41,-0.85
10055,9.00,13.64,0.04,0.04,0.00,0.61,0.29,0.61,-0.43
10056,10.00,14.08,0.22,0.22,0.03,0.89,1.24,0.27,-0.37
10057,10.00,14.16,1.60,0.00,0.00,2.40,5.60,0.20,1.00
10058,10.00,14.36,0.19,0.12,0.00,1.31,1.50,0.31,-1.27
10059,9.00,15.60,0.00,0.00,0.00,0.67,0.17,0.33,-0.75
10060,10.00,9.93,0.08,0.00,0.00,0.08,0.46,0.23,-1.30
10061,10.00,13.27,0.11,0.07,0.04,1.04,0.89,0.57,-0.35
10062,9.00,12.25,0.08,0.17,0.00,1.25,0.83,0.25,-0.78
10064,10.00,15.99,0.15,0.38,0.15,0.92,1.69,0.54,0.64
10065,10.00,17.21,0.56,0.25,0.12,1.50,2.88,0.50,1.21
10066,10.00,15.17,0.50,0.50,0.00,2.00,2.33,0.00,0.80
10067,10.00,18.33,0.00,0.00,0.00,1.25,1.25,0.25,-0.25
10068,10.00,12.93,0.16,0.08,0.00,0.92,1.16,0.12,-1.15
10069,10.00,14.48,0.00,0.12,0.04,0.96,0.92,0.83,-0.41
10070,10.00,8.55,0.00,0.00,0.00,0.60,0.20,0.20,-1.00
10073,10.00,4.13,0.00,0.00,0.00,0.33,0.67,0.00,0.00
10074,9.00,12.62,0.22,0.06,0.09,0.81,1.56,0.34,0.04
10075,10.00,0.00,0.00,0.00,0.00,0.00,0.00,0.00,
10076,10.00,12.50,0.00,0.00,0.00,2.00,1.00,0.00,0.00
10077,9.00,7.70,0.00,0.00,0.00,0.00,0.00,0.40,-2.00
10078,9.00,0.28,0.00,0.00,0.00,0.00,0.00,0.00,
10079,10.00,10.36,0.08,0.08,0.00,0.75,1.33,0.00,0.20
10080,9.00,14.60,0.00,0.20,0.20,1.00,0.50,0.00,0.75
10081,10.00,7.48,0.22,0.11,0.00,0.89,1.22,0.22,0.75
10083,9.00,8.07,0.00,0.09,0.00,0.27,0.00,0.36,0.71
10084,10.00,12.46,0.38,0.50,0.25,2.25,2.25,0.12,1.75
10085,9.00,19.08,0.33,0.33,0.00,2.25,2.33,1.33,0.80
10086,10.00,9.68,0.08,0.00,0.00,0.31,0.77,0.15,-0.11
10087,9.00,19.03,0.48,0.17,0.14,2.48,2.83,1.59,0.38
10088,9.00,14.98,0.00,0.00,0.14,1.00,1.00,0.29,0.17
10089,10.00,16.70,0.29,0.33,0.04,0.88,1.58,0.50,0.32
10090,10.00,17.57,0.27,0.45,0.11,1.73,2.14,0.50,0.64
10091,10.00,11.17,0.00,0.00,0.00,0.91,0.82,0.27,-0.14
10092,10.00,16.49,0.49,0.28,0.12,1.21,2.65,0.30,0.68
10094,10.00,12.37,0.19,0.44,0.00,0.81,1.44,0.19,-0.57
10095,10.00,14.37,0.00,0.11,0.00,1.16,0.68,0.58,-0.75
10096,10.00,11.43,0.18,0.15,0.12,0.48,0.97,0.42,0.11
10097,10.00,10.01,0.00,0.00,0.05,0.26,0.11,0.95,-1.38
10098,10.00,13.49,0.18,0.23,0.09,1.09,1.36,0.41,0.76
10099,10.00,14.25,0.35,0.35,0.00,0.76,1.82,0.29,0.54
10100,10.00,11.24,0.06,0.06,0.00,0.72,0.78,0.44,-0.64
10102,10.00,13.62,0.38,0.08,0.08,2.04,2.46,0.12,0.24
10103,10.00,14.33,0.08,0.15,0.00,1.04,1.27,0.54,-0.38
10104,10.00,0.00,0.00,0.00,0.00,0.00,0.00,0.00,
10105,9.00,13.42,0.31,0.14,0.03,1.77,2.20,0.31,-0.27
10106,9.00,13.18,0.00,0.07,0.00,1.21,1.21,0.57,0.31
10109,10.00,14.57,0.10,0.10,0.05,2.48,1.71,0.43,0.00
10110,10.00,14.72,0.00,0.00,0.00,0.50,1.50,0.50,-1.25
10111,10.00,16.36,0.67,0.17,0.03,1.93,3.23,0.33,0.40
10112,10.00,16.00,0.11,0.33,0.00,0.89,2.89,0.33,-1.00
10113,10.00,11.16,0.12,0.00,0.00,0.82,1.27,0.24,-0.91
10114,10.00,13.46,0.29,0.14,0.00,1.86,1.67,0.67,0.00
10115,10.00,17.62,0.00,0.00,0.00,2.50,0.00,0.00,-1.00
10117,9.00,15.32,0.04,0.00,0.12,0.83,0.50,1.21,-0.73
10119,10.00,15.32,0.25,0.08,0.06,1.08,1.75,0.08,-0.67
10120,10.00,13.97,0.24,0.07,0.14,1.90,1.48,0.34,0.13
10121,10.00,8.23,0.00,0.08,0.00,0.50,1.00,0.08,0.17
10122,10.00,12.55,0.04,0.08,0.00,1.20,0.96,0.76,0.00
10123,10.00,12.30,0.23,0.23,0.07,0.80,1.80,0.10,0.28
10124,10.00,15.18,0.65,0.38,0.06,2.18,3.18,0.12,1.14
10126,10.00,12.20,0.55,0.10,0.00,1.75,3.45,0.30,0.00
10128,10.00,15.98,0.00,0.00,0.00,2.00,3.00,0.00,-1.00
10131,9.00,19.51,0.00,0.20,0.20,1.40,0.60,1.40,0.50
10133,9.00,9.31,0.04,0.04,0.00,0.50,0.21,0.38,-1.00
10134,10.00,14.12,0.00,0.12,0.00,0.38,1.50,0.12,-1.75
10135,9.00,9.72,0.00,0.00,0.00,0.54,0.15,0.62,-0.75
10136,9.00,18.01,0.17,0.33,0.00,2.33,2.67,0.83,0.00
10137,10.00,11.69,0.29,0.43,0.00,1.00,2.43,0.29,1.00
10138,9.00,18.39,0.20,0.30,0.30,2.00,0.90,0.70,0.60
10139,9.00,9.03,0.00,0.50,0.00,0.50,1.00,0.00,-1.00
10141,9.00,6.68,0.00,0.00,0.00,0.00,0.25,0.25,0.33
10142,10.00,13.22,0.04,0.19,0.12,0.50,1.12,0.15,-0.57
10143,10.00,13.56,0.41,0.18,0.18,1.41,2.18,0.12,0.29
10145,9.00,11.43,0.11,0.15,0.04,0.67,0.81,0.22,0.35
10146,9.00,12.96,0.00,0.00,0.00,1.00,0.50,0.70,0.00
10147,10.00,15.77,1.18,0.36,0.00,2.91,4.82,0.00,1.40
10149,10.00,17.30,0.67,0.50,0.17,1.67,4.00,0.00,1.50
10150,10.00,18.58,1.00,0.11,0.22,2.11,3.67,0.00,0.00
10152,10.00,10.57,0.17,0.00,0.00,0.50,0.33,0.17,-0.60
10153,9.00,14.05,0.04,0.04,0.00,0.78,1.00,0.48,-0.60
10155,10.00,13.22,0.00,0.06,0.00,0.22,0.11,0.61,-0.40
10156,9.00,12.78,0.03,0.22,0.03,0.95,0.62,0.51,0.62
10157,10.00,14.48,0.64,0.36,0.03,1.86,3.61,0.39,0.84
10158,9.00,15.28,0.20,0.17,0.11,0.91,1.06,0.89,0.97
10159,9.00,16.19,0.00,0.12,0.04,1.19,1.04,1.35,0.47
10160,9.00,0.00,0.00,0.00,0.00,0.00,0.00,0.00,
10161,10.00,9.90,0.06,0.10,0.03,0.65,0.94,0.26,0.04
10162,10.00,14.49,0.00,0.17,0.17,0.67,0.83,0.33,-1.00
10163,10.00,10.24,0.11,0.00,0.00,0.68,0.68,0.16,-0.31
10164,9.00,0.65,0.00,0.00,0.00,0.00,0.00,0.00,
10165,10.00,15.54,0.64,0.62,0.17,2.29,4.05,0.05,0.78
10167,10.00,14.47,0.50,0.25,0.10,1.40,3.05,0.45,0.18
10169,10.00,13.20,0.86,0.57,0.00,3.57,4.14,0.29,1.43
10170,10.00,12.32,0.29,0.14,0.14,1.11,1.49,0.17,0.41
10171,10.00,11.37,0.00,0.33,0.33,1.33,2.00,0.33,1.33
10172,10.00,17.30,0.29,0.23,0.06,1.39,3.00,0.71,-0.86
10173,10.00,13.78,0.29,0.11,0.00,1.29,1.96,0.29,-0.50
10175,9.00,14.36,0.08,0.08,0.04,0.88,0.92,0.79,0.53
10176,10.00,13.44,0.12,0.24,0.12,1.00,1.36,0.28,0.40
10177,10.00,16.37,0.50,0.50,0.10,2.53,3.73,0.17,0.31
10178,10.00,16.17,0.50,0.54,0.38,2.25,4.25,0.25,1.00
10181,10.00,11.81,0.29,0.00,0.00,0.71,1.43,0.29,0.00
10182,10.00,17.49,0.43,0.00,0.29,2.57,2.57,0.14,-0.86
10183,10.00,14.87,0.00,0.50,0.00,2.00,2.00,0.50,0.00
10184,10.00,16.22,0.54,0.15,0.00,2.69,4.00,0.23,-0.08
10185,10.00,12.54,0.47,0.06,0.03,1.38,1.72,0.53,-0.36
10186,10.00,13.94,0.33,0.11,0.00,1.11,2.33,0.22,-1.14
10187,10.00,15.03,1.03,0.40,0.17,2.26,4.46,0.17,1.52
10188,9.00,10.48,0.04,0.17,0.00,0.61,0.52,1.00,0.08
10189,10.00,7.80,0.00,0.00,0.12,0.50,0.75,0.25,-0.20
10190,9.00,13.92,0.00,0.00,0.00,0.29,0.43,1.00,1.00
10191,9.00,17.77,0.33,0.07,0.20,2.20,3.67,0.67,0.14
10192,10.00,18.64,1.40,1.40,0.40,2.60,3.60,0.00,2.40
10195,10.00,11.50,0.00,0.25,0.00,0.25,0.75,0.50,-0.50
10196,10.00,15.46,0.52,0.18,0.09,1.32,2.77,0.68,-0.68
10197,10.00,9.00,0.00,0.00,0.00,0.40,0.60,0.40,0.00
10198,10.00,11.87,0.23,0.23,0.08,0.92,1.15,0.23,-0.60
10199,10.00,16.53,1.09,0.26,0.15,1.59,4.62,0.21,0.85
10200,9.00,19.45,0.00,0.23,0.23,1.38,0.92,1.23,1.08
10201,9.00,15.10,0.00,0.00,0.08,0.33,0.67,0.92,0.00
10202,10.00,14.41,0.00,0.08,0.12,1.12,1.38,0.31,-0.45
10203,10.00,17.22,0.88,0.48,0.20,2.20,3.20,0.24,1.58
10204,10.00,12.79,0.00,0.00,0.14,1.29,2.00,0.57,-0.17
10205,10.00,15.17,0.20,0.60,0.00,2.20,2.40,0.00,0.80
10206,9.00,17.87,0.20,0.20,0.20,1.00,0.20,1.00,0.80
10207,10.00,17.72,1.25,0.33,0.08,3.75,7.12,0.04,1.29
10208,10.00,10.35,0.25,0.00,0.25,0.50,0.75,0.00,-0.25
10209,10.00,20.77,0.00,0.00,0.00,5.00,6.00,0.00,2.00
10210,10.00,11.77,0.00,0.50,0.00,2.50,0.50,0.00,-0.50
10211,10.00,7.38,0.33,0.00,0.00,1.00,1.00,0.33,-0.50
10212,10.00,18.67,0.60,0.52,0.04,2.48,2.92,0.24,1.00
10213,10.00,12.65,0.40,0.20,0.00,1.00,1.80,0.00,-0.40
10215,9.00,15.54,0.11,0.11,0.00,0.78,1.00,0.44,0.50
10216,9.00,14.44,0.00,0.00,0.00,0.67,0.67,0.33,-0.67
10217,10.00,21.27,0.81,0.44,0.19,2.70,4.67,0.41,1.37
10218,10.00,15.32,0.11,0.41,0.19,1.11,2.00,0.35,1.09
10219,9.00,15.86,0.00,0.50,0.10,2.10,1.10,0.80,1.12
10222,10.00,19.52,0.83,0.58,0.17,3.42,4.83,0.17,-0.33
10223,9.00,0.03,0.00,0.00,0.00,0.00,0.00,0.00,
10224,9.00,19.88,0.00,0.50,0.00,3.00,1.50,0.50,3.00
10225,10.00,15.44,0.00,0.00,0.00,2.50,1.50,0.00,-1.00
10226,10.00,17.84,1.75,1.33,0.58,2.92,6.00,0.08,3.27
10227,10.00,16.45,0.69,0.36,0.14,1.50,3.47,0.33,0.64
10228,10.00,14.61,0.61,0.45,0.03,3.73,3.67,0.52,0.45
10229,9.00,12.55,0.12,0.21,0.03,0.70,1.36,0.61,-0.23
10230,10.00,18.85,0.57,0.67,0.24,1.14,2.71,0.19,-0.63
10232,9.00,15.75,0.15,0.15,0.00,1.69,2.15,1.00,1.09
10233,10.00,25.39,1.00,1.00,1.33,2.00,4.33,0.33,4.33
10234,10.00,12.92,0.00,0.12,0.00,0.75,1.38,0.00,-1.17
10235,9.00,14.29,0.11,0.00,0.00,1.00,0.33,0.33,0.71
10236,10.00,17.67,0.67,0.83,0.33,1.00,2.83,0.17,1.67
10237,10.00,14.90,0.96,0.48,0.20,3.04,5.48,0.24,1.00
10240,9.00,27.27,1.00,0.56,0.22,2.22,2.78,0.67,1.22
10241,10.00,23.19,1.20,1.60,0.60,3.40,4.20,0.20,1.20
10243,9.00,16.10,0.50,0.17,0.67,1.67,2.17,1.00,2.33
10246,10.00,26.95,0.00,1.00,0.00,5.00,4.00,0.00,0.00
10248,10.00,16.20,2.57,1.00,0.29,1.86,6.57,0.14,2.67
10249,9.00,20.56,0.38,0.44,0.06,1.94,2.31,0.94,1.25
10276,10.00,15.49,1.00,0.67,0.00,5.00,6.67,0.67,2.00
10285,10.00,18.52,1.00,0.00,0.00,5.00,6.00,0.00,-1.00
10290,9.00,12.70,0.00,0.00,0.00,1.00,0.00,2.00,-1.00
10291,9.00,13.40,0.00,0.00,0.00,1.25,0.00,1.25,-1.67
10293,10.00,13.74,0.33,0.00,0.00,1.00,2.22,0.11,-1.71
10295,10.00,13.87,0.00,0.00,0.00,6.00,4.00,1.00,2.00
10296,10.00,11.46,0.08,0.17,0.08,1.83,1.75,0.17,-0.14
10297,10.00,12.49,0.28,0.09,0.00,0.75,1.31,0.16,0.68
10298,9.00,13.43,0.00,0.05,0.00,1.43,0.38,0.43,1.00
10299,9.00,17.22,0.38,0.12,0.06,3.00,3.00,1.00,0.75
10300,10.00,18.17,0.79,0.65,0.12,2.97,4.15,0.21,1.97
10301,10.00,19.51,0.39,0.48,0.13,4.26,4.16,0.94,1.50
10302,10.00,10.99,0.29,0.14,0.00,0.43,1.43,0.14,-0.50
10303,9.00,12.28,0.00,0.06,0.00,1.61,0.67,0.94,-0.15
10304,10.00,11.04,0.00,0.08,0.08,0.69,0.69,1.23,-1.14
10305,9.00,15.10,0.06,0.00,0.06,1.00,1.12,0.44,-0.54
10306,10.00,17.52,0.40,0.27,0.20,3.07,4.60,0.20,-0.77
10307,10.00,0.00,0.00,0.00,0.00,0.00,0.00,0.00,
10310,10.00,17.07,0.84,0.62,0.03,2.53,4.03,0.38,1.03
10311,10.00,11.37,0.18,0.18,0.00,0.18,0.47,0.29,-0.80
10313,10.00,12.10,0.00,0.00,0.00,1.00,1.33,0.67,-0.57
10314,10.00,12.53,0.10,0.10,0.00,1.00,0.70,0.90,-1.50
10315,10.00,16.37,0.67,0.26,0.00,2.48,3.15,0.15,0.28
10316,10.00,16.40,0.58,0.25,0.17,2.17,3.62,0.29,0.35
10317,10.00,15.20,0.91,0.32,0.00,2.95,4.05,0.36,0.10
10318,9.00,15.26,0.00,0.00,0.09,1.36,0.36,0.82,0.62
10319,9.00,11.70,0.11,0.15,0.04,0.67,0.48,0.59,0.12
10320,9.00,12.94,0.00,1.00,0.00,0.50,2.50,0.00,1.00
10321,10.00,10.52,0.00,0.00,0.00,1.43,0.29,0.86,-0.83
10323,10.00,8.55,0.00,0.17,0.00,0.50,0.83,0.17,0.00
10324,10.00,5.05,0.00,0.04,0.00,0.13,0.26,0.09,-0.56
10326,9.00,16.00,0.06,0.14,0.06,1.20,1.34,0.74,0.73
10329,10.00,16.98,0.58,0.39,0.15,2.67,3.58,0.45,0.77
10331,10.00,16.41,0.00,0.00,0.00,2.00,3.00,0.50,-1.00
10332,10.00,18.98,0.59,0.18,0.06,2.29,2.53,0.53,-0.76
10333,9.00,22.36,0.14,0.14,0.33,1.71,2.38,1.05,0.19
10334,9.00,0.00,0.00,0.00,0.00,0.00,0.00,0.00,
10335,10.00,0.00,0.00,0.00,0.00,0.00,0.00,0.00,
10336,10.00,11.58,0.06,0.24,0.06,1.18,0.88,0.18,-0.57
10338,10.00,14.51,0.42,0.11,0.05,1.42,1.89,0.32,0.23
10339,9.00,13.93,0.00,0.00,0.00,0.31,0.46,1.23,-1.75
10340,10.00,15.78,0.46,0.62,0.25,3.08,3.71,0.17,1.17
10341,9.00,9.25,0.00,0.00,0.00,0.20,0.00,1.00,-0.25
10344,9.00,15.53,0.06,0.06,0.00,1.00,0.88,1.88,0.15
10345,9.00,16.04,0.04,0.09,0.09,1.96,0.74,1.43,1.18
10346,10.00,16.27,0.47,0.24,0.18,1.18,2.35,0.82,0.86
10348,10.00,13.47,0.22,0.16,0.09,0.75,1.12,0.81,0.35
10349,10.00,12.65,0.00,0.00,0.00,1.33,0.83,0.33,-0.45
10350,10.00,6.56,0.00,0.00,0.00,2.00,0.67,0.00,-1.00
10351,10.00,11.53,0.10,0.10,0.00,0.80,1.10,0.60,-0.12
10352,9.00,0.00,0.00,0.00,0.00,0.00,0.00,0.00,
10353,10.00,0.00,0.00,0.00,0.00,0.00,0.00,0.00,
10355,9.00,15.22,0.00,0.10,0.00,0.52,0.62,0.81,-0.39
10356,10.00,17.37,0.24,0.35,0.05,1.84,2.76,0.70,0.29
10357,10.00,12.10,0.29,0.36,0.07,1.79,1.96,0.18,0.41
10358,10.00,15.68,0.72,0.44,0.08,2.80,4.08,0.60,0.05
10361,9.00,8.66,0.00,0.00,0.08,0.69,0.23,0.23,-0.22
10363,9.00,2.10,0.00,0.00,0.00,0.00,0.00,0.00,1.00
10364,9.00,22.86,0.38,0.23,0.15,1.54,2.31,0.85,0.62
10365,9.00,19.48,0.00,0.00,0.00,0.50,0.75,2.25,0.00
10366,10.00,19.27,1.00,0.27,0.27,2.36,4.36,0.27,-0.20
10367,10.00,19.40,0.57,1.43,0.43,3.57,7.57,0.00,0.00
10368,10.00,18.17,0.64,0.68,0.32,1.27,3.91,0.14,0.55
10369,10.00,16.77,0.11,0.47,0.11,1.63,2.53,0.58,-0.12
10370,10.00,13.87,1.00,0.42,0.08,1.67,2.92,0.08,0.70
10371,10.00,14.80,0.29,0.24,0.19,1.24,2.95,0.19,0.18
10373,10.00,15.42,0.00,0.00,0.00,2.00,2.00,0.00,0.00
10375,9.00,12.33,0.12,0.00,0.18,0.59,0.82,0.94,-0.07
10376,9.00,21.15,0.00,0.00,0.00,1.00,2.00,0.00,-1.00
10377,10.00,12.88,0.14,0.19,0.10,0.62,2.52,0.43,0.59
10378,10.00,11.27,0.12,0.19,0.06,0.31,0.81,0.25,-0.50
10379,10.00,12.29,0.12,0.04,0.00,0.80,1.24,1.04,-0.37
10380,9.00,9.32,0.00,0.00,0.00,1.00,0.00,0.50,1.50
10381,10.00,14.75,0.73,0.09,0.00,0.91,2.41,0.32,0.59
10382,10.00,17.83,0.57,0.14,0.29,1.29,4.43,0.00,0.71
10383,10.00,13.91,0.41,0.18,0.05,1.09,2.55,0.05,-0.41
10384,10.00,9.67,0.13,0.27,0.07,0.93,2.07,0.00,-0.27
10385,10.00,19.18,0.00,0.50,0.00,1.00,2.50,1.50,0.00
10386,9.00,16.01,0.00,0.00,0.06,1.75,2.25,0.62,0.47
10387,10.00,11.08,0.00,0.25,0.00,1.00,0.50,0.00,-1.00
10388,9.00,16.88,0.00,0.12,0.06,0.59,0.94,0.47,0.69
10390,9.00,15.04,0.03,0.07,0.03,0.93,0.59,0.76,0.71
10394,10.00,11.79,0.33,0.20,0.10,0.87,1.77,0.07,-0.17
10397,9.00,15.06,0.07,0.00,0.07,0.47,0.53,1.27,-1.82
10398,9.00,11.82,0.07,0.00,0.07,1.29,1.00,0.21,-0.90
10399,9.00,8.62,0.00,0.00,0.00,0.00,0.00,0.00,
10400,10.00,9.78,0.00,0.33,0.00,0.67,0.33,0.50,-1.17
10402,10.00,18.14,0.78,0.50,0.06,3.33,4.44,0.06,1.00
10404,10.00,15.25,0.41,0.37,0.27,1.68,2.39,0.17,0.73
10407,10.00,19.56,0.52,0.34,0.21,2.38,3.79,0.21,-0.22
10408,10.00,12.22,0.00,1.00,0.00,0.00,2.00,0.00,-2.00
10409,10.00,15.76,0.38,0.25,0.08,1.79,2.50,0.04,-0.64
10410,9.00,16.79,0.03,0.20,0.03,1.13,0.93,0.57,-0.89
10411,9.00,13.03,0.04,0.07,0.04,0.82,0.57,0.57,-0.48
10412,9.00,15.31,0.00,0.00,0.00,1.11,0.61,0.61,-0.88
10418,9.00,0.08,0.00,0.00,0.00,0.00,0.00,0.00,
10420,10.00,14.50,0.32,0.28,0.00,1.44,2.04,0.24,0.21
10428,10.00,13.84,0.26,0.30,0.22,1.74,2.61,0.13,0.32
10430,10.00,13.50,0.35,0.30,0.30,1.48,2.96,0.30,0.42
10431,10.00,13.74,0.86,0.14,0.00,2.57,3.00,0.29,-0.86
10432,10.00,12.61,0.32,0.16,0.05,1.74,1.79,0.11,0.86
10433,10.00,11.75,0.11,0.11,0.11,0.89,1.44,0.39,-0.62
10434,10.00,0.00,0.00,0.00,0.00,0.00,0.00,0.00,
10437,9.00,8.12,0.00,0.12,0.00,0.25,0.62,0.25,-0.60
10438,9.00,12.72,0.00,0.09,0.09,0.50,0.18,1.41,-0.25
10439,9.00,13.78,0.00,0.08,0.17,0.67,0.83,0.50,0.09
10440,9.00,14.40,0.05,0.00,0.05,0.71,0.33,1.57,-0.35
10441,9.00,5.58,0.00,0.00,0.00,0.00,0.00,0.25,0.50
10442,9.00,9.20,0.00,0.00,0.00,0.30,0.40,0.45,-0.27
10443,10.00,11.11,0.09,0.18,0.18,0.45,1.36,0.55,-0.78
10444,10.00,9.34,0.00,0.07,0.00,0.33,0.33,0.13,-0.80
10445,10.00,9.48,0.05,0.05,0.05,0.36,0.82,0.23,-0.79
10446,10.00,8.70,0.00,0.00,0.00,1.00,1.00,0.00,-3.00
10447,10.00,7.11,0.11,0.22,0.00,0.89,0.89,0.11,1.20
10448,10.00,10.99,0.07,0.13,0.07,0.47,0.40,0.47,-0.08
10450,10.00,13.40,0.18,0.18,0.09,0.64,1.32,0.45,0.05
10451,10.00,9.40,0.05,0.05,0.00,0.35,0.10,0.65,0.29
10453,10.00,17.88,0.55,0.55,0.09,3.00,4.55,0.36,0.80
10454,9.00,16.75,0.14,0.29,0.21,1.29,2.14,0.79,1.00
10455,10.00,14.17,0.42,0.46,0.12,2.33,3.21,0.42,1.00
10456,10.00,20.87,1.55,0.68,0.23,4.41,7.45,0.32,1.59
10457,9.00,15.77,0.00,0.20,0.00,0.80,1.10,0.30,0.22
10458,10.00,15.20,0.73,0.50,0.09,1.32,2.68,0.32,1.55
10461,10.00,12.99,0.44,0.16,0.03,1.53,2.78,0.38,0.90
10462,10.00,5.25,0.00,0.15,0.00,0.15,0.15,0.00,0.00
10463,10.00,12.90,0.00,0.25,0.25,0.25,2.75,0.50,0.00
10464,10.00,16.00,0.56,0.62,0.12,3.19,4.69,0.25,0.69
10465,9.00,17.36,0.00,0.22,0.22,1.22,1.33,1.00,0.38
10466,10.00,15.12,0.63,0.26,0.11,0.74,2.37,0.21,1.00
10468,10.00,14.35,0.26,0.47,0.11,1.84,3.21,0.26,0.50
10469,10.00,14.40,0.20,0.05,0.10,1.35,1.80,0.40,1.26
10470,10.00,16.09,0.69,0.50,0.27,3.54,5.19,0.15,0.86
10471,10.00,13.43,0.33,0.33,0.00,1.67,4.00,0.33,1.00
10473,9.00,12.63,0.07,0.11,0.04,0.75,0.82,0.64,0.95
10475,10.00,15.13,0.71,0.64,0.43,1.71,3.64,0.07,1.54
10476,9.00,12.73,0.00,0.05,0.16,0.89,1.26,0.58,0.88
10477,10.00,13.85,0.50,0.42,0.25,2.58,3.00,0.17,1.30
10478,9.00,17.15,0.15,0.35,0.15,1.88,2.73,0.65,1.39
10480,10.00,13.58,0.25,0.25,0.00,0.25,2.50,0.00,0.33
10481,10.00,14.83,0.68,0.32,0.00,2.00,3.00,0.11,0.75
10483,10.00,15.10,0.38,0.46,0.17,1.33,2.38,0.54,0.50
10484,10.00,16.00,0.50,0.62,0.38,1.25,2.75,0.12,1.12
10485,10.00,12.22,0.11,0.44,0.00,1.56,1.22,1.00,1.38
10486,10.00,16.30,1.00,1.00,0.43,3.57,9.43,0.14,3.00
10490,10.00,14.00,1.00,0.00,0.00,1.00,1.00,1.00,-1.00
10491,10.00,8.67,0.12,0.31,0.12,0.62,0.94,0.00,0.73
10493,10.00,16.90,0.14,0.14,0.00,1.81,1.00,0.33,1.53
10494,10.00,16.20,0.73,0.12,0.08,1.54,3.35,0.38,1.18
10495,9.00,11.70,0.00,0.00,0.00,1.00,1.00,0.00,
10496,10.00,14.05,0.18,0.18,0.00,1.09,1.00,0.55,1.71
10497,10.00,13.20,0.82,0.27,0.27,1.64,3.73,0.00,1.70
10498,10.00,0.00,0.00,0.00,0.00,0.00,0.00,0.00,
10499,10.00,18.11,0.29,0.07,0.00,2.57,3.29,0.29,-0.46
10500,10.00,14.19,0.00,0.10,0.05,1.43,1.00,1.57,0.28
10502,10.00,0.00,0.00,0.00,0.00,0.00,0.00,0.00,
10503,10.00,14.24,0.48,0.35,0.06,1.29,2.94,0.35,0.18
10504,10.00,13.33,0.17,0.04,0.00,1.22,0.74,0.30,-0.78
10505,9.00,18.11,0.09,0.09,0.00,0.73,0.64,1.09,-1.30
10506,10.00,6.17,0.00,0.00,0.00,0.33,0.33,0.33,-1.00
10507,10.00,3.86,0.00,0.25,0.00,0.25,0.00,0.00,-3.00
10508,10.00,13.51,0.28,0.03,0.10,0.79,0.93,0.34,-0.32
10510,9.00,14.18,0.16,0.09,0.06,0.72,1.38,0.22,-0.38
10511,10.00,11.88,0.18,0.23,0.00,0.68,1.45,0.45,-0.20
10512,10.00,17.44,0.42,0.26,0.00,0.65,2.06,0.77,-1.07
10513,10.00,15.64,0.41,0.11,0.11,2.14,2.84,0.65,-0.50
10514,10.00,0.00,0.00,0.00,0.00,0.00,0.00,0.00,
10515,10.00,15.14,0.52,0.22,0.00,1.17,2.39,0.04,-0.25
10516,9.00,9.67,0.00,0.00,0.00,0.67,0.42,0.75,0.29
10519,9.00,11.58,0.00,0.00,1.00,1.00,2.00,0.00,2.00
10521,10.00,14.55,0.29,0.24,0.06,2.00,2.94,0.12,-1.18
10522,10.00,11.86,0.00,0.25,0.00,1.25,1.12,0.12,0.17
10524,9.00,10.58,0.00,0.08,0.00,0.75,1.17,0.33,-1.14
10525,9.00,16.81,0.13,0.17,0.04,2.57,2.35,0.61,0.10
10526,9.00,0.00,0.00,0.00,0.00,0.00,0.00,0.00,
10527,9.00,2.77,0.00,0.00,0.00,0.00,0.50,0.00,-1.00
10528,10.00,14.89,0.00,0.25,0.00,2.50,4.50,0.00,-1.75
10530,10.00,9.02,0.30,0.25,0.10,0.80,1.10,0.00,0.92
10533,10.00,11.99,0.38,0.31,0.15,0.92,2.00,0.15,0.67
10534,10.00,13.77,0.38,0.12,0.00,0.81,1.97,0.41,-0.50
10536,10.00,8.56,0.00,0.00,0.00,0.67,0.00,0.33,2.00
10537,10.00,8.30,0.00,0.00,0.00,0.57,0.86,0.50,-1.33
10538,10.00,14.51,0.67,0.00,0.17,2.67,4.17,0.33,-1.00
10539,10.00,15.67,0.75,0.50,0.00,4.75,4.50,0.00,0.67
10540,10.00,6.17,0.00,0.00,0.00,0.50,0.50,0.50,-2.00
10541,10.00,7.67,0.21,0.05,0.05,1.16,1.37,0.16,-0.20
10542,9.00,20.34,0.17,0.22,0.26,1.48,2.00,0.39,0.90
10543,10.00,9.39,0.05,0.10,0.05,0.52,0.81,0.33,0.42
10558,9.00,21.20,0.00,0.30,0.07,1.04,0.96,1.04,-0.58
10559,9.00,16.04,0.50,0.00,0.12,1.25,2.38,0.50,-1.12
10618,10.00,25.25,0.25,0.50,0.25,2.50,2.50,1.00,-0.25
10622,10.00,13.42,0.00,0.00,0.00,3.00,2.00,0.00,-3.00
10636,9.00,11.08,0.00,0.10,0.00,0.70,0.50,0.40,0.00
10638,9.00,21.61,0.20,0.20,0.00,0.80,0.80,1.40,-0.40
10641,9.00,20.09,0.00,0.40,0.00,1.40,0.80,2.60,-0.40
10645,10.00,15.41,0.00,0.20,0.00,2.00,2.00,0.00,0.00
10646,10.00,22.86,0.40,0.60,0.20,2.20,3.80,0.20,-0.20
10648,10.00,15.95,0.60,0.00,0.00,2.00,2.00,0.20,0.00
10649,9.00,22.78,0.20,0.00,0.00,1.60,1.20,0.80,-0.40
10650,10.00,14.72,0.20,0.20,0.00,1.40,2.80,0.20,-1.00
10652,10.00,15.42,0.40,0.00,0.00,2.20,2.80,0.20,-0.60
10657,10.00,19.77,0.33,0.00,0.00,2.00,2.00,0.67,1.00
10663,9.00,12.72,0.00,0.00,0.00,2.33,0.67,0.67,-2.00
10708,10.00,22.21,0.86,0.43,0.10,2.90,4.43,0.24,0.68
10733,9.00,0.41,0.00,0.00,0.00,0.00,0.00,0.00,
10734,10.00,3.80,0.00,0.00,0.00,0.00,0.00,0.00,-1.75
10735,9.00,0.00,0.00,0.00,0.00,0.00,0.00,0.00,
10736,10.00,0.00,0.00,0.00,0.00,0.00,0.00,0.00,
10754,9.00,13.09,0.00,0.00,0.00,0.20,0.40,1.00,-5.00
10756,10.00,9.27,0.00,0.00,0.00,0.00,0.00,0.80,-5.25
10758,10.00,17.87,0.40,0.00,0.00,1.80,2.40,0.40,-3.20
10759,9.00,19.90,1.25,0.50,0.00,3.00,3.50,1.25,3.25
10761,10.00,20.73,0.50,1.00,0.00,1.50,1.00,1.00,3.75
10763,10.00,15.32,2.00,0.50,0.00,1.00,3.00,0.00,3.00
10766,10.00,14.27,0.50,0.50,0.50,1.25,2.00,0.50,3.75
10767,10.00,12.91,0.00,0.25,0.00,0.25,0.25,0.00,1.75
10770,9.00,14.80,0.50,0.50,0.00,0.75,1.00,0.00,3.50
10771,10.00,13.26,1.25,0.00,0.00,0.75,2.50,0.25,2.25
10772,10.00,13.95,1.75,0.25,0.00,0.75,2.50,0.50,3.75
10775,10.00,13.77,0.50,0.25,0.25,0.50,0.50,0.25,2.00
10776,9.00,21.17,0.25,0.25,0.25,1.75,3.00,0.50,4.75
10779,9.00,21.12,0.00,0.50,0.00,1.25,0.75,0.75,3.50
10808,10.00,19.29,0.62,0.62,0.15,2.08,3.62,0.15,-0.77
10809,10.00,0.00,0.00,0.00,0.00,0.00,0.00,0.00,
10810,10.00,0.00,0.00,0.00,0.00,0.00,0.00,0.00,
10811,9.00,0.00,0.00,0.00,0.00,0.00,0.00,0.00,
10812,9.00,0.17,0.00,0.00,0.00,0.00,0.00,0.00,1.00
10813,9.00,0.00,0.00,0.00,0.00,0.00,0.00,0.00,
10817,10.00,22.99,0.00,0.00,0.00,0.67,3.00,0.00,-0.67
10829,10.00,0.02,0.00,0.00,0.00,0.00,0.00,0.00,
10831,9.00,3.33,0.00,0.00,0.00,0.00,0.00,0.00,0.00
10832,10.00,0.00,0.00,0.00,0.00,0.00,0.00,0.00,
10857,10.00,9.26,0.00,0.33,0.00,0.33,1.00,0.33,0.00
10884,10.00,10.61,0.00,0.00,0.00,1.00,2.67,0.00,0.33
10886,9.00,11.54,0.00,0.00,0.00,0.96,0.68,0.48,-1.00
10887,10.00,7.43,0.05,0.00,0.05,0.59,0.50,0.41,-0.60
10888,10.00,14.59,0.56,0.41,0.22,1.59,2.56,0.37,1.17
10889,10.00,14.63,0.32,0.21,0.12,1.09,1.79,0.32,0.87
10891,10.00,0.00,0.00,0.00,0.00,0.00,0.00,0.00,
10892,9.00,0.02,0.00,0.00,0.00,0.00,0.00,0.00,
10897,9.00,15.64,0.00,0.00,0.00,0.25,0.50,1.00,-1.00
10901,10.00,22.25,0.50,0.00,0.00,3.25,2.75,0.50,-1.75
10903,10.00,22.30,0.25,0.00,0.00,2.00,2.00,1.75,-2.33
10906,9.00,20.52,0.00,0.00,0.00,0.00,0.50,0.75,-2.00
10913,10.00,16.47,0.22,0.13,0.04,1.91,2.83,0.22,-1.15
10914,10.00,0.20,0.00,0.00,0.00,0.00,0.00,0.00,
10919,10.00,15.53,0.05,0.11,0.11,1.74,1.21,0.58,0.94
10920,10.00,11.57,0.14,0.00,0.00,0.14,0.71,0.43,-3.25
10921,10.00,9.63,0.00,0.00,0.00,0.00,0.00,0.00,
10922,9.00,15.10,0.00,0.12,0.06,2.25,1.19,0.62,0.93
10924,10.00,13.29,0.16,0.16,0.00,0.79,1.00,0.47,-0.69
10925,10.00,13.54,0.00,0.00,0.00,0.00,0.67,0.33,-1.50
10926,9.00,18.74,0.38,0.05,0.10,2.95,3.29,1.00,0.33
10928,10.00,17.87,0.23,0.19,0.08,1.88,2.12,0.62,-1.04
10929,10.00,12.99,0.04,0.00,0.00,0.54,0.38,0.62,-1.69
10930,10.00,12.03,0.00,0.00,0.00,1.13,0.78,0.48,-1.50
10932,10.00,13.39,0.19,0.06,0.00,0.94,1.50,0.62,-1.07
10934,10.00,14.31,0.45,0.06,0.03,1.42,2.77,0.42,-0.62
10936,9.00,14.50,0.00,0.00,0.00,1.50,0.50,0.50,-0.50
10937,10.00,15.59,0.33,0.00,0.00,0.67,1.00,0.33,-1.00
10939,10.00,13.36,0.69,0.31,0.23,2.38,2.92,0.38,0.85
10940,9.00,15.41,0.25,0.33,0.17,1.17,2.17,0.25,0.75
10941,9.00,17.21,0.12,0.28,0.00,1.53,1.28,0.91,0.62
10943,10.00,17.97,1.31,0.36,0.05,3.56,5.90,0.18,1.11
10944,10.00,14.13,0.80,0.50,0.10,2.70,3.50,0.20,1.88
10945,10.00,0.02,0.00,0.00,0.00,0.00,0.00,0.00,
10946,10.00,0.00,0.00,0.00,0.00,0.00,0.00,0.00,
10949,10.00,0.15,0.00,0.00,0.00,0.00,0.00,0.00,
10991,9.00,17.06,0.14,0.29,0.18,1.64,1.46,0.43,0.54
11130,10.00,12.78,1.00,0.40,0.20,2.20,4.80,0.00,0.60
11173,9.00,25.70,0.00,0.00,0.00,0.25,0.25,0.50,-3.25
11214,10.00,13.45,0.80,0.60,0.00,2.40,3.00,0.00,1.60
11215,9.00,12.17,0.00,0.00,0.00,0.00,0.40,1.00,1.00
11216,10.00,18.35,0.80,0.80,0.00,1.20,3.20,0.20,0.80
11217,10.00,9.57,0.00,0.00,0.00,0.80,0.00,0.00,-0.75
11218,10.00,12.52,0.40,0.20,0.00,0.20,2.20,0.00,0.25
11219,10.00,10.25,0.00,0.00,0.00,0.40,0.20,0.60,-1.00
11220,10.00,0.00,0.00,0.00,0.00,0.00,0.00,0.00,
11221,9.00,12.98,0.00,0.40,0.00,0.20,0.60,0.80,-0.25
11222,9.00,20.94,0.00,0.00,0.00,0.80,0.60,0.80,-0.75
11223,9.00,20.34,0.00,0.00,0.00,0.40,0.60,1.20,0.80
11224,10.00,12.43,0.40,0.00,0.20,2.00,2.40,0.00,0.67
11225,9.00,16.59,0.00,0.20,0.20,0.60,0.60,0.60,0.00
11226,10.00,11.66,0.60,0.00,0.20,2.40,2.00,0.00,-1.25
11227,10.00,13.38,0.40,0.60,0.00,1.20,1.40,0.20,0.33
11228,10.00,17.36,1.00,0.60,0.40,1.00,3.80,0.20,0.40
11234,9.00,5.08,0.00,0.00,0.00,0.00,1.00,0.00,-1.00
11239,10.00,14.93,0.00,0.00,0.00,1.33,2.00,0.33,-2.00
11248,10.00,26.63,0.00,0.00,0.00,2.00,4.00,0.00,-5.00
11261,10.00,12.84,0.40,0.00,0.00,1.60,1.80,0.20,-0.25
11264,10.00,12.72,0.67,0.33,0.11,1.78,3.56,0.11,1.29
11283,10.00,14.44,0.75,0.25,0.00,2.50,2.00,0.25,2.75
11315,9.00,20.70,0.00,0.00,0.00,0.25,1.25,0.75,-1.75
11325,10.00,0.00,0.00,0.00,0.00,0.00,0.00,0.00,
11326,9.00,11.48,0.00,0.00,0.00,0.00,0.00,1.50,-3.00
11327,9.00,21.70,0.00,0.00,0.00,1.00,0.25,2.00,-1.75
11328,9.00,17.50,0.00,0.00,0.00,0.75,0.25,0.75,-1.25
11329,10.00,20.45,0.25,0.00,0.00,1.50,2.50,1.00,-2.00
11331,10.00,3.97,0.00,0.00,0.00,0.25,0.00,0.25,-0.50
11332,10.00,15.35,0.25,0.00,0.00,0.00,0.50,0.25,-2.00
11354,10.00,11.09,0.00,0.00,0.00,1.14,1.29,0.14,-2.00
11355,9.00,20.09,0.07,0.00,0.13,1.33,0.93,0.80,-0.50
11356,9.00,16.40,0.00,0.05,0.05,1.23,0.77,1.36,-0.20
11357,10.00,14.00,0.33,0.25,0.25,1.00,1.67,0.42,1.00
11371,10.00,10.87,0.00,0.00,0.00,0.50,3.00,0.00,-4.00
11374,10.00,14.61,0.25,0.25,0.50,1.75,1.50,1.00,-1.00
11376,10.00,19.88,0.60,0.40,0.00,2.40,5.00,0.20,-0.60
11377,10.00,13.03,0.00,0.00,0.00,0.86,1.14,0.86,-1.00
11402,10.00,16.56,0.05,0.11,0.05,1.26,0.58,1.00,-0.47
11403,10.00,9.82,0.10,0.05,0.00,0.35,0.70,0.35,-1.65
11404,10.00,13.62,0.00,0.00,0.00,1.00,1.00,0.00,-1.75
11405,9.00,12.80,0.17,0.06,0.00,0.94,0.67,1.00,0.27
11406,9.00,13.99,0.12,0.00,0.00,1.38,0.88,0.50,-0.43
11407,9.00,12.92,0.27,0.27,0.00,1.09,2.00,0.18,0.50
11409,10.00,13.23,0.86,0.29,0.14,2.29,3.71,0.29,0.57
11410,10.00,13.85,0.40,0.32,0.20,1.72,2.64,0.24,0.60
11415,9.00,14.28,0.00,0.05,0.05,0.86,0.41,1.00,-0.59
11416,10.00,15.44,0.00,0.18,0.09,1.91,2.45,0.45,1.67
11417,10.00,12.93,0.15,0.25,0.00,1.75,2.05,0.30,0.70
11429,10.00,12.49,0.15,0.15,0.00,1.54,1.46,0.08,-0.18
11430,10.00,0.00,0.00,0.00,0.00,0.00,0.00,0.00,
11433,10.00,15.68,0.21,0.14,0.00,0.57,1.71,0.29,-0.27
11438,9.00,17.12,0.25,0.00,0.12,2.00,2.88,1.00,-2.12
11439,9.00,16.81,0.17,0.33,0.00,0.83,2.00,0.50,0.17
11440,10.00,13.14,0.43,0.21,0.14,0.50,1.64,0.21,0.50
11441,10.00,16.30,0.36,0.29,0.00,2.36,2.43,1.14,1.00
11442,10.00,13.71,0.17,0.00,0.17,0.50,0.83,0.33,0.25
11443,10.00,18.68,0.40,0.20,0.00,1.80,3.40,0.13,-0.08
11444,10.00,15.33,0.41,0.14,0.05,2.32,2.23,1.23,0.00
11445,9.00,10.13,0.00,0.00,0.00,0.00,0.00,0.00,-1.00
11446,9.00,13.91,0.00,0.00,0.20,1.20,0.80,0.60,0.75
11447,9.00,11.64,0.29,0.00,0.14,0.57,1.00,0.57,0.33
11448,10.00,12.15,0.43,0.07,0.29,0.93,2.14,0.07,0.50
11449,10.00,8.45,0.26,0.21,0.16,0.47,1.00,0.68,0.40
11450,9.00,7.05,0.00,0.00,0.00,0.50,0.00,0.33,-1.50
11451,9.00,15.00,0.00,0.12,0.06,1.00,0.41,1.24,0.29
11452,10.00,10.80,0.00,0.08,0.00,0.23,0.54,0.46,-1.00
11453,10.00,15.35,0.31,0.15,0.00,1.38,2.08,0.31,-0.31
11454,9.00,8.97,0.00,0.07,0.07,0.53,0.40,0.33,0.91
11455,10.00,8.62,0.29,0.07,0.00,1.07,1.14,0.64,0.27
11456,9.00,14.66,0.00,0.09,0.00,1.36,0.55,0.91,0.11
11457,9.00,0.00,0.00,0.00,0.00,0.00,0.00,0.00,
11458,9.00,9.94,0.00,0.00,0.00,0.67,1.00,0.33,-0.75
11459,10.00,13.50,0.05,0.10,0.00,1.10,0.62,0.52,0.82
11462,9.00,10.30,0.04,0.00,0.00,0.65,0.43,1.00,-0.06
11463,10.00,17.28,1.14,0.45,0.09,2.41,4.82,0.05,0.86
11464,9.00,18.46,0.29,0.24,0.05,2.33,2.57,0.43,0.88
11465,10.00,0.00,0.00,0.00,0.00,0.00,0.00,0.00,
11529,10.00,22.49,0.43,0.29,0.00,3.14,3.71,0.21,0.50
11539,9.00,0.08,0.00,0.00,0.00,0.00,0.00,0.00,
11540,10.00,11.97,0.00,0.11,0.00,0.89,0.56,0.22,-1.43
11541,9.00,16.54,0.00,0.00,0.00,1.38,0.44,0.88,-0.93
11542,10.00,16.85,0.32,0.11,0.00,1.05,1.89,0.11,-0.94
11543,10.00,18.08,0.17,0.11,0.00,1.44,1.94,1.61,-1.06
11560,10.00,17.49,0.00,0.22,0.11,1.56,2.11,0.22,-1.38
11561,9.00,21.34,0.09,0.32,0.09,1.86,1.82,1.77,1.11
11579,10.00,14.60,0.50,0.75,0.00,0.75,2.00,0.00,1.50
11587,9.00,11.25,0.20,0.20,0.00,0.80,1.40,0.60,-0.25
11589,10.00,15.44,0.20,0.00,0.00,0.40,0.80,0.00,-4.20
11590,9.00,17.64,0.20,0.00,0.00,0.40,0.20,0.60,-3.20
11591,10.00,8.73,0.00,0.00,0.00,0.00,0.00,0.20,-1.20
11592,9.00,13.27,0.00,0.00,0.00,0.00,0.00,0.40,-0.75
11593,10.00,21.01,0.60,0.00,0.00,2.20,2.60,0.60,-3.00
11594,9.00,4.81,0.00,0.00,0.00,0.00,0.00,1.00,-2.67
11595,10.00,9.42,0.00,0.00,0.00,0.20,0.40,0.80,-2.75
11596,10.00,10.85,0.00,0.00,0.00,0.60,0.20,1.20,-3.50
11597,10.00,13.10,0.00,0.00,0.00,0.80,1.20,0.00,0.00
11598,9.00,14.45,0.00,0.00,0.00,0.40,0.20,0.80,-2.50
11599,10.00,15.75,0.40,0.20,0.00,3.00,2.40,0.00,-1.00
11600,10.00,15.29,0.00,0.00,0.00,0.40,0.60,0.60,-0.80
11601,10.00,17.07,0.00,0.20,0.00,0.00,0.40,0.40,-2.20
11602,10.00,15.43,0.20,0.20,0.00,0.20,0.20,0.40,-1.00
11603,9.00,13.80,0.80,0.00,0.00,1.80,1.40,0.20,-0.75
11604,9.00,14.35,0.60,0.40,0.00,0.60,1.80,0.00,-0.20
11605,9.00,13.64,0.00,0.20,0.00,0.60,0.40,0.80,-2.50
11606,10.00,14.25,0.20,0.20,0.00,0.80,1.00,0.00,-1.00
11607,10.00,13.96,0.40,0.00,0.00,0.80,0.80,0.60,-2.25
11608,10.00,14.17,0.00,0.00,0.00,0.40,1.00,0.20,-3.75
11609,10.00,11.51,0.00,0.00,0.00,0.00,1.00,0.20,-2.00
11610,10.00,13.67,0.40,0.20,0.00,2.40,2.00,0.20,-0.20
11611,10.00,14.58,0.80,0.00,0.00,0.60,1.80,0.40,-0.40
11612,10.00,16.82,1.80,1.20,0.20,4.20,4.60,0.00,4.00
11613,9.00,21.68,0.80,0.60,0.00,4.40,3.40,0.20,4.00
11614,10.00,17.54,1.40,1.00,0.40,2.20,5.00,0.00,4.60
11615,10.00,15.76,1.00,1.20,0.20,1.80,2.80,0.00,4.20
11616,9.00,24.34,1.00,0.60,0.40,2.80,3.00,0.00,5.60
11617,9.00,0.00,0.00,0.00,0.00,0.00,0.00,0.00,
11618,10.00,17.28,1.40,0.60,0.00,3.60,4.60,0.00,5.00
11619,10.00,15.04,1.80,0.20,0.00,1.00,4.20,0.00,4.75
11620,10.00,15.27,0.80,0.60,0.00,1.60,3.40,0.00,4.00
11621,9.00,19.78,0.00,0.20,0.00,3.20,2.00,0.20,5.25
11622,10.00,11.29,0.40,0.40,0.00,0.80,2.20,0.00,1.20
11623,10.00,10.30,0.00,0.00,0.20,0.80,0.60,0.00,1.75
11624,10.00,11.00,0.40,0.00,0.00,0.40,2.20,0.00,1.75
11626,9.00,18.99,0.00,0.00,0.00,0.40,0.20,0.20,4.80
11628,9.00,0.00,0.00,0.00,0.00,0.00,0.00,0.00,
11629,10.00,2.85,0.00,0.00,0.00,0.00,0.00,0.50,-2.00
11630,9.00,11.56,0.00,0.14,0.14,0.71,0.00,0.29,1.00
11631,10.00,15.49,0.00,0.00,0.00,1.67,0.67,1.00,-2.67
11632,10.00,13.01,0.67,0.17,0.17,2.17,3.17,0.33,0.67
11634,10.00,16.64,0.33,0.00,0.00,1.00,2.33,0.00,-1.00
11636,10.00,22.45,0.00,0.00,0.50,2.00,3.00,0.50,-3.00
11637,9.00,17.88,0.50,0.00,0.00,1.33,1.50,1.17,-0.40
11638,9.00,19.97,0.00,0.00,0.00,0.00,0.00,1.00,1.00
11639,10.00,16.45,0.33,0.67,0.00,3.67,3.33,0.67,1.00
11640,9.00,18.90,0.00,0.00,0.00,1.00,0.25,0.00,0.00
11641,10.00,16.29,0.83,0.17,0.00,1.67,4.00,0.17,1.00
11643,10.00,20.06,0.80,1.00,0.20,2.00,4.80,0.60,-0.40
11645,9.00,1.80,0.00,0.00,0.00,0.00,0.00,0.00,-1.00
11646,10.00,19.38,0.33,0.11,0.11,1.56,1.56,0.78,1.22
11647,10.00,9.35,0.00,0.00,0.00,0.00,0.00,0.00,-2.00
11649,9.00,20.09,0.00,0.17,0.00,0.83,1.17,1.00,-2.20
11650,9.00,11.94,0.00,0.25,0.25,0.25,0.50,0.50,-0.75
11651,9.00,14.52,0.00,0.00,0.11,1.22,0.33,0.56,-0.71
11652,9.00,14.95,0.00,0.00,0.00,2.00,2.40,0.00,-0.75
11653,9.00,15.04,0.00,0.00,0.00,1.11,0.44,0.56,-0.57
11654,10.00,16.98,0.00,0.00,0.00,0.00,0.50,1.00,-0.50
11657,10.00,15.96,0.00,0.00,0.00,0.67,0.67,0.33,-1.67
11659,9.00,16.08,0.00,0.00,0.00,0.00,0.00,0.00,0.00
11660,9.00,9.52,0.00,0.00,0.00,0.40,0.40,0.40,-1.40
11664,9.00,22.71,0.00,0.00,0.00,1.67,3.67,1.00,2.00
11665,10.00,5.99,0.00,0.00,0.00,1.00,0.50,0.00,
11666,9.00,15.34,0.00,0.00,0.20,1.00,0.80,0.40,-1.20
11667,9.00,10.84,0.00,0.00,0.00,0.75,0.50,0.00,-2.50
11668,9.00,7.91,0.00,0.00,0.33,0.33,0.50,0.00,-0.50
11669,10.00,10.59,0.00,0.00,0.17,1.00,0.17,0.33,-0.67
11670,10.00,13.36,0.00,0.00,0.00,1.22,0.67,0.33,-0.60
11671,10.00,9.12,0.25,0.00,0.00,0.50,1.00,0.25,-1.25
11672,10.00,10.51,0.10,0.00,0.00,0.80,0.60,0.20,0.00
11673,10.00,12.76,0.38,0.12,0.00,3.12,2.38,0.50,0.00
11674,10.00,15.23,0.30,0.00,0.00,0.80,2.50,0.30,-0.25
11675,10.00,10.50,0.14,0.14,0.00,0.86,1.43,0.14,0.17
11676,10.00,12.97,0.20,0.10,0.00,0.90,0.60,0.40,0.00
11677,9.00,12.74,0.00,0.00,0.00,0.43,0.57,1.29,-0.20
11678,10.00,14.77,0.14,0.14,0.00,0.71,0.86,0.57,-1.00
11679,10.00,13.04,0.10,0.20,0.10,1.00,1.10,0.70,-0.75
11680,9.00,13.45,0.25,0.38,0.00,1.50,1.00,0.50,1.14
11681,10.00,12.25,0.11,0.11,0.00,0.67,1.11,0.67,0.33
11682,9.00,16.28,0.00,0.00,0.00,2.29,1.57,1.29,-0.67
11685,9.00,8.40,0.00,0.00,0.00,0.60,0.20,0.20,0.00
11687,9.00,13.50,1.00,0.00,0.00,2.00,1.00,0.00,1.00
11688,10.00,16.51,0.25,0.25,0.00,1.25,2.25,0.00,-0.67
11689,9.00,10.64,0.00,0.17,0.00,0.67,0.50,1.67,-0.40
11690,10.00,7.76,0.25,0.25,0.00,0.75,2.00,0.25,0.67
11691,10.00,8.48,0.80,0.00,0.00,0.40,1.80,0.00,-0.50
11692,10.00,11.82,2.00,0.00,0.00,2.00,4.00,0.00,5.00
11693,9.00,12.74,0.25,0.00,0.00,1.25,1.00,0.25,-0.25
11694,10.00,21.20,1.50,0.50,0.00,5.50,8.00,0.50,1.50
11695,10.00,15.40,0.75,0.50,0.00,3.50,2.50,0.50,1.75
11697,10.00,10.40,0.20,0.20,0.20,0.60,1.40,0.00,-0.20
11698,9.00,2.00,0.00,0.00,0.00,0.00,0.00,0.00,0.00
11699,10.00,13.70,0.25,0.00,0.00,3.50,5.75,1.00,-1.00
11700,10.00,12.99,0.20,0.40,0.00,1.60,1.00,0.00,0.60
11701,9.00,14.50,0.00,0.00,0.00,1.33,0.17,1.33,1.80
11702,10.00,8.83,0.00,0.00,0.00,0.43,0.14,0.14,-0.20
11703,10.00,15.51,0.25,0.00,0.00,3.25,2.75,0.75,-0.50
11704,9.00,14.31,0.00,0.00,0.00,0.57,0.14,1.86,-0.43
11708,9.00,12.29,0.50,0.00,0.00,1.00,2.00,0.50,0.00
11709,9.00,13.77,0.00,0.00,0.00,3.00,2.00,0.60,-0.40
11710,9.00,18.19,0.25,0.25,0.25,2.38,3.12,1.88,-0.38
11711,9.00,11.58,0.14,0.00,0.00,1.29,0.71,0.57,-0.57
11712,9.00,14.88,0.14,0.14,0.00,1.43,0.71,1.43,1.00
11713,10.00,13.76,0.00,0.40,0.00,0.40,1.40,0.20,2.00
11714,10.00,17.19,0.75,0.50,0.25,4.50,5.00,0.25,-0.75
11716,10.00,15.80,0.40,0.40,0.00,1.00,2.40,0.40,-0.20
11717,10.00,13.82,2.00,0.00,0.00,1.50,5.50,0.00,2.50
11718,10.00,16.10,0.71,0.14,0.00,1.86,5.00,0.43,0.00
11720,10.00,15.97,0.20,0.00,0.00,1.20,2.80,0.60,0.20
11723,10.00,13.47,0.33,0.67,0.17,0.83,3.00,0.33,1.33
11724,10.00,1.55,0.00,0.00,0.00,0.00,0.00,0.00,
11725,10.00,10.15,0.30,0.00,0.00,0.60,1.40,0.40,0.14
11726,9.00,9.58,0.00,0.00,0.00,0.90,0.40,0.50,-1.00
11727,10.00,14.14,0.00,0.00,0.00,0.20,0.20,0.40,-0.75
11728,10.00,9.78,0.11,0.22,0.11,0.89,0.89,0.33,0.57
11729,10.00,3.88,0.00,0.00,0.00,0.00,0.00,0.00,
11730,9.00,4.42,0.00,0.00,0.00,0.25,0.50,0.25,-1.00
11731,10.00,9.15,0.00,0.00,0.00,0.43,0.14,0.29,-1.50
11732,9.00,17.45,0.27,0.09,0.00,1.00,1.09,1.27,0.55
11733,10.00,14.74,1.62,0.25,0.00,1.75,4.00,0.12,1.75
11734,9.00,12.97,0.00,0.00,0.00,1.60,1.00,0.20,0.40
11737,9.00,15.36,0.11,0.11,0.00,0.89,0.78,1.22,0.67
11738,9.00,16.31,0.22,0.11,0.11,2.11,1.11,0.89,1.11
11739,10.00,14.94,0.50,0.50,0.00,2.00,4.00,0.50,1.12
11740,10.00,14.69,0.56,0.44,0.22,3.11,3.33,0.33,1.00
11741,10.00,9.32,0.50,0.50,0.00,0.00,1.00,0.00,1.50
11743,10.00,19.70,2.00,2.00,0.00,4.00,5.00,0.00,4.00
11744,9.00,14.04,0.00,0.00,0.00,0.75,0.50,0.50,1.00
11745,9.00,9.57,0.14,0.00,0.00,0.43,0.71,0.00,2.00
11747,9.00,9.34,0.00,0.20,0.00,0.60,0.00,0.00,-0.25
11748,10.00,11.87,0.38,0.12,0.00,1.75,1.12,0.25,0.00
11749,10.00,13.01,0.33,0.00,0.00,1.33,1.00,0.33,0.33
11750,10.00,12.64,0.00,0.00,0.00,1.00,1.33,0.33,-0.50
11751,9.00,16.80,0.27,0.00,0.18,2.00,1.36,0.64,0.64
11752,10.00,17.05,0.89,0.89,0.33,2.33,3.00,0.11,1.67
11753,10.00,12.45,0.14,0.14,0.00,1.00,0.86,0.29,-1.00
11754,10.00,14.57,0.33,0.17,0.17,1.17,2.08,0.58,-1.38
11755,10.00,16.36,0.08,0.17,0.08,2.42,2.25,0.67,0.18
11756,10.00,12.34,0.00,0.00,0.00,0.75,0.88,0.50,-0.43
11757,10.00,17.05,0.22,0.33,0.00,2.11,1.78,0.56,-0.62
11758,10.00,15.02,0.14,0.14,0.00,0.86,1.57,0.57,-0.29
11759,10.00,13.65,0.22,0.22,0.00,1.22,1.22,0.00,-0.56
11760,9.00,15.85,0.40,0.00,0.00,1.80,1.20,0.60,-0.90
11761,10.00,20.94,0.00,1.29,0.43,2.14,2.29,0.14,1.86
11762,10.00,24.50,1.75,1.38,0.88,3.62,7.38,0.12,2.50
11763,10.00,20.16,1.83,1.50,0.33,3.00,5.67,0.17,2.00
11764,9.00,27.58,1.00,1.00,0.50,2.00,6.50,0.50,3.00
11765,9.00,18.59,0.00,0.17,0.33,2.00,1.83,0.50,1.17
11766,10.00,27.92,0.00,0.00,0.50,5.50,6.00,0.00,-5.00
11769,9.00,14.19,0.00,0.00,0.00,1.14,0.29,2.00,-1.00
11770,9.00,11.65,0.00,0.00,0.00,0.00,0.00,1.00,-2.00
11771,9.00,6.09,0.00,0.00,0.00,0.00,0.00,0.40,-2.33
11773,9.00,7.50,0.00,0.00,0.00,0.25,0.00,0.25,-2.00
11774,9.00,14.99,0.00,0.00,0.17,0.83,0.17,1.50,-1.00
11775,9.00,11.27,0.00,0.00,0.00,0.40,0.40,1.30,-1.44
11776,9.00,10.86,0.00,0.00,0.00,0.50,0.00,1.00,-1.50
11777,9.00,6.32,0.00,0.00,0.00,0.00,0.00,0.50,-2.00
11778,9.00,6.28,0.00,0.00,0.00,0.50,0.00,0.25,-1.67
11780,9.00,9.15,0.00,0.00,0.00,0.86,0.86,0.14,-2.00
11781,10.00,8.90,0.00,0.00,0.00,0.20,0.00,0.40,-2.60
11783,10.00,9.49,0.00,0.00,0.00,0.29,0.43,1.00,-2.17
11784,10.00,17.18,0.38,0.25,0.00,1.62,2.50,0.12,-0.86
11785,10.00,16.60,0.11,0.00,0.00,0.22,1.33,0.22,-1.00
11787,10.00,10.71,0.00,0.00,0.00,0.56,0.22,0.56,-1.50
11788,10.00,15.57,0.25,0.00,0.00,1.75,1.50,0.00,-0.50
11789,10.00,18.19,0.00,0.00,0.00,0.00,0.33,0.67,-2.67
11790,10.00,17.65,0.00,0.00,0.00,1.33,1.83,2.67,-0.67
11791,10.00,9.12,0.00,0.00,0.00,0.17,0.17,0.83,-1.50
11792,10.00,9.42,0.00,0.00,0.00,0.17,0.50,0.33,-2.00
11793,9.00,13.39,0.00,0.00,0.00,0.60,0.00,1.60,-0.75
11794,10.00,25.52,0.50,0.00,0.00,1.00,3.00,0.50,-1.50
11795,10.00,22.71,0.50,2.25,0.25,2.50,3.00,0.50,2.75
11796,10.00,19.12,0.86,0.14,0.00,2.43,3.29,0.00,0.43
11797,10.00,0.02,0.00,0.00,0.00,0.00,0.00,0.00,
11798,9.00,13.14,0.20,0.00,0.20,1.80,1.20,0.40,-0.60
11799,10.00,20.17,0.83,0.00,0.17,2.83,2.83,0.00,-1.50
11800,10.00,14.17,0.33,0.00,0.00,1.00,1.00,0.33,-1.33
11802,10.00,0.00,0.00,0.00,0.00,0.00,0.00,0.00,
11804,10.00,9.60,0.00,0.00,0.00,0.00,2.00,0.00,
11805,9.00,9.89,0.00,0.00,0.00,0.14,0.14,0.43,-0.67
11807,10.00,20.88,1.00,1.00,0.00,1.00,3.00,0.00,-3.00
11808,9.00,21.87,0.50,0.17,0.67,2.33,4.00,2.33,1.33
11809,10.00,18.41,1.33,0.33,0.00,1.67,2.67,0.00,-2.33
11810,10.00,25.04,0.50,0.50,1.00,1.50,4.00,0.50,2.50
11811,10.00,17.40,0.33,0.00,0.00,1.33,2.67,0.33,1.00
11814,10.00,13.24,0.12,0.25,0.00,0.62,1.50,0.00,-0.57
11815,10.00,27.81,2.67,2.33,0.00,1.67,9.67,0.33,1.00
11817,9.00,21.18,0.17,0.17,0.25,2.25,1.92,1.00,1.58
11818,10.00,15.60,0.00,0.00,0.00,2.00,5.00,1.00,-2.00
11821,9.00,22.43,2.17,0.50,0.33,4.00,9.17,0.00,2.67
11823,10.00,26.76,1.67,0.33,1.00,2.00,4.67,0.67,2.33
11824,10.00,25.62,0.50,2.00,0.00,4.50,4.50,0.00,2.00
11825,10.00,18.58,0.33,0.67,2.33,2.33,7.67,0.00,3.67
11826,9.00,17.77,1.25,0.50,0.50,2.00,5.00,0.75,2.25
11827,10.00,15.38,0.33,0.33,0.33,1.67,2.00,0.33,0.67
11828,9.00,15.68,0.00,0.00,0.00,1.00,1.00,1.00,
11831,10.00,14.20,0.00,0.00,0.00,1.50,1.50,0.75,-1.00
11832,10.00,3.11,0.00,0.00,0.00,0.00,0.00,0.00,0.00
11833,10.00,4.32,0.00,0.00,0.00,0.50,0.00,0.00,1.00
11834,10.00,13.30,0.20,0.00,0.00,1.60,2.00,0.40,-1.20
11836,10.00,14.55,1.00,0.00,0.00,1.00,3.25,0.50,-0.75
11837,10.00,11.85,0.00,0.00,0.00,1.00,0.00,0.50,1.50
11838,9.00,16.44,0.50,0.00,0.00,1.00,1.00,1.00,0.00
11840,9.00,19.67,1.33,0.00,0.00,3.00,4.33,1.33,2.67
11841,9.00,15.28,0.00,0.00,0.00,1.00,0.00,0.75,0.00
11842,9.00,15.30,0.00,0.00,0.00,0.33,2.33,0.00,0.00
11843,9.00,14.29,0.00,0.00,0.00,0.67,0.33,0.33,0.00
11844,9.00,14.39,0.40,0.20,0.00,1.00,2.20,0.00,0.25
11845,9.00,11.58,0.00,0.00,0.00,0.67,1.00,0.33,-2.00
11846,10.00,9.76,0.00,0.33,0.00,1.00,0.33,0.00,0.00
11847,9.00,10.02,0.00,0.00,0.00,0.00,0.50,0.00,-1.50
11848,9.00,13.53,0.50,0.00,0.00,0.00,2.00,0.50,-1.00
11849,10.00,8.25,0.00,0.00,0.00,0.50,1.25,0.25,-0.67
11850,9.00,11.98,0.00,0.00,0.00,0.00,0.50,2.00,-1.50
11852,9.00,27.36,1.67,1.00,0.33,3.33,8.67,0.00,0.33
11853,10.00,20.64,0.80,0.20,0.00,2.60,3.00,0.80,0.00
11854,10.00,12.57,0.00,0.00,0.00,1.00,0.67,0.33,1.00
11856,10.00,15.67,0.60,0.20,0.00,1.40,2.60,0.80,1.00
11857,10.00,15.75,0.00,0.00,0.00,0.60,0.20,0.40,0.25
11858,10.00,10.60,1.00,0.00,0.00,1.00,2.00,0.00,0.00
11861,9.00,18.46,0.00,0.00,0.00,0.75,0.25,1.25,-1.75
11862,10.00,13.95,0.00,0.00,0.00,1.40,0.80,0.00,0.00
11863,10.00,0.18,0.00,0.00,0.00,0.00,0.00,0.00,
11864,10.00,5.08,0.00,0.00,0.00,1.50,0.50,0.50,-2.00
11865,10.00,10.09,0.40,0.00,0.00,2.20,2.60,0.00,0.00
11866,9.00,12.31,0.00,0.00,0.00,1.20,0.80,1.40,0.00
11867,10.00,17.27,0.00,0.00,0.00,3.00,1.00,0.75,-0.75
11868,10.00,11.77,0.00,0.33,0.00,1.33,1.33,0.00,0.00
11871,10.00,12.91,0.50,0.00,0.00,1.50,0.50,1.00,-2.00
11873,10.00,15.99,0.25,0.25,0.00,1.00,2.50,0.50,-1.75
11874,10.00,15.74,0.25,0.25,0.00,1.00,2.25,0.50,-1.33
11876,10.00,22.11,0.00,0.00,0.00,0.00,0.50,0.00,-1.00
11877,10.00,19.97,1.00,1.50,0.25,1.75,4.00,1.25,1.25
11878,9.00,22.16,0.20,0.00,0.00,1.40,1.40,1.00,-1.20
11882,9.00,21.15,0.00,0.00,0.00,4.00,2.00,1.00,
11883,10.00,14.85,1.00,0.00,0.00,1.00,4.00,0.00,0.00
11885,9.00,16.66,0.00,0.00,0.00,0.20,0.60,1.20,-0.20
11886,9.00,8.50,0.00,0.00,0.00,0.00,0.00,0.00,-2.33
11887,9.00,16.11,0.00,0.00,0.00,1.00,0.50,0.25,0.00
11888,9.00,17.08,0.00,0.00,0.00,1.50,1.00,0.75,0.25
11889,9.00,2.66,0.00,0.00,0.00,0.00,0.00,0.00,
11890,9.00,5.51,0.00,0.00,0.00,0.00,0.25,0.25,0.00
11891,9.00,15.81,0.00,0.20,0.00,0.40,0.20,0.60,-1.00
11892,9.00,15.13,0.00,0.00,0.00,0.20,0.20,0.20,-1.67
11893,9.00,10.13,0.00,0.00,0.00,0.00,0.00,0.25,-1.00
11894,10.00,20.38,0.00,0.20,0.00,0.60,0.40,0.80,-0.80
11895,10.00,15.15,0.60,0.00,0.00,2.80,3.60,0.20,-2.00
11896,10.00,14.96,0.00,0.00,0.00,0.50,1.00,0.50,-1.50
11897,10.00,13.20,0.25,0.00,0.25,1.25,1.75,0.25,0.00
11899,10.00,19.70,0.20,0.40,0.00,1.80,3.80,0.40,-0.40
11900,9.00,15.08,0.00,0.25,0.25,1.75,0.75,2.00,0.00
11904,10.00,9.64,0.00,0.00,0.00,0.00,0.50,1.50,-1.50
11905,10.00,15.77,0.00,0.25,0.00,1.00,0.50,0.25,2.00
11906,10.00,8.25,0.00,0.00,0.00,1.00,0.00,0.00,1.00
11908,10.00,17.19,0.00,0.00,0.00,2.33,0.67,0.00,0.00
11909,10.00,13.41,0.00,0.33,0.00,1.33,1.33,0.00,-0.50
11910,10.00,15.47,0.25,0.00,0.00,2.75,3.75,0.00,-0.67
11911,10.00,10.80,0.40,0.40,0.00,0.80,0.80,0.40,1.00
11912,10.00,10.43,0.00,0.00,0.00,0.00,2.00,0.00,1.00
11915,10.00,18.64,1.33,1.17,0.00,2.17,5.50,0.17,0.83
11916,10.00,10.20,0.00,0.00,0.00,0.67,1.33,0.00,-0.50
11917,9.00,12.86,0.33,0.00,0.00,2.33,1.33,0.33,0.67
11919,10.00,14.83,0.00,0.00,0.00,0.00,3.00,0.00,1.00
11921,10.00,13.83,2.00,0.00,0.00,3.00,6.00,0.00,4.00
11922,9.00,14.02,0.00,0.67,0.00,1.67,3.00,0.33,0.67
11923,10.00,14.60,1.00,2.00,0.00,0.00,3.00,1.00,4.00
11926,10.00,11.84,0.25,0.00,0.00,1.50,0.75,0.25,-0.33
11928,10.00,14.58,0.00,0.67,0.00,2.33,1.00,0.67,2.00
11930,10.00,15.57,0.25,0.00,0.00,1.50,1.00,0.25,-0.50
11932,9.00,0.00,0.00,0.00,0.00,0.00,0.00,0.00,
11933,10.00,15.18,1.67,0.67,0.00,0.67,4.00,1.00,3.00
11934,9.00,10.08,0.00,0.00,0.00,0.33,0.67,1.00,2.00
11935,10.00,10.07,0.00,0.00,0.00,0.00,0.00,0.00,
11937,10.00,13.47,0.00,0.00,0.00,1.33,1.67,0.33,-1.67
11938,10.00,10.80,0.33,0.00,0.33,0.33,0.67,0.00,-0.67
11939,9.00,18.87,1.33,0.67,0.00,2.33,5.00,1.00,2.00
11940,9.00,0.47,0.00,0.00,0.00,0.00,0.00,0.00,
11941,10.00,11.84,0.25,0.25,0.25,1.75,1.25,0.00,-0.67
11942,10.00,13.53,0.25,0.50,0.00,2.25,2.75,0.00,0.33
11943,9.00,25.05,0.00,0.00,0.00,1.25,0.50,0.00,0.33
11944,9.00,17.58,0.25,0.00,0.00,0.50,1.50,0.00,-0.75
11945,9.00,20.62,0.33,0.33,0.00,1.33,1.33,1.00,0.00
11947,10.00,15.00,0.33,0.33,0.00,1.67,0.67,0.00,-0.33
11948,10.00,8.47,0.33,0.00,0.00,1.00,1.67,0.00,0.00
11951,9.00,14.35,0.00,0.20,0.00,0.20,0.20,0.40,-0.20
11953,9.00,21.18,0.00,0.00,0.00,1.20,0.80,0.80,-2.20
11955,10.00,12.15,0.00,0.50,0.00,2.00,0.50,0.00,0.00
11957,10.00,18.03,0.00,0.00,0.00,0.33,0.00,1.33,0.67
11958,10.00,21.63,2.40,0.60,0.00,3.40,9.40,0.80,-0.40
11961,9.00,10.44,0.00,0.00,0.00,0.00,0.00,0.50,-0.50
11962,10.00,15.10,1.25,0.25,0.00,1.00,3.75,1.25,3.00
11963,10.00,13.08,0.00,0.00,0.00,0.67,0.33,0.00,-0.67
11964,10.00,14.80,0.25,0.00,0.00,2.75,1.75,0.00,-0.75
11965,10.00,16.71,1.33,1.33,0.00,2.00,5.00,1.00,1.67
11966,10.00,17.27,1.75,1.00,0.75,1.50,4.50,0.25,2.50
11968,9.00,13.24,0.00,0.40,0.00,1.20,0.60,1.00,0.00
11971,10.00,17.67,0.00,0.25,0.25,1.25,1.75,0.50,-0.67
11972,10.00,14.07,0.20,0.20,0.00,1.40,1.00,0.40,0.00
11975,10.00,11.60,1.50,1.00,0.50,0.50,4.00,0.50,0.50
11976,10.00,15.15,0.00,0.25,0.00,0.25,0.25,0.25,0.00
11978,10.00,17.01,0.75,1.00,0.00,1.50,3.25,0.25,0.75
11979,10.00,18.41,1.33,0.67,0.00,2.33,4.00,0.33,4.50
11980,9.00,17.56,0.00,0.40,0.00,0.60,0.40,1.20,-0.80
11981,9.00,0.00,0.00,0.00,0.00,0.00,0.00,0.00,
11982,9.00,28.15,0.00,0.00,0.00,1.00,1.00,2.50,-4.00
11983,10.00,14.80,0.40,0.20,0.00,0.60,1.00,0.00,-1.20
11985,10.00,17.04,0.40,0.20,0.00,1.40,3.00,0.00,-2.00
11986,9.00,13.93,0.33,0.33,0.33,1.00,1.67,0.67,-1.67
11987,9.00,14.43,0.00,0.00,0.00,0.00,1.00,0.00,1.00
11988,10.00,12.17,0.00,0.00,0.00,0.50,1.25,0.00,-2.00
11990,10.00,15.94,0.00,0.00,0.00,0.00,0.50,1.00,-2.50
11993,10.00,20.56,0.00,0.00,0.00,0.50,0.50,0.00,-1.00
11994,10.00,9.63,0.00,0.00,0.00,0.50,0.00,0.00,-2.00
11996,10.00,13.26,0.20,0.00,0.20,0.60,0.80,0.00,-0.40
11997,10.00,15.87,0.00,0.00,0.00,1.00,2.67,0.33,-2.33
11998,10.00,0.00,0.00,0.00,0.00,0.00,0.00,0.00,
11999,10.00,7.59,0.25,0.00,0.00,0.25,0.75,0.00,-1.00
12000,10.00,0.00,0.00,0.00,0.00,0.00,0.00,0.00,
12001,10.00,11.92,3.00,1.00,0.00,4.00,5.00,0.00,4.00
12002,9.00,17.80,0.75,0.50,0.00,1.75,2.75,0.50,1.75
12003,10.00,8.32,0.00,0.00,0.00,0.67,0.33,0.00,-1.67
12004,10.00,10.16,0.00,0.33,0.00,2.00,1.67,0.67,-0.33
12005,10.00,13.49,0.33,0.00,0.33,1.00,3.00,0.00,-2.00
12006,10.00,18.07,0.00,0.00,0.00,0.00,1.00,0.50,-1.50
12009,9.00,10.85,0.00,0.00,0.00,0.00,0.00,0.00,-2.00
12012,10.00,11.65,0.00,0.00,0.00,1.00,0.67,0.00,-0.67
12014,10.00,17.37,0.50,1.50,0.50,1.50,4.00,0.00,0.50
12015,10.00,17.99,1.50,0.00,1.00,3.00,5.00,0.50,1.00
12016,10.00,21.14,1.00,0.75,0.00,2.75,6.25,0.50,-2.00
12017,9.00,25.94,1.00,0.00,0.00,3.50,6.25,1.25,0.75
12021,9.00,14.28,0.00,0.00,0.00,0.00,1.00,0.33,-1.67
12022,9.00,19.65,0.00,0.20,0.00,1.00,0.80,0.60,0.00
12023,9.00,14.79,0.00,1.50,0.00,2.00,4.00,0.50,0.00
12024,9.00,9.09,0.25,0.25,0.00,1.00,1.50,0.50,-1.33
12025,10.00,15.95,0.00,0.00,0.00,0.00,0.00,0.00,-1.00
12026,10.00,16.68,1.00,1.00,0.00,3.40,5.80,0.00,1.40
12028,9.00,14.37,0.00,0.00,0.00,0.00,0.00,0.00,1.50
12029,10.00,20.21,1.33,0.00,0.00,4.00,7.33,0.00,0.67
12030,9.00,14.76,0.20,0.00,0.00,1.00,2.40,0.20,0.50
12031,10.00,8.62,0.00,0.00,0.00,0.00,0.80,0.00,-1.25
12032,9.00,14.77,0.20,0.40,0.00,0.40,0.20,0.60,1.00
12033,9.00,13.88,0.00,0.25,0.00,0.75,0.50,0.50,1.50
12034,10.00,10.92,0.25,0.00,0.50,2.25,1.75,0.25,0.75
12035,10.00,4.42,0.00,0.00,0.00,1.00,1.00,0.00,0.00
12036,9.00,18.67,0.80,0.00,0.20,2.00,2.00,0.60,1.20
12039,9.00,16.73,0.33,0.00,0.00,1.33,1.00,0.00,1.00
12041,10.00,5.27,0.00,0.00,0.00,0.33,0.00,0.00,-1.50
12042,10.00,15.42,0.80,0.40,0.40,2.00,3.00,0.00,1.75
12043,9.00,6.24,0.00,0.00,0.00,0.50,0.00,0.00,-2.00
12044,10.00,8.65,0.00,0.00,0.00,0.20,0.60,0.40,-1.50
12047,10.00,15.18,0.67,0.67,0.00,2.67,3.33,0.67,0.33
12050,10.00,18.21,0.00,0.00,0.75,1.50,1.25,2.00,-2.00
12051,10.00,19.58,0.00,0.20,0.00,1.80,2.40,0.60,-2.40
12052,10.00,17.88,0.67,0.33,0.00,1.67,4.00,0.00,0.00
12053,10.00,13.71,0.00,0.00,0.00,1.50,3.50,0.00,-0.50
12058,9.00,13.86,0.00,0.00,0.00,0.33,0.33,0.00,0.50
12059,9.00,18.60,0.25,0.00,0.00,2.25,1.00,0.75,1.33
12060,9.00,18.18,0.00,0.25,0.00,2.00,1.25,0.75,0.50
12063,9.00,9.78,0.00,0.00,0.00,0.33,0.33,0.33,-0.67
12064,10.00,14.60,2.00,0.00,0.00,4.00,4.00,0.00,1.00
12068,10.00,11.60,0.50,0.00,0.00,0.50,1.50,0.00,0.67
12069,9.00,18.88,0.00,0.00,0.00,0.40,0.40,0.60,-2.00
12071,9.00,15.20,0.50,0.00,0.00,2.00,1.50,0.25,-0.75
12072,10.00,11.94,0.33,1.00,0.00,0.67,2.67,0.00,-1.00
12073,10.00,0.00,0.00,0.00,0.00,0.00,0.00,0.00,
12075,9.00,14.45,0.00,0.00,0.00,2.50,0.50,1.75,0.33
12076,10.00,11.98,0.33,0.00,0.00,0.33,1.00,0.33,-0.33
12079,10.00,17.83,0.00,0.00,0.00,4.00,4.00,0.00,-1.00
12080,10.00,24.74,0.00,0.00,0.00,1.50,2.00,0.50,-1.00
12081,9.00,19.60,0.00,0.25,0.00,1.25,0.75,1.00,-1.25
12082,10.00,16.39,0.00,0.00,0.00,1.00,0.33,0.33,-2.00
12083,9.00,15.42,0.00,0.00,0.00,1.00,0.00,0.00,-0.50
12084,9.00,23.91,0.50,0.00,0.00,1.00,1.00,0.00,-1.00
12086,10.00,17.81,0.00,0.50,0.00,1.50,2.25,0.25,0.00
12088,9.00,19.20,0.20,0.20,0.00,2.40,0.80,1.20,0.20
12090,9.00,19.34,0.00,0.25,0.00,1.75,1.75,0.50,-0.75
12092,9.00,15.73,0.33,0.00,0.33,2.00,1.00,0.00,1.00
12095,10.00,21.35,0.75,0.25,0.25,2.50,3.00,0.25,-2.00
12096,10.00,28.36,0.67,0.33,0.33,1.00,6.33,0.00,-1.67
12097,10.00,18.88,0.00,0.50,0.00,3.50,1.00,1.50,1.00
